Store,Date,Dept,IsHoliday,Weekly_Sales,_is_imputed
764285,2011-12-02,49.0,False,1196.86,False
764285,2011-12-02,4.0,False,9980.03,False
764285,2011-12-02,7.0,False,-173.66,False
764285,2011-12-02,79.0,False,-72.77,False
764285,2011-12-02,72.0,False,39549.93,False
764285,2011-12-02,21.0,False,46275.5,False
764285,2011-12-02,98.0,False,-307.79,False
764285,2011-12-02,58.0,False,3968.56,False
764285,2011-12-02,67.0,False,23612.68,False
764285,2011-12-02,93.0,False,99.98,False
764285,2011-12-02,60.0,False,23775.44,False
764285,2011-12-02,92.0,False,-246.57,False
764285,2011-12-02,25.0,False,16424.76,False
764285,2011-12-02,30.0,False,35966.21,False
764285,2011-12-02,95.0,False,1131.07,False
764285,2011-12-02,4.0,False,33963.58,False
764285,2011-12-02,55.0,False,8334.17,False
764285,2011-12-02,60.0,False,1919.92,False
764285,2011-12-02,96.0,False,1721.34,False
764285,2011-12-02,85.0,False,12051.23,False
764285,2011-12-02,71.0,False,2543.61,False
764285,2011-12-02,82.0,False,-233.68,False
764285,2011-12-02,9.0,False,-302.95,False
764285,2011-12-02,16.0,False,3551.97,False
764285,2011-12-02,83.0,False,578.21,False
764285,2011-12-02,44.0,False,24227.44,False
764285,2011-12-02,82.0,False,8918.32,False
764285,2011-12-02,44.0,False,7831.27,False
764285,2011-12-02,8.0,False,26542.15,False
764285,2011-12-02,90.0,False,878.6,False
764285,2011-12-02,7.0,False,46064.2,False
764285,2011-12-02,34.0,False,7316.02,False
764285,2011-12-02,36.0,False,6295.66,False
764285,2011-12-02,81.0,True,20951.59,False
764285,2011-12-02,92.0,False,9800.75,False
764285,2011-12-02,25.0,False,11955.21,False
764285,2011-12-02,19.0,False,4620.73,False
764285,2011-12-02,35.0,False,56892.44,False
764285,2011-12-02,72.0,False,13747.95,False
764285,2011-12-02,11.0,True,36085.02,False
764285,2011-12-02,98.0,False,34586.19,False
764285,2011-12-02,32.0,False,184.26,False
764285,2011-12-02,41.0,False,986.04,False
764285,2011-12-02,71.0,False,7746.56,False
764285,2011-12-02,95.0,False,3050.28,False
764285,2011-12-02,8.0,False,24527.86,False
764285,2011-12-02,17.0,False,7078.47,False
764285,2011-12-02,26.0,False,4664.15,False
764285,2011-12-02,49.0,False,-231.41,False
764285,2011-12-02,92.0,False,31398.31,False
764285,2011-12-02,54.0,False,2708.32,False
764285,2011-12-02,95.0,False,14007.97,False
764285,2011-12-02,38.0,False,2035.17,False
764285,2011-12-02,31.0,False,5877.83,False
764285,2011-12-02,94.0,False,4990.27,False
764285,2011-12-02,45.0,False,-109.28,False
764285,2011-12-02,26.0,False,7781.43,False
764285,2011-12-02,82.0,False,79406.94,False
764285,2011-12-02,46.0,False,20163.89,False
764285,2011-12-02,59.0,False,28582.06,False
764285,2011-12-02,2.0,False,34666.15,False
764285,2011-12-02,35.0,False,-267.84,False
764285,2011-12-02,87.0,False,37647.17,False
764285,2011-12-02,35.0,False,1231.54,False
764285,2011-12-02,82.0,False,-14.14,False
764285,2011-12-02,54.0,False,652.62,False
764285,2011-12-02,1.0,False,1052.77,False
764285,2011-12-02,8.0,False,24615.16,False
764285,2011-12-02,98.0,False,5444.1,False
764285,2011-12-02,33.0,False,9582.58,False
764285,2011-12-02,87.0,False,45490.72,False
764285,2011-12-02,32.0,False,19022.49,False
764285,2011-12-02,94.0,False,61455.73,False
764285,2011-12-02,91.0,False,4130.59,False
764285,2011-12-02,98.0,False,15862.92,False
764285,2011-12-02,12.0,True,1723.76,False
764285,2011-12-02,38.0,False,17224.11,False
764285,2011-12-02,77.0,False,30382.85,False
764285,2011-12-02,11.0,False,1151.84,False
764285,2011-12-02,31.0,False,-283.0,False
764285,2011-12-02,36.0,False,912.35,False
764285,2011-12-02,11.0,False,20051.89,False
764285,2011-12-02,96.0,False,17553.06,False
764285,2011-12-02,71.0,False,-114.1,False
764285,2011-12-02,6.0,False,459.23,False
764285,2011-12-02,82.0,False,40776.05,False
764285,2011-12-02,26.0,False,11712.39,False
764285,2011-12-02,6.0,False,1023.77,False
764285,2011-12-02,60.0,False,698.07,False
764285,2011-12-02,28.0,False,595.71,False
764285,2011-12-02,22.0,False,15985.69,False
764285,2011-12-02,60.0,False,54638.47,False
764285,2011-12-02,30.0,False,-215.48,False
764285,2011-12-02,74.0,False,8207.84,False
764285,2011-12-02,20.0,False,84387.35,False
764285,2011-12-02,46.0,False,895.01,False
764285,2011-12-02,82.0,False,9903.86,False
764285,2011-12-02,55.0,False,4698.81,False
764285,2011-12-02,87.0,False,103.68,False
764285,2011-12-02,12.0,False,2663.14,False
764285,2011-12-02,56.0,False,91365.16,False
764285,2011-12-02,8.0,False,76271.99,False
764285,2011-12-02,22.0,False,8229.91,False
764285,2011-12-02,32.0,False,6908.85,False
764285,2011-12-02,26.0,False,16113.56,False
764285,2011-12-02,22.0,False,11332.55,False
764285,2011-12-09,95.0,False,15.37,False
764285,2011-12-09,97.0,False,706.9,False
764285,2011-12-09,49.0,True,-95.58,False
764285,2011-12-09,9.0,False,515.38,False
764285,2011-12-09,97.0,False,803.03,False
764285,2011-12-09,98.0,False,-307.17,False
764285,2011-12-09,71.0,False,21833.16,False
764285,2011-12-09,59.0,False,19925.29,False
764285,2011-12-09,13.0,False,19748.77,False
764285,2011-12-09,98.0,False,13407.57,False
764285,2011-12-09,90.0,False,17327.89,False
764285,2011-12-09,56.0,False,-200.35,False
764285,2011-12-09,21.0,False,1209.29,False
764285,2011-12-09,35.0,False,847.54,False
764285,2011-12-09,81.0,False,-151.18,False
764285,2011-12-09,31.0,False,20108.49,False
764285,2011-12-09,91.0,False,7859.13,False
764285,2011-12-09,29.0,False,23983.97,False
764285,2011-12-09,80.0,False,5020.18,False
764285,2011-12-09,19.0,True,117.29,False
764285,2011-12-09,16.0,False,-213.25,False
764285,2011-12-09,98.0,False,-203.42,False
764285,2011-12-09,71.0,False,69685.52,False
764285,2011-12-09,20.0,False,808.42,False
764285,2011-12-09,98.0,False,3431.83,False
764285,2011-12-09,92.0,False,4038.78,False
764285,2011-12-09,83.0,True,20258.92,False
764285,2011-12-09,59.0,False,6229.39,False
764285,2011-12-09,40.0,False,-113.1,False
764285,2011-12-09,46.0,False,4425.23,False
764285,2011-12-09,95.0,False,-290.66,False
764285,2011-12-09,55.0,False,-233.18,False
764285,2011-12-09,29.0,False,1206.65,False
764285,2011-12-09,91.0,False,3107.38,False
764285,2011-12-09,93.0,False,10419.91,False
764285,2011-12-09,37.0,False,1262.55,False
764285,2011-12-09,71.0,False,58811.17,False
764285,2011-12-09,83.0,False,1765.24,False
764285,2011-12-09,13.0,False,743.85,False
764285,2011-12-09,95.0,False,5988.62,False
764285,2011-12-09,91.0,False,40584.42,False
764285,2011-12-09,56.0,False,2647.01,False
764285,2011-12-09,19.0,False,-191.79,False
764285,2011-12-09,95.0,False,16899.79,False
764285,2011-12-09,7.0,False,3515.82,False
764285,2011-12-09,22.0,False,62750.0,False
764285,2011-12-09,21.0,False,6628.01,False
764285,2011-12-09,21.0,True,-290.35,False
764285,2011-12-09,35.0,False,29290.2,False
764285,2011-12-09,19.0,True,19560.87,False
764285,2011-12-09,35.0,False,-301.79,False
764285,2011-12-09,9.0,False,6804.49,False
764285,2011-12-09,21.0,False,15044.95,False
764285,2011-12-09,80.0,True,225.51,False
764285,2011-12-09,12.0,False,3120.51,False
764285,2011-12-09,40.0,False,-69.26,False
764285,2011-12-09,8.0,False,75688.78,False
764285,2011-12-09,10.0,False,-286.52,False
764285,2011-12-09,36.0,False,11552.45,False
764285,2011-12-09,72.0,False,-20.15,False
764285,2011-12-09,14.0,False,3014.36,False
764285,2011-12-09,7.0,False,36182.3,False
764285,2011-12-09,79.0,False,-259.4,False
764285,2011-12-09,36.0,False,3198.54,False
764285,2011-12-09,9.0,False,3357.55,False
764285,2011-12-09,38.0,False,-294.84,False
764285,2011-12-09,56.0,False,6572.21,False
764285,2011-12-16,22.0,False,5356.7,False
764285,2011-12-16,92.0,True,12402.39,False
764285,2011-12-16,49.0,False,13339.65,False
764285,2011-12-16,14.0,False,6285.64,False
764285,2011-12-16,92.0,False,367.57,False
764285,2011-12-16,12.0,False,2435.9,False
764285,2011-12-16,27.0,False,7114.67,False
764285,2011-12-16,23.0,False,4032.56,False
764285,2011-12-16,38.0,False,6011.16,False
764285,2011-12-16,11.0,False,3586.17,False
764285,2011-12-16,32.0,False,21524.67,False
764285,2011-12-16,98.0,False,611.61,False
764285,2011-12-16,5.0,True,139.45,False
764285,2011-12-16,98.0,True,35292.25,False
764285,2011-12-16,28.0,False,4635.15,False
764285,2011-12-16,5.0,True,2649.19,False
764285,2011-12-16,36.0,False,-305.71,False
764285,2011-12-16,81.0,False,22176.48,False
764285,2011-12-16,94.0,False,7213.85,False
764285,2011-12-16,67.0,False,7467.38,False
764285,2011-12-16,52.0,False,-304.54,False
764285,2011-12-16,72.0,False,46009.48,False
764285,2011-12-16,81.0,False,27360.29,False
764285,2011-12-16,38.0,False,15122.36,False
764285,2011-12-16,60.0,False,2503.4,False
764285,2011-12-16,13.0,False,26830.64,False
764285,2011-12-16,95.0,False,-197.35,False
764285,2011-12-16,97.0,False,24357.15,False
764285,2011-12-16,97.0,False,111.06,False
764285,2011-12-16,25.0,False,5029.86,False
764285,2011-12-16,98.0,False,3909.29,False
764285,2011-12-16,82.0,False,-305.35,False
764285,2011-12-16,38.0,False,3364.53,False
764285,2011-12-16,95.0,False,5586.87,False
764285,2011-12-16,3.0,False,12906.29,False
764285,2011-12-16,41.0,False,2244.08,False
764285,2011-12-16,32.0,False,218.38,False
764285,2011-12-16,32.0,False,19403.99,False
764285,2011-12-16,7.0,False,100463.65,False
764285,2011-12-16,90.0,False,1859.29,False
764285,2011-12-16,30.0,True,9324.35,False
764285,2011-12-16,46.0,True,3048.21,False
764285,2011-12-16,42.0,False,2789.19,False
764285,2011-12-16,22.0,False,49192.32,False
764285,2011-12-16,83.0,False,11749.9,False
764285,2011-12-16,52.0,False,-301.34,False
764285,2011-12-16,42.0,False,594.87,False
764285,2011-12-16,22.0,True,20141.93,False
764285,2011-12-16,41.0,False,38761.37,False
764285,2011-12-16,22.0,False,7156.4,False
764285,2011-12-16,29.0,False,22588.7,False
764285,2011-12-16,87.0,False,29885.55,False
764285,2011-12-16,6.0,False,931.38,False
764285,2011-12-16,72.0,False,6272.51,False
764285,2011-12-16,7.0,False,606.11,False
764285,2011-12-16,81.0,True,1043.47,False
764285,2011-12-16,74.0,True,-295.73,False
764285,2011-12-16,80.0,False,19885.02,False
764285,2011-12-16,42.0,False,22431.01,False
764285,2011-12-16,58.0,False,23991.04,False
764285,2011-12-16,1.0,False,502.34,False
764285,2011-12-16,41.0,False,1575.73,False
764285,2011-12-16,46.0,False,736.58,False
764285,2011-12-16,18.0,False,268.43,False
764285,2011-12-16,8.0,False,468.75,False
764285,2011-12-16,87.0,False,4512.17,False
764285,2011-12-16,59.0,False,3466.37,False
764285,2011-12-16,77.0,False,18297.23,False
764285,2011-12-16,33.0,True,12827.84,False
764285,2011-12-23,72.0,False,29485.81,False
764285,2011-12-23,67.0,False,-33.59,False
764285,2011-12-23,59.0,True,-215.11,False
764285,2011-12-23,93.0,False,27391.77,False
764285,2011-12-23,37.0,False,5209.85,False
764285,2011-12-23,29.0,False,1030.24,False
764285,2011-12-23,20.0,True,448.12,False
764285,2011-12-23,1.0,False,5543.18,False
764285,2011-12-23,26.0,False,26924.68,False
764285,2011-12-23,49.0,True,2050.18,False
764285,2011-12-23,11.0,False,4580.85,False
764285,2011-12-23,7.0,False,27474.81,False
764285,2011-12-23,18.0,False,28255.07,False
764285,2011-12-23,7.0,True,19269.71,False
764285,2011-12-23,80.0,True,-106.66,False
764285,2011-12-23,24.0,True,29673.14,False
764285,2011-12-23,55.0,False,20302.86,False
764285,2011-12-23,74.0,False,1048.87,False
764285,2011-12-23,21.0,True,3884.84,False
764285,2011-12-23,79.0,True,6436.66,False
764285,2011-12-23,87.0,True,22178.85,False
764285,2011-12-23,38.0,True,31337.26,False
764285,2011-12-23,40.0,True,1680.23,False
764285,2011-12-23,22.0,True,7.54,False
764285,2011-12-23,17.0,True,16083.92,False
764285,2011-12-23,91.0,True,66087.04,False
764285,2011-12-23,80.0,True,-307.46,False
764285,2011-12-23,58.0,True,-247.91,False
764285,2011-12-23,30.0,False,6763.7,False
764285,2011-12-23,87.0,True,3091.03,False
764285,2011-12-23,4.0,True,2530.33,False
764285,2011-12-23,91.0,False,3789.37,False
764285,2011-12-23,55.0,True,3292.81,False
764285,2011-12-23,44.0,False,2435.42,False
764285,2011-12-23,30.0,True,24394.62,False
764285,2011-12-23,34.0,True,64561.9,False
764285,2011-12-23,10.0,True,11535.47,False
764285,2011-12-23,11.0,True,192.25,False
764285,2011-12-23,35.0,True,50322.81,False
764285,2011-12-23,91.0,False,61.58,False
764285,2011-12-23,96.0,False,7785.89,False
764285,2011-12-23,55.0,False,705.89,False
764285,2011-12-23,74.0,True,1523.81,False
764285,2011-12-23,29.0,False,1281.59,False
764285,2011-12-23,26.0,True,-118.96,False
764285,2011-12-23,29.0,False,-244.55,False
764285,2011-12-23,87.0,True,12124.11,False
764285,2011-12-23,38.0,True,6319.24,False
764285,2011-12-23,72.0,False,53117.24,False
764285,2011-12-23,40.0,True,6796.87,False
764285,2011-12-23,25.0,False,11675.49,False
764285,2011-12-23,41.0,False,441.88,False
764285,2011-12-23,18.0,False,2738.78,False
764285,2011-12-23,98.0,False,1964.05,False
764285,2011-12-23,19.0,False,13058.79,False
764285,2011-12-23,87.0,False,9347.39,False
764285,2011-12-23,72.0,True,752.03,False
764285,2011-12-23,19.0,False,5901.42,False
764285,2011-12-23,28.0,False,3220.09,False
764285,2011-12-23,82.0,False,1790.29,False
764285,2011-12-23,54.0,False,815.95,False
764285,2011-12-23,98.0,True,7634.0,False
764285,2011-12-23,81.0,True,14.09,False
764285,2011-12-23,59.0,False,-10.42,False
764285,2011-12-23,17.0,False,12306.88,False
764285,2011-12-23,27.0,True,-209.51,False
764285,2011-12-23,29.0,True,610.53,False
764285,2011-12-23,96.0,False,34920.0,False
764285,2011-12-23,98.0,True,1376.95,False
764285,2011-12-23,93.0,False,-307.83,False
764285,2011-12-23,60.0,True,12666.42,False
764285,2011-12-23,80.0,True,1045.82,False
764285,2011-12-23,30.0,True,3379.27,False
764285,2011-12-23,26.0,False,219.08,False
764285,2011-12-23,16.0,False,776.54,False
764285,2011-12-23,72.0,False,985.42,False
764285,2011-12-23,20.0,False,1047.13,False
764285,2011-12-23,83.0,False,12284.56,False
764285,2011-12-23,46.0,False,9683.79,False
764285,2011-12-23,96.0,False,1931.43,False
764285,2011-12-23,24.0,False,2113.27,False
764285,2011-12-23,74.0,True,124.17,False
764285,2011-12-23,90.0,False,11333.25,False
764285,2011-12-23,16.0,False,2229.49,False
764285,2011-12-23,81.0,False,5320.08,False
764285,2011-12-23,98.0,False,3301.95,False
764285,2011-12-23,40.0,False,1220.14,False
764285,2011-12-23,23.0,False,9124.52,False
764285,2011-12-23,98.0,False,3244.36,False
764285,2011-12-23,17.0,False,19452.11,False
764285,2011-12-23,14.0,True,8016.5,False
764285,2011-12-23,26.0,True,-261.8,False
764285,2011-12-23,80.0,False,26161.35,False
764285,2011-12-23,46.0,True,810.44,False
764285,2011-12-23,26.0,False,5563.08,False
764285,2011-12-23,54.0,False,-43.96,False
764285,2011-12-23,55.0,False,3144.56,False
764285,2011-12-23,5.0,False,18770.61,False
764285,2011-12-23,92.0,False,3511.8,False
764285,2011-12-23,28.0,False,2541.41,False
764285,2011-12-23,97.0,True,11861.08,False
764285,2011-12-30,97.0,True,,True
1088874,2011-12-02,41.0,False,14367.44,False
1088874,2011-12-02,23.0,False,27290.97,False
1088874,2011-12-02,92.0,False,48472.82,False
1088874,2011-12-02,3.0,False,778.25,False
1088874,2011-12-02,91.0,False,20064.83,False
1088874,2011-12-02,91.0,False,7360.79,False
1088874,2011-12-02,95.0,False,10118.86,False
1088874,2011-12-02,2.0,False,3242.67,False
1088874,2011-12-02,93.0,False,2162.7,False
1088874,2011-12-02,17.0,False,29375.63,False
1088874,2011-12-02,14.0,False,-22.29,False
1088874,2011-12-02,91.0,False,1498.41,False
1088874,2011-12-02,6.0,False,5249.08,False
1088874,2011-12-02,41.0,False,11225.01,False
1088874,2011-12-02,42.0,False,1969.83,False
1088874,2011-12-02,1.0,False,3769.68,False
1088874,2011-12-02,37.0,False,971.66,False
1088874,2011-12-02,93.0,False,2666.45,False
1088874,2011-12-02,71.0,False,12648.22,False
1088874,2011-12-02,93.0,False,25522.51,False
1088874,2011-12-02,5.0,False,2553.18,False
1088874,2011-12-02,49.0,False,695.94,False
1088874,2011-12-02,11.0,False,56.09,False
1088874,2011-12-02,46.0,False,1323.77,False
1088874,2011-12-02,29.0,False,7428.77,False
1088874,2011-12-02,9.0,False,9140.23,False
1088874,2011-12-02,59.0,False,11060.89,False
1088874,2011-12-02,14.0,False,3028.69,False
1088874,2011-12-02,55.0,False,3770.29,False
1088874,2011-12-02,77.0,False,5909.29,False
1088874,2011-12-02,35.0,False,1659.77,False
1088874,2011-12-02,13.0,False,31224.34,False
1088874,2011-12-02,19.0,False,1489.57,False
1088874,2011-12-02,25.0,False,20353.16,False
1088874,2011-12-02,29.0,False,4138.93,False
1088874,2011-12-02,49.0,False,7473.36,False
1088874,2011-12-02,27.0,False,406.19,False
1088874,2011-12-02,42.0,False,276.49,False
1088874,2011-12-02,25.0,False,17503.06,False
1088874,2011-12-02,54.0,True,1650.43,False
1088874,2011-12-02,54.0,False,26794.31,False
1088874,2011-12-02,44.0,False,223.33,False
1088874,2011-12-02,85.0,False,2732.73,False
1088874,2011-12-02,17.0,False,54613.4,False
1088874,2011-12-02,27.0,False,21536.19,False
1088874,2011-12-02,80.0,False,7637.74,False
1088874,2011-12-02,98.0,False,25223.19,False
1088874,2011-12-02,42.0,False,2880.71,False
1088874,2011-12-02,16.0,False,9133.88,False
1088874,2011-12-02,10.0,False,2570.68,False
1088874,2011-12-02,98.0,False,2886.45,False
1088874,2011-12-02,49.0,False,15480.29,False
1088874,2011-12-02,1.0,False,-54.87,False
1088874,2011-12-02,2.0,False,12762.46,False
1088874,2011-12-02,26.0,False,4880.7,False
1088874,2011-12-02,6.0,False,12586.95,False
1088874,2011-12-02,8.0,False,411.8,False
1088874,2011-12-02,29.0,False,2237.68,False
1088874,2011-12-02,12.0,False,1261.56,False
1088874,2011-12-02,13.0,False,26854.21,False
1088874,2011-12-02,87.0,False,65.83,False
1088874,2011-12-02,85.0,False,4436.37,False
1088874,2011-12-02,28.0,False,6329.12,False
1088874,2011-12-02,24.0,False,3257.4,False
1088874,2011-12-02,28.0,False,3789.9,False
1088874,2011-12-02,59.0,False,5082.99,False
1088874,2011-12-02,13.0,False,10677.25,False
1088874,2011-12-02,80.0,False,5399.58,False
1088874,2011-12-02,49.0,False,15191.63,False
1088874,2011-12-02,72.0,False,480.54,False
1088874,2011-12-02,7.0,False,6016.72,False
1088874,2011-12-02,14.0,False,9034.8,False
1088874,2011-12-02,92.0,False,1901.93,False
1088874,2011-12-02,5.0,False,673.19,False
1088874,2011-12-02,26.0,False,38291.0,False
1088874,2011-12-02,21.0,False,8057.15,False
1088874,2011-12-02,32.0,False,2167.68,False
1088874,2011-12-02,58.0,False,13461.62,False
1088874,2011-12-02,47.0,False,8016.14,False
1088874,2011-12-09,17.0,False,699.57,False
1088874,2011-12-09,41.0,False,6325.09,False
1088874,2011-12-09,72.0,False,2663.82,False
1088874,2011-12-09,16.0,False,2641.09,False
1088874,2011-12-09,92.0,False,5214.54,False
1088874,2011-12-09,18.0,False,5169.94,False
1088874,2011-12-09,10.0,False,7667.0,False
1088874,2011-12-09,5.0,False,21975.33,False
1088874,2011-12-09,17.0,False,9101.08,False
1088874,2011-12-09,28.0,False,340.83,False
1088874,2011-12-09,11.0,False,27589.97,False
1088874,2011-12-09,38.0,False,673.6,False
1088874,2011-12-09,8.0,True,16626.34,False
1088874,2011-12-09,19.0,False,868.76,False
1088874,2011-12-09,30.0,False,60423.14,False
1088874,2011-12-09,82.0,False,4545.28,False
1088874,2011-12-09,96.0,False,11019.02,False
1088874,2011-12-09,58.0,False,1146.56,False
1088874,2011-12-09,24.0,False,8283.88,False
1088874,2011-12-09,48.0,False,1244.95,False
1088874,2011-12-09,30.0,False,3844.26,False
1088874,2011-12-09,74.0,False,13245.1,False
1088874,2011-12-09,4.0,False,15290.6,False
1088874,2011-12-09,18.0,False,24614.74,False
1088874,2011-12-09,96.0,False,28122.02,False
1088874,2011-12-09,67.0,False,5020.02,False
1088874,2011-12-09,34.0,False,5478.55,False
1088874,2011-12-09,33.0,False,1901.5,False
1088874,2011-12-09,2.0,False,382.1,False
1088874,2011-12-09,2.0,False,2640.28,False
1088874,2011-12-09,30.0,False,1822.44,False
1088874,2011-12-09,85.0,False,19089.56,False
1088874,2011-12-09,22.0,False,24165.46,False
1088874,2011-12-09,10.0,False,22940.99,False
1088874,2011-12-09,79.0,False,-46.86,False
1088874,2011-12-09,40.0,False,104.11,False
1088874,2011-12-09,23.0,False,6530.09,False
1088874,2011-12-09,71.0,False,5886.88,False
1088874,2011-12-09,54.0,False,2661.61,False
1088874,2011-12-09,9.0,False,4893.54,False
1088874,2011-12-09,17.0,False,568.15,False
1088874,2011-12-09,41.0,False,2749.85,False
1088874,2011-12-09,58.0,False,6099.05,False
1088874,2011-12-09,12.0,True,8644.4,False
1088874,2011-12-09,93.0,False,32096.99,False
1088874,2011-12-09,46.0,False,7957.27,False
1088874,2011-12-09,56.0,False,3239.92,False
1088874,2011-12-09,72.0,False,7343.56,False
1088874,2011-12-09,72.0,False,41185.97,False
1088874,2011-12-09,58.0,False,8673.87,False
1088874,2011-12-09,93.0,False,63582.39,False
1088874,2011-12-09,21.0,True,1759.55,False
1088874,2011-12-09,38.0,False,2065.04,False
1088874,2011-12-09,80.0,False,403.42,False
1088874,2011-12-09,79.0,False,57725.45,False
1088874,2011-12-09,49.0,False,531.18,False
1088874,2011-12-09,18.0,False,15300.63,False
1088874,2011-12-09,71.0,False,12051.46,False
1088874,2011-12-09,79.0,False,3493.41,False
1088874,2011-12-09,10.0,False,6114.8,False
1088874,2011-12-09,90.0,False,4784.75,False
1088874,2011-12-09,91.0,False,20713.69,False
1088874,2011-12-09,58.0,False,11378.79,False
1088874,2011-12-09,1.0,False,23403.07,False
1088874,2011-12-09,27.0,False,15143.23,False
1088874,2011-12-09,42.0,False,4481.34,False
1088874,2011-12-09,35.0,False,8440.82,False
1088874,2011-12-09,74.0,False,2110.78,False
1088874,2011-12-09,46.0,False,11603.24,False
1088874,2011-12-09,7.0,False,40438.25,False
1088874,2011-12-09,11.0,False,13505.93,False
1088874,2011-12-09,74.0,False,5971.78,False
1088874,2011-12-09,60.0,False,14649.26,False
1088874,2011-12-09,29.0,False,9943.81,False
1088874,2011-12-09,40.0,False,3795.53,False
1088874,2011-12-09,4.0,True,5675.99,False
1088874,2011-12-09,85.0,False,4547.49,False
1088874,2011-12-09,2.0,False,6476.06,False
1088874,2011-12-09,25.0,False,43513.08,False
1088874,2011-12-09,71.0,False,7100.29,False
1088874,2011-12-09,31.0,False,416.53,False
1088874,2011-12-09,16.0,False,1062.53,False
1088874,2011-12-09,90.0,False,1798.88,False
1088874,2011-12-09,8.0,False,1245.96,False
1088874,2011-12-16,79.0,False,1447.74,False
1088874,2011-12-16,42.0,True,5079.1,False
1088874,2011-12-16,94.0,False,14653.48,False
1088874,2011-12-16,16.0,False,477.5,False
1088874,2011-12-16,2.0,False,4407.3,False
1088874,2011-12-16,28.0,False,6976.6,False
1088874,2011-12-16,32.0,False,3441.92,False
1088874,2011-12-16,46.0,False,22209.86,False
1088874,2011-12-16,92.0,False,761.19,False
1088874,2011-12-16,1.0,False,-36.16,False
1088874,2011-12-16,3.0,False,1918.36,False
1088874,2011-12-16,82.0,False,6917.29,False
1088874,2011-12-16,3.0,False,16780.3,False
1088874,2011-12-16,41.0,False,26681.08,False
1088874,2011-12-16,58.0,False,7388.82,False
1088874,2011-12-16,42.0,False,59.81,False
1088874,2011-12-16,22.0,False,14187.89,False
1088874,2011-12-16,42.0,False,2821.42,False
1088874,2011-12-16,5.0,True,2634.27,False
1088874,2011-12-16,41.0,False,4354.64,False
1088874,2011-12-16,42.0,False,13737.45,False
1088874,2011-12-16,7.0,False,7110.62,False
1088874,2011-12-16,60.0,True,9668.91,False
1088874,2011-12-16,5.0,False,12797.06,False
1088874,2011-12-16,11.0,False,2431.23,False
1088874,2011-12-16,6.0,False,4722.39,False
1088874,2011-12-16,30.0,False,0.81,False
1088874,2011-12-16,92.0,False,20577.0,False
1088874,2011-12-16,30.0,False,45.4,False
1088874,2011-12-16,18.0,False,19163.67,False
1088874,2011-12-16,24.0,True,623.15,False
1088874,2011-12-16,40.0,False,875.51,False
1088874,2011-12-16,83.0,False,2424.02,False
1088874,2011-12-16,5.0,False,388.49,False
1088874,2011-12-16,60.0,True,5941.67,False
1088874,2011-12-16,38.0,False,17103.87,False
1088874,2011-12-16,80.0,True,19258.48,False
1088874,2011-12-16,25.0,False,7224.39,False
1088874,2011-12-16,60.0,True,17772.77,False
1088874,2011-12-16,22.0,False,2034.87,False
1088874,2011-12-16,52.0,False,15631.6,False
1088874,2011-12-16,3.0,False,2011.28,False
1088874,2011-12-16,42.0,False,7442.24,False
1088874,2011-12-16,74.0,False,2189.22,False
1088874,2011-12-16,87.0,False,18145.17,False
1088874,2011-12-16,6.0,False,6785.27,False
1088874,2011-12-16,74.0,False,33105.67,False
1088874,2011-12-16,38.0,False,3449.89,False
1088874,2011-12-16,31.0,True,14102.44,False
1088874,2011-12-16,5.0,False,101.77,False
1088874,2011-12-16,85.0,False,3755.78,False
1088874,2011-12-16,8.0,False,2918.68,False
1088874,2011-12-16,98.0,False,10822.37,False
1088874,2011-12-16,56.0,False,5471.23,False
1088874,2011-12-16,37.0,False,2607.34,False
1088874,2011-12-16,8.0,False,9619.46,False
1088874,2011-12-16,25.0,False,2349.23,False
1088874,2011-12-16,34.0,False,11063.29,False
1088874,2011-12-16,47.0,False,38436.75,False
1088874,2011-12-16,23.0,False,12458.33,False
1088874,2011-12-16,23.0,False,943.37,False
1088874,2011-12-16,72.0,False,16058.79,False
1088874,2011-12-16,14.0,False,2031.76,False
1088874,2011-12-16,24.0,False,16841.64,False
1088874,2011-12-16,81.0,True,1787.27,False
1088874,2011-12-16,13.0,False,20724.87,False
1088874,2011-12-16,34.0,False,958.03,False
1088874,2011-12-16,13.0,False,8020.77,False
1088874,2011-12-16,7.0,False,1416.51,False
1088874,2011-12-16,11.0,False,4225.85,False
1088874,2011-12-16,44.0,False,10918.99,False
1088874,2011-12-16,98.0,False,1921.63,False
1088874,2011-12-16,40.0,False,-14.65,False
1088874,2011-12-16,2.0,False,1577.86,False
1088874,2011-12-16,24.0,True,18495.72,False
1088874,2011-12-16,71.0,False,9493.43,False
1088874,2011-12-16,35.0,False,17894.7,False
1088874,2011-12-16,10.0,True,630.68,False
1088874,2011-12-16,74.0,False,32876.5,False
1088874,2011-12-16,4.0,False,3932.09,False
1088874,2011-12-16,36.0,True,3190.72,False
1088874,2011-12-16,24.0,True,32071.97,False
1088874,2011-12-16,81.0,True,14420.63,False
1088874,2011-12-16,20.0,False,287.23,False
1088874,2011-12-23,56.0,False,450.64,False
1088874,2011-12-23,72.0,False,16841.18,False
1088874,2011-12-23,19.0,False,2310.3,False
1088874,2011-12-23,31.0,False,767.94,False
1088874,2011-12-23,40.0,False,8255.65,False
1088874,2011-12-23,1.0,True,3811.15,False
1088874,2011-12-23,77.0,False,1350.52,False
1088874,2011-12-23,55.0,False,9563.92,False
1088874,2011-12-23,94.0,False,1359.03,False
1088874,2011-12-23,27.0,False,860.56,False
1088874,2011-12-23,93.0,False,2104.69,False
1088874,2011-12-23,49.0,False,11831.71,False
1088874,2011-12-23,54.0,True,218.18,False
1088874,2011-12-23,90.0,False,27964.58,False
1088874,2011-12-23,27.0,False,10945.13,False
1088874,2011-12-23,41.0,True,6972.88,False
1088874,2011-12-23,17.0,False,16424.44,False
1088874,2011-12-23,98.0,False,8800.82,False
1088874,2011-12-23,79.0,False,17446.74,False
1088874,2011-12-23,35.0,False,4746.79,False
1088874,2011-12-23,87.0,True,16630.03,False
1088874,2011-12-23,98.0,True,5920.49,False
1088874,2011-12-23,2.0,True,28524.06,False
1088874,2011-12-23,81.0,True,12522.21,False
1088874,2011-12-23,55.0,True,4018.89,False
1088874,2011-12-23,21.0,True,6499.9,False
1088874,2011-12-23,52.0,True,40163.79,False
1088874,2011-12-23,12.0,True,39068.18,False
1088874,2011-12-23,94.0,False,4444.81,False
1088874,2011-12-23,93.0,True,14990.75,False
1088874,2011-12-23,19.0,False,1521.78,False
1088874,2011-12-23,13.0,True,3397.99,False
1088874,2011-12-23,27.0,True,319.59,False
1088874,2011-12-23,71.0,False,200.75,False
1088874,2011-12-23,17.0,False,918.25,False
1088874,2011-12-23,71.0,True,20523.78,False
1088874,2011-12-23,72.0,True,767.7,False
1088874,2011-12-23,49.0,True,29407.16,False
1088874,2011-12-23,14.0,True,15383.06,False
1088874,2011-12-23,25.0,False,30264.36,False
1088874,2011-12-23,67.0,True,3253.29,False
1088874,2011-12-23,90.0,True,5365.55,False
1088874,2011-12-23,55.0,True,5953.24,False
1088874,2011-12-23,35.0,True,8461.93,False
1088874,2011-12-23,71.0,False,8550.3,False
1088874,2011-12-23,55.0,False,2368.59,False
1088874,2011-12-23,54.0,False,16363.9,False
1088874,2011-12-23,80.0,False,11198.91,False
1088874,2011-12-23,27.0,False,4754.94,False
1088874,2011-12-23,22.0,False,977.92,False
1088874,2011-12-23,87.0,False,201.55,False
1088874,2011-12-23,38.0,False,3016.45,False
1088874,2011-12-23,56.0,False,19119.09,False
1088874,2011-12-23,56.0,False,17822.89,False
1088874,2011-12-23,26.0,False,39132.36,False
1088874,2011-12-23,13.0,False,5398.53,False
1088874,2011-12-23,92.0,False,53181.49,False
1088874,2011-12-23,11.0,True,3875.05,False
1088874,2011-12-23,7.0,False,-57.38,False
1088874,2011-12-23,38.0,False,4238.61,False
1088874,2011-12-23,55.0,True,2077.48,False
1088874,2011-12-23,81.0,True,3431.62,False
1088874,2011-12-23,38.0,False,20296.86,False
1088874,2011-12-23,30.0,True,1509.93,False
1088874,2011-12-23,93.0,True,18961.08,False
1088874,2011-12-23,1.0,False,11357.43,False
1088874,2011-12-23,85.0,False,4188.25,False
1088874,2011-12-23,20.0,False,12042.04,False
1088874,2011-12-23,19.0,False,6136.97,False
1088874,2011-12-23,29.0,False,18104.35,False
1088874,2011-12-23,26.0,False,3827.74,False
1088874,2011-12-23,24.0,False,4630.37,False
1088874,2011-12-23,17.0,True,9983.61,False
1088874,2011-12-23,9.0,False,4296.46,False
1088874,2011-12-23,38.0,False,1520.91,False
1088874,2011-12-23,81.0,False,10979.2,False
1088874,2011-12-23,20.0,True,18210.78,False
1088874,2011-12-23,85.0,False,16842.21,False
1088874,2011-12-23,87.0,False,5068.11,False
1088874,2011-12-23,21.0,False,15524.17,False
1088874,2011-12-30,2.0,False,25051.87,False
1088874,2011-12-30,33.0,False,972.87,False
1088874,2011-12-30,83.0,True,8622.55,False
1088874,2011-12-30,28.0,True,204.79,False
1088874,2011-12-30,19.0,True,-47.86,False
1088874,2011-12-30,10.0,False,11455.86,False
1088874,2011-12-30,23.0,False,2130.47,False
1088874,2011-12-30,14.0,True,10195.36,False
1088874,2011-12-30,94.0,False,7697.49,False
1088874,2011-12-30,49.0,True,9577.36,False
1088874,2011-12-30,60.0,True,592.21,False
1088874,2011-12-30,23.0,True,2111.11,False
1088874,2011-12-30,92.0,True,9491.51,False
1088874,2011-12-30,32.0,True,4236.34,False
1088874,2011-12-30,22.0,True,1123.78,False
1088874,2011-12-30,98.0,False,610.67,False
1088874,2011-12-30,44.0,True,6175.58,False
1088874,2011-12-30,40.0,True,2700.34,False
1088874,2011-12-30,90.0,True,895.67,False
1088874,2011-12-30,20.0,True,689.99,False
1088874,2011-12-30,45.0,True,21330.02,False
1088874,2011-12-30,21.0,False,102.94,False
1088874,2011-12-30,56.0,False,1981.21,False
1088874,2011-12-30,59.0,False,269.03,False
1088874,2011-12-30,56.0,True,17023.65,False
1088874,2011-12-30,1.0,True,7196.12,False
1088874,2011-12-30,19.0,False,18249.56,False
1088874,2011-12-30,95.0,True,3551.97,False
1088874,2011-12-30,18.0,False,2611.96,False
1088874,2011-12-30,40.0,False,32459.26,False
1088874,2011-12-30,74.0,True,5162.48,False
1088874,2011-12-30,35.0,True,2101.89,False
1088874,2011-12-30,2.0,False,2658.98,False
1088874,2011-12-30,33.0,True,3116.7,False
1088874,2011-12-30,79.0,True,1537.72,False
1088874,2011-12-30,4.0,True,8995.0,False
1101777,2011-12-02,23.0,False,141.87,False
1101777,2011-12-02,80.0,False,5744.06,False
1101777,2011-12-02,3.0,False,13055.34,False
1101777,2011-12-02,34.0,False,637.37,False
1101777,2011-12-02,82.0,False,112.17,False
1101777,2011-12-02,4.0,False,5028.5,False
1101777,2011-12-02,92.0,False,1030.1,False
1101777,2011-12-02,19.0,False,17666.58,False
1101777,2011-12-02,3.0,False,808.38,False
1101777,2011-12-02,32.0,False,145.35,False
1101777,2011-12-02,23.0,False,1651.32,False
1101777,2011-12-02,32.0,False,5554.53,False
1101777,2011-12-02,17.0,True,3044.12,False
1101777,2011-12-02,8.0,False,1691.03,False
1101777,2011-12-02,27.0,False,1909.42,False
1101777,2011-12-02,22.0,False,4597.28,False
1101777,2011-12-02,52.0,False,9940.12,False
1101777,2011-12-02,54.0,False,28.05,False
1101777,2011-12-02,1.0,False,181.7,False
1101777,2011-12-02,23.0,False,374.55,False
1101777,2011-12-02,80.0,False,1932.71,False
1101777,2011-12-02,95.0,False,61.67,False
1101777,2011-12-02,41.0,False,1455.67,False
1101777,2011-12-02,13.0,True,2249.73,False
1101777,2011-12-02,32.0,False,15470.2,False
1101777,2011-12-02,52.0,False,10953.4,False
1101777,2011-12-02,24.0,False,225.8,False
1101777,2011-12-02,5.0,False,111.6,False
1101777,2011-12-02,6.0,False,23194.56,False
1101777,2011-12-02,28.0,False,1410.76,False
1101777,2011-12-02,40.0,False,34.01,False
1101777,2011-12-02,31.0,False,830.86,False
1101777,2011-12-02,67.0,True,11634.31,False
1101777,2011-12-02,92.0,False,22.07,False
1101777,2011-12-02,49.0,False,2643.82,False
1101777,2011-12-02,96.0,False,9198.12,False
1101777,2011-12-02,9.0,False,1158.24,False
1101777,2011-12-02,18.0,False,1889.45,False
1101777,2011-12-02,26.0,False,73.94,False
1101777,2011-12-02,95.0,False,18736.94,False
1101777,2011-12-02,34.0,False,9106.23,False
1101777,2011-12-02,17.0,False,562.63,False
1101777,2011-12-02,38.0,False,2074.65,False
1101777,2011-12-02,40.0,True,8121.72,False
1101777,2011-12-02,95.0,False,33587.04,False
1101777,2011-12-02,34.0,False,685.12,False
1101777,2011-12-02,12.0,False,577.43,False
1101777,2011-12-02,22.0,False,1848.59,False
1101777,2011-12-02,23.0,False,8855.29,False
1101777,2011-12-02,98.0,False,2439.6,False
1101777,2011-12-02,12.0,False,14158.48,False
1101777,2011-12-02,98.0,False,11932.25,False
1101777,2011-12-02,82.0,False,10142.42,False
1101777,2011-12-02,45.0,False,2331.64,False
1101777,2011-12-02,74.0,False,605.65,False
1101777,2011-12-02,24.0,False,264.34,False
1101777,2011-12-02,92.0,True,15484.25,False
1101777,2011-12-02,3.0,False,1307.58,False
1101777,2011-12-02,33.0,False,2530.04,False
1101777,2011-12-02,90.0,False,212.68,False
1101777,2011-12-02,83.0,False,64.25,False
1101777,2011-12-02,71.0,False,438.47,False
1101777,2011-12-02,3.0,False,502.93,False
1101777,2011-12-02,18.0,False,5837.47,False
1101777,2011-12-02,31.0,False,35586.94,False
1101777,2011-12-02,98.0,False,65.57,False
1101777,2011-12-02,60.0,False,2793.56,False
1101777,2011-12-02,21.0,False,9004.43,False
1101777,2011-12-02,34.0,False,460.54,False
1101777,2011-12-02,83.0,False,20.89,False
1101777,2011-12-02,29.0,False,480.86,False
1101777,2011-12-02,2.0,False,1918.01,False
1101777,2011-12-02,93.0,False,9104.12,False
1101777,2011-12-02,14.0,False,1856.07,False
1101777,2011-12-02,18.0,False,14249.35,False
1101777,2011-12-02,11.0,False,3157.0,False
1101777,2011-12-02,10.0,False,3786.6,False
1101777,2011-12-02,8.0,False,19.74,False
1101777,2011-12-02,87.0,False,4178.89,False
1101777,2011-12-02,11.0,False,2374.48,False
1101777,2011-12-02,92.0,False,67.49,False
1101777,2011-12-02,54.0,True,24098.58,False
1101777,2011-12-02,96.0,False,7965.92,False
1101777,2011-12-02,98.0,False,4425.26,False
1101777,2011-12-02,71.0,False,1614.96,False
1101777,2011-12-02,17.0,True,7852.98,False
1101777,2011-12-02,1.0,False,42302.36,False
1101777,2011-12-02,33.0,False,44234.47,False
1101777,2011-12-02,80.0,False,30627.77,False
1101777,2011-12-02,25.0,False,5242.76,False
1101777,2011-12-02,79.0,False,18192.56,False
1101777,2011-12-02,71.0,False,2059.45,False
1101777,2011-12-02,10.0,False,28515.29,False
1101777,2011-12-02,40.0,False,760.5,False
1101777,2011-12-02,98.0,False,83.12,False
1101777,2011-12-02,82.0,False,4320.26,False
1101777,2011-12-02,42.0,False,774.49,False
1101777,2011-12-02,98.0,False,6705.55,False
1101777,2011-12-02,95.0,False,6539.6,False
1101777,2011-12-02,23.0,True,1517.47,False
1101777,2011-12-02,55.0,False,807.0,False
1101777,2011-12-02,11.0,False,72.89,False
1101777,2011-12-02,98.0,False,258.5,False
1101777,2011-12-02,1.0,False,11058.25,False
1101777,2011-12-02,41.0,False,6819.34,False
1101777,2011-12-02,85.0,False,7718.11,False
1101777,2011-12-02,10.0,False,85.53,False
1101777,2011-12-02,11.0,False,3729.21,False
1101777,2011-12-02,7.0,False,198.07,False
1101777,2011-12-02,56.0,False,1214.67,False
1101777,2011-12-02,32.0,False,1566.54,False
1101777,2011-12-02,97.0,False,3823.8,False
1101777,2011-12-02,55.0,False,414.46,False
1101777,2011-12-02,95.0,False,4824.86,False
1101777,2011-12-02,10.0,False,149.95,False
1101777,2011-12-02,12.0,False,236.96,False
1101777,2011-12-02,2.0,False,1826.87,False
1101777,2011-12-02,55.0,False,831.56,False
1101777,2011-12-02,37.0,False,585.06,False
1101777,2011-12-02,56.0,False,12121.92,False
1101777,2011-12-02,98.0,False,476.62,False
1101777,2011-12-02,22.0,True,670.0,False
1101777,2011-12-02,38.0,False,19001.72,False
1101777,2011-12-02,47.0,False,8805.23,False
1101777,2011-12-02,8.0,False,9606.86,False
1101777,2011-12-02,17.0,False,253.83,False
1101777,2011-12-09,95.0,False,1620.58,False
1101777,2011-12-09,71.0,False,11612.73,False
1101777,2011-12-09,79.0,False,287.98,False
1101777,2011-12-09,83.0,False,5205.19,False
1101777,2011-12-09,49.0,False,386.91,False
1101777,2011-12-09,6.0,False,7579.52,False
1101777,2011-12-09,17.0,False,1961.85,False
1101777,2011-12-09,60.0,False,1412.33,False
1101777,2011-12-09,91.0,True,878.59,False
1101777,2011-12-09,94.0,False,8201.3,False
1101777,2011-12-09,17.0,True,568.21,False
1101777,2011-12-09,42.0,False,1416.44,False
1101777,2011-12-09,38.0,True,2152.97,False
1101777,2011-12-09,40.0,False,237.17,False
1101777,2011-12-09,60.0,False,9413.86,False
1101777,2011-12-09,10.0,True,13542.04,False
1101777,2011-12-09,92.0,True,370.26,False
1101777,2011-12-09,85.0,False,1614.85,False
1101777,2011-12-09,16.0,False,7098.02,False
1101777,2011-12-09,16.0,False,3597.09,False
1101777,2011-12-09,79.0,False,4376.47,False
1101777,2011-12-09,10.0,False,368.45,False
1101777,2011-12-09,90.0,False,1852.31,False
1101777,2011-12-09,34.0,True,19.31,False
1101777,2011-12-09,46.0,False,3420.62,False
1101777,2011-12-09,46.0,True,1382.09,False
1101777,2011-12-09,54.0,False,4546.85,False
1101777,2011-12-09,93.0,False,1063.61,False
1101777,2011-12-09,87.0,False,44.14,False
1101777,2011-12-09,49.0,False,14058.0,False
1101777,2011-12-09,32.0,False,1872.32,False
1101777,2011-12-09,93.0,False,20571.54,False
1101777,2011-12-09,20.0,True,1394.57,False
1101777,2011-12-09,40.0,True,812.23,False
1101777,2011-12-09,33.0,False,10048.52,False
1101777,2011-12-09,1.0,False,2381.41,False
1101777,2011-12-09,7.0,False,30068.36,False
1101777,2011-12-09,94.0,False,3950.24,False
1101777,2011-12-09,29.0,False,28210.64,False
1101777,2011-12-09,26.0,True,3001.0,False
1101777,2011-12-09,8.0,False,18.61,False
1101777,2011-12-09,42.0,False,5319.6,False
1101777,2011-12-09,30.0,False,731.84,False
1101777,2011-12-09,4.0,False,4270.36,False
1101777,2011-12-09,97.0,True,5218.66,False
1101777,2011-12-09,55.0,False,6465.48,False
1101777,2011-12-09,49.0,False,4320.56,False
1101777,2011-12-09,29.0,False,4031.09,False
1101777,2011-12-09,5.0,False,2361.13,False
1101777,2011-12-09,16.0,False,4090.28,False
1101777,2011-12-09,9.0,False,1559.96,False
1101777,2011-12-09,98.0,False,1082.37,False
1101777,2011-12-09,85.0,True,3655.71,False
1101777,2011-12-09,54.0,False,831.95,False
1101777,2011-12-09,4.0,False,3152.31,False
1101777,2011-12-09,2.0,False,2148.12,False
1101777,2011-12-09,81.0,True,348.27,False
1101777,2011-12-09,23.0,False,207.88,False
1101777,2011-12-09,17.0,False,1147.35,False
1101777,2011-12-09,8.0,False,7122.85,False
1101777,2011-12-09,36.0,False,11916.4,False
1101777,2011-12-09,54.0,False,10673.82,False
1101777,2011-12-09,60.0,True,863.43,False
1101777,2011-12-09,7.0,False,5941.22,False
1101777,2011-12-09,82.0,False,85.43,False
1101777,2011-12-09,25.0,False,2318.4,False
1101777,2011-12-09,94.0,False,9526.32,False
1101777,2011-12-09,80.0,True,43.83,False
1101777,2011-12-09,87.0,False,4257.02,False
1101777,2011-12-09,46.0,False,23745.1,False
1101777,2011-12-09,34.0,False,2610.67,False
1101777,2011-12-09,14.0,False,2997.67,False
1101777,2011-12-09,72.0,False,2832.92,False
1101777,2011-12-09,85.0,False,16300.26,False
1101777,2011-12-09,93.0,True,5670.9,False
1101777,2011-12-09,96.0,False,297.18,False
1101777,2011-12-09,13.0,True,451.1,False
1101777,2011-12-16,98.0,True,1415.72,False
1101777,2011-12-16,97.0,False,3665.15,False
1101777,2011-12-16,4.0,True,1371.3,False
1101777,2011-12-16,82.0,False,13492.2,False
1101777,2011-12-16,21.0,False,8370.35,False
1101777,2011-12-16,37.0,False,13042.94,False
1101777,2011-12-16,80.0,True,7178.74,False
1101777,2011-12-16,14.0,False,2030.75,False
1101777,2011-12-16,92.0,False,2919.06,False
1101777,2011-12-16,7.0,False,17167.82,False
1101777,2011-12-16,35.0,False,3383.73,False
1101777,2011-12-16,18.0,True,3889.83,False
1101777,2011-12-16,90.0,False,4979.47,False
1101777,2011-12-16,95.0,False,59.81,False
1101777,2011-12-16,22.0,False,1894.11,False
1101777,2011-12-16,14.0,False,50.45,False
1101777,2011-12-16,41.0,True,11336.08,False
1101777,2011-12-16,94.0,True,484.37,False
1101777,2011-12-16,32.0,False,3267.38,False
1101777,2011-12-16,40.0,False,11001.72,False
1101777,2011-12-16,82.0,True,268.74,False
1101777,2011-12-16,5.0,False,6439.52,False
1101777,2011-12-16,98.0,True,911.74,False
1101777,2011-12-16,98.0,True,9133.18,False
1101777,2011-12-16,91.0,False,5557.76,False
1101777,2011-12-16,9.0,False,33.92,False
1101777,2011-12-16,54.0,True,1584.45,False
1101777,2011-12-16,1.0,False,42551.87,False
1101777,2011-12-16,16.0,False,628.96,False
1101777,2011-12-16,32.0,False,3566.78,False
1101777,2011-12-16,1.0,False,14835.58,False
1101777,2011-12-16,87.0,False,307.92,False
1101777,2011-12-16,23.0,False,84.07,False
1101777,2011-12-16,79.0,False,909.06,False
1101777,2011-12-16,80.0,False,3321.47,False
1101777,2011-12-16,46.0,False,5220.16,False
1101777,2011-12-16,83.0,True,48.92,False
1101777,2011-12-16,10.0,False,4554.79,False
1101777,2011-12-16,60.0,False,713.33,False
1101777,2011-12-16,92.0,False,1341.99,False
1101777,2011-12-16,2.0,False,113.08,False
1101777,2011-12-16,7.0,False,3867.62,False
1101777,2011-12-16,98.0,False,3227.04,False
1101777,2011-12-16,21.0,False,19895.22,False
1101777,2011-12-16,4.0,False,5829.56,False
1101777,2011-12-16,56.0,True,542.77,False
1101777,2011-12-16,56.0,False,13390.7,False
1101777,2011-12-16,93.0,False,6097.73,False
1101777,2011-12-16,14.0,False,170.02,False
1101777,2011-12-16,72.0,True,341.08,False
1101777,2011-12-16,20.0,False,27640.55,False
1101777,2011-12-16,29.0,True,18908.64,False
1101777,2011-12-16,20.0,False,5529.79,False
1101777,2011-12-16,98.0,False,38.08,False
1101777,2011-12-16,9.0,True,5818.23,False
1101777,2011-12-16,85.0,False,956.21,False
1101777,2011-12-16,3.0,False,17397.58,False
1101777,2011-12-16,91.0,True,60.07,False
1101777,2011-12-16,31.0,False,1831.36,False
1101777,2011-12-16,90.0,False,708.18,False
1101777,2011-12-16,91.0,False,664.45,False
1101777,2011-12-16,4.0,False,53.42,False
1101777,2011-12-16,18.0,False,1219.43,False
1101777,2011-12-16,1.0,False,3564.16,False
1101777,2011-12-16,25.0,True,307.38,False
1101777,2011-12-16,42.0,False,8241.75,False
1101777,2011-12-16,2.0,False,3201.04,False
1101777,2011-12-16,36.0,True,129.75,False
1101777,2011-12-16,93.0,True,5512.29,False
1101777,2011-12-16,83.0,False,119.4,False
1101777,2011-12-16,24.0,False,1886.34,False
1101777,2011-12-16,26.0,True,683.18,False
1101777,2011-12-16,28.0,False,15241.06,False
1101777,2011-12-16,44.0,False,31139.77,False
1101777,2011-12-16,60.0,True,2515.29,False
1101777,2011-12-16,87.0,False,852.53,False
1101777,2011-12-16,21.0,False,20332.5,False
1101777,2011-12-16,8.0,False,1762.35,False
1101777,2011-12-16,31.0,False,112.39,False
1101777,2011-12-16,7.0,False,1941.63,False
1101777,2011-12-16,71.0,False,266.2,False
1101777,2011-12-23,16.0,False,4705.33,False
1101777,2011-12-23,16.0,True,4260.83,False
1101777,2011-12-23,56.0,True,1401.65,False
1101777,2011-12-23,14.0,True,165.57,False
1101777,2011-12-23,23.0,True,1897.69,False
1101777,2011-12-23,3.0,False,4381.58,False
1101777,2011-12-23,36.0,False,23446.49,False
1101777,2011-12-23,42.0,True,273.56,False
1101777,2011-12-23,80.0,False,33900.69,False
1101777,2011-12-23,33.0,True,4995.89,False
1101777,2011-12-23,59.0,True,120.02,False
1101777,2011-12-23,83.0,True,52.08,False
1101777,2011-12-23,1.0,True,6892.46,False
1101777,2011-12-23,27.0,False,5006.92,False
1101777,2011-12-23,85.0,False,7850.56,False
1101777,2011-12-23,24.0,False,3593.65,False
1101777,2011-12-23,87.0,True,5993.48,False
1101777,2011-12-23,11.0,True,530.68,False
1101777,2011-12-23,46.0,True,2230.43,False
1101777,2011-12-23,13.0,True,4472.37,False
1101777,2011-12-23,98.0,False,23296.25,False
1101777,2011-12-23,6.0,True,4081.92,False
1101777,2011-12-23,93.0,False,3732.06,False
1101777,2011-12-23,3.0,False,322.88,False
1101777,2011-12-23,28.0,True,32.59,False
1101777,2011-12-23,17.0,True,351.6,False
1101777,2011-12-23,11.0,False,1556.74,False
1101777,2011-12-23,10.0,True,3061.49,False
1101777,2011-12-23,28.0,False,30.99,False
1101777,2011-12-23,10.0,False,3643.06,False
1101777,2011-12-23,92.0,True,816.26,False
1101777,2011-12-23,10.0,True,603.31,False
1101777,2011-12-23,93.0,True,7426.51,False
1101777,2011-12-23,35.0,True,1041.03,False
1101777,2011-12-23,11.0,False,295.0,False
1101777,2011-12-23,24.0,False,5526.97,False
1101777,2011-12-23,90.0,False,46868.12,False
1101777,2011-12-23,95.0,True,1227.87,False
1101777,2011-12-23,5.0,False,798.66,False
1101777,2011-12-23,6.0,True,4092.59,False
1101777,2011-12-23,40.0,True,9162.81,False
1101777,2011-12-23,87.0,False,174.78,False
1101777,2011-12-23,28.0,True,1830.7,False
1101777,2011-12-23,56.0,True,5097.34,False
1101777,2011-12-23,49.0,False,46906.72,False
1101777,2011-12-23,36.0,False,1664.19,False
1101777,2011-12-23,20.0,False,683.23,False
1101777,2011-12-23,32.0,True,2389.71,False
1101777,2011-12-23,4.0,True,677.63,False
1101777,2011-12-23,12.0,False,6078.81,False
1101777,2011-12-23,90.0,True,18230.37,False
1101777,2011-12-30,90.0,True,,True
1154446,2011-12-02,14.0,False,3256.86,False
1154446,2011-12-02,98.0,True,28.82,False
1154446,2011-12-02,81.0,False,150.09,False
1154446,2011-12-02,81.0,False,181.18,False
1154446,2011-12-02,42.0,False,3897.46,False
1154446,2011-12-02,23.0,False,3031.47,False
1154446,2011-12-02,93.0,False,21.56,False
1154446,2011-12-02,80.0,False,72119.59,False
1154446,2011-12-02,46.0,False,57.58,False
1154446,2011-12-02,85.0,False,152.23,False
1154446,2011-12-02,81.0,False,29720.35,False
1154446,2011-12-02,20.0,False,272.42,False
1154446,2011-12-02,97.0,False,4452.53,False
1154446,2011-12-02,58.0,False,6452.33,False
1154446,2011-12-02,98.0,False,856.56,False
1154446,2011-12-02,82.0,False,14884.25,False
1154446,2011-12-02,98.0,False,11364.98,False
1154446,2011-12-02,30.0,False,8569.84,False
1154446,2011-12-02,2.0,False,7833.67,False
1154446,2011-12-02,91.0,False,23.73,False
1154446,2011-12-02,33.0,False,1750.98,False
1154446,2011-12-02,91.0,False,9265.21,False
1154446,2011-12-02,55.0,False,13.66,False
1154446,2011-12-02,22.0,False,7655.98,False
1154446,2011-12-02,8.0,False,4203.0,False
1154446,2011-12-02,40.0,True,5199.54,False
1154446,2011-12-02,91.0,False,8405.34,False
1154446,2011-12-02,16.0,False,5831.07,False
1154446,2011-12-02,93.0,True,1932.7,False
1154446,2011-12-02,26.0,False,11886.79,False
1154446,2011-12-02,40.0,False,19762.26,False
1154446,2011-12-02,3.0,False,3132.36,False
1154446,2011-12-02,71.0,False,2081.32,False
1154446,2011-12-02,46.0,False,10342.07,False
1154446,2011-12-02,4.0,False,3128.25,False
1154446,2011-12-02,40.0,False,11818.82,False
1154446,2011-12-02,14.0,False,1716.89,False
1154446,2011-12-02,28.0,True,1488.22,False
1154446,2011-12-02,92.0,False,3363.35,False
1154446,2011-12-02,92.0,False,625.85,False
1154446,2011-12-02,40.0,False,1852.63,False
1154446,2011-12-02,92.0,False,611.35,False
1154446,2011-12-02,41.0,False,13809.51,False
1154446,2011-12-02,93.0,False,27.3,False
1154446,2011-12-02,71.0,False,306.8,False
1154446,2011-12-02,12.0,True,28.98,False
1154446,2011-12-02,91.0,False,792.22,False
1154446,2011-12-02,27.0,False,109.35,False
1154446,2011-12-02,93.0,False,6142.74,False
1154446,2011-12-02,1.0,False,18054.54,False
1154446,2011-12-02,90.0,False,6248.55,False
1154446,2011-12-02,31.0,True,2974.97,False
1154446,2011-12-02,38.0,False,67115.41,False
1154446,2011-12-02,79.0,False,8115.41,False
1154446,2011-12-02,21.0,False,19.41,False
1154446,2011-12-02,42.0,False,743.27,False
1154446,2011-12-02,38.0,False,10148.3,False
1154446,2011-12-02,74.0,False,771.43,False
1154446,2011-12-02,11.0,False,720.17,False
1154446,2011-12-02,27.0,False,28.18,False
1154446,2011-12-02,97.0,False,902.35,False
1154446,2011-12-02,27.0,False,846.07,False
1154446,2011-12-02,91.0,False,86.36,False
1154446,2011-12-02,44.0,False,2472.14,False
1154446,2011-12-02,32.0,False,5993.56,False
1154446,2011-12-02,16.0,False,700.65,False
1154446,2011-12-02,5.0,False,6840.81,False
1154446,2011-12-02,95.0,False,1308.85,False
1154446,2011-12-02,38.0,False,4251.21,False
1154446,2011-12-02,32.0,False,39846.8,False
1154446,2011-12-02,91.0,False,311.03,False
1154446,2011-12-02,28.0,False,2548.05,False
1154446,2011-12-02,38.0,True,93.29,False
1154446,2011-12-02,82.0,False,1031.27,False
1154446,2011-12-02,8.0,False,770.33,False
1154446,2011-12-02,54.0,False,339.16,False
1154446,2011-12-02,96.0,False,54.4,False
1154446,2011-12-02,42.0,False,19.65,False
1154446,2011-12-02,82.0,False,10855.4,False
1154446,2011-12-02,81.0,False,3975.85,False
1154446,2011-12-02,28.0,False,7246.68,False
1154446,2011-12-02,92.0,False,237.6,False
1154446,2011-12-02,36.0,False,2850.2,False
1154446,2011-12-02,7.0,False,67.2,False
1154446,2011-12-02,9.0,False,672.67,False
1154446,2011-12-02,16.0,False,4103.03,False
1154446,2011-12-02,40.0,False,16.4,False
1154446,2011-12-02,92.0,False,7867.9,False
1154446,2011-12-02,26.0,True,783.28,False
1154446,2011-12-02,74.0,False,132.25,False
1154446,2011-12-02,59.0,False,1538.26,False
1154446,2011-12-02,18.0,False,3430.74,False
1154446,2011-12-02,60.0,False,52854.06,False
1154446,2011-12-02,10.0,False,4236.93,False
1154446,2011-12-02,22.0,False,1760.65,False
1154446,2011-12-02,7.0,False,436.81,False
1154446,2011-12-02,16.0,False,8101.67,False
1154446,2011-12-02,96.0,False,44041.65,False
1154446,2011-12-02,20.0,False,6503.9,False
1154446,2011-12-02,46.0,False,3552.08,False
1154446,2011-12-02,94.0,False,347.08,False
1154446,2011-12-02,17.0,False,343.63,False
1154446,2011-12-02,93.0,False,673.48,False
1154446,2011-12-02,52.0,False,53.23,False
1154446,2011-12-02,35.0,False,413.66,False
1154446,2011-12-02,21.0,False,71.6,False
1154446,2011-12-02,85.0,False,57.59,False
1154446,2011-12-02,59.0,False,1474.04,False
1154446,2011-12-02,25.0,False,286.45,False
1154446,2011-12-02,17.0,False,8416.74,False
1154446,2011-12-09,27.0,False,1826.54,False
1154446,2011-12-09,96.0,True,14.92,False
1154446,2011-12-09,2.0,False,1489.32,False
1154446,2011-12-09,94.0,True,5494.56,False
1154446,2011-12-09,79.0,False,1186.13,False
1154446,2011-12-09,23.0,True,8934.53,False
1154446,2011-12-09,97.0,False,207.74,False
1154446,2011-12-09,24.0,False,26436.51,False
1154446,2011-12-09,56.0,False,1244.2,False
1154446,2011-12-09,25.0,True,4237.31,False
1154446,2011-12-09,46.0,False,1149.57,False
1154446,2011-12-09,35.0,False,65.28,False
1154446,2011-12-09,74.0,False,379.66,False
1154446,2011-12-09,81.0,False,4980.31,False
1154446,2011-12-09,21.0,False,35092.34,False
1154446,2011-12-09,4.0,False,21199.86,False
1154446,2011-12-09,33.0,False,1642.74,False
1154446,2011-12-09,54.0,False,18746.46,False
1154446,2011-12-09,30.0,False,21371.13,False
1154446,2011-12-09,87.0,False,110.27,False
1154446,2011-12-09,24.0,False,125.43,False
1154446,2011-12-09,40.0,False,40927.36,False
1154446,2011-12-09,85.0,False,5261.09,False
1154446,2011-12-09,90.0,False,4322.01,False
1154446,2011-12-09,42.0,False,26.61,False
1154446,2011-12-09,98.0,False,895.48,False
1154446,2011-12-09,72.0,False,14245.72,False
1154446,2011-12-09,33.0,False,1801.65,False
1154446,2011-12-09,32.0,True,24967.49,False
1154446,2011-12-09,91.0,False,25919.67,False
1154446,2011-12-09,26.0,False,221.06,False
1154446,2011-12-09,60.0,False,9631.88,False
1154446,2011-12-09,23.0,False,27617.49,False
1154446,2011-12-09,92.0,False,361.43,False
1154446,2011-12-09,52.0,False,438.52,False
1154446,2011-12-09,14.0,True,2475.25,False
1154446,2011-12-09,90.0,False,782.79,False
1154446,2011-12-09,55.0,False,636.72,False
1154446,2011-12-09,13.0,True,5521.98,False
1154446,2011-12-09,98.0,False,4110.96,False
1154446,2011-12-09,9.0,True,9135.17,False
1154446,2011-12-09,27.0,False,628.67,False
1154446,2011-12-09,9.0,False,21384.99,False
1154446,2011-12-09,40.0,False,1373.8,False
1154446,2011-12-09,93.0,False,6816.6,False
1154446,2011-12-09,94.0,False,999.29,False
1154446,2011-12-09,24.0,False,13.64,False
1154446,2011-12-09,91.0,False,1648.26,False
1154446,2011-12-09,82.0,False,20824.46,False
1154446,2011-12-09,2.0,False,59292.69,False
1154446,2011-12-09,56.0,False,16806.6,False
1154446,2011-12-09,91.0,True,2035.52,False
1154446,2011-12-09,96.0,False,1388.8,False
1154446,2011-12-09,87.0,False,17.16,False
1154446,2011-12-09,93.0,False,134.71,False
1154446,2011-12-09,58.0,False,4347.18,False
1154446,2011-12-09,7.0,False,6545.86,False
1154446,2011-12-09,55.0,False,3571.79,False
1154446,2011-12-09,87.0,True,307.51,False
1154446,2011-12-09,25.0,False,5141.86,False
1154446,2011-12-09,71.0,True,308.39,False
1154446,2011-12-09,13.0,False,4617.7,False
1154446,2011-12-09,91.0,True,54.76,False
1154446,2011-12-09,56.0,False,96.64,False
1154446,2011-12-16,55.0,False,234.75,False
1154446,2011-12-16,44.0,False,6398.65,False
1154446,2011-12-16,46.0,True,31997.14,False
1154446,2011-12-16,9.0,True,835.75,False
1154446,2011-12-16,79.0,True,261.51,False
1154446,2011-12-16,40.0,False,34.01,False
1154446,2011-12-16,94.0,False,20374.0,False
1154446,2011-12-16,96.0,False,10548.96,False
1154446,2011-12-16,42.0,True,11798.1,False
1154446,2011-12-16,82.0,False,10483.09,False
1154446,2011-12-16,38.0,False,1156.07,False
1154446,2011-12-16,80.0,False,14.03,False
1154446,2011-12-16,33.0,True,1417.61,False
1154446,2011-12-16,22.0,False,38.04,False
1154446,2011-12-16,38.0,False,63.87,False
1154446,2011-12-16,67.0,False,9877.45,False
1154446,2011-12-16,98.0,False,15124.49,False
1154446,2011-12-16,55.0,False,248.69,False
1154446,2011-12-16,33.0,False,140.89,False
1154446,2011-12-16,6.0,True,1200.51,False
1154446,2011-12-16,25.0,False,1353.99,False
1154446,2011-12-16,17.0,False,888.81,False
1154446,2011-12-16,8.0,False,122.23,False
1154446,2011-12-16,91.0,False,13583.29,False
1154446,2011-12-16,85.0,True,22959.32,False
1154446,2011-12-16,74.0,False,362.9,False
1154446,2011-12-16,98.0,False,19.03,False
1154446,2011-12-16,44.0,False,165.76,False
1154446,2011-12-16,85.0,False,3267.3,False
1154446,2011-12-16,98.0,False,3556.75,False
1154446,2011-12-16,97.0,False,20.79,False
1154446,2011-12-16,28.0,False,7191.81,False
1154446,2011-12-16,32.0,False,482.14,False
1154446,2011-12-16,77.0,True,431.68,False
1154446,2011-12-16,98.0,True,150.06,False
1154446,2011-12-16,49.0,True,3077.56,False
1154446,2011-12-16,98.0,False,202.07,False
1154446,2011-12-16,17.0,False,13481.61,False
1154446,2011-12-16,59.0,True,449.51,False
1154446,2011-12-16,56.0,False,905.63,False
1154446,2011-12-16,46.0,False,453.31,False
1154446,2011-12-16,17.0,False,474.1,False
1154446,2011-12-16,93.0,False,58.27,False
1154446,2011-12-16,93.0,True,29.61,False
1154446,2011-12-16,13.0,False,11369.02,False
1154446,2011-12-16,94.0,False,12183.24,False
1154446,2011-12-16,42.0,False,325.6,False
1154446,2011-12-16,28.0,False,673.07,False
1154446,2011-12-16,8.0,False,38244.75,False
1154446,2011-12-16,93.0,False,8986.72,False
1154446,2011-12-16,23.0,False,2151.03,False
1154446,2011-12-16,80.0,False,2095.69,False
1154446,2011-12-16,93.0,False,4215.97,False
1154446,2011-12-16,74.0,True,982.46,False
1154446,2011-12-16,10.0,False,7650.3,False
1154446,2011-12-16,28.0,False,251.61,False
1154446,2011-12-16,28.0,False,32511.11,False
1154446,2011-12-16,44.0,False,2079.58,False
1154446,2011-12-16,13.0,True,6374.12,False
1154446,2011-12-16,87.0,False,2426.79,False
1154446,2011-12-16,82.0,False,213.21,False
1154446,2011-12-16,18.0,False,860.66,False
1154446,2011-12-16,52.0,False,4697.7,False
1154446,2011-12-16,67.0,True,3098.2,False
1154446,2011-12-16,49.0,False,253.44,False
1154446,2011-12-16,8.0,False,3261.78,False
1154446,2011-12-16,41.0,False,13218.0,False
1154446,2011-12-16,60.0,False,7165.29,False
1154446,2011-12-16,11.0,False,1531.17,False
1154446,2011-12-16,38.0,False,89.8,False
1154446,2011-12-16,98.0,True,2641.92,False
1154446,2011-12-16,28.0,False,1302.1,False
1154446,2011-12-16,14.0,True,8221.18,False
1154446,2011-12-16,58.0,False,11699.98,False
1154446,2011-12-16,24.0,False,209.76,False
1154446,2011-12-16,8.0,False,2587.05,False
1154446,2011-12-16,97.0,False,4157.43,False
1154446,2011-12-16,23.0,False,2786.91,False
1154446,2011-12-16,59.0,False,4360.14,False
1154446,2011-12-23,85.0,False,604.78,False
1154446,2011-12-23,31.0,False,35474.11,False
1154446,2011-12-23,97.0,True,3088.95,False
1154446,2011-12-23,55.0,True,4705.18,False
1154446,2011-12-23,22.0,True,1847.67,False
1154446,2011-12-23,52.0,True,672.54,False
1154446,2011-12-23,5.0,True,845.3,False
1154446,2011-12-23,41.0,False,16772.64,False
1154446,2011-12-23,92.0,True,2936.23,False
1154446,2011-12-23,21.0,True,2629.16,False
1154446,2011-12-23,26.0,True,13.65,False
1154446,2011-12-23,32.0,False,49749.58,False
1154446,2011-12-23,34.0,True,51.59,False
1154446,2011-12-23,41.0,False,292.09,False
1154446,2011-12-23,59.0,True,6616.08,False
1154446,2011-12-23,36.0,False,2876.08,False
1154446,2011-12-23,1.0,False,46036.4,False
1154446,2011-12-23,83.0,True,593.45,False
1154446,2011-12-23,25.0,False,9807.08,False
1154446,2011-12-23,94.0,True,8011.94,False
1154446,2011-12-23,94.0,True,13.65,False
1154446,2011-12-23,98.0,True,5813.78,False
1154446,2011-12-23,80.0,True,324.4,False
1154446,2011-12-23,10.0,False,17965.3,False
1154446,2011-12-23,18.0,True,18.65,False
1154446,2011-12-23,59.0,False,6521.18,False
1154446,2011-12-23,41.0,True,15127.47,False
1154446,2011-12-23,67.0,True,7282.83,False
1154446,2011-12-23,79.0,True,35408.97,False
1154446,2011-12-23,80.0,False,16406.24,False
1154446,2011-12-23,82.0,True,1027.1,False
1154446,2011-12-23,95.0,False,3981.43,False
1154446,2011-12-23,34.0,False,446.71,False
1154446,2011-12-23,28.0,True,3601.65,False
1154446,2011-12-23,22.0,False,4912.73,False
1154446,2011-12-23,96.0,True,8598.38,False
1154446,2011-12-23,49.0,False,21782.43,False
1154446,2011-12-23,20.0,False,1649.66,False
1154446,2011-12-23,28.0,False,8159.16,False
1154446,2011-12-23,60.0,False,12726.09,False
1154446,2011-12-23,24.0,False,17.86,False
1154446,2011-12-23,87.0,False,5777.85,False
1154446,2011-12-23,26.0,True,19.88,False
1154446,2011-12-23,95.0,False,18.69,False
1154446,2011-12-23,94.0,False,43574.13,False
1154446,2011-12-23,98.0,False,20.78,False
1154446,2011-12-23,26.0,True,52.64,False
1154446,2011-12-23,8.0,False,190.22,False
1154446,2011-12-23,71.0,False,14.55,False
1154446,2011-12-23,25.0,True,20500.93,False
1154446,2011-12-23,12.0,False,28487.49,False
1154446,2011-12-23,22.0,False,937.23,False
1154446,2011-12-23,26.0,True,1026.92,False
1154446,2011-12-23,55.0,False,112.88,False
1154446,2011-12-23,79.0,False,1015.59,False
1154446,2011-12-23,14.0,True,9462.8,False
1154446,2011-12-23,19.0,False,26.93,False
1154446,2011-12-23,2.0,False,7459.2,False
1154446,2011-12-23,96.0,True,6767.72,False
1154446,2011-12-23,22.0,False,517.71,False
1154446,2011-12-23,40.0,True,112.78,False
1154446,2011-12-23,3.0,True,41.23,False
1154446,2011-12-23,32.0,False,2757.21,False
1154446,2011-12-23,54.0,False,28.56,False
1154446,2011-12-23,44.0,False,2446.02,False
1154446,2011-12-30,44.0,False,,True
1490766,2011-12-02,81.0,False,15567.93,False
1490766,2011-12-02,22.0,False,1057.82,False
1490766,2011-12-02,20.0,False,50329.28,False
1490766,2011-12-02,98.0,False,3518.74,False
1490766,2011-12-02,28.0,False,20540.24,False
1490766,2011-12-02,10.0,False,5714.35,False
1490766,2011-12-02,79.0,False,306.82,False
1490766,2011-12-02,20.0,False,21018.8,False
1490766,2011-12-02,28.0,False,15545.45,False
1490766,2011-12-02,10.0,False,13846.86,False
1490766,2011-12-02,79.0,False,9241.77,False
1490766,2011-12-02,45.0,False,4871.28,False
1490766,2011-12-02,80.0,False,4344.07,False
1490766,2011-12-02,90.0,False,1218.12,False
1490766,2011-12-02,96.0,False,1459.75,False
1490766,2011-12-02,28.0,True,21142.57,False
1490766,2011-12-02,44.0,False,52862.94,False
1490766,2011-12-02,55.0,False,17301.31,False
1490766,2011-12-02,17.0,False,23232.42,False
1490766,2011-12-02,11.0,False,34201.6,False
1490766,2011-12-02,20.0,False,24088.7,False
1490766,2011-12-02,54.0,False,17467.44,False
1490766,2011-12-02,5.0,False,20159.77,False
1490766,2011-12-02,96.0,False,4414.75,False
1490766,2011-12-02,42.0,False,87742.92,False
1490766,2011-12-02,41.0,False,23054.12,False
1490766,2011-12-02,91.0,False,655.56,False
1490766,2011-12-02,42.0,False,5738.22,False
1490766,2011-12-02,37.0,True,233.69,False
1490766,2011-12-02,85.0,False,905.25,False
1490766,2011-12-02,60.0,True,22634.2,False
1490766,2011-12-02,80.0,False,13391.67,False
1490766,2011-12-02,3.0,False,26939.1,False
1490766,2011-12-02,11.0,True,7797.88,False
1490766,2011-12-02,46.0,True,1900.91,False
1490766,2011-12-02,21.0,False,48142.28,False
1490766,2011-12-02,98.0,False,15545.72,False
1490766,2011-12-02,25.0,True,9520.49,False
1490766,2011-12-02,31.0,False,34724.75,False
1490766,2011-12-02,19.0,False,1304.31,False
1490766,2011-12-02,80.0,False,3114.71,False
1490766,2011-12-02,67.0,False,42581.83,False
1490766,2011-12-02,79.0,False,2463.27,False
1490766,2011-12-02,40.0,False,3927.25,False
1490766,2011-12-02,11.0,False,23420.01,False
1490766,2011-12-02,60.0,False,21032.18,False
1490766,2011-12-02,41.0,False,37647.69,False
1490766,2011-12-02,27.0,False,9945.79,False
1490766,2011-12-02,42.0,False,8714.86,False
1490766,2011-12-02,20.0,True,5869.57,False
1490766,2011-12-02,1.0,False,2566.1,False
1490766,2011-12-02,82.0,False,23326.21,False
1490766,2011-12-02,85.0,False,11148.57,False
1490766,2011-12-02,42.0,False,12828.48,False
1490766,2011-12-02,97.0,False,356.7,False
1490766,2011-12-02,1.0,True,23369.8,False
1490766,2011-12-02,12.0,False,4616.22,False
1490766,2011-12-02,35.0,False,14885.96,False
1490766,2011-12-02,47.0,False,517.7,False
1490766,2011-12-02,45.0,True,19133.43,False
1490766,2011-12-02,72.0,False,8788.03,False
1490766,2011-12-02,35.0,False,10138.94,False
1490766,2011-12-02,7.0,False,10430.93,False
1490766,2011-12-02,41.0,False,9816.78,False
1490766,2011-12-02,31.0,False,28191.12,False
1490766,2011-12-02,74.0,False,13692.88,False
1490766,2011-12-02,11.0,False,1131.11,False
1490766,2011-12-02,28.0,False,3661.01,False
1490766,2011-12-02,11.0,False,15740.18,False
1490766,2011-12-02,58.0,False,29175.25,False
1490766,2011-12-02,17.0,False,2298.85,False
1490766,2011-12-02,3.0,False,2754.1,False
1490766,2011-12-02,87.0,False,253.15,False
1490766,2011-12-02,12.0,False,6713.96,False
1490766,2011-12-02,92.0,False,25.61,False
1490766,2011-12-02,60.0,False,470.58,False
1490766,2011-12-02,40.0,False,7495.62,False
1490766,2011-12-02,87.0,False,1439.59,False
1490766,2011-12-02,52.0,False,15023.55,False
1490766,2011-12-02,92.0,False,6011.79,False
1490766,2011-12-02,54.0,False,14562.18,False
1490766,2011-12-02,4.0,False,6201.74,False
1490766,2011-12-02,24.0,False,30838.7,False
1490766,2011-12-02,8.0,False,32814.38,False
1490766,2011-12-02,10.0,False,43466.97,False
1490766,2011-12-02,93.0,False,34962.79,False
1490766,2011-12-02,25.0,False,9383.94,False
1490766,2011-12-02,4.0,False,10871.03,False
1490766,2011-12-02,14.0,False,26668.93,False
1490766,2011-12-02,1.0,False,12451.53,False
1490766,2011-12-02,6.0,False,472.04,False
1490766,2011-12-02,9.0,True,1298.16,False
1490766,2011-12-02,42.0,True,863.29,False
1490766,2011-12-02,25.0,False,11223.87,False
1490766,2011-12-02,9.0,False,1573.7,False
1490766,2011-12-02,80.0,False,2649.77,False
1490766,2011-12-02,25.0,False,4246.04,False
1490766,2011-12-02,67.0,False,8884.85,False
1490766,2011-12-02,60.0,False,4163.11,False
1490766,2011-12-02,32.0,False,30910.22,False
1490766,2011-12-02,26.0,False,242.48,False
1490766,2011-12-02,17.0,False,79385.96,False
1490766,2011-12-02,42.0,False,289.03,False
1490766,2011-12-02,59.0,False,360.46,False
1490766,2011-12-02,44.0,False,7990.55,False
1490766,2011-12-02,79.0,False,14206.31,False
1490766,2011-12-02,54.0,False,53225.7,False
1490766,2011-12-02,3.0,False,60744.83,False
1490766,2011-12-02,90.0,False,10575.22,False
1490766,2011-12-02,87.0,False,1897.17,False
1490766,2011-12-02,3.0,True,20247.57,False
1490766,2011-12-02,60.0,True,14599.16,False
1490766,2011-12-02,38.0,False,8193.66,False
1490766,2011-12-02,87.0,False,1728.15,False
1490766,2011-12-02,80.0,False,27191.71,False
1490766,2011-12-02,46.0,False,168.71,False
1490766,2011-12-02,9.0,False,2768.18,False
1490766,2011-12-02,18.0,True,1779.0,False
1490766,2011-12-02,11.0,False,18322.76,False
1490766,2011-12-02,8.0,False,2933.31,False
1490766,2011-12-02,90.0,False,25184.4,False
1490766,2011-12-02,55.0,False,10270.74,False
1490766,2011-12-02,22.0,False,3827.93,False
1490766,2011-12-02,80.0,False,14896.57,False
1490766,2011-12-02,6.0,True,16969.32,False
1490766,2011-12-02,8.0,False,17286.86,False
1490766,2011-12-02,90.0,False,22.58,False
1490766,2011-12-02,25.0,False,54.38,False
1490766,2011-12-02,47.0,False,28662.07,False
1490766,2011-12-02,38.0,False,8492.31,False
1490766,2011-12-02,21.0,False,22687.28,False
1490766,2011-12-02,30.0,False,13747.42,False
1490766,2011-12-02,85.0,True,704.96,False
1490766,2011-12-02,82.0,False,31705.38,False
1490766,2011-12-02,18.0,False,38393.96,False
1490766,2011-12-09,41.0,False,12249.7,False
1490766,2011-12-09,29.0,False,46362.82,False
1490766,2011-12-09,59.0,False,1254.54,False
1490766,2011-12-09,46.0,False,23933.36,False
1490766,2011-12-09,40.0,False,129.18,False
1490766,2011-12-09,27.0,False,52859.58,False
1490766,2011-12-09,10.0,True,27286.43,False
1490766,2011-12-09,35.0,False,19251.49,False
1490766,2011-12-09,7.0,True,1566.11,False
1490766,2011-12-09,85.0,False,5.37,False
1490766,2011-12-09,5.0,False,17569.94,False
1490766,2011-12-09,80.0,False,4946.3,False
1490766,2011-12-09,2.0,False,69305.22,False
1490766,2011-12-09,59.0,False,1048.34,False
1490766,2011-12-09,67.0,False,1050.92,False
1490766,2011-12-09,83.0,True,3367.05,False
1490766,2011-12-09,83.0,False,2815.54,False
1490766,2011-12-09,34.0,False,18721.26,False
1490766,2011-12-09,22.0,True,4502.25,False
1490766,2011-12-09,38.0,False,7560.93,False
1490766,2011-12-09,54.0,False,7778.31,False
1490766,2011-12-09,10.0,False,11987.18,False
1490766,2011-12-09,54.0,False,6065.36,False
1490766,2011-12-09,40.0,False,872.66,False
1490766,2011-12-09,2.0,False,13710.22,False
1490766,2011-12-09,30.0,False,6388.38,False
1490766,2011-12-09,34.0,False,4765.02,False
1490766,2011-12-09,56.0,True,2609.64,False
1490766,2011-12-09,82.0,True,9312.2,False
1490766,2011-12-09,35.0,True,8.33,False
1490766,2011-12-09,97.0,False,459.13,False
1490766,2011-12-09,10.0,False,5769.3,False
1490766,2011-12-09,34.0,False,32937.43,False
1490766,2011-12-09,91.0,False,202.2,False
1490766,2011-12-09,87.0,False,1855.79,False
1490766,2011-12-09,35.0,False,655.29,False
1490766,2011-12-09,87.0,False,1034.45,False
1490766,2011-12-09,90.0,False,248.73,False
1490766,2011-12-09,98.0,False,1896.26,False
1490766,2011-12-09,96.0,True,219.26,False
1490766,2011-12-09,13.0,True,57404.08,False
1490766,2011-12-09,81.0,False,13188.69,False
1490766,2011-12-09,3.0,False,5554.23,False
1490766,2011-12-09,28.0,False,853.87,False
1490766,2011-12-09,46.0,False,1006.34,False
1490766,2011-12-09,28.0,False,18760.59,False
1490766,2011-12-09,20.0,False,8541.74,False
1490766,2011-12-09,10.0,False,18674.82,False
1490766,2011-12-09,85.0,False,5454.39,False
1490766,2011-12-09,3.0,True,36607.8,False
1490766,2011-12-09,14.0,False,1816.66,False
1490766,2011-12-09,60.0,False,17247.44,False
1490766,2011-12-09,59.0,False,8696.22,False
1490766,2011-12-09,85.0,True,15052.36,False
1490766,2011-12-09,67.0,False,9606.28,False
1490766,2011-12-09,98.0,False,2823.7,False
1490766,2011-12-09,21.0,True,17241.4,False
1490766,2011-12-09,90.0,False,1057.05,False
1490766,2011-12-09,5.0,False,46999.98,False
1490766,2011-12-09,85.0,False,11002.54,False
1490766,2011-12-09,26.0,False,2313.39,False
1490766,2011-12-09,10.0,False,1670.88,False
1490766,2011-12-09,27.0,False,2712.23,False
1490766,2011-12-09,31.0,False,112.18,False
1490766,2011-12-09,27.0,False,2392.0,False
1490766,2011-12-09,91.0,True,20.51,False
1490766,2011-12-09,16.0,False,10662.53,False
1490766,2011-12-09,87.0,False,1792.26,False
1490766,2011-12-09,21.0,False,4345.73,False
1490766,2011-12-09,67.0,False,5279.05,False
1490766,2011-12-09,42.0,False,4263.38,False
1490766,2011-12-09,25.0,False,8609.16,False
1490766,2011-12-09,52.0,True,10671.91,False
1490766,2011-12-09,45.0,False,18012.79,False
1490766,2011-12-09,13.0,False,8212.07,False
1490766,2011-12-09,33.0,False,10082.52,False
1490766,2011-12-09,13.0,True,77927.7,False
1490766,2011-12-09,3.0,False,29744.12,False
1490766,2011-12-09,72.0,True,5555.82,False
1490766,2011-12-09,59.0,False,1539.03,False
1490766,2011-12-09,60.0,False,22511.34,False
1490766,2011-12-09,34.0,False,19585.5,False
1490766,2011-12-09,12.0,False,8021.72,False
1490766,2011-12-09,24.0,False,9001.58,False
1490766,2011-12-09,37.0,True,11130.85,False
1490766,2011-12-09,46.0,False,1367.62,False
1490766,2011-12-09,42.0,False,3805.86,False
1490766,2011-12-16,33.0,False,15673.27,False
1490766,2011-12-16,59.0,True,9538.35,False
1490766,2011-12-16,46.0,False,10196.03,False
1490766,2011-12-16,6.0,False,3280.86,False
1490766,2011-12-16,38.0,True,408.43,False
1490766,2011-12-16,46.0,False,7470.95,False
1490766,2011-12-16,71.0,False,2587.12,False
1490766,2011-12-16,24.0,False,999.58,False
1490766,2011-12-16,98.0,True,2921.71,False
1490766,2011-12-16,20.0,False,6505.28,False
1490766,2011-12-16,29.0,True,5052.31,False
1490766,2011-12-16,71.0,False,2243.04,False
1490766,2011-12-16,94.0,False,9667.23,False
1490766,2011-12-16,12.0,False,21103.24,False
1490766,2011-12-16,34.0,False,6631.87,False
1490766,2011-12-16,58.0,False,52.3,False
1490766,2011-12-16,3.0,True,19440.59,False
1490766,2011-12-16,42.0,False,1560.06,False
1490766,2011-12-16,18.0,False,3181.56,False
1490766,2011-12-16,6.0,True,87.4,False
1490766,2011-12-16,5.0,False,17963.21,False
1490766,2011-12-16,20.0,True,6233.02,False
1490766,2011-12-16,95.0,False,11917.84,False
1490766,2011-12-16,56.0,False,12247.76,False
1490766,2011-12-16,40.0,False,22705.74,False
1490766,2011-12-16,38.0,False,6591.8,False
1490766,2011-12-16,96.0,False,3971.7,False
1490766,2011-12-16,52.0,False,2931.49,False
1490766,2011-12-16,25.0,False,5409.61,False
1490766,2011-12-16,87.0,True,3159.34,False
1490766,2011-12-16,3.0,True,9255.2,False
1490766,2011-12-16,45.0,True,53203.72,False
1490766,2011-12-16,82.0,False,622.45,False
1490766,2011-12-16,7.0,False,18671.55,False
1490766,2011-12-16,40.0,True,19994.85,False
1490766,2011-12-16,19.0,False,21127.34,False
1490766,2011-12-16,91.0,False,5449.19,False
1490766,2011-12-16,94.0,True,573.78,False
1490766,2011-12-16,82.0,False,727.7,False
1490766,2011-12-16,29.0,False,1225.7,False
1490766,2011-12-16,38.0,False,2746.64,False
1490766,2011-12-16,25.0,False,40652.29,False
1490766,2011-12-16,80.0,False,17680.39,False
1490766,2011-12-16,31.0,False,17994.32,False
1490766,2011-12-16,94.0,False,3640.88,False
1490766,2011-12-16,4.0,True,15268.13,False
1490766,2011-12-16,25.0,True,21508.91,False
1490766,2011-12-16,23.0,False,43224.86,False
1490766,2011-12-16,1.0,False,127870.75,False
1490766,2011-12-16,32.0,False,50352.99,False
1490766,2011-12-16,35.0,False,1127.27,False
1490766,2011-12-16,13.0,False,11224.16,False
1490766,2011-12-16,90.0,False,7094.92,False
1490766,2011-12-16,9.0,False,35700.65,False
1490766,2011-12-16,14.0,False,34735.31,False
1490766,2011-12-16,11.0,True,11304.25,False
1490766,2011-12-16,80.0,False,13939.59,False
1490766,2011-12-16,83.0,False,6565.54,False
1490766,2011-12-16,83.0,True,106.69,False
1490766,2011-12-16,17.0,False,32830.6,False
1490766,2011-12-16,67.0,False,1503.38,False
1490766,2011-12-16,85.0,False,27270.16,False
1490766,2011-12-16,14.0,False,33806.42,False
1490766,2011-12-16,32.0,True,13266.66,False
1490766,2011-12-16,11.0,False,5605.74,False
1490766,2011-12-16,7.0,False,8607.35,False
1490766,2011-12-16,91.0,True,204.75,False
1490766,2011-12-16,31.0,True,2029.46,False
1490766,2011-12-23,96.0,False,1244.9,False
1490766,2011-12-23,98.0,False,12866.52,False
1490766,2011-12-23,2.0,True,6098.97,False
1490766,2011-12-23,25.0,False,657.4,False
1490766,2011-12-23,25.0,False,12361.53,False
1490766,2011-12-23,4.0,True,2184.8,False
1490766,2011-12-23,56.0,True,15798.94,False
1490766,2011-12-23,82.0,False,17930.2,False
1490766,2011-12-23,93.0,True,5503.34,False
1490766,2011-12-23,98.0,True,3642.26,False
1490766,2011-12-23,81.0,False,6331.96,False
1490766,2011-12-23,67.0,True,5621.27,False
1490766,2011-12-23,93.0,False,1363.73,False
1490766,2011-12-23,12.0,False,34211.36,False
1490766,2011-12-23,31.0,True,12807.19,False
1490766,2011-12-23,54.0,True,198.85,False
1490766,2011-12-23,29.0,False,6497.66,False
1490766,2011-12-23,7.0,True,4814.61,False
1490766,2011-12-23,26.0,False,495.83,False
1490766,2011-12-23,52.0,True,32632.86,False
1490766,2011-12-23,71.0,True,13922.96,False
1490766,2011-12-23,48.0,False,9654.85,False
1490766,2011-12-23,6.0,False,62.61,False
1490766,2011-12-23,72.0,False,25503.77,False
1490766,2011-12-23,12.0,True,73494.28,False
1490766,2011-12-23,52.0,True,6565.95,False
1490766,2011-12-23,44.0,True,8021.58,False
1490766,2011-12-23,98.0,True,13.99,False
1490766,2011-12-23,1.0,True,64082.12,False
1490766,2011-12-23,82.0,True,1718.28,False
1490766,2011-12-23,95.0,True,4284.22,False
1490766,2011-12-23,33.0,False,24897.43,False
1490766,2011-12-23,81.0,True,1078.06,False
1490766,2011-12-23,94.0,False,846.08,False
1490766,2011-12-23,28.0,True,185.93,False
1490766,2011-12-23,40.0,False,15450.99,False
1490766,2011-12-23,36.0,False,47937.8,False
1490766,2011-12-23,2.0,False,18030.04,False
1490766,2011-12-23,41.0,True,2320.73,False
1490766,2011-12-23,12.0,False,15269.52,False
1490766,2011-12-23,7.0,False,9848.61,False
1490766,2011-12-23,40.0,True,3611.54,False
1490766,2011-12-23,85.0,False,31361.21,False
1490766,2011-12-23,20.0,False,36124.44,False
1490766,2011-12-23,5.0,False,17934.89,False
1490766,2011-12-23,2.0,False,37354.79,False
1490766,2011-12-23,25.0,False,28122.99,False
1490766,2011-12-23,80.0,False,8478.67,False
1490766,2011-12-23,85.0,True,19166.05,False
1490766,2011-12-23,22.0,False,15000.41,False
1490766,2011-12-23,47.0,False,13835.24,False
1490766,2011-12-23,87.0,True,1040.47,False
1490766,2011-12-23,6.0,False,46112.21,False
1490766,2011-12-23,92.0,True,10525.84,False
1490766,2011-12-23,72.0,True,3333.91,False
1490766,2011-12-23,79.0,False,17914.85,False
1490766,2011-12-23,49.0,False,4223.29,False
1490766,2011-12-23,1.0,False,2543.5,False
1490766,2011-12-23,32.0,False,8336.0,False
1490766,2011-12-23,49.0,True,14653.08,False
1490766,2011-12-23,10.0,True,26999.92,False
1490766,2011-12-23,5.0,False,26753.62,False
1490766,2011-12-23,24.0,False,8313.04,False
1490766,2011-12-23,80.0,True,4473.57,False
1490766,2011-12-23,24.0,False,20517.97,False
1490766,2011-12-23,16.0,False,29262.87,False
1490766,2011-12-23,38.0,True,44422.4,False
1490766,2011-12-23,33.0,False,43248.81,False
1490766,2011-12-23,80.0,False,13456.09,False
1490766,2011-12-23,42.0,False,5488.23,False
1490766,2011-12-30,42.0,False,,True
1539145,2011-12-02,46.0,False,8688.28,False
1539145,2011-12-02,1.0,False,24901.8,False
1539145,2011-12-02,96.0,False,451.63,False
1539145,2011-12-02,2.0,False,-21.36,False
1539145,2011-12-02,12.0,False,32376.53,False
1539145,2011-12-02,94.0,False,933.0,False
1539145,2011-12-02,16.0,False,8393.87,False
1539145,2011-12-02,54.0,False,8831.34,False
1539145,2011-12-02,83.0,False,3224.3,False
1539145,2011-12-02,41.0,False,37170.3,False
1539145,2011-12-02,16.0,False,14550.2,False
1539145,2011-12-02,38.0,True,12784.06,False
1539145,2011-12-02,12.0,False,11563.14,False
1539145,2011-12-02,97.0,False,240.95,False
1539145,2011-12-02,71.0,False,22780.68,False
1539145,2011-12-02,60.0,False,5736.82,False
1539145,2011-12-02,4.0,False,5806.79,False
1539145,2011-12-02,21.0,False,15162.94,False
1539145,2011-12-02,46.0,False,4618.58,False
1539145,2011-12-02,74.0,False,18569.5,False
1539145,2011-12-02,23.0,False,10496.98,False
1539145,2011-12-02,30.0,False,41834.88,False
1539145,2011-12-02,31.0,False,25505.89,False
1539145,2011-12-02,40.0,False,31751.58,False
1539145,2011-12-02,87.0,False,13679.27,False
1539145,2011-12-02,32.0,False,578.98,False
1539145,2011-12-02,60.0,False,4298.05,False
1539145,2011-12-02,1.0,False,924.24,False
1539145,2011-12-02,2.0,False,9106.82,False
1539145,2011-12-02,26.0,False,94.3,False
1539145,2011-12-02,41.0,False,474.79,False
1539145,2011-12-02,60.0,False,2594.81,False
1539145,2011-12-02,82.0,True,17127.0,False
1539145,2011-12-02,90.0,True,10074.97,False
1539145,2011-12-02,26.0,False,1059.48,False
1539145,2011-12-02,2.0,True,287.72,False
1539145,2011-12-02,38.0,False,143.17,False
1539145,2011-12-02,49.0,False,7181.18,False
1539145,2011-12-02,90.0,False,13896.68,False
1539145,2011-12-02,6.0,True,16942.44,False
1539145,2011-12-02,21.0,False,22551.87,False
1539145,2011-12-02,91.0,False,5638.13,False
1539145,2011-12-02,16.0,False,1469.58,False
1539145,2011-12-02,30.0,False,30141.95,False
1539145,2011-12-02,59.0,False,16606.84,False
1539145,2011-12-02,98.0,False,56970.53,False
1539145,2011-12-02,35.0,False,98.13,False
1539145,2011-12-02,3.0,False,21837.25,False
1539145,2011-12-02,24.0,False,3123.75,False
1539145,2011-12-02,26.0,False,4139.87,False
1539145,2011-12-02,4.0,False,101.25,False
1539145,2011-12-02,96.0,False,15096.92,False
1539145,2011-12-02,1.0,False,6564.26,False
1539145,2011-12-02,1.0,True,99.27,False
1539145,2011-12-02,72.0,False,20.05,False
1539145,2011-12-02,17.0,False,-29.68,False
1539145,2011-12-02,94.0,False,19501.54,False
1539145,2011-12-02,13.0,False,1735.79,False
1539145,2011-12-02,5.0,False,6016.43,False
1539145,2011-12-02,4.0,False,7255.45,False
1539145,2011-12-02,25.0,False,537.7,False
1539145,2011-12-02,2.0,False,-47.09,False
1539145,2011-12-02,32.0,False,798.23,False
1539145,2011-12-02,95.0,False,4260.75,False
1539145,2011-12-02,2.0,False,15507.62,False
1539145,2011-12-02,56.0,False,3546.8,False
1539145,2011-12-02,87.0,False,17591.88,False
1539145,2011-12-02,60.0,False,7308.81,False
1539145,2011-12-02,52.0,False,-46.85,False
1539145,2011-12-02,4.0,False,112.14,False
1539145,2011-12-02,2.0,False,13928.9,False
1539145,2011-12-02,11.0,False,3620.53,False
1539145,2011-12-02,2.0,False,16541.45,False
1539145,2011-12-02,8.0,False,2050.65,False
1539145,2011-12-02,31.0,False,1863.92,False
1539145,2011-12-02,94.0,False,7549.09,False
1539145,2011-12-02,28.0,False,22278.93,False
1539145,2011-12-02,98.0,False,50947.76,False
1539145,2011-12-02,12.0,False,43346.02,False
1539145,2011-12-02,40.0,True,603.51,False
1539145,2011-12-02,40.0,False,7274.2,False
1539145,2011-12-02,9.0,False,3235.59,False
1539145,2011-12-02,3.0,False,12477.32,False
1539145,2011-12-02,1.0,False,11905.95,False
1539145,2011-12-02,21.0,False,1838.94,False
1539145,2011-12-02,56.0,False,5127.3,False
1539145,2011-12-02,58.0,False,269.21,False
1539145,2011-12-02,87.0,False,7641.71,False
1539145,2011-12-02,58.0,False,36.69,False
1539145,2011-12-02,1.0,False,646.03,False
1539145,2011-12-02,67.0,False,10886.49,False
1539145,2011-12-02,60.0,True,3233.94,False
1539145,2011-12-02,6.0,False,1455.86,False
1539145,2011-12-02,1.0,False,7470.71,False
1539145,2011-12-02,24.0,False,10580.85,False
1539145,2011-12-02,91.0,False,151.73,False
1539145,2011-12-02,21.0,False,8546.15,False
1539145,2011-12-02,72.0,False,5344.46,False
1539145,2011-12-02,91.0,False,14601.75,False
1539145,2011-12-02,93.0,False,3268.71,False
1539145,2011-12-02,21.0,False,13643.71,False
1539145,2011-12-02,21.0,False,2417.55,False
1539145,2011-12-02,18.0,False,1435.41,False
1539145,2011-12-02,11.0,False,1220.15,False
1539145,2011-12-02,38.0,False,253.34,False
1539145,2011-12-02,83.0,False,19036.64,False
1539145,2011-12-02,96.0,True,2260.26,False
1539145,2011-12-02,95.0,False,3238.44,False
1539145,2011-12-02,5.0,False,292.06,False
1539145,2011-12-02,67.0,False,648.45,False
1539145,2011-12-02,8.0,False,34144.18,False
1539145,2011-12-02,10.0,False,1242.64,False
1539145,2011-12-09,71.0,True,18400.7,False
1539145,2011-12-09,42.0,False,23499.9,False
1539145,2011-12-09,74.0,False,10.57,False
1539145,2011-12-09,74.0,True,131.06,False
1539145,2011-12-09,56.0,False,51614.46,False
1539145,2011-12-09,87.0,False,3133.98,False
1539145,2011-12-09,12.0,False,19399.9,False
1539145,2011-12-09,27.0,False,21391.99,False
1539145,2011-12-09,98.0,True,16191.07,False
1539145,2011-12-09,18.0,False,60118.13,False
1539145,2011-12-09,8.0,False,10111.93,False
1539145,2011-12-09,10.0,False,7947.68,False
1539145,2011-12-09,41.0,True,7334.79,False
1539145,2011-12-09,1.0,False,18.3,False
1539145,2011-12-09,98.0,False,15780.05,False
1539145,2011-12-09,81.0,False,6224.6,False
1539145,2011-12-09,85.0,True,46.32,False
1539145,2011-12-09,8.0,True,17185.7,False
1539145,2011-12-09,46.0,False,5705.03,False
1539145,2011-12-09,1.0,False,9581.55,False
1539145,2011-12-09,7.0,True,1403.29,False
1539145,2011-12-09,98.0,False,30879.07,False
1539145,2011-12-09,42.0,False,9911.65,False
1539145,2011-12-09,20.0,True,2917.87,False
1539145,2011-12-09,74.0,False,18171.38,False
1539145,2011-12-09,8.0,False,2834.61,False
1539145,2011-12-09,7.0,False,2295.7,False
1539145,2011-12-09,32.0,False,10888.73,False
1539145,2011-12-09,29.0,False,9116.59,False
1539145,2011-12-09,83.0,False,85.47,False
1539145,2011-12-09,3.0,False,9.28,False
1539145,2011-12-09,79.0,False,-47.67,False
1539145,2011-12-09,82.0,False,4943.5,False
1539145,2011-12-09,42.0,False,3796.91,False
1539145,2011-12-09,94.0,False,16460.31,False
1539145,2011-12-09,98.0,False,33418.42,False
1539145,2011-12-09,80.0,False,183.79,False
1539145,2011-12-09,98.0,False,8962.53,False
1539145,2011-12-09,93.0,False,4947.98,False
1539145,2011-12-09,6.0,True,1188.32,False
1539145,2011-12-09,41.0,False,329.43,False
1539145,2011-12-09,1.0,False,810.8,False
1539145,2011-12-09,1.0,False,28.18,False
1539145,2011-12-09,96.0,False,8776.56,False
1539145,2011-12-09,83.0,True,1434.93,False
1539145,2011-12-09,4.0,False,48318.49,False
1539145,2011-12-09,60.0,False,1192.92,False
1539145,2011-12-09,1.0,False,2889.92,False
1539145,2011-12-09,11.0,False,969.5,False
1539145,2011-12-09,96.0,False,46463.73,False
1539145,2011-12-09,80.0,False,3143.64,False
1539145,2011-12-09,5.0,False,2362.82,False
1539145,2011-12-09,21.0,False,24708.36,False
1539145,2011-12-09,2.0,False,19314.88,False
1539145,2011-12-09,36.0,False,5988.61,False
1539145,2011-12-09,77.0,False,1012.36,False
1539145,2011-12-09,14.0,False,26108.84,False
1539145,2011-12-09,7.0,True,462.58,False
1539145,2011-12-09,80.0,False,37741.06,False
1539145,2011-12-09,94.0,False,28303.11,False
1539145,2011-12-09,95.0,False,652.14,False
1539145,2011-12-09,4.0,False,3329.37,False
1539145,2011-12-09,81.0,False,38808.85,False
1539145,2011-12-09,32.0,False,6161.5,False
1539145,2011-12-16,18.0,False,3022.72,False
1539145,2011-12-16,6.0,False,253.89,False
1539145,2011-12-16,18.0,False,738.9,False
1539145,2011-12-16,18.0,True,9784.88,False
1539145,2011-12-16,93.0,True,8921.39,False
1539145,2011-12-16,17.0,False,-38.75,False
1539145,2011-12-16,1.0,False,3.0,False
1539145,2011-12-16,3.0,True,49604.03,False
1539145,2011-12-16,48.0,False,4370.45,False
1539145,2011-12-16,74.0,True,47818.21,False
1539145,2011-12-16,42.0,False,1131.84,False
1539145,2011-12-16,17.0,True,26341.84,False
1539145,2011-12-16,52.0,False,47488.35,False
1539145,2011-12-16,74.0,False,14874.25,False
1539145,2011-12-16,85.0,False,5510.53,False
1539145,2011-12-16,24.0,True,741.33,False
1539145,2011-12-16,10.0,False,11982.88,False
1539145,2011-12-16,25.0,False,1327.27,False
1539145,2011-12-16,10.0,False,1976.72,False
1539145,2011-12-16,2.0,False,10184.24,False
1539145,2011-12-16,32.0,True,53785.35,False
1539145,2011-12-16,6.0,False,14116.62,False
1539145,2011-12-16,58.0,False,643.15,False
1539145,2011-12-16,81.0,False,11963.5,False
1539145,2011-12-16,91.0,True,15096.97,False
1539145,2011-12-16,18.0,False,851.37,False
1539145,2011-12-16,9.0,False,36046.93,False
1539145,2011-12-16,80.0,True,7512.89,False
1539145,2011-12-16,55.0,False,1651.69,False
1539145,2011-12-16,52.0,False,24461.53,False
1539145,2011-12-16,31.0,False,10314.28,False
1539145,2011-12-16,77.0,False,41715.69,False
1539145,2011-12-16,82.0,False,7419.5,False
1539145,2011-12-16,79.0,False,1046.12,False
1539145,2011-12-16,92.0,True,17999.42,False
1539145,2011-12-16,18.0,False,5760.61,False
1539145,2011-12-16,14.0,True,3596.19,False
1539145,2011-12-16,52.0,False,342.28,False
1539145,2011-12-16,56.0,False,5017.66,False
1539145,2011-12-16,9.0,False,2767.35,False
1539145,2011-12-16,38.0,False,20034.12,False
1539145,2011-12-16,98.0,False,8868.85,False
1539145,2011-12-16,24.0,False,12928.03,False
1539145,2011-12-16,85.0,False,44070.35,False
1539145,2011-12-16,40.0,False,1397.65,False
1539145,2011-12-16,3.0,False,4126.82,False
1539145,2011-12-16,42.0,True,44.67,False
1539145,2011-12-16,30.0,False,1061.56,False
1539145,2011-12-16,90.0,False,23799.3,False
1539145,2011-12-16,30.0,False,499.72,False
1539145,2011-12-16,98.0,False,5044.66,False
1539145,2011-12-16,9.0,False,13571.37,False
1539145,2011-12-16,31.0,False,27747.67,False
1539145,2011-12-16,96.0,True,2905.18,False
1539145,2011-12-16,92.0,True,10601.19,False
1539145,2011-12-16,80.0,True,3356.97,False
1539145,2011-12-16,94.0,False,38539.51,False
1539145,2011-12-16,11.0,False,11705.03,False
1539145,2011-12-16,35.0,False,1108.29,False
1539145,2011-12-16,79.0,True,15886.97,False
1539145,2011-12-16,90.0,False,1930.77,False
1539145,2011-12-16,42.0,False,26758.23,False
1539145,2011-12-16,54.0,False,10631.28,False
1539145,2011-12-16,96.0,False,33330.79,False
1539145,2011-12-16,95.0,True,2992.07,False
1539145,2011-12-16,1.0,False,8024.45,False
1539145,2011-12-16,5.0,False,17220.76,False
1539145,2011-12-23,11.0,False,22413.34,False
1539145,2011-12-23,38.0,True,-46.45,False
1539145,2011-12-23,87.0,False,1824.4,False
1539145,2011-12-23,59.0,True,-0.94,False
1539145,2011-12-23,46.0,False,3598.79,False
1539145,2011-12-23,9.0,False,1346.77,False
1539145,2011-12-23,95.0,False,20815.58,False
1539145,2011-12-23,55.0,True,9472.95,False
1539145,2011-12-23,6.0,True,1403.46,False
1539145,2011-12-23,94.0,True,1579.6,False
1539145,2011-12-23,8.0,False,9312.65,False
1539145,2011-12-23,71.0,True,7905.83,False
1539145,2011-12-23,12.0,True,17859.46,False
1539145,2011-12-23,59.0,False,21419.24,False
1539145,2011-12-23,74.0,True,5413.31,False
1539145,2011-12-23,41.0,False,2243.0,False
1539145,2011-12-23,98.0,True,17355.22,False
1539145,2011-12-23,97.0,True,10727.42,False
1539145,2011-12-23,90.0,False,7953.13,False
1539145,2011-12-23,71.0,True,19397.07,False
1539145,2011-12-23,9.0,True,2395.87,False
1539145,2011-12-23,28.0,True,323.24,False
1539145,2011-12-23,40.0,True,4667.34,False
1539145,2011-12-23,94.0,True,398.06,False
1539145,2011-12-23,3.0,True,2735.39,False
1539145,2011-12-23,46.0,False,31542.75,False
1539145,2011-12-23,85.0,True,13470.64,False
1539145,2011-12-23,95.0,True,2975.58,False
1539145,2011-12-23,23.0,True,20974.68,False
1539145,2011-12-23,16.0,True,725.3,False
1539145,2011-12-23,56.0,True,2730.97,False
1539145,2011-12-23,1.0,True,2742.76,False
1539145,2011-12-23,2.0,False,9083.72,False
1539145,2011-12-23,82.0,False,2318.91,False
1539145,2011-12-23,79.0,False,32374.46,False
1539145,2011-12-23,7.0,False,36.62,False
1539145,2011-12-23,42.0,True,1622.71,False
1539145,2011-12-23,44.0,False,13392.86,False
1539145,2011-12-23,11.0,False,0.25,False
1539145,2011-12-23,59.0,False,58742.33,False
1539145,2011-12-23,81.0,False,4104.36,False
1539145,2011-12-23,82.0,False,628.72,False
1539145,2011-12-23,85.0,False,10959.79,False
1539145,2011-12-23,71.0,False,43099.29,False
1539145,2011-12-23,32.0,True,4812.59,False
1539145,2011-12-23,60.0,False,1761.59,False
1539145,2011-12-23,29.0,False,18367.99,False
1539145,2011-12-23,5.0,False,30260.86,False
1539145,2011-12-23,36.0,False,1766.3,False
1539145,2011-12-23,1.0,True,19956.57,False
1539145,2011-12-23,60.0,False,1798.71,False
1539145,2011-12-23,5.0,True,4042.24,False
1539145,2011-12-23,27.0,False,18199.75,False
1539145,2011-12-23,40.0,True,274.86,False
1539145,2011-12-23,97.0,False,2937.82,False
1539145,2011-12-23,7.0,False,592.12,False
1539145,2011-12-23,11.0,True,63.76,False
1539145,2011-12-23,97.0,True,10796.29,False
1539145,2011-12-23,95.0,False,11014.65,False
1539145,2011-12-23,87.0,True,1416.96,False
1539145,2011-12-23,8.0,False,13063.06,False
1539145,2011-12-23,13.0,False,6188.03,False
1539145,2011-12-23,67.0,False,5200.86,False
1539145,2011-12-23,23.0,False,1490.63,False
1539145,2011-12-23,22.0,False,16329.06,False
1539145,2011-12-23,11.0,False,501.58,False
1539145,2011-12-23,27.0,False,5831.81,False
1539145,2011-12-23,94.0,True,17985.93,False
1539145,2011-12-23,35.0,True,14179.06,False
1539145,2011-12-23,30.0,True,40052.06,False
1539145,2011-12-30,30.0,True,,True
1623590,2011-12-02,1.0,False,51.63,False
1623590,2011-12-02,87.0,False,313.74,False
1623590,2011-12-02,4.0,False,1941.07,False
1623590,2011-12-02,96.0,False,40146.36,False
1623590,2011-12-02,9.0,False,221.04,False
1623590,2011-12-02,87.0,False,715.16,False
1623590,2011-12-02,38.0,False,85.24,False
1623590,2011-12-02,7.0,False,14778.53,False
1623590,2011-12-02,95.0,False,40.01,False
1623590,2011-12-02,90.0,False,492.61,False
1623590,2011-12-02,55.0,False,4718.99,False
1623590,2011-12-02,60.0,True,98.65,False
1623590,2011-12-02,3.0,False,698.97,False
1623590,2011-12-02,9.0,False,1822.33,False
1623590,2011-12-02,97.0,False,66.44,False
1623590,2011-12-02,2.0,False,44.83,False
1623590,2011-12-02,12.0,False,5274.29,False
1623590,2011-12-02,95.0,False,466.59,False
1623590,2011-12-02,17.0,True,113.88,False
1623590,2011-12-02,23.0,False,4886.2,False
1623590,2011-12-02,52.0,False,1382.07,False
1623590,2011-12-02,59.0,False,42.07,False
1623590,2011-12-02,26.0,False,944.29,False
1623590,2011-12-02,82.0,False,2664.86,False
1623590,2011-12-02,82.0,False,1176.95,False
1623590,2011-12-02,4.0,False,71.25,False
1623590,2011-12-02,82.0,False,1207.85,False
1623590,2011-12-02,98.0,False,1866.13,False
1623590,2011-12-02,1.0,True,1147.58,False
1623590,2011-12-02,96.0,False,14829.91,False
1623590,2011-12-02,91.0,False,41.43,False
1623590,2011-12-02,71.0,True,290.61,False
1623590,2011-12-02,72.0,False,2565.49,False
1623590,2011-12-02,83.0,False,33509.03,False
1623590,2011-12-02,81.0,False,22055.45,False
1623590,2011-12-02,49.0,False,40.51,False
1623590,2011-12-02,19.0,False,24956.81,False
1623590,2011-12-02,97.0,False,10398.2,False
1623590,2011-12-02,74.0,False,2509.86,False
1623590,2011-12-02,9.0,False,12778.85,False
1623590,2011-12-02,42.0,False,2878.7,False
1623590,2011-12-02,90.0,False,1128.95,False
1623590,2011-12-02,98.0,False,8811.22,False
1623590,2011-12-02,7.0,False,10669.19,False
1623590,2011-12-02,48.0,False,156.17,False
1623590,2011-12-02,6.0,False,164.28,False
1623590,2011-12-02,27.0,False,93.99,False
1623590,2011-12-02,22.0,False,7532.67,False
1623590,2011-12-02,98.0,False,121.28,False
1623590,2011-12-02,55.0,False,4120.31,False
1623590,2011-12-02,1.0,False,39.99,False
1623590,2011-12-02,1.0,False,404.23,False
1623590,2011-12-02,1.0,True,341.33,False
1623590,2011-12-02,23.0,False,463.52,False
1623590,2011-12-02,2.0,False,3414.91,False
1623590,2011-12-02,42.0,False,3804.68,False
1623590,2011-12-02,49.0,False,99.19,False
1623590,2011-12-02,96.0,False,27111.37,False
1623590,2011-12-02,1.0,False,3413.48,False
1623590,2011-12-02,18.0,False,11934.92,False
1623590,2011-12-02,9.0,False,28624.42,False
1623590,2011-12-02,97.0,False,132.26,False
1623590,2011-12-02,20.0,False,18022.67,False
1623590,2011-12-02,14.0,False,1308.96,False
1623590,2011-12-02,97.0,False,108.66,False
1623590,2011-12-02,33.0,False,101.4,False
1623590,2011-12-02,96.0,False,68.94,False
1623590,2011-12-02,71.0,False,3150.82,False
1623590,2011-12-02,11.0,False,39.99,False
1623590,2011-12-02,93.0,False,313.6,False
1623590,2011-12-02,7.0,False,56.21,False
1623590,2011-12-02,10.0,False,1680.3,False
1623590,2011-12-02,2.0,False,734.4,False
1623590,2011-12-02,55.0,False,40.17,False
1623590,2011-12-02,55.0,False,1081.45,False
1623590,2011-12-02,94.0,False,139.23,False
1623590,2011-12-09,18.0,True,17561.79,False
1623590,2011-12-09,34.0,False,757.68,False
1623590,2011-12-09,34.0,False,113.67,False
1623590,2011-12-09,32.0,False,3037.99,False
1623590,2011-12-09,49.0,False,20469.93,False
1623590,2011-12-09,4.0,False,657.82,False
1623590,2011-12-09,60.0,False,175.19,False
1623590,2011-12-09,20.0,False,1599.39,False
1623590,2011-12-09,83.0,False,3675.54,False
1623590,2011-12-09,29.0,False,113.75,False
1623590,2011-12-09,19.0,False,6061.07,False
1623590,2011-12-09,58.0,False,65.77,False
1623590,2011-12-09,5.0,False,9781.52,False
1623590,2011-12-09,12.0,False,44.65,False
1623590,2011-12-09,91.0,True,110.45,False
1623590,2011-12-09,6.0,True,51.19,False
1623590,2011-12-09,29.0,True,5003.35,False
1623590,2011-12-09,40.0,False,327.97,False
1623590,2011-12-09,18.0,True,8073.34,False
1623590,2011-12-09,1.0,False,42.53,False
1623590,2011-12-09,4.0,False,2370.63,False
1623590,2011-12-09,7.0,False,8857.07,False
1623590,2011-12-09,14.0,False,9919.6,False
1623590,2011-12-09,17.0,False,3499.13,False
1623590,2011-12-09,83.0,False,16141.08,False
1623590,2011-12-09,23.0,False,135.56,False
1623590,2011-12-09,91.0,True,4871.67,False
1623590,2011-12-09,40.0,False,167.65,False
1623590,2011-12-09,14.0,False,49.56,False
1623590,2011-12-09,94.0,False,355.72,False
1623590,2011-12-09,74.0,False,63.36,False
1623590,2011-12-09,3.0,True,6872.09,False
1623590,2011-12-09,93.0,False,7312.35,False
1623590,2011-12-09,1.0,False,252.9,False
1623590,2011-12-09,46.0,False,465.88,False
1623590,2011-12-09,6.0,False,4196.23,False
1623590,2011-12-09,5.0,False,763.5,False
1623590,2011-12-09,3.0,False,22242.86,False
1623590,2011-12-09,74.0,False,790.14,False
1623590,2011-12-09,6.0,True,2144.68,False
1623590,2011-12-09,72.0,False,1554.23,False
1623590,2011-12-09,95.0,False,87.89,False
1623590,2011-12-09,11.0,False,213.83,False
1623590,2011-12-09,93.0,False,447.14,False
1623590,2011-12-09,32.0,False,41.57,False
1623590,2011-12-09,85.0,False,116.71,False
1623590,2011-12-09,1.0,False,1032.54,False
1623590,2011-12-09,2.0,False,10105.97,False
1623590,2011-12-09,96.0,False,7196.84,False
1623590,2011-12-09,5.0,False,1546.88,False
1623590,2011-12-09,96.0,False,580.22,False
1623590,2011-12-09,54.0,False,2427.17,False
1623590,2011-12-09,83.0,False,174.12,False
1623590,2011-12-09,27.0,False,41.29,False
1623590,2011-12-09,42.0,False,305.17,False
1623590,2011-12-09,5.0,False,13019.43,False
1623590,2011-12-09,11.0,False,1919.99,False
1623590,2011-12-09,25.0,False,37600.74,False
1623590,2011-12-09,1.0,False,4797.67,False
1623590,2011-12-09,45.0,False,181.16,False
1623590,2011-12-09,10.0,False,53.67,False
1623590,2011-12-09,42.0,False,45.75,False
1623590,2011-12-16,31.0,False,259.25,False
1623590,2011-12-16,97.0,False,45.7,False
1623590,2011-12-16,20.0,False,22140.17,False
1623590,2011-12-16,19.0,False,51.0,False
1623590,2011-12-16,67.0,True,1205.37,False
1623590,2011-12-16,31.0,False,40.05,False
1623590,2011-12-16,46.0,False,186.79,False
1623590,2011-12-16,58.0,False,5465.72,False
1623590,2011-12-16,35.0,False,51.1,False
1623590,2011-12-16,1.0,False,39.99,False
1623590,2011-12-16,2.0,False,43.23,False
1623590,2011-12-16,93.0,False,148.82,False
1623590,2011-12-16,12.0,False,8195.38,False
1623590,2011-12-16,44.0,False,52.07,False
1623590,2011-12-16,40.0,False,516.82,False
1623590,2011-12-16,82.0,False,2032.76,False
1623590,2011-12-16,96.0,False,7741.22,False
1623590,2011-12-16,31.0,False,40.01,False
1623590,2011-12-16,2.0,False,620.05,False
1623590,2011-12-16,67.0,False,6770.17,False
1623590,2011-12-16,6.0,False,173.61,False
1623590,2011-12-16,97.0,True,8040.14,False
1623590,2011-12-16,87.0,False,3255.59,False
1623590,2011-12-16,13.0,True,7829.6,False
1623590,2011-12-16,6.0,True,613.98,False
1623590,2011-12-16,96.0,False,31576.27,False
1623590,2011-12-16,59.0,False,5905.36,False
1623590,2011-12-16,35.0,True,2155.03,False
1623590,2011-12-16,3.0,False,1508.25,False
1623590,2011-12-16,8.0,False,886.31,False
1623590,2011-12-16,46.0,False,557.46,False
1623590,2011-12-16,7.0,False,1924.43,False
1623590,2011-12-16,79.0,False,1030.45,False
1623590,2011-12-16,71.0,True,171.05,False
1623590,2011-12-16,2.0,False,40.18,False
1623590,2011-12-16,2.0,False,1227.72,False
1623590,2011-12-16,94.0,False,5937.48,False
1623590,2011-12-16,46.0,False,1302.89,False
1623590,2011-12-16,85.0,False,150.15,False
1623590,2011-12-16,1.0,False,106.73,False
1623590,2011-12-16,10.0,False,117.64,False
1623590,2011-12-16,48.0,False,40.0,False
1623590,2011-12-16,41.0,False,12658.98,False
1623590,2011-12-16,1.0,False,6852.47,False
1623590,2011-12-16,34.0,False,6070.73,False
1623590,2011-12-16,92.0,False,1221.72,False
1623590,2011-12-16,82.0,False,1932.15,False
1623590,2011-12-16,79.0,True,2513.61,False
1623590,2011-12-16,2.0,True,268.09,False
1623590,2011-12-16,79.0,True,7386.62,False
1623590,2011-12-16,1.0,False,670.8,False
1623590,2011-12-16,25.0,False,1284.74,False
1623590,2011-12-16,21.0,False,1522.03,False
1623590,2011-12-16,90.0,True,8066.27,False
1623590,2011-12-16,52.0,False,9239.05,False
1623590,2011-12-16,16.0,False,41.03,False
1623590,2011-12-16,1.0,False,131.28,False
1623590,2011-12-16,21.0,True,49.42,False
1623590,2011-12-16,1.0,False,140.37,False
1623590,2011-12-16,81.0,False,4684.57,False
1623590,2011-12-16,48.0,True,839.75,False
1623590,2011-12-16,19.0,False,150.41,False
1623590,2011-12-23,79.0,False,41.47,False
1623590,2011-12-23,36.0,False,699.35,False
1623590,2011-12-23,18.0,False,40.26,False
1623590,2011-12-23,48.0,True,10476.37,False
1623590,2011-12-23,9.0,True,6600.21,False
1623590,2011-12-23,14.0,False,95.25,False
1623590,2011-12-23,74.0,False,43.86,False
1623590,2011-12-23,98.0,True,452.04,False
1623590,2011-12-23,26.0,True,42.99,False
1623590,2011-12-23,12.0,False,62.82,False
1623590,2011-12-23,83.0,True,56.72,False
1623590,2011-12-23,67.0,True,7506.64,False
1623590,2011-12-23,98.0,False,560.04,False
1623590,2011-12-23,83.0,False,40.5,False
1623590,2011-12-23,87.0,False,6510.15,False
1623590,2011-12-23,1.0,False,1965.2,False
1623590,2011-12-23,34.0,False,62.62,False
1623590,2011-12-23,44.0,True,302.81,False
1623590,2011-12-23,16.0,True,39.99,False
1623590,2011-12-23,12.0,False,7451.73,False
1623590,2011-12-23,93.0,False,2267.32,False
1623590,2011-12-23,5.0,True,25072.68,False
1623590,2011-12-23,1.0,False,13771.11,False
1623590,2011-12-23,18.0,True,80.93,False
1623590,2011-12-23,49.0,True,1494.81,False
1623590,2011-12-23,87.0,True,117.2,False
1623590,2011-12-23,95.0,True,76.49,False
1623590,2011-12-23,33.0,True,407.85,False
1623590,2011-12-23,71.0,False,154.22,False
1623590,2011-12-23,1.0,False,326.97,False
1623590,2011-12-23,37.0,True,184.71,False
1623590,2011-12-23,85.0,True,973.7,False
1623590,2011-12-23,12.0,False,248.42,False
1623590,2011-12-23,27.0,True,41.63,False
1623590,2011-12-23,97.0,True,5571.77,False
1623590,2011-12-23,24.0,False,471.51,False
1623590,2011-12-23,8.0,True,529.98,False
1623590,2011-12-23,98.0,False,74.8,False
1623590,2011-12-23,95.0,False,40.41,False
1623590,2011-12-23,36.0,False,7936.28,False
1623590,2011-12-23,98.0,True,1014.37,False
1623590,2011-12-23,18.0,False,57.53,False
1623590,2011-12-23,10.0,True,2997.37,False
1623590,2011-12-23,95.0,True,874.91,False
1623590,2011-12-23,5.0,False,643.29,False
1623590,2011-12-23,81.0,True,347.8,False
1623590,2011-12-23,90.0,False,3099.88,False
1623590,2011-12-23,25.0,False,669.92,False
1623590,2011-12-23,30.0,True,115.66,False
1623590,2011-12-23,4.0,False,39.99,False
1623590,2011-12-23,14.0,False,5802.03,False
1623590,2011-12-23,42.0,False,98.72,False
1623590,2011-12-23,20.0,False,16301.68,False
1623590,2011-12-23,93.0,False,5985.69,False
1623590,2011-12-23,24.0,False,3370.64,False
1623590,2011-12-23,44.0,True,1530.04,False
1623590,2011-12-23,81.0,True,9467.16,False
1623590,2011-12-23,54.0,True,17249.88,False
1623590,2011-12-23,82.0,False,6295.19,False
1623590,2011-12-23,71.0,False,145.68,False
1623590,2011-12-23,55.0,False,3585.1,False
1623590,2011-12-23,14.0,False,202.43,False
1623590,2011-12-23,94.0,False,394.78,False
1623590,2011-12-23,10.0,False,6321.69,False
1623590,2011-12-23,26.0,False,57.36,False
1623590,2011-12-23,67.0,False,2426.22,False
1623590,2011-12-23,97.0,False,134.84,False
1623590,2011-12-23,1.0,False,3820.65,False
1623590,2011-12-23,71.0,True,41.26,False
1623590,2011-12-23,95.0,False,13020.18,False
1623590,2011-12-23,30.0,False,54.44,False
1623590,2011-12-30,31.0,True,818.76,False
1623590,2011-12-30,9.0,True,3865.7,False
1623590,2011-12-30,81.0,True,55.12,False
1623590,2011-12-30,20.0,True,292.96,False
1623590,2011-12-30,96.0,True,3833.14,False
1623590,2011-12-30,16.0,True,58.04,False
1779709,2011-12-02,79.0,False,563.1,False
1779709,2011-12-02,82.0,False,3433.53,False
1779709,2011-12-02,81.0,False,628.51,False
1779709,2011-12-02,38.0,False,-16.27,False
1779709,2011-12-02,98.0,False,827.0,False
1779709,2011-12-02,93.0,False,4331.45,False
1779709,2011-12-02,81.0,False,1285.64,False
1779709,2011-12-02,92.0,False,-194.35,False
1779709,2011-12-02,14.0,False,-248.71,False
1779709,2011-12-02,22.0,False,1246.1,False
1779709,2011-12-02,52.0,False,413.33,False
1779709,2011-12-02,56.0,False,10662.24,False
1779709,2011-12-02,49.0,False,817.72,False
1779709,2011-12-02,98.0,False,2408.9,False
1779709,2011-12-02,97.0,False,1846.37,False
1779709,2011-12-02,85.0,False,-122.1,False
1779709,2011-12-02,9.0,False,10.41,False
1779709,2011-12-02,3.0,False,3646.31,False
1779709,2011-12-02,93.0,False,16489.47,False
1779709,2011-12-02,8.0,False,10394.58,False
1779709,2011-12-02,32.0,False,4621.71,False
1779709,2011-12-02,6.0,False,297.75,False
1779709,2011-12-02,28.0,False,36823.14,False
1779709,2011-12-02,81.0,False,283.59,False
1779709,2011-12-02,8.0,False,1262.41,False
1779709,2011-12-02,34.0,False,276.11,False
1779709,2011-12-02,97.0,False,26731.96,False
1779709,2011-12-02,13.0,False,315.52,False
1779709,2011-12-02,67.0,False,971.22,False
1779709,2011-12-02,93.0,False,436.8,False
1779709,2011-12-02,97.0,False,1522.22,False
1779709,2011-12-02,11.0,False,1219.03,False
1779709,2011-12-02,38.0,False,12544.01,False
1779709,2011-12-02,87.0,True,10030.03,False
1779709,2011-12-02,41.0,False,498.88,False
1779709,2011-12-02,9.0,False,-233.16,False
1779709,2011-12-02,13.0,False,1201.74,False
1779709,2011-12-02,21.0,False,6152.57,False
1779709,2011-12-02,19.0,True,8946.14,False
1779709,2011-12-02,22.0,True,-232.78,False
1779709,2011-12-02,22.0,False,2641.61,False
1779709,2011-12-02,23.0,False,26478.08,False
1779709,2011-12-02,7.0,False,31908.98,False
1779709,2011-12-02,82.0,False,5914.63,False
1779709,2011-12-02,95.0,False,13429.36,False
1779709,2011-12-02,90.0,False,3795.42,False
1779709,2011-12-02,38.0,False,2958.94,False
1779709,2011-12-02,92.0,False,241.94,False
1779709,2011-12-02,80.0,False,3294.8,False
1779709,2011-12-02,5.0,False,14202.3,False
1779709,2011-12-02,41.0,False,2732.82,False
1779709,2011-12-02,40.0,False,24484.65,False
1779709,2011-12-02,32.0,False,6686.66,False
1779709,2011-12-02,7.0,False,18646.63,False
1779709,2011-12-02,40.0,False,-199.44,False
1779709,2011-12-02,2.0,False,12371.14,False
1779709,2011-12-02,20.0,False,1777.99,False
1779709,2011-12-02,42.0,False,-227.19,False
1779709,2011-12-02,95.0,False,14554.54,False
1779709,2011-12-02,47.0,False,397.62,False
1779709,2011-12-02,92.0,False,-84.22,False
1779709,2011-12-02,81.0,False,144.45,False
1779709,2011-12-02,1.0,False,235.55,False
1779709,2011-12-02,10.0,False,9863.85,False
1779709,2011-12-02,49.0,False,410.23,False
1779709,2011-12-02,7.0,False,1423.26,False
1779709,2011-12-02,87.0,False,21835.38,False
1779709,2011-12-02,94.0,False,18912.07,False
1779709,2011-12-02,41.0,False,6947.37,False
1779709,2011-12-02,30.0,False,1877.49,False
1779709,2011-12-02,59.0,False,-203.76,False
1779709,2011-12-02,96.0,False,1733.74,False
1779709,2011-12-02,98.0,False,6288.86,False
1779709,2011-12-02,14.0,True,837.21,False
1779709,2011-12-02,74.0,False,1393.2,False
1779709,2011-12-02,49.0,False,6507.82,False
1779709,2011-12-02,90.0,False,12900.29,False
1779709,2011-12-02,11.0,True,15847.1,False
1779709,2011-12-02,18.0,False,2598.71,False
1779709,2011-12-02,23.0,False,19607.43,False
1779709,2011-12-02,56.0,False,3931.68,False
1779709,2011-12-02,67.0,False,8580.3,False
1779709,2011-12-02,82.0,False,10959.72,False
1779709,2011-12-02,85.0,False,3047.63,False
1779709,2011-12-02,7.0,False,-167.27,False
1779709,2011-12-02,87.0,False,1868.21,False
1779709,2011-12-02,58.0,False,236.18,False
1779709,2011-12-02,85.0,False,-111.55,False
1779709,2011-12-02,32.0,False,5742.55,False
1779709,2011-12-02,26.0,False,3513.37,False
1779709,2011-12-02,31.0,False,4481.55,False
1779709,2011-12-02,79.0,False,41583.41,False
1779709,2011-12-02,9.0,False,34313.33,False
1779709,2011-12-02,16.0,False,857.92,False
1779709,2011-12-02,46.0,False,2422.46,False
1779709,2011-12-02,95.0,False,-55.53,False
1779709,2011-12-02,91.0,False,3690.6,False
1779709,2011-12-02,14.0,False,8299.04,False
1779709,2011-12-02,28.0,False,4688.95,False
1779709,2011-12-02,98.0,False,7475.87,False
1779709,2011-12-02,49.0,False,-239.29,False
1779709,2011-12-02,13.0,False,341.95,False
1779709,2011-12-02,82.0,False,16039.46,False
1779709,2011-12-02,60.0,False,-121.89,False
1779709,2011-12-02,31.0,False,3125.55,False
1779709,2011-12-02,96.0,False,32418.63,False
1779709,2011-12-09,42.0,False,169.09,False
1779709,2011-12-09,28.0,True,4364.48,False
1779709,2011-12-09,72.0,False,30238.66,False
1779709,2011-12-09,83.0,False,-150.31,False
1779709,2011-12-09,92.0,False,7261.9,False
1779709,2011-12-09,60.0,False,2814.97,False
1779709,2011-12-09,58.0,False,-203.54,False
1779709,2011-12-09,27.0,False,9852.93,False
1779709,2011-12-09,95.0,False,4601.75,False
1779709,2011-12-09,3.0,True,30.72,False
1779709,2011-12-09,30.0,False,8425.8,False
1779709,2011-12-09,40.0,False,16679.55,False
1779709,2011-12-09,3.0,True,1323.47,False
1779709,2011-12-09,2.0,False,5043.32,False
1779709,2011-12-09,8.0,False,1022.98,False
1779709,2011-12-09,93.0,False,3424.59,False
1779709,2011-12-09,45.0,True,1627.14,False
1779709,2011-12-09,18.0,False,2867.55,False
1779709,2011-12-09,10.0,False,2722.58,False
1779709,2011-12-09,98.0,False,351.51,False
1779709,2011-12-09,52.0,False,-244.73,False
1779709,2011-12-09,29.0,False,29.69,False
1779709,2011-12-09,97.0,False,-113.3,False
1779709,2011-12-09,40.0,False,1350.93,False
1779709,2011-12-09,94.0,False,1800.29,False
1779709,2011-12-09,20.0,False,1707.02,False
1779709,2011-12-09,6.0,False,71.61,False
1779709,2011-12-09,31.0,True,5932.8,False
1779709,2011-12-09,30.0,False,8826.73,False
1779709,2011-12-09,87.0,False,9319.05,False
1779709,2011-12-09,5.0,True,280.46,False
1779709,2011-12-09,67.0,False,8112.32,False
1779709,2011-12-09,11.0,False,8644.71,False
1779709,2011-12-09,91.0,False,693.54,False
1779709,2011-12-09,95.0,False,4031.63,False
1779709,2011-12-09,8.0,False,135.16,False
1779709,2011-12-09,30.0,False,480.47,False
1779709,2011-12-09,29.0,False,10421.33,False
1779709,2011-12-09,20.0,False,475.12,False
1779709,2011-12-09,98.0,False,-251.16,False
1779709,2011-12-09,97.0,False,2746.96,False
1779709,2011-12-09,41.0,False,-94.59,False
1779709,2011-12-09,94.0,False,17252.44,False
1779709,2011-12-09,18.0,False,278.55,False
1779709,2011-12-09,35.0,False,243.73,False
1779709,2011-12-09,38.0,False,1300.94,False
1779709,2011-12-09,20.0,True,9065.22,False
1779709,2011-12-09,4.0,False,264.39,False
1779709,2011-12-09,82.0,False,-213.58,False
1779709,2011-12-09,13.0,False,-200.67,False
1779709,2011-12-09,80.0,False,-53.73,False
1779709,2011-12-09,77.0,False,26290.41,False
1779709,2011-12-09,97.0,False,6544.41,False
1779709,2011-12-09,77.0,False,9296.46,False
1779709,2011-12-09,83.0,True,127.83,False
1779709,2011-12-09,54.0,True,-56.83,False
1779709,2011-12-09,49.0,False,1914.22,False
1779709,2011-12-09,40.0,False,-138.77,False
1779709,2011-12-09,5.0,False,45279.59,False
1779709,2011-12-16,67.0,False,20718.6,False
1779709,2011-12-16,98.0,False,296.0,False
1779709,2011-12-16,80.0,False,9029.48,False
1779709,2011-12-16,46.0,False,323.8,False
1779709,2011-12-16,81.0,False,12079.84,False
1779709,2011-12-16,31.0,False,-249.08,False
1779709,2011-12-16,11.0,False,1054.56,False
1779709,2011-12-16,93.0,False,108.19,False
1779709,2011-12-16,12.0,False,5781.17,False
1779709,2011-12-16,23.0,True,367.39,False
1779709,2011-12-16,9.0,True,4076.9,False
1779709,2011-12-16,95.0,False,2227.27,False
1779709,2011-12-16,16.0,False,4097.5,False
1779709,2011-12-16,56.0,True,5934.61,False
1779709,2011-12-16,44.0,False,-247.58,False
1779709,2011-12-16,13.0,False,442.49,False
1779709,2011-12-16,59.0,False,3396.96,False
1779709,2011-12-16,93.0,True,6416.82,False
1779709,2011-12-16,79.0,True,587.05,False
1779709,2011-12-16,18.0,False,2513.42,False
1779709,2011-12-16,54.0,False,-36.43,False
1779709,2011-12-16,19.0,True,-206.46,False
1779709,2011-12-16,98.0,True,17520.31,False
1779709,2011-12-16,10.0,False,8147.71,False
1779709,2011-12-16,81.0,False,756.29,False
1779709,2011-12-16,95.0,False,3369.86,False
1779709,2011-12-16,81.0,False,-249.37,False
1779709,2011-12-16,20.0,False,28.75,False
1779709,2011-12-16,33.0,False,208.81,False
1779709,2011-12-16,32.0,False,1549.63,False
1779709,2011-12-16,33.0,False,5823.11,False
1779709,2011-12-16,96.0,False,-235.86,False
1779709,2011-12-16,59.0,False,1694.07,False
1779709,2011-12-16,44.0,False,287.55,False
1779709,2011-12-16,98.0,False,393.65,False
1779709,2011-12-16,74.0,False,2708.25,False
1779709,2011-12-16,38.0,False,988.38,False
1779709,2011-12-16,92.0,False,627.64,False
1779709,2011-12-16,85.0,False,4318.6,False
1779709,2011-12-16,83.0,True,642.57,False
1779709,2011-12-16,17.0,False,2218.64,False
1779709,2011-12-16,80.0,False,8968.77,False
1779709,2011-12-16,8.0,False,10989.93,False
1779709,2011-12-16,29.0,False,8249.81,False
1779709,2011-12-16,44.0,False,5665.26,False
1779709,2011-12-16,21.0,True,-169.96,False
1779709,2011-12-16,98.0,False,-250.15,False
1779709,2011-12-16,98.0,False,1423.51,False
1779709,2011-12-16,58.0,False,1284.48,False
1779709,2011-12-16,74.0,True,-235.82,False
1779709,2011-12-16,11.0,False,5479.66,False
1779709,2011-12-16,79.0,False,7927.84,False
1779709,2011-12-16,20.0,False,1818.57,False
1779709,2011-12-16,90.0,False,12859.57,False
1779709,2011-12-16,90.0,False,2185.58,False
1779709,2011-12-16,98.0,False,-174.17,False
1779709,2011-12-16,98.0,False,6619.99,False
1779709,2011-12-23,34.0,False,363.5,False
1779709,2011-12-23,23.0,True,29899.87,False
1779709,2011-12-23,16.0,False,601.38,False
1779709,2011-12-23,11.0,True,-56.4,False
1779709,2011-12-23,16.0,False,-197.34,False
1779709,2011-12-23,79.0,True,6611.65,False
1779709,2011-12-23,18.0,False,338.89,False
1779709,2011-12-23,49.0,False,-69.98,False
1779709,2011-12-23,1.0,True,1288.01,False
1779709,2011-12-23,25.0,False,2345.48,False
1779709,2011-12-23,95.0,False,960.44,False
1779709,2011-12-23,14.0,False,11543.43,False
1779709,2011-12-23,67.0,True,-45.23,False
1779709,2011-12-23,10.0,True,274.41,False
1779709,2011-12-23,81.0,False,-21.23,False
1779709,2011-12-23,98.0,False,1346.83,False
1779709,2011-12-23,22.0,True,3348.98,False
1779709,2011-12-23,36.0,True,1036.46,False
1779709,2011-12-23,17.0,True,11297.35,False
1779709,2011-12-23,74.0,True,1690.25,False
1779709,2011-12-23,2.0,True,6565.35,False
1779709,2011-12-23,2.0,True,138.32,False
1779709,2011-12-23,17.0,True,22989.86,False
1779709,2011-12-23,95.0,False,3379.68,False
1779709,2011-12-23,34.0,True,1191.39,False
1779709,2011-12-23,17.0,True,1748.6,False
1779709,2011-12-23,52.0,False,12692.41,False
1779709,2011-12-23,83.0,True,31009.55,False
1779709,2011-12-23,80.0,True,10433.29,False
1779709,2011-12-23,16.0,False,3089.11,False
1779709,2011-12-23,91.0,False,11606.71,False
1779709,2011-12-23,41.0,True,-167.07,False
1779709,2011-12-23,82.0,False,1918.96,False
1779709,2011-12-23,35.0,True,2028.94,False
1779709,2011-12-23,10.0,True,-22.99,False
1779709,2011-12-23,27.0,True,942.7,False
1779709,2011-12-23,26.0,True,14527.46,False
1779709,2011-12-23,31.0,False,464.84,False
1779709,2011-12-23,33.0,False,1083.39,False
1779709,2011-12-23,12.0,True,2179.01,False
1779709,2011-12-23,97.0,False,-25.46,False
1779709,2011-12-23,42.0,True,-55.17,False
1779709,2011-12-23,98.0,False,1935.44,False
1779709,2011-12-23,9.0,False,299.27,False
1779709,2011-12-23,17.0,False,5010.32,False
1779709,2011-12-23,20.0,False,1009.27,False
1779709,2011-12-23,36.0,True,500.75,False
1779709,2011-12-23,31.0,True,3294.96,False
1779709,2011-12-23,80.0,True,-1.81,False
1779709,2011-12-23,5.0,False,2151.18,False
1779709,2011-12-23,16.0,False,1035.78,False
1779709,2011-12-23,96.0,False,-163.4,False
1779709,2011-12-23,97.0,False,10820.4,False
1779709,2011-12-23,93.0,False,-251.18,False
1779709,2011-12-23,35.0,True,-189.21,False
1779709,2011-12-23,60.0,False,466.06,False
1779709,2011-12-23,67.0,True,3273.43,False
1779709,2011-12-23,98.0,True,939.16,False
1779709,2011-12-23,85.0,False,4207.04,False
1779709,2011-12-23,58.0,False,23113.17,False
1779709,2011-12-23,1.0,False,2447.22,False
1779709,2011-12-23,80.0,False,5709.43,False
1779709,2011-12-23,35.0,False,4441.2,False
1779709,2011-12-23,98.0,True,4119.81,False
1779709,2011-12-23,14.0,True,13376.96,False
1779709,2011-12-23,98.0,False,930.53,False
1779709,2011-12-23,96.0,False,14964.34,False
1779709,2011-12-23,41.0,False,8646.34,False
1779709,2011-12-23,59.0,False,399.16,False
1779709,2011-12-23,3.0,False,11893.77,False
1779709,2011-12-23,10.0,False,12049.98,False
1779709,2011-12-23,3.0,True,8644.31,False
1779709,2011-12-23,92.0,False,1785.96,False
1779709,2011-12-23,60.0,True,96.31,False
1779709,2011-12-23,74.0,False,11726.56,False
1779709,2011-12-23,85.0,False,4800.68,False
1779709,2011-12-23,52.0,True,-250.36,False
1779709,2011-12-30,52.0,True,,True
1924965,2011-12-02,74.0,False,4408.15,False
1924965,2011-12-02,38.0,False,127.41,False
1924965,2011-12-02,49.0,False,-243.28,False
1924965,2011-12-02,29.0,True,35679.06,False
1924965,2011-12-02,94.0,False,14045.36,False
1924965,2011-12-02,1.0,False,10078.35,False
1924965,2011-12-02,11.0,False,1.48,False
1924965,2011-12-02,10.0,False,28845.22,False
1924965,2011-12-02,37.0,False,21235.47,False
1924965,2011-12-02,94.0,False,9773.02,False
1924965,2011-12-02,98.0,False,144.61,False
1924965,2011-12-02,67.0,False,3810.49,False
1924965,2011-12-02,18.0,False,3740.28,False
1924965,2011-12-02,16.0,False,3241.19,False
1924965,2011-12-02,85.0,False,164.06,False
1924965,2011-12-02,17.0,False,382.9,False
1924965,2011-12-02,93.0,False,3433.86,False
1924965,2011-12-02,16.0,False,-168.9,False
1924965,2011-12-02,17.0,True,1887.5,False
1924965,2011-12-02,10.0,False,3004.22,False
1924965,2011-12-02,98.0,False,1831.66,False
1924965,2011-12-02,83.0,False,10764.31,False
1924965,2011-12-02,36.0,False,7825.42,False
1924965,2011-12-02,55.0,False,18050.68,False
1924965,2011-12-02,59.0,False,2074.64,False
1924965,2011-12-02,93.0,False,-15.12,False
1924965,2011-12-02,98.0,False,82.15,False
1924965,2011-12-02,33.0,False,1122.41,False
1924965,2011-12-02,14.0,False,4303.08,False
1924965,2011-12-02,96.0,False,15653.47,False
1924965,2011-12-02,5.0,False,6148.95,False
1924965,2011-12-02,20.0,False,24316.46,False
1924965,2011-12-02,27.0,False,1976.86,False
1924965,2011-12-02,23.0,False,12633.38,False
1924965,2011-12-02,5.0,False,1053.17,False
1924965,2011-12-02,17.0,False,-87.69,False
1924965,2011-12-02,21.0,False,8331.71,False
1924965,2011-12-02,98.0,False,16151.3,False
1924965,2011-12-02,90.0,False,8644.75,False
1924965,2011-12-02,40.0,False,969.42,False
1924965,2011-12-02,90.0,False,-353.97,False
1924965,2011-12-02,93.0,False,16333.1,False
1924965,2011-12-02,13.0,False,6918.89,False
1924965,2011-12-02,2.0,False,3176.91,False
1924965,2011-12-02,14.0,False,-374.03,False
1924965,2011-12-02,1.0,False,41644.54,False
1924965,2011-12-02,30.0,False,48056.02,False
1924965,2011-12-02,74.0,False,39869.73,False
1924965,2011-12-02,29.0,False,7410.31,False
1924965,2011-12-02,74.0,False,22846.1,False
1924965,2011-12-02,36.0,False,6912.64,False
1924965,2011-12-02,74.0,False,3486.74,False
1924965,2011-12-02,49.0,False,12779.61,False
1924965,2011-12-02,21.0,False,14901.15,False
1924965,2011-12-02,81.0,False,3005.1,False
1924965,2011-12-02,9.0,False,14435.83,False
1924965,2011-12-02,32.0,False,1669.62,False
1924965,2011-12-02,55.0,False,14391.39,False
1924965,2011-12-02,1.0,False,196.09,False
1924965,2011-12-02,28.0,False,994.01,False
1924965,2011-12-02,34.0,False,21644.14,False
1924965,2011-12-02,54.0,False,12432.19,False
1924965,2011-12-02,25.0,False,6674.41,False
1924965,2011-12-02,10.0,False,-30.61,False
1924965,2011-12-02,7.0,False,22342.42,False
1924965,2011-12-02,96.0,False,9905.12,False
1924965,2011-12-02,44.0,False,10217.23,False
1924965,2011-12-02,14.0,False,5361.92,False
1924965,2011-12-02,67.0,False,2465.71,False
1924965,2011-12-02,38.0,False,3537.57,False
1924965,2011-12-02,23.0,False,500.8,False
1924965,2011-12-09,38.0,False,1267.59,False
1924965,2011-12-09,5.0,False,5892.37,False
1924965,2011-12-09,41.0,False,3653.67,False
1924965,2011-12-09,81.0,False,27963.92,False
1924965,2011-12-09,55.0,False,11968.48,False
1924965,2011-12-09,20.0,False,1180.82,False
1924965,2011-12-09,93.0,False,17953.66,False
1924965,2011-12-09,49.0,False,8586.31,False
1924965,2011-12-09,98.0,False,8247.57,False
1924965,2011-12-09,7.0,False,3673.7,False
1924965,2011-12-09,21.0,False,3710.73,False
1924965,2011-12-09,56.0,False,3937.74,False
1924965,2011-12-09,38.0,True,10089.93,False
1924965,2011-12-09,28.0,False,566.33,False
1924965,2011-12-09,95.0,False,16697.3,False
1924965,2011-12-09,31.0,False,-2.79,False
1924965,2011-12-09,74.0,False,1356.41,False
1924965,2011-12-09,52.0,False,15970.1,False
1924965,2011-12-09,2.0,False,3425.93,False
1924965,2011-12-09,26.0,True,31634.83,False
1924965,2011-12-09,9.0,False,12059.26,False
1924965,2011-12-09,30.0,False,5602.41,False
1924965,2011-12-09,93.0,False,-195.94,False
1924965,2011-12-09,33.0,False,1458.2,False
1924965,2011-12-09,97.0,True,8694.49,False
1924965,2011-12-09,36.0,False,5020.14,False
1924965,2011-12-09,17.0,False,4692.2,False
1924965,2011-12-09,71.0,False,5225.7,False
1924965,2011-12-09,11.0,False,1613.59,False
1924965,2011-12-09,97.0,False,3947.29,False
1924965,2011-12-09,93.0,False,11078.6,False
1924965,2011-12-09,42.0,False,8523.58,False
1924965,2011-12-09,21.0,False,2357.81,False
1924965,2011-12-09,35.0,False,16958.21,False
1924965,2011-12-09,18.0,False,5467.77,False
1924965,2011-12-09,12.0,False,2530.05,False
1924965,2011-12-09,8.0,False,9783.68,False
1924965,2011-12-09,90.0,False,427.4,False
1924965,2011-12-09,87.0,False,206.4,False
1924965,2011-12-09,19.0,True,3536.19,False
1924965,2011-12-09,94.0,False,24822.32,False
1924965,2011-12-09,41.0,False,1397.04,False
1924965,2011-12-09,46.0,False,2256.89,False
1924965,2011-12-09,42.0,False,1365.31,False
1924965,2011-12-09,48.0,True,23663.67,False
1924965,2011-12-09,35.0,False,17190.98,False
1924965,2011-12-09,94.0,False,45833.83,False
1924965,2011-12-09,95.0,False,64.93,False
1924965,2011-12-09,58.0,False,1791.03,False
1924965,2011-12-09,5.0,False,582.66,False
1924965,2011-12-09,26.0,False,779.44,False
1924965,2011-12-09,97.0,False,1790.38,False
1924965,2011-12-09,3.0,False,3317.06,False
1924965,2011-12-09,82.0,False,7661.79,False
1924965,2011-12-09,98.0,False,9093.18,False
1924965,2011-12-09,17.0,False,1034.5,False
1924965,2011-12-09,28.0,False,138.88,False
1924965,2011-12-09,59.0,False,2352.35,False
1924965,2011-12-09,5.0,False,2740.21,False
1924965,2011-12-09,18.0,True,8118.32,False
1924965,2011-12-09,45.0,False,3375.27,False
1924965,2011-12-09,26.0,True,1869.94,False
1924965,2011-12-09,5.0,False,5295.33,False
1924965,2011-12-09,52.0,False,7584.68,False
1924965,2011-12-09,59.0,False,-317.58,False
1924965,2011-12-09,25.0,False,4178.45,False
1924965,2011-12-09,41.0,False,34098.11,False
1924965,2011-12-09,28.0,False,395.39,False
1924965,2011-12-09,24.0,False,10723.3,False
1924965,2011-12-09,79.0,False,2087.05,False
1924965,2011-12-09,13.0,False,94.7,False
1924965,2011-12-09,13.0,False,16379.26,False
1924965,2011-12-09,59.0,True,14019.63,False
1924965,2011-12-09,35.0,False,2140.16,False
1924965,2011-12-09,98.0,False,22408.05,False
1924965,2011-12-09,80.0,False,15642.99,False
1924965,2011-12-09,30.0,False,3619.07,False
1924965,2011-12-09,91.0,True,17914.56,False
1924965,2011-12-16,87.0,False,4544.88,False
1924965,2011-12-16,91.0,True,796.49,False
1924965,2011-12-16,46.0,False,6922.95,False
1924965,2011-12-16,5.0,False,8987.62,False
1924965,2011-12-16,40.0,True,2970.08,False
1924965,2011-12-16,20.0,False,883.02,False
1924965,2011-12-16,27.0,True,22026.29,False
1924965,2011-12-16,81.0,False,-194.09,False
1924965,2011-12-16,20.0,False,27488.56,False
1924965,2011-12-16,52.0,False,19561.75,False
1924965,2011-12-16,38.0,False,38193.98,False
1924965,2011-12-16,1.0,False,2867.2,False
1924965,2011-12-16,20.0,False,26695.63,False
1924965,2011-12-16,33.0,False,3430.47,False
1924965,2011-12-16,91.0,True,1599.3,False
1924965,2011-12-16,9.0,False,5057.73,False
1924965,2011-12-16,42.0,False,1591.79,False
1924965,2011-12-16,21.0,False,7790.57,False
1924965,2011-12-16,92.0,False,3620.27,False
1924965,2011-12-16,80.0,False,24148.53,False
1924965,2011-12-16,98.0,False,8936.13,False
1924965,2011-12-16,90.0,False,63.75,False
1924965,2011-12-16,92.0,False,11007.74,False
1924965,2011-12-16,83.0,False,2807.28,False
1924965,2011-12-16,1.0,False,47951.93,False
1924965,2011-12-16,21.0,False,3823.71,False
1924965,2011-12-16,22.0,True,1707.24,False
1924965,2011-12-16,23.0,False,6145.44,False
1924965,2011-12-16,13.0,False,741.8,False
1924965,2011-12-16,6.0,False,11780.01,False
1924965,2011-12-16,9.0,False,8665.2,False
1924965,2011-12-16,52.0,False,7588.43,False
1924965,2011-12-16,7.0,False,-69.12,False
1924965,2011-12-16,10.0,True,6618.01,False
1924965,2011-12-16,44.0,False,510.86,False
1924965,2011-12-16,80.0,False,1881.08,False
1924965,2011-12-16,95.0,False,4446.22,False
1924965,2011-12-16,83.0,False,458.3,False
1924965,2011-12-16,45.0,False,21990.88,False
1924965,2011-12-16,92.0,True,7979.32,False
1924965,2011-12-16,27.0,False,4017.18,False
1924965,2011-12-16,10.0,True,12876.97,False
1924965,2011-12-16,27.0,False,292.28,False
1924965,2011-12-16,18.0,False,7733.6,False
1924965,2011-12-16,92.0,False,13996.18,False
1924965,2011-12-16,6.0,False,34961.47,False
1924965,2011-12-16,96.0,False,1590.2,False
1924965,2011-12-16,83.0,True,5603.69,False
1924965,2011-12-16,74.0,False,9414.15,False
1924965,2011-12-16,7.0,False,10480.8,False
1924965,2011-12-16,85.0,False,8718.36,False
1924965,2011-12-16,60.0,False,18394.1,False
1924965,2011-12-16,82.0,True,674.08,False
1924965,2011-12-16,58.0,True,13163.19,False
1924965,2011-12-16,17.0,True,510.59,False
1924965,2011-12-16,44.0,False,3754.95,False
1924965,2011-12-16,32.0,False,15023.43,False
1924965,2011-12-16,67.0,False,3717.93,False
1924965,2011-12-16,13.0,False,-392.68,False
1924965,2011-12-16,82.0,False,9411.85,False
1924965,2011-12-16,17.0,False,12425.08,False
1924965,2011-12-16,60.0,True,1595.26,False
1924965,2011-12-16,27.0,False,27497.57,False
1924965,2011-12-16,54.0,False,1619.7,False
1924965,2011-12-16,83.0,False,5756.24,False
1924965,2011-12-16,3.0,False,21113.24,False
1924965,2011-12-16,90.0,False,28317.61,False
1924965,2011-12-16,28.0,True,4052.25,False
1924965,2011-12-16,20.0,False,4434.28,False
1924965,2011-12-16,18.0,False,32996.62,False
1924965,2011-12-23,59.0,False,2395.83,False
1924965,2011-12-23,11.0,True,4958.76,False
1924965,2011-12-23,38.0,True,55843.83,False
1924965,2011-12-23,87.0,False,12274.66,False
1924965,2011-12-23,11.0,False,6008.23,False
1924965,2011-12-23,24.0,False,9339.46,False
1924965,2011-12-23,18.0,False,-117.52,False
1924965,2011-12-23,17.0,False,3499.59,False
1924965,2011-12-23,27.0,False,431.29,False
1924965,2011-12-23,77.0,False,2955.33,False
1924965,2011-12-23,5.0,True,1532.79,False
1924965,2011-12-23,95.0,False,367.34,False
1924965,2011-12-23,74.0,False,6936.6,False
1924965,2011-12-23,32.0,False,8419.93,False
1924965,2011-12-23,97.0,True,2644.51,False
1924965,2011-12-23,40.0,True,106.67,False
1924965,2011-12-23,87.0,False,1403.56,False
1924965,2011-12-23,93.0,True,1402.31,False
1924965,2011-12-23,7.0,False,1620.91,False
1924965,2011-12-23,13.0,False,-236.05,False
1924965,2011-12-23,81.0,True,606.4,False
1924965,2011-12-23,36.0,True,1807.28,False
1924965,2011-12-23,28.0,True,1308.16,False
1924965,2011-12-23,98.0,True,2892.79,False
1924965,2011-12-23,90.0,True,12026.04,False
1924965,2011-12-23,16.0,False,9726.77,False
1924965,2011-12-23,87.0,False,1148.17,False
1924965,2011-12-23,52.0,True,3458.33,False
1924965,2011-12-23,35.0,True,11385.11,False
1924965,2011-12-23,12.0,False,9802.28,False
1924965,2011-12-23,11.0,True,816.77,False
1924965,2011-12-23,36.0,False,4613.72,False
1924965,2011-12-23,32.0,False,-218.88,False
1924965,2011-12-23,13.0,False,891.09,False
1924965,2011-12-23,98.0,True,15234.15,False
1924965,2011-12-23,85.0,True,-123.08,False
1924965,2011-12-23,7.0,True,5420.35,False
1924965,2011-12-23,52.0,True,8838.2,False
1924965,2011-12-23,19.0,True,4806.73,False
1924965,2011-12-23,3.0,False,114.29,False
1924965,2011-12-23,91.0,True,9893.39,False
1924965,2011-12-23,72.0,False,872.17,False
1924965,2011-12-23,85.0,False,10090.45,False
1924965,2011-12-23,90.0,False,2539.03,False
1924965,2011-12-23,21.0,False,14719.09,False
1924965,2011-12-23,87.0,False,2413.54,False
1924965,2011-12-23,34.0,False,22010.3,False
1924965,2011-12-23,56.0,False,1260.78,False
1924965,2011-12-23,46.0,True,1889.45,False
1924965,2011-12-23,85.0,False,2800.05,False
1924965,2011-12-23,40.0,False,13403.91,False
1924965,2011-12-23,2.0,False,4932.05,False
1924965,2011-12-23,98.0,False,225.02,False
1924965,2011-12-23,31.0,False,6808.26,False
1924965,2011-12-23,19.0,False,492.76,False
1924965,2011-12-23,7.0,False,20836.56,False
1924965,2011-12-23,2.0,False,4670.77,False
1924965,2011-12-23,59.0,True,4490.73,False
1924965,2011-12-23,9.0,False,3669.88,False
1924965,2011-12-23,32.0,False,4105.9,False
1924965,2011-12-23,11.0,False,8324.2,False
1924965,2011-12-23,34.0,False,180.18,False
1924965,2011-12-23,41.0,True,-384.09,False
1924965,2011-12-23,72.0,True,11271.83,False
1924965,2011-12-23,36.0,False,15808.72,False
1924965,2011-12-23,19.0,False,2325.8,False
1924965,2011-12-23,97.0,False,8490.6,False
1924965,2011-12-23,37.0,True,13533.76,False
1924965,2011-12-23,81.0,False,62834.21,False
1924965,2011-12-23,35.0,False,6736.28,False
1924965,2011-12-23,85.0,False,524.41,False
1924965,2011-12-23,91.0,True,-124.8,False
1924965,2011-12-23,1.0,False,16019.36,False
1924965,2011-12-23,28.0,False,534.16,False
1924965,2011-12-23,90.0,False,6871.94,False
1924965,2011-12-23,72.0,False,740.16,False
1924965,2011-12-23,91.0,False,5243.59,False
1924965,2011-12-30,54.0,True,2805.63,False
1924965,2011-12-30,16.0,True,7690.49,False
1924965,2011-12-30,96.0,False,40174.1,False
1924965,2011-12-30,12.0,False,4880.84,False
1924965,2011-12-30,59.0,False,428.39,False
1924965,2011-12-30,6.0,True,4979.96,False
1924965,2011-12-30,81.0,True,11598.0,False
1924965,2011-12-30,81.0,False,16370.4,False
1924965,2011-12-30,12.0,True,1053.59,False
1924965,2011-12-30,30.0,True,6455.73,False
1924965,2011-12-30,81.0,True,-112.14,False
1924965,2011-12-30,41.0,True,4770.07,False
1924965,2011-12-30,19.0,True,679.14,False
1924965,2011-12-30,1.0,True,7227.97,False
1924965,2011-12-30,16.0,True,-56.77,False
1924965,2011-12-30,91.0,False,11434.78,False
1924965,2011-12-30,21.0,False,1883.56,False
1924965,2011-12-30,30.0,False,33729.48,False
1924965,2011-12-30,23.0,True,4097.36,False
1924965,2011-12-30,42.0,True,892.35,False
1924965,2011-12-30,25.0,False,10369.65,False
1924965,2011-12-30,28.0,True,3187.23,False
1924965,2011-12-30,31.0,True,-299.26,False
1924965,2011-12-30,60.0,True,45297.91,False
1924965,2011-12-30,4.0,False,1091.59,False
1924965,2011-12-30,91.0,True,1998.69,False
1924965,2011-12-30,5.0,False,1392.47,False
1924965,2011-12-30,3.0,False,7772.99,False
1924965,2011-12-30,94.0,True,3264.06,False
1924965,2011-12-30,12.0,True,8253.05,False
1924965,2011-12-30,31.0,True,4422.92,False
1924965,2011-12-30,81.0,True,25240.2,False
2213040,2011-12-02,38.0,False,3715.67,False
2213040,2011-12-02,85.0,False,1102.19,False
2213040,2011-12-02,18.0,False,12249.27,False
2213040,2011-12-02,87.0,False,3558.79,False
2213040,2011-12-02,59.0,False,15987.41,False
2213040,2011-12-02,30.0,False,19615.91,False
2213040,2011-12-02,32.0,False,1180.91,False
2213040,2011-12-02,16.0,False,20252.19,False
2213040,2011-12-02,44.0,False,29140.92,False
2213040,2011-12-02,87.0,False,1364.96,False
2213040,2011-12-02,41.0,False,5839.85,False
2213040,2011-12-02,24.0,False,10311.75,False
2213040,2011-12-02,44.0,False,28710.62,False
2213040,2011-12-02,85.0,False,346.27,False
2213040,2011-12-02,19.0,False,22069.85,False
2213040,2011-12-02,22.0,False,41975.04,False
2213040,2011-12-02,92.0,False,3204.86,False
2213040,2011-12-02,3.0,False,41902.43,False
2213040,2011-12-02,92.0,False,18070.21,False
2213040,2011-12-02,98.0,False,37036.51,False
2213040,2011-12-02,40.0,False,13071.72,False
2213040,2011-12-02,49.0,False,4655.83,False
2213040,2011-12-02,93.0,False,4216.53,False
2213040,2011-12-02,72.0,False,16476.67,False
2213040,2011-12-02,54.0,False,5622.13,False
2213040,2011-12-02,74.0,False,406.35,False
2213040,2011-12-02,7.0,False,36.63,False
2213040,2011-12-02,12.0,False,7500.82,False
2213040,2011-12-02,38.0,False,4288.47,False
2213040,2011-12-02,33.0,False,29709.14,False
2213040,2011-12-02,56.0,False,9693.19,False
2213040,2011-12-02,21.0,False,8718.45,False
2213040,2011-12-02,72.0,False,810.0,False
2213040,2011-12-02,6.0,False,32979.35,False
2213040,2011-12-02,17.0,False,627.06,False
2213040,2011-12-02,44.0,False,5677.61,False
2213040,2011-12-02,5.0,False,53013.42,False
2213040,2011-12-02,81.0,False,44401.64,False
2213040,2011-12-02,74.0,False,4267.94,False
2213040,2011-12-02,27.0,False,62532.51,False
2213040,2011-12-02,8.0,True,42796.03,False
2213040,2011-12-02,59.0,False,1948.25,False
2213040,2011-12-02,31.0,False,33.3,False
2213040,2011-12-02,27.0,False,11792.27,False
2213040,2011-12-02,30.0,False,10572.8,False
2213040,2011-12-02,6.0,False,31212.1,False
2213040,2011-12-02,67.0,True,25747.48,False
2213040,2011-12-02,20.0,False,17130.06,False
2213040,2011-12-02,91.0,False,9459.64,False
2213040,2011-12-02,14.0,False,8744.11,False
2213040,2011-12-02,55.0,False,18410.05,False
2213040,2011-12-02,27.0,False,1684.65,False
2213040,2011-12-02,81.0,False,2876.87,False
2213040,2011-12-02,34.0,False,3265.23,False
2213040,2011-12-02,52.0,False,11962.23,False
2213040,2011-12-02,3.0,False,15792.87,False
2213040,2011-12-02,85.0,False,13761.13,False
2213040,2011-12-02,14.0,False,52549.8,False
2213040,2011-12-02,13.0,False,11807.89,False
2213040,2011-12-02,82.0,False,35504.6,False
2213040,2011-12-02,67.0,False,13133.39,False
2213040,2011-12-02,35.0,False,12292.94,False
2213040,2011-12-02,74.0,False,2378.32,False
2213040,2011-12-02,9.0,False,3791.88,False
2213040,2011-12-02,52.0,False,44180.73,False
2213040,2011-12-02,36.0,False,902.79,False
2213040,2011-12-02,21.0,False,12553.11,False
2213040,2011-12-02,56.0,False,86438.25,False
2213040,2011-12-02,33.0,False,25683.36,False
2213040,2011-12-02,42.0,False,33750.17,False
2213040,2011-12-02,1.0,False,42536.6,False
2213040,2011-12-02,30.0,False,272.92,False
2213040,2011-12-02,72.0,False,42235.1,False
2213040,2011-12-02,28.0,False,3760.77,False
2213040,2011-12-02,72.0,False,1110.52,False
2213040,2011-12-02,40.0,False,2682.58,False
2213040,2011-12-02,26.0,False,194.48,False
2213040,2011-12-02,1.0,False,3971.15,False
2213040,2011-12-02,30.0,False,3216.23,False
2213040,2011-12-02,24.0,False,14919.38,False
2213040,2011-12-02,74.0,False,49713.96,False
2213040,2011-12-02,24.0,False,24547.87,False
2213040,2011-12-02,87.0,False,65155.23,False
2213040,2011-12-02,40.0,False,432.81,False
2213040,2011-12-02,81.0,False,7634.33,False
2213040,2011-12-02,98.0,False,-62.32,False
2213040,2011-12-02,97.0,False,19396.61,False
2213040,2011-12-02,9.0,True,4866.87,False
2213040,2011-12-02,45.0,False,7449.87,False
2213040,2011-12-02,29.0,False,22513.4,False
2213040,2011-12-02,55.0,False,35524.17,False
2213040,2011-12-02,31.0,False,5003.09,False
2213040,2011-12-02,93.0,False,21720.53,False
2213040,2011-12-02,6.0,False,31402.69,False
2213040,2011-12-02,71.0,False,14139.14,False
2213040,2011-12-02,8.0,False,26553.47,False
2213040,2011-12-02,96.0,False,8685.99,False
2213040,2011-12-02,87.0,False,8456.77,False
2213040,2011-12-02,91.0,False,5957.05,False
2213040,2011-12-02,54.0,False,860.29,False
2213040,2011-12-02,5.0,False,2546.79,False
2213040,2011-12-02,60.0,False,45539.63,False
2213040,2011-12-02,5.0,False,3652.53,False
2213040,2011-12-02,12.0,False,93648.07,False
2213040,2011-12-02,48.0,False,2707.83,False
2213040,2011-12-02,23.0,False,2645.02,False
2213040,2011-12-02,16.0,False,22087.55,False
2213040,2011-12-02,42.0,False,60262.25,False
2213040,2011-12-02,25.0,False,533.36,False
2213040,2011-12-02,21.0,False,16974.12,False
2213040,2011-12-02,16.0,False,16911.41,False
2213040,2011-12-02,6.0,False,769.58,False
2213040,2011-12-02,38.0,False,8855.75,False
2213040,2011-12-02,36.0,False,3056.26,False
2213040,2011-12-02,60.0,False,945.08,False
2213040,2011-12-02,20.0,False,21609.11,False
2213040,2011-12-02,24.0,False,11547.09,False
2213040,2011-12-02,17.0,False,13225.9,False
2213040,2011-12-02,40.0,False,99294.01,False
2213040,2011-12-02,6.0,False,85314.71,False
2213040,2011-12-02,9.0,False,6274.8,False
2213040,2011-12-02,79.0,False,1400.82,False
2213040,2011-12-02,56.0,False,12387.47,False
2213040,2011-12-09,8.0,False,2530.64,False
2213040,2011-12-09,38.0,False,8068.93,False
2213040,2011-12-09,6.0,False,83815.94,False
2213040,2011-12-09,48.0,False,24567.19,False
2213040,2011-12-09,47.0,False,10169.99,False
2213040,2011-12-09,34.0,False,847.92,False
2213040,2011-12-09,10.0,False,25725.86,False
2213040,2011-12-09,41.0,True,912.03,False
2213040,2011-12-09,46.0,False,529.97,False
2213040,2011-12-09,23.0,False,29509.09,False
2213040,2011-12-09,85.0,False,7155.99,False
2213040,2011-12-09,10.0,False,6777.99,False
2213040,2011-12-09,97.0,False,428.27,False
2213040,2011-12-09,72.0,True,24681.15,False
2213040,2011-12-09,18.0,False,3734.06,False
2213040,2011-12-09,46.0,False,404.86,False
2213040,2011-12-09,1.0,True,594.81,False
2213040,2011-12-09,67.0,False,8590.49,False
2213040,2011-12-09,30.0,False,2964.84,False
2213040,2011-12-09,27.0,False,976.26,False
2213040,2011-12-09,34.0,True,51050.84,False
2213040,2011-12-09,56.0,False,10047.78,False
2213040,2011-12-09,24.0,False,27963.48,False
2213040,2011-12-09,74.0,False,15718.13,False
2213040,2011-12-09,14.0,False,538.66,False
2213040,2011-12-09,26.0,False,25394.07,False
2213040,2011-12-09,82.0,False,4244.02,False
2213040,2011-12-09,36.0,False,2450.6,False
2213040,2011-12-09,5.0,True,10095.0,False
2213040,2011-12-09,17.0,True,1569.1,False
2213040,2011-12-09,44.0,False,30.8,False
2213040,2011-12-09,17.0,False,3009.32,False
2213040,2011-12-09,49.0,False,74327.75,False
2213040,2011-12-09,82.0,False,6021.28,False
2213040,2011-12-09,93.0,False,92.23,False
2213040,2011-12-09,67.0,False,40420.06,False
2213040,2011-12-09,9.0,False,179.25,False
2213040,2011-12-09,16.0,False,20543.43,False
2213040,2011-12-09,14.0,True,25473.93,False
2213040,2011-12-09,60.0,False,283.2,False
2213040,2011-12-09,27.0,False,34690.87,False
2213040,2011-12-09,17.0,False,11142.98,False
2213040,2011-12-09,16.0,False,69069.65,False
2213040,2011-12-09,98.0,False,-49.73,False
2213040,2011-12-09,98.0,False,16174.45,False
2213040,2011-12-09,8.0,False,7192.36,False
2213040,2011-12-09,33.0,False,92.94,False
2213040,2011-12-09,19.0,True,142.81,False
2213040,2011-12-09,11.0,False,3003.13,False
2213040,2011-12-09,31.0,False,3725.34,False
2213040,2011-12-09,91.0,False,20686.71,False
2213040,2011-12-09,83.0,False,11601.04,False
2213040,2011-12-09,58.0,False,1082.67,False
2213040,2011-12-09,87.0,False,14338.43,False
2213040,2011-12-09,6.0,False,7502.84,False
2213040,2011-12-09,44.0,False,10506.7,False
2213040,2011-12-09,11.0,False,6619.62,False
2213040,2011-12-09,72.0,False,674.77,False
2213040,2011-12-09,54.0,False,26481.2,False
2213040,2011-12-09,81.0,False,21444.39,False
2213040,2011-12-09,30.0,False,16427.0,False
2213040,2011-12-09,49.0,False,63433.97,False
2213040,2011-12-09,67.0,True,1665.2,False
2213040,2011-12-09,25.0,False,3668.38,False
2213040,2011-12-09,93.0,False,1044.73,False
2213040,2011-12-09,98.0,False,5842.91,False
2213040,2011-12-09,5.0,False,42812.05,False
2213040,2011-12-09,95.0,False,2396.12,False
2213040,2011-12-09,33.0,False,993.99,False
2213040,2011-12-09,30.0,False,6570.85,False
2213040,2011-12-09,95.0,False,2560.41,False
2213040,2011-12-09,7.0,False,11637.64,False
2213040,2011-12-16,55.0,True,49991.6,False
2213040,2011-12-16,92.0,False,-64.15,False
2213040,2011-12-16,97.0,True,3329.8,False
2213040,2011-12-16,93.0,False,37595.92,False
2213040,2011-12-16,71.0,False,31379.21,False
2213040,2011-12-16,32.0,False,19725.57,False
2213040,2011-12-16,5.0,True,6245.37,False
2213040,2011-12-16,33.0,False,6655.77,False
2213040,2011-12-16,71.0,True,3115.51,False
2213040,2011-12-16,23.0,False,11472.39,False
2213040,2011-12-16,19.0,False,9415.21,False
2213040,2011-12-16,67.0,False,26224.81,False
2213040,2011-12-16,93.0,False,468.22,False
2213040,2011-12-16,95.0,False,27428.56,False
2213040,2011-12-16,96.0,False,1197.7,False
2213040,2011-12-16,16.0,False,-53.67,False
2213040,2011-12-16,9.0,False,7408.28,False
2213040,2011-12-16,46.0,False,2777.56,False
2213040,2011-12-16,1.0,False,2771.74,False
2213040,2011-12-16,22.0,False,8876.42,False
2213040,2011-12-16,46.0,False,-5.66,False
2213040,2011-12-16,25.0,False,6495.73,False
2213040,2011-12-16,55.0,False,11349.21,False
2213040,2011-12-16,97.0,False,4163.65,False
2213040,2011-12-16,1.0,True,13538.18,False
2213040,2011-12-16,59.0,True,2660.49,False
2213040,2011-12-16,17.0,False,10043.85,False
2213040,2011-12-16,85.0,True,16386.1,False
2213040,2011-12-16,3.0,False,18777.11,False
2213040,2011-12-16,87.0,False,6395.08,False
2213040,2011-12-16,98.0,True,10466.55,False
2213040,2011-12-16,74.0,True,1114.34,False
2213040,2011-12-16,24.0,False,1714.38,False
2213040,2011-12-16,97.0,False,4099.74,False
2213040,2011-12-16,52.0,False,1086.22,False
2213040,2011-12-16,10.0,False,32518.2,False
2213040,2011-12-16,14.0,False,17438.61,False
2213040,2011-12-16,25.0,True,525.1,False
2213040,2011-12-16,26.0,True,2547.43,False
2213040,2011-12-16,52.0,True,17019.62,False
2213040,2011-12-16,1.0,False,17835.6,False
2213040,2011-12-16,82.0,False,85.77,False
2213040,2011-12-16,74.0,False,4188.31,False
2213040,2011-12-16,5.0,True,1711.06,False
2213040,2011-12-16,34.0,False,-19.02,False
2213040,2011-12-16,40.0,False,17895.42,False
2213040,2011-12-16,97.0,True,37701.51,False
2213040,2011-12-16,91.0,False,10695.75,False
2213040,2011-12-16,92.0,False,8731.55,False
2213040,2011-12-16,5.0,False,111815.52,False
2213040,2011-12-16,28.0,True,17765.24,False
2213040,2011-12-16,34.0,True,11976.36,False
2213040,2011-12-16,17.0,False,54882.43,False
2213040,2011-12-16,72.0,True,3160.7,False
2213040,2011-12-16,80.0,False,33784.09,False
2213040,2011-12-16,35.0,False,5940.01,False
2213040,2011-12-16,5.0,False,3378.55,False
2213040,2011-12-16,28.0,False,1718.78,False
2213040,2011-12-16,81.0,False,7796.13,False
2213040,2011-12-16,26.0,False,24604.68,False
2213040,2011-12-16,25.0,True,14047.44,False
2213040,2011-12-16,49.0,False,6724.89,False
2213040,2011-12-16,38.0,True,6304.48,False
2213040,2011-12-16,18.0,True,25746.41,False
2213040,2011-12-16,79.0,False,-20.0,False
2213040,2011-12-16,40.0,False,2702.29,False
2213040,2011-12-16,97.0,False,2139.58,False
2213040,2011-12-16,32.0,False,43652.31,False
2213040,2011-12-16,34.0,False,27349.95,False
2213040,2011-12-16,59.0,False,22684.2,False
2213040,2011-12-16,54.0,False,5385.44,False
2213040,2011-12-16,10.0,False,5714.91,False
2213040,2011-12-16,24.0,False,8460.15,False
2213040,2011-12-16,32.0,False,9985.61,False
2213040,2011-12-16,46.0,False,28638.69,False
2213040,2011-12-16,20.0,False,7751.64,False
2213040,2011-12-16,98.0,False,6510.52,False
2213040,2011-12-16,27.0,False,26461.95,False
2213040,2011-12-16,12.0,False,10737.39,False
2213040,2011-12-16,87.0,False,1816.05,False
2213040,2011-12-16,19.0,False,11566.69,False
2213040,2011-12-16,35.0,False,5124.1,False
2213040,2011-12-16,6.0,True,2751.69,False
2213040,2011-12-16,60.0,True,73.4,False
2213040,2011-12-16,60.0,False,24263.08,False
2213040,2011-12-16,92.0,False,576.56,False
2213040,2011-12-16,35.0,False,4156.6,False
2213040,2011-12-16,16.0,False,1915.26,False
2213040,2011-12-16,7.0,False,2396.4,False
2213040,2011-12-23,37.0,True,4169.31,False
2213040,2011-12-23,6.0,True,25014.8,False
2213040,2011-12-23,26.0,True,801.65,False
2213040,2011-12-23,82.0,True,15856.84,False
2213040,2011-12-23,29.0,False,347.2,False
2213040,2011-12-23,81.0,True,25810.76,False
2213040,2011-12-23,28.0,True,69299.07,False
2213040,2011-12-23,28.0,False,3148.23,False
2213040,2011-12-23,56.0,True,441.99,False
2213040,2011-12-23,90.0,False,30275.09,False
2213040,2011-12-23,23.0,False,31639.8,False
2213040,2011-12-23,59.0,False,973.79,False
2213040,2011-12-23,21.0,True,34665.32,False
2213040,2011-12-23,58.0,False,33118.98,False
2213040,2011-12-23,19.0,True,2211.68,False
2213040,2011-12-23,44.0,True,4678.98,False
2213040,2011-12-23,28.0,False,3576.81,False
2213040,2011-12-23,33.0,False,8791.85,False
2213040,2011-12-23,33.0,True,35805.13,False
2213040,2011-12-23,22.0,True,1173.85,False
2213040,2011-12-23,49.0,False,2494.87,False
2213040,2011-12-23,6.0,False,33197.44,False
2213040,2011-12-23,96.0,True,14779.11,False
2213040,2011-12-23,28.0,True,6595.22,False
2213040,2011-12-23,85.0,True,68543.87,False
2213040,2011-12-23,79.0,True,-52.93,False
2213040,2011-12-23,2.0,False,10237.28,False
2213040,2011-12-23,56.0,True,305.74,False
2213040,2011-12-23,28.0,False,10626.05,False
2213040,2011-12-23,83.0,True,5731.85,False
2213040,2011-12-23,5.0,True,5870.31,False
2213040,2011-12-23,85.0,False,6577.38,False
2213040,2011-12-23,49.0,True,6325.76,False
2213040,2011-12-23,27.0,True,29051.44,False
2213040,2011-12-23,10.0,True,16201.43,False
2213040,2011-12-23,35.0,True,10076.45,False
2213040,2011-12-23,13.0,True,1609.37,False
2213040,2011-12-23,32.0,True,53911.26,False
2213040,2011-12-23,87.0,False,1120.99,False
2213040,2011-12-23,95.0,False,10683.54,False
2213040,2011-12-23,72.0,True,3642.59,False
2213040,2011-12-23,16.0,False,33457.93,False
2213040,2011-12-23,72.0,False,8662.35,False
2213040,2011-12-23,10.0,False,8567.53,False
2213040,2011-12-23,13.0,True,12762.55,False
2213040,2011-12-23,34.0,True,10813.86,False
2213040,2011-12-23,16.0,False,5954.11,False
2213040,2011-12-23,67.0,True,1386.15,False
2213040,2011-12-23,25.0,True,294.03,False
2213040,2011-12-23,67.0,False,30145.36,False
2213040,2011-12-23,16.0,False,18136.86,False
2213040,2011-12-23,41.0,True,2811.09,False
2213040,2011-12-23,20.0,False,13737.56,False
2213040,2011-12-23,23.0,False,9531.16,False
2213040,2011-12-23,46.0,False,6197.45,False
2213040,2011-12-23,98.0,False,5508.82,False
2213040,2011-12-23,18.0,False,3364.28,False
2213040,2011-12-23,97.0,False,5614.25,False
2213040,2011-12-23,59.0,False,3010.77,False
2213040,2011-12-23,36.0,False,2131.37,False
2213040,2011-12-23,81.0,False,13053.79,False
2213040,2011-12-23,16.0,True,21117.46,False
2213040,2011-12-23,46.0,True,997.58,False
2213040,2011-12-23,72.0,True,788.35,False
2213040,2011-12-23,35.0,False,3468.41,False
2213040,2011-12-23,98.0,True,46940.61,False
2213040,2011-12-23,44.0,False,24571.36,False
2213040,2011-12-23,67.0,False,3039.3,False
2213040,2011-12-23,19.0,True,7522.75,False
2213040,2011-12-23,21.0,False,35666.94,False
2213040,2011-12-23,14.0,False,5286.32,False
2213040,2011-12-23,67.0,True,10030.53,False
2213040,2011-12-23,40.0,False,5254.75,False
2213040,2011-12-23,56.0,False,56524.68,False
2213040,2011-12-23,5.0,False,24728.73,False
2213040,2011-12-23,14.0,False,2878.8,False
2213040,2011-12-23,79.0,False,16186.94,False
2213040,2011-12-23,25.0,False,5540.11,False
2213040,2011-12-23,14.0,False,24734.48,False
2213040,2011-12-23,40.0,False,13862.64,False
2213040,2011-12-23,94.0,False,4144.08,False
2213040,2011-12-23,22.0,False,5003.69,False
2213040,2011-12-23,82.0,False,14979.64,False
2213040,2011-12-23,30.0,True,14326.53,False
2213040,2011-12-23,22.0,False,16358.15,False
2213040,2011-12-23,12.0,True,29415.64,False
2213040,2011-12-30,12.0,True,,True
2475371,2011-12-02,42.0,False,2672.78,False
2475371,2011-12-02,31.0,False,10486.54,False
2475371,2011-12-02,32.0,False,718.55,False
2475371,2011-12-02,14.0,False,10653.86,False
2475371,2011-12-02,46.0,False,17326.47,False
2475371,2011-12-02,90.0,False,1041.92,False
2475371,2011-12-02,41.0,False,3075.65,False
2475371,2011-12-02,25.0,False,6049.7,False
2475371,2011-12-02,32.0,False,3.8,False
2475371,2011-12-02,41.0,False,14501.54,False
2475371,2011-12-02,85.0,False,336.69,False
2475371,2011-12-02,35.0,False,6428.34,False
2475371,2011-12-02,20.0,False,11464.28,False
2475371,2011-12-02,33.0,False,29.64,False
2475371,2011-12-02,23.0,False,22224.61,False
2475371,2011-12-02,3.0,False,23186.2,False
2475371,2011-12-02,92.0,False,9671.77,False
2475371,2011-12-02,16.0,False,293.73,False
2475371,2011-12-02,42.0,False,8274.57,False
2475371,2011-12-02,46.0,False,2518.31,False
2475371,2011-12-02,27.0,False,910.94,False
2475371,2011-12-02,93.0,False,3190.2,False
2475371,2011-12-02,67.0,False,8826.11,False
2475371,2011-12-02,55.0,True,3325.99,False
2475371,2011-12-02,74.0,False,295.4,False
2475371,2011-12-02,9.0,False,38.65,False
2475371,2011-12-02,13.0,False,4375.35,False
2475371,2011-12-02,81.0,False,1640.99,False
2475371,2011-12-02,35.0,False,1817.71,False
2475371,2011-12-02,35.0,False,15724.79,False
2475371,2011-12-02,71.0,False,417.98,False
2475371,2011-12-02,60.0,True,9331.07,False
2475371,2011-12-02,85.0,False,2099.37,False
2475371,2011-12-02,81.0,False,17833.07,False
2475371,2011-12-02,2.0,True,299.71,False
2475371,2011-12-02,6.0,False,15761.56,False
2475371,2011-12-02,12.0,False,3206.45,False
2475371,2011-12-02,25.0,False,1778.42,False
2475371,2011-12-02,17.0,True,12857.38,False
2475371,2011-12-02,17.0,False,5376.99,False
2475371,2011-12-02,8.0,False,3429.04,False
2475371,2011-12-02,97.0,False,18252.19,False
2475371,2011-12-02,41.0,False,2742.05,False
2475371,2011-12-02,59.0,False,567.08,False
2475371,2011-12-02,71.0,True,905.09,False
2475371,2011-12-02,34.0,False,502.59,False
2475371,2011-12-02,20.0,False,8431.32,False
2475371,2011-12-02,72.0,False,2133.62,False
2475371,2011-12-02,67.0,False,6887.15,False
2475371,2011-12-02,7.0,False,3725.54,False
2475371,2011-12-02,27.0,False,5962.57,False
2475371,2011-12-02,30.0,False,5451.04,False
2475371,2011-12-02,7.0,False,15784.83,False
2475371,2011-12-02,60.0,False,134.65,False
2475371,2011-12-02,46.0,True,518.23,False
2475371,2011-12-02,82.0,False,6904.16,False
2475371,2011-12-02,91.0,False,4910.93,False
2475371,2011-12-02,48.0,False,21714.79,False
2475371,2011-12-02,16.0,False,26088.62,False
2475371,2011-12-02,98.0,False,-50.78,False
2475371,2011-12-02,16.0,False,4392.82,False
2475371,2011-12-02,31.0,False,1893.54,False
2475371,2011-12-02,55.0,False,9400.45,False
2475371,2011-12-02,11.0,False,78.56,False
2475371,2011-12-02,9.0,True,21435.03,False
2475371,2011-12-02,32.0,False,2827.81,False
2475371,2011-12-02,92.0,False,1922.74,False
2475371,2011-12-02,52.0,False,6191.03,False
2475371,2011-12-02,27.0,False,169.9,False
2475371,2011-12-02,10.0,False,2041.91,False
2475371,2011-12-02,40.0,False,664.45,False
2475371,2011-12-02,22.0,False,6686.06,False
2475371,2011-12-02,56.0,False,48501.89,False
2475371,2011-12-02,36.0,False,14291.8,False
2475371,2011-12-02,41.0,False,17831.96,False
2475371,2011-12-02,13.0,False,5846.72,False
2475371,2011-12-02,1.0,False,20721.48,False
2475371,2011-12-02,30.0,False,161.87,False
2475371,2011-12-02,71.0,False,22697.49,False
2475371,2011-12-02,28.0,False,2247.61,False
2475371,2011-12-02,72.0,False,762.4,False
2475371,2011-12-02,40.0,False,1880.16,False
2475371,2011-12-02,93.0,False,12345.14,False
2475371,2011-12-02,1.0,False,2321.62,False
2475371,2011-12-02,32.0,False,2057.61,False
2475371,2011-12-02,27.0,False,9906.46,False
2475371,2011-12-02,72.0,False,25142.18,False
2475371,2011-12-02,23.0,False,12665.36,False
2475371,2011-12-02,22.0,False,4557.44,False
2475371,2011-12-02,85.0,False,32342.9,False
2475371,2011-12-02,40.0,False,246.86,False
2475371,2011-12-02,81.0,False,5035.98,False
2475371,2011-12-02,97.0,False,-58.24,False
2475371,2011-12-02,96.0,False,10265.59,False
2475371,2011-12-02,12.0,True,3066.87,False
2475371,2011-12-02,42.0,False,3736.86,False
2475371,2011-12-02,28.0,False,11503.74,False
2475371,2011-12-02,56.0,False,19619.91,False
2475371,2011-12-02,74.0,False,1409.53,False
2475371,2011-12-02,13.0,False,1613.82,False
2475371,2011-12-02,7.0,False,16619.49,False
2475371,2011-12-02,60.0,False,7223.22,False
2475371,2011-12-02,9.0,False,14424.81,False
2475371,2011-12-02,95.0,False,4979.78,False
2475371,2011-12-02,85.0,False,4947.52,False
2475371,2011-12-02,91.0,False,3373.88,False
2475371,2011-12-02,56.0,False,665.48,False
2475371,2011-12-02,5.0,False,1591.81,False
2475371,2011-12-02,3.0,False,7852.9,False
2475371,2011-12-02,60.0,False,24415.96,False
2475371,2011-12-02,5.0,False,1976.08,False
2475371,2011-12-02,13.0,False,47883.42,False
2475371,2011-12-02,52.0,False,1713.9,False
2475371,2011-12-02,71.0,True,13556.17,False
2475371,2011-12-02,26.0,True,1641.01,False
2475371,2011-12-02,18.0,False,13185.68,False
2475371,2011-12-02,42.0,False,32743.06,False
2475371,2011-12-02,21.0,False,8913.63,False
2475371,2011-12-02,40.0,False,48934.38,False
2475371,2011-12-02,27.0,False,362.26,False
2475371,2011-12-02,77.0,False,995.63,False
2475371,2011-12-02,9.0,False,3581.81,False
2475371,2011-12-02,7.0,True,42424.14,False
2475371,2011-12-02,18.0,False,9891.55,False
2475371,2011-12-02,19.0,False,7267.21,False
2475371,2011-12-02,24.0,False,6747.07,False
2475371,2011-12-02,19.0,False,10934.55,False
2475371,2011-12-02,60.0,False,569.43,False
2475371,2011-12-02,35.0,False,1610.38,False
2475371,2011-12-02,42.0,False,6581.17,False
2475371,2011-12-02,7.0,False,484.34,False
2475371,2011-12-02,54.0,False,6319.74,False
2475371,2011-12-02,22.0,True,77.96,False
2475371,2011-12-09,98.0,False,2578.83,False
2475371,2011-12-09,16.0,False,844.06,False
2475371,2011-12-09,49.0,False,30043.11,False
2475371,2011-12-09,16.0,False,32400.67,False
2475371,2011-12-09,27.0,False,724.36,False
2475371,2011-12-09,7.0,True,1234.14,False
2475371,2011-12-09,19.0,True,12084.8,False
2475371,2011-12-09,34.0,False,1043.19,False
2475371,2011-12-09,5.0,False,19760.07,False
2475371,2011-12-09,25.0,False,390.39,False
2475371,2011-12-09,81.0,False,2813.75,False
2475371,2011-12-09,74.0,True,1552.04,False
2475371,2011-12-09,83.0,False,3350.78,False
2475371,2011-12-09,72.0,True,11883.54,False
2475371,2011-12-09,49.0,False,3082.82,False
2475371,2011-12-09,44.0,False,11262.7,False
2475371,2011-12-09,26.0,True,6569.56,False
2475371,2011-12-09,24.0,False,12953.71,False
2475371,2011-12-09,38.0,False,1153.57,False
2475371,2011-12-09,40.0,True,3038.5,False
2475371,2011-12-09,35.0,True,24067.11,False
2475371,2011-12-09,54.0,False,4481.05,False
2475371,2011-12-09,7.0,False,924.11,False
2475371,2011-12-09,80.0,False,3538.46,False
2475371,2011-12-09,26.0,False,11245.42,False
2475371,2011-12-09,6.0,False,38256.79,False
2475371,2011-12-09,26.0,False,11852.48,False
2475371,2011-12-09,79.0,False,1715.78,False
2475371,2011-12-09,29.0,True,8208.32,False
2475371,2011-12-09,34.0,True,5609.31,False
2475371,2011-12-09,35.0,False,1877.19,False
2475371,2011-12-09,1.0,False,1159.79,False
2475371,2011-12-09,35.0,False,2733.52,False
2475371,2011-12-09,5.0,True,743.24,False
2475371,2011-12-09,5.0,False,1397.74,False
2475371,2011-12-09,91.0,False,-60.05,False
2475371,2011-12-09,81.0,False,5425.69,False
2475371,2011-12-09,80.0,False,9954.26,False
2475371,2011-12-09,52.0,False,12514.61,False
2475371,2011-12-09,44.0,False,218.5,False
2475371,2011-12-09,30.0,False,7978.46,False
2475371,2011-12-09,7.0,False,5472.52,False
2475371,2011-12-09,18.0,True,780.18,False
2475371,2011-12-09,45.0,False,165.9,False
2475371,2011-12-09,6.0,False,25255.44,False
2475371,2011-12-09,17.0,False,9917.11,False
2475371,2011-12-09,6.0,True,5178.33,False
2475371,2011-12-09,33.0,False,377.52,False
2475371,2011-12-09,44.0,False,-11.9,False
2475371,2011-12-09,94.0,False,1203.81,False
2475371,2011-12-09,27.0,False,30152.7,False
2475371,2011-12-09,92.0,False,20.76,False
2475371,2011-12-09,71.0,False,305.04,False
2475371,2011-12-09,30.0,False,3148.4,False
2475371,2011-12-09,67.0,True,9.26,False
2475371,2011-12-09,28.0,False,16843.89,False
2475371,2011-12-09,18.0,False,1756.65,False
2475371,2011-12-09,94.0,False,1266.33,False
2475371,2011-12-09,8.0,False,1154.39,False
2475371,2011-12-09,67.0,False,4154.32,False
2475371,2011-12-09,97.0,False,184.82,False
2475371,2011-12-09,40.0,False,4735.07,False
2475371,2011-12-09,24.0,False,14221.09,False
2475371,2011-12-09,46.0,False,4858.86,False
2475371,2011-12-09,90.0,False,415.07,False
2475371,2011-12-09,36.0,False,3793.08,False
2475371,2011-12-09,28.0,False,1311.04,False
2475371,2011-12-09,13.0,False,206.42,False
2475371,2011-12-09,17.0,False,1356.02,False
2475371,2011-12-09,98.0,False,8068.7,False
2475371,2011-12-09,87.0,False,9613.71,False
2475371,2011-12-09,85.0,False,6968.82,False
2475371,2011-12-09,80.0,False,21345.8,False
2475371,2011-12-09,10.0,False,3187.93,False
2475371,2011-12-09,11.0,True,12326.98,False
2475371,2011-12-16,94.0,False,11811.82,False
2475371,2011-12-16,10.0,False,13692.57,False
2475371,2011-12-16,67.0,False,1584.92,False
2475371,2011-12-16,41.0,True,1087.76,False
2475371,2011-12-16,45.0,True,339.49,False
2475371,2011-12-16,19.0,False,3415.93,False
2475371,2011-12-16,52.0,False,4716.92,False
2475371,2011-12-16,42.0,False,1039.78,False
2475371,2011-12-16,22.0,False,612.18,False
2475371,2011-12-16,5.0,False,49778.52,False
2475371,2011-12-16,32.0,False,2707.52,False
2475371,2011-12-16,14.0,False,7386.68,False
2475371,2011-12-16,1.0,False,7548.93,False
2475371,2011-12-16,24.0,False,11144.82,False
2475371,2011-12-16,37.0,False,7715.15,False
2475371,2011-12-16,25.0,True,79.84,False
2475371,2011-12-16,96.0,False,1538.52,False
2475371,2011-12-16,35.0,False,791.87,False
2475371,2011-12-16,29.0,False,7911.18,False
2475371,2011-12-16,98.0,False,2197.13,False
2475371,2011-12-16,60.0,False,13559.97,False
2475371,2011-12-16,41.0,False,2349.21,False
2475371,2011-12-16,14.0,False,1988.39,False
2475371,2011-12-16,27.0,True,1055.94,False
2475371,2011-12-16,22.0,False,2387.06,False
2475371,2011-12-16,19.0,False,5540.05,False
2475371,2011-12-16,52.0,False,21951.89,False
2475371,2011-12-16,14.0,False,2141.4,False
2475371,2011-12-16,16.0,False,7462.76,False
2475371,2011-12-16,60.0,True,514.29,False
2475371,2011-12-16,79.0,False,5204.27,False
2475371,2011-12-16,16.0,False,3899.2,False
2475371,2011-12-16,3.0,False,7656.34,False
2475371,2011-12-16,83.0,False,2587.56,False
2475371,2011-12-16,17.0,False,1235.51,False
2475371,2011-12-16,14.0,True,5413.67,False
2475371,2011-12-16,58.0,False,10943.99,False
2475371,2011-12-16,56.0,False,1129.71,False
2475371,2011-12-16,98.0,True,4478.98,False
2475371,2011-12-16,22.0,False,3703.96,False
2475371,2011-12-16,95.0,False,403.05,False
2475371,2011-12-16,49.0,True,7286.28,False
2475371,2011-12-16,1.0,True,5838.99,False
2475371,2011-12-16,52.0,False,2347.58,False
2475371,2011-12-16,83.0,False,709.43,False
2475371,2011-12-16,92.0,False,157.77,False
2475371,2011-12-16,46.0,False,33666.43,False
2475371,2011-12-16,11.0,False,2396.39,False
2475371,2011-12-16,59.0,False,10981.71,False
2475371,2011-12-16,6.0,True,2745.11,False
2475371,2011-12-16,31.0,False,19879.53,False
2475371,2011-12-16,59.0,False,18437.86,False
2475371,2011-12-16,10.0,False,3261.33,False
2475371,2011-12-16,20.0,False,3321.21,False
2475371,2011-12-16,33.0,False,-43.35,False
2475371,2011-12-16,96.0,False,905.35,False
2475371,2011-12-16,71.0,False,-45.07,False
2475371,2011-12-16,90.0,False,4771.91,False
2475371,2011-12-16,34.0,False,2191.89,False
2475371,2011-12-16,67.0,True,1292.76,False
2475371,2011-12-16,12.0,False,4628.41,False
2475371,2011-12-16,97.0,True,17814.48,False
2475371,2011-12-16,44.0,False,-37.42,False
2475371,2011-12-16,74.0,False,15207.43,False
2475371,2011-12-16,60.0,False,6601.55,False
2475371,2011-12-16,59.0,True,1141.21,False
2475371,2011-12-16,80.0,False,-9.35,False
2475371,2011-12-16,97.0,False,2784.65,False
2475371,2011-12-16,90.0,False,3556.6,False
2475371,2011-12-16,74.0,True,434.4,False
2475371,2011-12-16,52.0,False,410.31,False
2475371,2011-12-16,18.0,False,4877.04,False
2475371,2011-12-16,26.0,True,180.82,False
2475371,2011-12-16,18.0,False,3917.72,False
2475371,2011-12-16,17.0,False,24842.29,False
2475371,2011-12-16,23.0,False,4977.14,False
2475371,2011-12-16,23.0,False,3637.4,False
2475371,2011-12-16,31.0,False,4280.6,False
2475371,2011-12-16,33.0,False,12319.65,False
2475371,2011-12-16,45.0,False,12960.96,False
2475371,2011-12-16,56.0,False,10102.62,False
2475371,2011-12-16,97.0,True,1463.48,False
2475371,2011-12-16,85.0,True,7635.6,False
2475371,2011-12-23,83.0,False,11076.91,False
2475371,2011-12-23,21.0,False,11780.14,False
2475371,2011-12-23,82.0,False,2040.92,False
2475371,2011-12-23,47.0,True,2142.46,False
2475371,2011-12-23,21.0,True,283.29,False
2475371,2011-12-23,25.0,True,10865.72,False
2475371,2011-12-23,92.0,False,3254.32,False
2475371,2011-12-23,33.0,True,3340.68,False
2475371,2011-12-23,81.0,False,228.12,False
2475371,2011-12-23,44.0,False,668.14,False
2475371,2011-12-23,25.0,False,1002.52,False
2475371,2011-12-23,26.0,True,163.31,False
2475371,2011-12-23,31.0,True,14165.64,False
2475371,2011-12-23,52.0,False,12345.84,False
2475371,2011-12-23,30.0,False,2928.2,False
2475371,2011-12-23,27.0,True,28472.67,False
2475371,2011-12-23,25.0,False,3340.14,False
2475371,2011-12-23,6.0,False,12595.73,False
2475371,2011-12-23,80.0,True,1658.52,False
2475371,2011-12-23,10.0,True,4653.09,False
2475371,2011-12-23,11.0,True,250.52,False
2475371,2011-12-23,28.0,True,19125.78,False
2475371,2011-12-23,60.0,True,783.12,False
2475371,2011-12-23,5.0,True,1803.91,False
2475371,2011-12-23,14.0,True,7839.9,False
2475371,2011-12-23,81.0,True,27208.46,False
2475371,2011-12-23,72.0,True,-58.48,False
2475371,2011-12-23,79.0,True,9859.37,False
2475371,2011-12-23,2.0,False,3407.87,False
2475371,2011-12-23,23.0,False,840.44,False
2475371,2011-12-23,52.0,True,22.03,False
2475371,2011-12-23,26.0,True,2109.17,False
2475371,2011-12-23,27.0,False,35.03,False
2475371,2011-12-23,79.0,False,5631.13,False
2475371,2011-12-23,14.0,False,13167.77,False
2475371,2011-12-23,55.0,False,941.55,False
2475371,2011-12-23,20.0,True,2913.48,False
2475371,2011-12-23,60.0,False,3230.07,False
2475371,2011-12-23,5.0,False,10064.39,False
2475371,2011-12-23,32.0,False,1160.04,False
2475371,2011-12-23,14.0,False,951.49,False
2475371,2011-12-23,10.0,False,3189.42,False
2475371,2011-12-23,96.0,False,1964.03,False
2475371,2011-12-23,33.0,True,4327.92,False
2475371,2011-12-23,72.0,True,253.68,False
2475371,2011-12-23,22.0,False,1830.63,False
2475371,2011-12-23,59.0,False,12522.72,False
2475371,2011-12-23,92.0,False,15785.92,False
2475371,2011-12-23,95.0,True,4788.81,False
2475371,2011-12-23,23.0,False,1929.34,False
2475371,2011-12-23,81.0,True,5911.34,False
2475371,2011-12-23,92.0,False,1451.44,False
2475371,2011-12-23,13.0,False,9813.74,False
2475371,2011-12-23,6.0,True,9813.7,False
2475371,2011-12-23,52.0,False,23040.25,False
2475371,2011-12-23,35.0,True,1348.76,False
2475371,2011-12-23,52.0,True,82.02,False
2475371,2011-12-23,55.0,False,243.44,False
2475371,2011-12-23,20.0,True,13795.35,False
2475371,2011-12-23,37.0,False,5336.35,False
2475371,2011-12-23,19.0,True,688.38,False
2475371,2011-12-23,40.0,False,9432.4,False
2475371,2011-12-23,97.0,True,20031.31,False
2475371,2011-12-23,60.0,True,3904.21,False
2475371,2011-12-23,35.0,False,1826.26,False
2475371,2011-12-23,21.0,False,6298.27,False
2475371,2011-12-23,72.0,False,6429.83,False
2475371,2011-12-23,42.0,True,1594.03,False
2475371,2011-12-23,11.0,True,10406.1,False
2475371,2011-12-30,11.0,True,,True
2879262,2011-12-02,52.0,False,860.69,False
2879262,2011-12-02,3.0,False,5728.05,False
2879262,2011-12-02,28.0,False,436.75,False
2879262,2011-12-02,6.0,False,65.02,False
2879262,2011-12-02,80.0,False,135.02,False
2879262,2011-12-02,9.0,False,51743.92,False
2879262,2011-12-02,79.0,False,27909.48,False
2879262,2011-12-02,49.0,False,53.93,False
2879262,2011-12-02,32.0,False,25009.52,False
2879262,2011-12-02,96.0,False,962.49,False
2879262,2011-12-02,85.0,False,507.53,False
2879262,2011-12-02,3.0,False,21999.2,False
2879262,2011-12-02,71.0,False,1355.58,False
2879262,2011-12-02,97.0,False,1437.04,False
2879262,2011-12-02,87.0,False,8738.94,False
2879262,2011-12-02,83.0,False,56.97,False
2879262,2011-12-02,8.0,False,26.35,False
2879262,2011-12-02,16.0,False,2186.23,False
2879262,2011-12-02,40.0,False,1310.58,False
2879262,2011-12-02,98.0,False,4160.57,False
2879262,2011-12-02,95.0,False,3780.51,False
2879262,2011-12-02,58.0,False,5769.53,False
2879262,2011-12-02,72.0,False,115.44,False
2879262,2011-12-02,83.0,False,6054.85,False
2879262,2011-12-02,72.0,False,1655.07,False
2879262,2011-12-02,8.0,False,16919.34,False
2879262,2011-12-02,18.0,False,64.62,False
2879262,2011-12-02,91.0,False,685.71,False
2879262,2011-12-02,35.0,False,4573.51,False
2879262,2011-12-02,38.0,False,3883.07,False
2879262,2011-12-02,7.0,False,15225.22,False
2879262,2011-12-02,94.0,False,6880.9,False
2879262,2011-12-02,26.0,False,7522.37,False
2879262,2011-12-02,18.0,False,2718.68,False
2879262,2011-12-02,47.0,False,16236.5,False
2879262,2011-12-02,79.0,False,9222.26,False
2879262,2011-12-02,98.0,False,26186.1,False
2879262,2011-12-02,42.0,False,675.57,False
2879262,2011-12-02,74.0,False,5099.88,False
2879262,2011-12-02,96.0,False,2173.4,False
2879262,2011-12-02,22.0,False,31147.34,False
2879262,2011-12-02,17.0,False,4270.93,False
2879262,2011-12-02,26.0,False,2823.04,False
2879262,2011-12-02,93.0,False,22397.29,False
2879262,2011-12-02,32.0,False,245.02,False
2879262,2011-12-02,96.0,False,10007.67,False
2879262,2011-12-02,5.0,False,369.49,False
2879262,2011-12-02,60.0,False,2648.86,False
2879262,2011-12-02,27.0,False,7495.83,False
2879262,2011-12-02,49.0,False,13705.34,False
2879262,2011-12-02,67.0,False,20350.3,False
2879262,2011-12-02,1.0,False,22030.38,False
2879262,2011-12-02,34.0,False,38.71,False
2879262,2011-12-02,91.0,False,27861.8,False
2879262,2011-12-02,35.0,False,860.4,False
2879262,2011-12-02,83.0,False,176.61,False
2879262,2011-12-02,55.0,False,581.63,False
2879262,2011-12-02,1.0,False,583.31,False
2879262,2011-12-02,8.0,False,15761.76,False
2879262,2011-12-02,38.0,False,640.55,False
2879262,2011-12-02,34.0,False,6513.26,False
2879262,2011-12-02,91.0,False,32866.87,False
2879262,2011-12-02,87.0,False,29736.4,False
2879262,2011-12-02,95.0,False,44878.31,False
2879262,2011-12-02,92.0,False,3062.26,False
2879262,2011-12-02,98.0,False,25.18,False
2879262,2011-12-02,98.0,False,12269.32,False
2879262,2011-12-02,11.0,True,981.64,False
2879262,2011-12-02,40.0,False,11603.21,False
2879262,2011-12-02,81.0,False,21594.9,False
2879262,2011-12-02,87.0,False,59859.11,False
2879262,2011-12-02,27.0,False,4854.33,False
2879262,2011-12-02,33.0,False,12897.42,False
2879262,2011-12-02,10.0,False,707.2,False
2879262,2011-12-02,46.0,False,110.48,False
2879262,2011-12-02,5.0,False,605.49,False
2879262,2011-12-02,21.0,False,59461.13,False
2879262,2011-12-02,67.0,False,561.82,False
2879262,2011-12-02,72.0,False,39984.77,False
2879262,2011-12-02,30.0,False,60.05,False
2879262,2011-12-02,80.0,False,5644.52,False
2879262,2011-12-02,56.0,False,3389.31,False
2879262,2011-12-02,48.0,False,669.55,False
2879262,2011-12-02,27.0,False,10702.89,False
2879262,2011-12-02,22.0,False,10510.27,False
2879262,2011-12-02,22.0,False,5040.9,False
2879262,2011-12-02,22.0,False,7349.89,False
2879262,2011-12-02,67.0,False,65334.01,False
2879262,2011-12-02,11.0,False,1609.65,False
2879262,2011-12-02,90.0,False,263.13,False
2879262,2011-12-02,85.0,False,6953.73,False
2879262,2011-12-02,11.0,False,12718.34,False
2879262,2011-12-02,97.0,False,13114.86,False
2879262,2011-12-02,32.0,False,4628.65,False
2879262,2011-12-02,31.0,False,34.42,False
2879262,2011-12-09,83.0,False,90.66,False
2879262,2011-12-09,30.0,False,15408.96,False
2879262,2011-12-09,79.0,False,40954.9,False
2879262,2011-12-09,97.0,False,681.04,False
2879262,2011-12-09,8.0,False,343.8,False
2879262,2011-12-09,97.0,False,623.44,False
2879262,2011-12-09,92.0,False,11927.98,False
2879262,2011-12-09,98.0,False,10299.14,False
2879262,2011-12-09,77.0,False,14652.79,False
2879262,2011-12-09,21.0,False,713.21,False
2879262,2011-12-09,58.0,False,66.45,False
2879262,2011-12-09,98.0,False,2707.41,False
2879262,2011-12-09,38.0,False,7242.7,False
2879262,2011-12-09,35.0,False,580.02,False
2879262,2011-12-09,19.0,False,506.3,False
2879262,2011-12-09,56.0,False,51.52,False
2879262,2011-12-09,96.0,False,31.65,False
2879262,2011-12-09,29.0,False,746.32,False
2879262,2011-12-09,18.0,True,176.1,False
2879262,2011-12-09,14.0,False,52.88,False
2879262,2011-12-09,52.0,False,26.71,False
2879262,2011-12-09,44.0,False,445.44,False
2879262,2011-12-09,79.0,False,48958.35,False
2879262,2011-12-09,93.0,False,5282.52,False
2879262,2011-12-09,93.0,False,2715.61,False
2879262,2011-12-09,40.0,False,98.34,False
2879262,2011-12-09,49.0,False,2694.66,False
2879262,2011-12-09,52.0,True,101.97,False
2879262,2011-12-09,98.0,False,79.22,False
2879262,2011-12-09,71.0,False,13299.77,False
2879262,2011-12-09,13.0,False,12011.48,False
2879262,2011-12-09,60.0,False,3881.52,False
2879262,2011-12-09,94.0,False,7156.7,False
2879262,2011-12-09,87.0,True,13586.87,False
2879262,2011-12-09,81.0,True,270.57,False
2879262,2011-12-09,77.0,False,148.46,False
2879262,2011-12-09,38.0,False,39195.82,False
2879262,2011-12-09,38.0,False,814.51,False
2879262,2011-12-09,87.0,False,1241.17,False
2879262,2011-12-09,96.0,False,4195.78,False
2879262,2011-12-09,83.0,True,14133.11,False
2879262,2011-12-09,7.0,False,30205.25,False
2879262,2011-12-09,58.0,False,1722.17,False
2879262,2011-12-09,96.0,False,12182.67,False
2879262,2011-12-09,7.0,False,1885.22,False
2879262,2011-12-09,13.0,False,463.69,False
2879262,2011-12-09,23.0,False,42869.56,False
2879262,2011-12-09,21.0,False,3931.34,False
2879262,2011-12-09,20.0,True,29.18,False
2879262,2011-12-09,93.0,False,28870.0,False
2879262,2011-12-09,11.0,True,23162.78,False
2879262,2011-12-09,8.0,False,3881.45,False
2879262,2011-12-09,12.0,False,1714.71,False
2879262,2011-12-09,96.0,False,204.3,False
2879262,2011-12-09,40.0,False,115.86,False
2879262,2011-12-09,8.0,False,51180.23,False
2879262,2011-12-09,59.0,False,4307.35,False
2879262,2011-12-09,9.0,False,29.68,False
2879262,2011-12-09,13.0,False,1676.87,False
2879262,2011-12-09,98.0,False,25.41,False
2879262,2011-12-09,6.0,False,23159.43,False
2879262,2011-12-09,20.0,True,12082.53,False
2879262,2011-12-09,80.0,False,42.52,False
2879262,2011-12-09,37.0,False,19366.84,False
2879262,2011-12-09,38.0,False,1934.83,False
2879262,2011-12-09,9.0,False,1835.9,False
2879262,2011-12-09,21.0,False,9337.49,False
2879262,2011-12-16,98.0,False,250.63,False
2879262,2011-12-16,5.0,True,1250.38,False
2879262,2011-12-16,10.0,False,1836.62,False
2879262,2011-12-16,22.0,False,2993.4,False
2879262,2011-12-16,98.0,False,2804.94,False
2879262,2011-12-16,4.0,True,158.9,False
2879262,2011-12-16,67.0,False,15680.49,False
2879262,2011-12-16,98.0,True,25294.24,False
2879262,2011-12-16,54.0,False,8368.95,False
2879262,2011-12-16,14.0,False,3429.15,False
2879262,2011-12-16,11.0,False,1265.31,False
2879262,2011-12-16,71.0,False,1477.27,False
2879262,2011-12-16,81.0,False,12034.53,False
2879262,2011-12-16,83.0,False,25.78,False
2879262,2011-12-16,41.0,False,9506.84,False
2879262,2011-12-16,13.0,False,16525.18,False
2879262,2011-12-16,94.0,True,8046.62,False
2879262,2011-12-16,25.0,False,2880.19,False
2879262,2011-12-16,94.0,False,25.16,False
2879262,2011-12-16,98.0,False,17112.83,False
2879262,2011-12-16,96.0,False,71.5,False
2879262,2011-12-16,40.0,False,1893.85,False
2879262,2011-12-16,26.0,False,221.59,False
2879262,2011-12-16,85.0,False,18257.15,False
2879262,2011-12-16,56.0,False,541.37,False
2879262,2011-12-16,52.0,False,25.81,False
2879262,2011-12-16,85.0,False,1140.46,False
2879262,2011-12-16,74.0,False,4554.55,False
2879262,2011-12-16,24.0,False,2244.1,False
2879262,2011-12-16,3.0,False,7008.64,False
2879262,2011-12-16,83.0,False,14849.48,False
2879262,2011-12-16,98.0,False,563.51,False
2879262,2011-12-16,36.0,False,25.53,False
2879262,2011-12-16,96.0,False,3826.36,False
2879262,2011-12-16,95.0,False,4803.76,False
2879262,2011-12-16,92.0,False,1303.18,False
2879262,2011-12-16,33.0,False,12692.82,False
2879262,2011-12-16,5.0,False,513.37,False
2879262,2011-12-16,87.0,False,7960.41,False
2879262,2011-12-16,44.0,False,25871.86,False
2879262,2011-12-16,23.0,True,12385.82,False
2879262,2011-12-16,49.0,True,1758.3,False
2879262,2011-12-16,31.0,True,5488.87,False
2879262,2011-12-16,8.0,False,68548.87,False
2879262,2011-12-16,33.0,False,12201.17,False
2879262,2011-12-16,32.0,False,236.87,False
2879262,2011-12-16,7.0,False,317.1,False
2879262,2011-12-16,44.0,False,1618.34,False
2879262,2011-12-16,83.0,True,695.59,False
2879262,2011-12-16,30.0,False,14298.9,False
2879262,2011-12-16,35.0,True,7765.39,False
2879262,2011-12-16,93.0,False,370.09,False
2879262,2011-12-16,79.0,False,3952.75,False
2879262,2011-12-16,22.0,False,4122.25,False
2879262,2011-12-16,42.0,False,1313.45,False
2879262,2011-12-16,79.0,True,28.26,False
2879262,2011-12-16,82.0,False,13081.91,False
2879262,2011-12-16,6.0,True,347.86,False
2879262,2011-12-16,1.0,False,258.89,False
2879262,2011-12-16,34.0,False,13858.16,False
2879262,2011-12-16,91.0,False,20540.83,False
2879262,2011-12-16,49.0,False,508.17,False
2879262,2011-12-16,91.0,False,2875.74,False
2879262,2011-12-16,67.0,False,2078.63,False
2879262,2011-12-16,46.0,False,14450.54,False
2879262,2011-12-23,42.0,True,870.49,False
2879262,2011-12-23,72.0,False,122.38,False
2879262,2011-12-23,91.0,True,14160.48,False
2879262,2011-12-23,30.0,False,577.28,False
2879262,2011-12-23,40.0,False,2823.94,False
2879262,2011-12-23,95.0,False,18389.3,False
2879262,2011-12-23,27.0,False,16413.43,False
2879262,2011-12-23,60.0,True,50.89,False
2879262,2011-12-23,25.0,True,18163.53,False
2879262,2011-12-23,19.0,False,17239.31,False
2879262,2011-12-23,20.0,True,272.3,False
2879262,2011-12-23,54.0,True,1078.21,False
2879262,2011-12-23,41.0,True,19528.7,False
2879262,2011-12-23,7.0,False,15954.82,False
2879262,2011-12-23,82.0,True,3784.61,False
2879262,2011-12-23,7.0,True,10762.96,False
2879262,2011-12-23,81.0,True,91.32,False
2879262,2011-12-23,10.0,False,2257.77,False
2879262,2011-12-23,38.0,True,42639.46,False
2879262,2011-12-23,80.0,False,19057.13,False
2879262,2011-12-23,18.0,True,9004.33,False
2879262,2011-12-23,93.0,False,2205.66,False
2879262,2011-12-23,29.0,False,39.1,False
2879262,2011-12-23,94.0,True,45216.41,False
2879262,2011-12-23,81.0,True,25.2,False
2879262,2011-12-23,1.0,False,2404.74,False
2879262,2011-12-23,60.0,True,39.36,False
2879262,2011-12-23,31.0,False,3569.01,False
2879262,2011-12-23,91.0,True,1713.7,False
2879262,2011-12-23,4.0,True,1060.79,False
2879262,2011-12-23,58.0,False,12762.0,False
2879262,2011-12-23,58.0,True,1686.09,False
2879262,2011-12-23,22.0,True,113.47,False
2879262,2011-12-23,32.0,True,14558.55,False
2879262,2011-12-23,10.0,True,5349.46,False
2879262,2011-12-23,40.0,True,3288.96,False
2879262,2011-12-23,11.0,True,143.45,False
2879262,2011-12-23,40.0,True,31832.79,False
2879262,2011-12-23,92.0,False,170.82,False
2879262,2011-12-23,97.0,False,4994.43,False
2879262,2011-12-23,58.0,False,426.27,False
2879262,2011-12-23,80.0,True,743.18,False
2879262,2011-12-23,30.0,False,657.91,False
2879262,2011-12-23,26.0,True,69.36,False
2879262,2011-12-23,91.0,True,7205.14,False
2879262,2011-12-23,21.0,True,1917.33,False
2879262,2011-12-23,98.0,False,2448.24,False
2879262,2011-12-23,80.0,False,36038.1,False
2879262,2011-12-23,79.0,False,635.82,False
2879262,2011-12-23,98.0,True,5375.5,False
2879262,2011-12-23,42.0,False,324.8,False
2879262,2011-12-23,18.0,False,1443.92,False
2879262,2011-12-23,26.0,True,35.82,False
2879262,2011-12-23,98.0,False,1407.03,False
2879262,2011-12-23,19.0,False,7491.22,False
2879262,2011-12-23,29.0,True,379.66,False
2879262,2011-12-23,91.0,False,5944.95,False
2879262,2011-12-23,98.0,False,2322.57,False
2879262,2011-12-23,28.0,False,1798.29,False
2879262,2011-12-23,83.0,True,153.38,False
2879262,2011-12-23,60.0,False,136.3,False
2879262,2011-12-23,18.0,False,7031.97,False
2879262,2011-12-23,27.0,True,52.06,False
2879262,2011-12-23,97.0,False,24594.69,False
2879262,2011-12-23,98.0,True,996.45,False
2879262,2011-12-23,71.0,True,7831.29,False
2879262,2011-12-23,82.0,True,674.39,False
2879262,2011-12-23,31.0,True,1682.2,False
2879262,2011-12-23,79.0,True,31091.59,False
2879262,2011-12-23,20.0,False,575.5,False
2879262,2011-12-23,94.0,False,2201.19,False
2879262,2011-12-23,5.0,False,10663.05,False
2879262,2011-12-23,16.0,False,433.95,False
2879262,2011-12-23,26.0,False,6726.52,False
2879262,2011-12-23,87.0,False,7716.6,False
2879262,2011-12-23,17.0,False,11537.2,False
2879262,2011-12-23,52.0,False,5672.71,False
2879262,2011-12-23,97.0,False,1274.44,False
2879262,2011-12-23,25.0,False,1084.86,False
2879262,2011-12-23,79.0,True,190.91,False
2879262,2011-12-23,92.0,False,7309.04,False
2879262,2011-12-23,80.0,False,671.14,False
2879262,2011-12-23,49.0,True,487.88,False
2879262,2011-12-23,16.0,False,1118.17,False
2879262,2011-12-23,83.0,False,3259.62,False
2879262,2011-12-23,41.0,False,718.37,False
2879262,2011-12-23,28.0,False,1377.16,False
2879262,2011-12-23,23.0,False,5114.96,False
2879262,2011-12-23,14.0,True,4221.67,False
2879262,2011-12-23,41.0,True,3834.15,False
2879262,2011-12-23,83.0,False,17136.8,False
2879262,2011-12-23,26.0,False,3027.52,False
2879262,2011-12-23,55.0,True,117.32,False
2879262,2011-12-23,46.0,False,1353.81,False
2879262,2011-12-23,98.0,True,7264.31,False
2879262,2011-12-30,98.0,True,,True
4536565,2011-12-02,71.0,False,8648.1,False
4536565,2011-12-02,25.0,False,74828.27,False
4536565,2011-12-02,32.0,False,840.05,False
4536565,2011-12-02,4.0,False,36299.48,False
4536565,2011-12-02,30.0,False,4115.15,False
4536565,2011-12-02,95.0,False,422.58,False
4536565,2011-12-02,20.0,False,505.67,False
4536565,2011-12-02,98.0,False,3186.37,False
4536565,2011-12-02,20.0,False,219.78,False
4536565,2011-12-02,94.0,False,23562.95,False
4536565,2011-12-02,9.0,False,27221.55,False
4536565,2011-12-02,93.0,False,15475.52,False
4536565,2011-12-02,99.0,False,258.37,False
4536565,2011-12-02,1.0,False,74700.66,False
4536565,2011-12-02,32.0,False,18795.67,False
4536565,2011-12-02,8.0,False,10064.5,False
4536565,2011-12-02,52.0,False,5239.87,False
4536565,2011-12-02,72.0,False,17500.23,False
4536565,2011-12-02,85.0,False,823.79,False
4536565,2011-12-02,34.0,False,33694.1,False
4536565,2011-12-02,91.0,False,6695.6,False
4536565,2011-12-02,36.0,False,2759.95,False
4536565,2011-12-02,26.0,True,54385.42,False
4536565,2011-12-02,9.0,False,30762.49,False
4536565,2011-12-02,13.0,False,17765.91,False
4536565,2011-12-02,9.0,False,5273.71,False
4536565,2011-12-02,6.0,False,12297.73,False
4536565,2011-12-02,12.0,False,6679.89,False
4536565,2011-12-02,59.0,False,4727.55,False
4536565,2011-12-02,2.0,False,19435.99,False
4536565,2011-12-02,82.0,False,16122.22,False
4536565,2011-12-02,97.0,False,2925.25,False
4536565,2011-12-02,34.0,False,15065.73,False
4536565,2011-12-02,30.0,False,1864.36,False
4536565,2011-12-02,23.0,False,21525.63,False
4536565,2011-12-02,17.0,False,8413.18,False
4536565,2011-12-02,98.0,False,12571.64,False
4536565,2011-12-02,82.0,False,16671.99,False
4536565,2011-12-02,27.0,False,12053.56,False
4536565,2011-12-02,38.0,False,6786.04,False
4536565,2011-12-02,20.0,True,3849.96,False
4536565,2011-12-02,59.0,False,3921.85,False
4536565,2011-12-02,6.0,False,3414.56,False
4536565,2011-12-02,59.0,False,4188.08,False
4536565,2011-12-02,33.0,False,13766.61,False
4536565,2011-12-02,3.0,False,9004.46,False
4536565,2011-12-02,20.0,False,1684.1,False
4536565,2011-12-02,97.0,False,29248.66,False
4536565,2011-12-02,98.0,False,509.5,False
4536565,2011-12-02,83.0,False,15597.88,False
4536565,2011-12-02,67.0,False,6787.44,False
4536565,2011-12-02,41.0,False,2666.85,False
4536565,2011-12-02,90.0,False,28071.98,False
4536565,2011-12-02,42.0,False,22835.84,False
4536565,2011-12-02,19.0,False,8342.67,False
4536565,2011-12-02,13.0,False,15085.61,False
4536565,2011-12-02,19.0,False,-318.12,False
4536565,2011-12-02,17.0,False,7034.03,False
4536565,2011-12-02,71.0,False,7580.82,False
4536565,2011-12-02,56.0,False,63185.69,False
4536565,2011-12-02,27.0,False,14742.57,False
4536565,2011-12-02,59.0,False,36747.02,False
4536565,2011-12-02,42.0,False,862.28,False
4536565,2011-12-02,19.0,False,26454.75,False
4536565,2011-12-02,25.0,False,2142.68,False
4536565,2011-12-02,90.0,False,-273.03,False
4536565,2011-12-02,35.0,False,8332.64,False
4536565,2011-12-02,20.0,False,16757.41,False
4536565,2011-12-02,25.0,False,12727.71,False
4536565,2011-12-02,34.0,False,3814.74,False
4536565,2011-12-02,44.0,False,26648.15,False
4536565,2011-12-02,2.0,False,1910.05,False
4536565,2011-12-02,29.0,False,3052.74,False
4536565,2011-12-02,29.0,False,38067.11,False
4536565,2011-12-02,46.0,False,21681.61,False
4536565,2011-12-02,11.0,False,1120.8,False
4536565,2011-12-02,80.0,False,5570.61,False
4536565,2011-12-02,16.0,False,691.45,False
4536565,2011-12-02,55.0,False,10.48,False
4536565,2011-12-02,93.0,False,341.0,False
4536565,2011-12-02,93.0,False,22662.62,False
4536565,2011-12-02,95.0,False,17480.75,False
4536565,2011-12-02,40.0,False,18748.45,False
4536565,2011-12-02,16.0,False,11624.42,False
4536565,2011-12-02,6.0,False,40730.79,False
4536565,2011-12-02,59.0,False,5907.05,False
4536565,2011-12-09,40.0,True,15180.85,False
4536565,2011-12-09,97.0,False,2158.16,False
4536565,2011-12-09,93.0,False,16181.44,False
4536565,2011-12-09,16.0,False,3270.98,False
4536565,2011-12-09,91.0,False,16563.56,False
4536565,2011-12-09,49.0,False,23853.05,False
4536565,2011-12-09,24.0,False,4633.9,False
4536565,2011-12-09,91.0,False,25533.12,False
4536565,2011-12-09,52.0,False,18784.24,False
4536565,2011-12-09,74.0,False,-428.52,False
4536565,2011-12-09,36.0,False,52223.45,False
4536565,2011-12-09,74.0,False,42070.05,False
4536565,2011-12-09,96.0,False,2523.26,False
4536565,2011-12-09,10.0,False,21339.28,False
4536565,2011-12-09,92.0,False,33696.41,False
4536565,2011-12-09,6.0,False,10501.63,False
4536565,2011-12-09,24.0,False,2618.29,False
4536565,2011-12-09,44.0,False,6143.35,False
4536565,2011-12-09,85.0,False,1101.03,False
4536565,2011-12-09,49.0,False,13796.62,False
4536565,2011-12-09,16.0,False,4927.84,False
4536565,2011-12-09,9.0,False,18510.85,False
4536565,2011-12-09,97.0,True,10936.99,False
4536565,2011-12-09,42.0,False,2472.57,False
4536565,2011-12-09,92.0,True,23819.71,False
4536565,2011-12-09,41.0,False,3601.32,False
4536565,2011-12-09,33.0,False,8845.01,False
4536565,2011-12-09,23.0,False,-442.67,False
4536565,2011-12-09,34.0,False,25720.09,False
4536565,2011-12-09,85.0,True,1127.72,False
4536565,2011-12-09,38.0,False,8288.57,False
4536565,2011-12-09,80.0,False,3558.25,False
4536565,2011-12-09,10.0,False,7180.49,False
4536565,2011-12-09,21.0,False,8118.41,False
4536565,2011-12-09,10.0,False,17214.58,False
4536565,2011-12-09,72.0,False,7853.16,False
4536565,2011-12-09,83.0,True,7683.08,False
4536565,2011-12-09,33.0,False,866.54,False
4536565,2011-12-09,85.0,False,12609.75,False
4536565,2011-12-09,52.0,False,3249.38,False
4536565,2011-12-09,44.0,False,13202.32,False
4536565,2011-12-09,38.0,False,2768.22,False
4536565,2011-12-09,6.0,False,11017.35,False
4536565,2011-12-09,21.0,False,9131.26,False
4536565,2011-12-09,94.0,False,23601.79,False
4536565,2011-12-09,22.0,True,6342.75,False
4536565,2011-12-09,25.0,False,16983.13,False
4536565,2011-12-09,18.0,False,749.74,False
4536565,2011-12-09,98.0,False,11274.66,False
4536565,2011-12-09,5.0,False,7620.25,False
4536565,2011-12-09,37.0,False,4391.37,False
4536565,2011-12-09,20.0,True,13313.75,False
4536565,2011-12-09,97.0,False,31404.82,False
4536565,2011-12-09,32.0,False,28752.01,False
4536565,2011-12-09,32.0,False,6727.31,False
4536565,2011-12-09,18.0,False,40408.77,False
4536565,2011-12-09,6.0,False,6501.87,False
4536565,2011-12-09,72.0,False,-272.53,False
4536565,2011-12-09,33.0,False,1268.65,False
4536565,2011-12-09,7.0,False,1981.15,False
4536565,2011-12-09,49.0,False,28456.12,False
4536565,2011-12-09,44.0,False,2997.96,False
4536565,2011-12-09,49.0,False,4535.54,False
4536565,2011-12-09,47.0,False,2751.79,False
4536565,2011-12-09,79.0,False,2577.14,False
4536565,2011-12-09,87.0,False,761.21,False
4536565,2011-12-09,10.0,False,45814.69,False
4536565,2011-12-09,46.0,False,6274.06,False
4536565,2011-12-09,29.0,True,3595.55,False
4536565,2011-12-09,81.0,False,12023.15,False
4536565,2011-12-09,91.0,False,66366.9,False
4536565,2011-12-09,87.0,True,24024.96,False
4536565,2011-12-09,14.0,False,26228.61,False
4536565,2011-12-09,97.0,False,5642.06,False
4536565,2011-12-09,58.0,True,20229.41,False
4536565,2011-12-09,46.0,True,33181.62,False
4536565,2011-12-09,36.0,False,429.1,False
4536565,2011-12-09,23.0,True,52026.51,False
4536565,2011-12-09,3.0,False,21789.45,False
4536565,2011-12-09,94.0,False,-22.54,False
4536565,2011-12-09,23.0,False,7011.39,False
4536565,2011-12-09,33.0,False,1560.45,False
4536565,2011-12-09,26.0,False,8012.21,False
4536565,2011-12-09,91.0,False,856.72,False
4536565,2011-12-09,21.0,False,2484.8,False
4536565,2011-12-09,55.0,False,7581.22,False
4536565,2011-12-09,77.0,False,23173.26,False
4536565,2011-12-09,44.0,False,1998.1,False
4536565,2011-12-09,47.0,False,9175.39,False
4536565,2011-12-09,79.0,False,3972.02,False
4536565,2011-12-09,49.0,False,13401.23,False
4536565,2011-12-16,92.0,False,14188.73,False
4536565,2011-12-16,52.0,False,27257.73,False
4536565,2011-12-16,18.0,False,48366.8,False
4536565,2011-12-16,28.0,True,30874.22,False
4536565,2011-12-16,6.0,False,15182.41,False
4536565,2011-12-16,24.0,False,1244.29,False
4536565,2011-12-16,24.0,True,11632.73,False
4536565,2011-12-16,11.0,False,9290.77,False
4536565,2011-12-16,25.0,False,42944.56,False
4536565,2011-12-16,4.0,False,33756.47,False
4536565,2011-12-16,49.0,True,2479.59,False
4536565,2011-12-16,19.0,False,1672.51,False
4536565,2011-12-16,98.0,False,11218.08,False
4536565,2011-12-16,2.0,False,5765.16,False
4536565,2011-12-16,55.0,False,10720.64,False
4536565,2011-12-16,11.0,False,369.76,False
4536565,2011-12-16,21.0,False,39570.93,False
4536565,2011-12-16,24.0,False,6794.79,False
4536565,2011-12-16,90.0,False,3377.97,False
4536565,2011-12-16,13.0,True,9983.4,False
4536565,2011-12-16,3.0,False,6203.23,False
4536565,2011-12-16,74.0,False,33733.16,False
4536565,2011-12-16,35.0,False,53794.29,False
4536565,2011-12-16,91.0,False,7395.79,False
4536565,2011-12-16,58.0,True,-433.19,False
4536565,2011-12-16,10.0,False,15012.4,False
4536565,2011-12-16,56.0,True,2559.66,False
4536565,2011-12-16,67.0,False,1877.58,False
4536565,2011-12-16,87.0,False,3914.27,False
4536565,2011-12-16,20.0,False,40584.56,False
4536565,2011-12-16,85.0,False,4020.84,False
4536565,2011-12-16,80.0,False,1294.57,False
4536565,2011-12-16,28.0,True,2609.03,False
4536565,2011-12-16,93.0,True,-122.34,False
4536565,2011-12-16,26.0,False,10464.88,False
4536565,2011-12-16,94.0,True,2002.5,False
4536565,2011-12-16,80.0,False,6301.32,False
4536565,2011-12-16,13.0,False,31480.31,False
4536565,2011-12-16,91.0,False,3628.81,False
4536565,2011-12-16,38.0,False,5291.96,False
4536565,2011-12-16,85.0,False,-127.43,False
4536565,2011-12-16,33.0,False,22390.52,False
4536565,2011-12-16,58.0,False,26723.38,False
4536565,2011-12-16,72.0,True,2450.65,False
4536565,2011-12-16,20.0,False,13372.31,False
4536565,2011-12-16,26.0,True,45991.19,False
4536565,2011-12-16,9.0,False,17554.7,False
4536565,2011-12-16,95.0,False,6019.92,False
4536565,2011-12-16,1.0,False,1824.11,False
4536565,2011-12-16,4.0,False,7193.2,False
4536565,2011-12-16,71.0,False,5889.56,False
4536565,2011-12-16,23.0,True,1202.62,False
4536565,2011-12-16,91.0,False,19112.32,False
4536565,2011-12-16,47.0,False,6311.12,False
4536565,2011-12-16,56.0,False,3066.55,False
4536565,2011-12-16,92.0,True,10185.37,False
4536565,2011-12-16,83.0,False,9010.82,False
4536565,2011-12-16,30.0,False,6674.12,False
4536565,2011-12-16,8.0,False,30780.56,False
4536565,2011-12-16,23.0,False,7926.93,False
4536565,2011-12-16,31.0,True,6350.87,False
4536565,2011-12-16,72.0,False,14183.56,False
4536565,2011-12-16,52.0,False,1068.94,False
4536565,2011-12-16,82.0,False,13160.72,False
4536565,2011-12-16,19.0,False,20111.97,False
4536565,2011-12-16,48.0,False,10410.0,False
4536565,2011-12-16,91.0,False,297.94,False
4536565,2011-12-16,46.0,True,4316.73,False
4536565,2011-12-16,7.0,False,53845.76,False
4536565,2011-12-16,42.0,False,32329.93,False
4536565,2011-12-16,13.0,True,18853.35,False
4536565,2011-12-16,87.0,False,6308.35,False
4536565,2011-12-16,58.0,True,18191.84,False
4536565,2011-12-16,23.0,False,28918.52,False
4536565,2011-12-16,55.0,False,3146.95,False
4536565,2011-12-16,93.0,True,1113.46,False
4536565,2011-12-16,25.0,False,1766.99,False
4536565,2011-12-16,92.0,False,5231.49,False
4536565,2011-12-16,92.0,True,2071.62,False
4536565,2011-12-16,98.0,False,362.47,False
4536565,2011-12-16,87.0,False,37748.24,False
4536565,2011-12-23,38.0,True,21324.66,False
4536565,2011-12-23,98.0,True,2732.26,False
4536565,2011-12-23,16.0,True,7158.1,False
4536565,2011-12-23,87.0,True,667.17,False
4536565,2011-12-23,93.0,True,193.53,False
4536565,2011-12-23,98.0,True,16159.31,False
4536565,2011-12-23,20.0,False,1674.57,False
4536565,2011-12-23,21.0,False,-148.61,False
4536565,2011-12-23,98.0,True,2380.38,False
4536565,2011-12-23,94.0,True,1507.88,False
4536565,2011-12-23,16.0,False,8795.43,False
4536565,2011-12-23,9.0,True,2382.12,False
4536565,2011-12-23,60.0,False,5591.68,False
4536565,2011-12-23,35.0,False,12548.75,False
4536565,2011-12-23,91.0,True,-131.43,False
4536565,2011-12-23,28.0,False,12683.34,False
4536565,2011-12-23,59.0,True,4474.25,False
4536565,2011-12-23,44.0,False,-179.68,False
4536565,2011-12-23,95.0,True,3288.59,False
4536565,2011-12-23,1.0,True,25775.37,False
4536565,2011-12-23,97.0,True,48890.46,False
4536565,2011-12-23,87.0,False,15736.26,False
4536565,2011-12-23,36.0,True,75498.89,False
4536565,2011-12-23,58.0,True,10853.47,False
4536565,2011-12-23,35.0,True,3945.49,False
4536565,2011-12-23,20.0,False,13871.76,False
4536565,2011-12-23,41.0,True,13702.02,False
4536565,2011-12-23,7.0,False,2129.54,False
4536565,2011-12-23,72.0,False,86118.54,False
4536565,2011-12-23,17.0,True,13418.99,False
4536565,2011-12-23,93.0,True,2008.86,False
4536565,2011-12-23,42.0,False,6173.16,False
4536565,2011-12-23,97.0,False,5300.5,False
4536565,2011-12-23,46.0,True,2224.93,False
4536565,2011-12-23,91.0,True,13697.61,False
4536565,2011-12-23,91.0,False,1522.78,False
4536565,2011-12-23,44.0,True,-327.3,False
4536565,2011-12-23,11.0,False,2665.61,False
4536565,2011-12-23,19.0,True,1214.23,False
4536565,2011-12-23,41.0,True,17410.29,False
4536565,2011-12-23,25.0,True,6545.06,False
4536565,2011-12-23,36.0,False,9471.4,False
4536565,2011-12-23,97.0,False,9999.02,False
4536565,2011-12-23,3.0,False,8829.81,False
4536565,2011-12-23,40.0,False,9673.94,False
4536565,2011-12-23,85.0,False,13109.66,False
4536565,2011-12-23,95.0,False,565.3,False
4536565,2011-12-23,30.0,False,6120.98,False
4536565,2011-12-23,35.0,True,995.98,False
4536565,2011-12-23,91.0,False,8893.97,False
4536565,2011-12-23,44.0,False,484.47,False
4536565,2011-12-23,7.0,False,19675.96,False
4536565,2011-12-23,23.0,False,22264.28,False
4536565,2011-12-23,71.0,True,5956.43,False
4536565,2011-12-23,42.0,False,18791.65,False
4536565,2011-12-23,1.0,False,74319.61,False
4536565,2011-12-23,80.0,False,1130.34,False
4536565,2011-12-23,92.0,True,12241.76,False
4536565,2011-12-23,90.0,False,859.68,False
4536565,2011-12-23,34.0,False,31995.47,False
4536565,2011-12-23,36.0,False,6179.87,False
4536565,2011-12-23,12.0,False,6424.5,False
4536565,2011-12-23,29.0,False,10310.9,False
4536565,2011-12-23,72.0,False,-445.82,False
4536565,2011-12-23,72.0,False,3317.35,False
4536565,2011-12-23,90.0,False,1859.69,False
4536565,2011-12-23,33.0,False,1030.66,False
4536565,2011-12-23,81.0,False,3912.22,False
4536565,2011-12-23,80.0,False,8781.44,False
4536565,2011-12-23,72.0,False,15800.09,False
4536565,2011-12-23,46.0,False,14285.01,False
4536565,2011-12-23,26.0,False,44.7,False
4536565,2011-12-23,74.0,True,14419.72,False
4536565,2011-12-23,3.0,False,8174.17,False
4536565,2011-12-23,23.0,False,4151.08,False
4536565,2011-12-23,22.0,True,5289.42,False
4536565,2011-12-23,52.0,True,273.54,False
4536565,2011-12-23,35.0,True,2004.07,False
4536565,2011-12-23,9.0,False,30795.79,False
4536565,2011-12-23,13.0,False,13053.43,False
4536565,2011-12-23,6.0,False,657.16,False
4536565,2011-12-30,32.0,True,42785.93,False
4536565,2011-12-30,22.0,True,988.38,False
4536565,2011-12-30,40.0,True,6350.09,False
4536565,2011-12-30,27.0,True,-120.62,False
4536565,2011-12-30,92.0,True,-313.43,False
4536565,2011-12-30,22.0,True,9717.88,False
4536565,2011-12-30,18.0,False,6523.19,False
4536565,2011-12-30,19.0,True,9580.94,False
4536565,2011-12-30,96.0,False,47074.6,False
4536565,2011-12-30,2.0,True,9729.61,False
4536565,2011-12-30,82.0,False,19052.76,False
4536565,2011-12-30,85.0,True,26193.84,False
4536565,2011-12-30,56.0,True,930.02,False
4536565,2011-12-30,55.0,True,4765.18,False
4536565,2011-12-30,85.0,True,11471.42,False
4536565,2011-12-30,67.0,True,2911.37,False
4536565,2011-12-30,14.0,False,-431.94,False
4536565,2011-12-30,30.0,False,13627.21,False
4536565,2011-12-30,10.0,True,6309.49,False
4536565,2011-12-30,91.0,False,13940.5,False
4536565,2011-12-30,79.0,False,458.85,False
4536565,2011-12-30,59.0,True,58108.46,False
4536565,2011-12-30,11.0,True,7362.3,False
4536565,2011-12-30,28.0,True,873.74,False
4536565,2011-12-30,9.0,True,2208.47,False
4536565,2011-12-30,40.0,True,5212.5,False
4536565,2011-12-30,28.0,False,2540.28,False
4536565,2011-12-30,6.0,False,11278.26,False
4536565,2011-12-30,30.0,True,5184.57,False
4536565,2011-12-30,29.0,False,9413.41,False
4536565,2011-12-30,80.0,True,2988.45,False
4536565,2011-12-30,67.0,False,-182.41,False
4684864,2011-12-02,90.0,False,30255.14,False
4684864,2011-12-02,91.0,False,3022.16,False
4684864,2011-12-02,97.0,False,1750.12,False
4684864,2011-12-02,67.0,False,1312.77,False
4684864,2011-12-02,93.0,False,1387.47,False
4684864,2011-12-02,60.0,False,11249.35,False
4684864,2011-12-02,58.0,False,7352.24,False
4684864,2011-12-02,93.0,False,29492.98,False
4684864,2011-12-02,80.0,False,9195.5,False
4684864,2011-12-02,52.0,False,10936.2,False
4684864,2011-12-02,19.0,False,21016.49,False
4684864,2011-12-02,97.0,False,52984.44,False
4684864,2011-12-02,33.0,False,3242.44,False
4684864,2011-12-02,24.0,False,21476.03,False
4684864,2011-12-02,42.0,False,55920.06,False
4684864,2011-12-02,25.0,False,76770.49,False
4684864,2011-12-02,67.0,False,15065.26,False
4684864,2011-12-02,98.0,False,1786.47,False
4684864,2011-12-02,60.0,False,28725.11,False
4684864,2011-12-02,96.0,False,1615.96,False
4684864,2011-12-02,52.0,False,114252.66,False
4684864,2011-12-02,55.0,False,7949.98,False
4684864,2011-12-02,80.0,False,12485.87,False
4684864,2011-12-02,9.0,False,26238.0,False
4684864,2011-12-02,10.0,False,61850.68,False
4684864,2011-12-02,21.0,False,38613.62,False
4684864,2011-12-02,9.0,False,32448.82,False
4684864,2011-12-02,95.0,False,1724.75,False
4684864,2011-12-02,24.0,False,2973.78,False
4684864,2011-12-02,7.0,False,17647.18,False
4684864,2011-12-02,41.0,False,40172.64,False
4684864,2011-12-02,44.0,False,47603.85,False
4684864,2011-12-02,98.0,False,6046.52,False
4684864,2011-12-02,23.0,False,6120.28,False
4684864,2011-12-02,10.0,False,21380.72,False
4684864,2011-12-02,49.0,False,7779.86,False
4684864,2011-12-02,97.0,False,10316.34,False
4684864,2011-12-02,23.0,False,15364.7,False
4684864,2011-12-02,8.0,False,59407.78,False
4684864,2011-12-02,60.0,False,75227.06,False
4684864,2011-12-02,91.0,False,13613.25,False
4684864,2011-12-02,94.0,False,42532.82,False
4684864,2011-12-02,56.0,False,9736.38,False
4684864,2011-12-02,98.0,False,18789.39,False
4684864,2011-12-02,98.0,False,1158.41,False
4684864,2011-12-02,26.0,False,7454.61,False
4684864,2011-12-02,85.0,False,3183.15,False
4684864,2011-12-02,3.0,False,26064.48,False
4684864,2011-12-02,95.0,False,56704.06,False
4684864,2011-12-02,82.0,False,17569.22,False
4684864,2011-12-02,82.0,False,32258.0,False
4684864,2011-12-02,93.0,False,523.67,False
4684864,2011-12-02,85.0,False,54758.0,False
4684864,2011-12-02,11.0,False,36383.93,False
4684864,2011-12-02,22.0,False,558.68,False
4684864,2011-12-02,90.0,False,2616.49,False
4684864,2011-12-02,42.0,False,16885.68,False
4684864,2011-12-02,97.0,False,5255.16,False
4684864,2011-12-02,26.0,False,56973.53,False
4684864,2011-12-02,34.0,False,20950.16,False
4684864,2011-12-02,25.0,False,32963.77,False
4684864,2011-12-02,72.0,False,18093.07,False
4684864,2011-12-02,74.0,False,8124.02,False
4684864,2011-12-02,93.0,False,34542.04,False
4684864,2011-12-02,22.0,False,22283.15,False
4684864,2011-12-02,54.0,False,14716.39,False
4684864,2011-12-02,74.0,False,33325.11,False
4684864,2011-12-02,36.0,False,16359.29,False
4684864,2011-12-02,72.0,False,38338.01,False
4684864,2011-12-02,3.0,False,78979.35,False
4684864,2011-12-02,91.0,False,14727.7,False
4684864,2011-12-02,72.0,False,19530.8,False
4684864,2011-12-02,40.0,False,28040.37,False
4684864,2011-12-02,18.0,False,80076.58,False
4684864,2011-12-02,2.0,False,8566.46,False
4684864,2011-12-02,30.0,False,9226.14,False
4684864,2011-12-02,12.0,False,5712.26,False
4684864,2011-12-02,91.0,False,42720.32,False
4684864,2011-12-02,93.0,False,864.29,False
4684864,2011-12-02,98.0,False,6449.93,False
4684864,2011-12-09,40.0,False,4908.65,False
4684864,2011-12-09,29.0,False,28969.02,False
4684864,2011-12-09,32.0,False,58347.37,False
4684864,2011-12-09,41.0,False,4309.09,False
4684864,2011-12-09,28.0,False,3987.96,False
4684864,2011-12-09,92.0,False,2328.73,False
4684864,2011-12-09,7.0,False,25454.16,False
4684864,2011-12-09,24.0,False,17949.74,False
4684864,2011-12-09,93.0,False,7172.4,False
4684864,2011-12-09,18.0,False,40853.99,False
4684864,2011-12-09,10.0,False,37506.69,False
4684864,2011-12-09,55.0,False,7815.64,False
4684864,2011-12-09,98.0,False,21759.75,False
4684864,2011-12-09,40.0,False,31674.23,False
4684864,2011-12-09,41.0,False,3433.61,False
4684864,2011-12-09,67.0,False,70004.91,False
4684864,2011-12-09,8.0,False,11204.16,False
4684864,2011-12-09,42.0,False,59117.44,False
4684864,2011-12-09,98.0,False,4433.23,False
4684864,2011-12-09,22.0,False,56142.06,False
4684864,2011-12-09,95.0,False,28585.5,False
4684864,2011-12-09,79.0,True,382.08,False
4684864,2011-12-09,98.0,True,8279.89,False
4684864,2011-12-09,23.0,False,43048.52,False
4684864,2011-12-09,93.0,False,6696.27,False
4684864,2011-12-09,92.0,False,7674.0,False
4684864,2011-12-09,96.0,False,10926.8,False
4684864,2011-12-09,14.0,False,39225.7,False
4684864,2011-12-09,25.0,False,44823.64,False
4684864,2011-12-09,26.0,False,16534.56,False
4684864,2011-12-09,85.0,False,23689.13,False
4684864,2011-12-09,90.0,False,23410.44,False
4684864,2011-12-09,37.0,False,15618.62,False
4684864,2011-12-09,9.0,False,64568.12,False
4684864,2011-12-09,79.0,False,12232.47,False
4684864,2011-12-09,72.0,False,58548.19,False
4684864,2011-12-09,94.0,False,10016.64,False
4684864,2011-12-09,14.0,False,17392.28,False
4684864,2011-12-09,17.0,False,28648.16,False
4684864,2011-12-09,42.0,False,7738.93,False
4684864,2011-12-09,74.0,False,27034.92,False
4684864,2011-12-09,34.0,False,41035.99,False
4684864,2011-12-09,52.0,False,19831.99,False
4684864,2011-12-09,16.0,False,79546.26,False
4684864,2011-12-09,27.0,False,18640.81,False
4684864,2011-12-09,19.0,False,28745.25,False
4684864,2011-12-09,71.0,False,10134.79,False
4684864,2011-12-09,99.0,False,1099.78,False
4684864,2011-12-09,9.0,False,45775.45,False
4684864,2011-12-09,41.0,False,10883.14,False
4684864,2011-12-09,30.0,False,33819.44,False
4684864,2011-12-09,91.0,False,44813.46,False
4684864,2011-12-09,90.0,False,111564.45,False
4684864,2011-12-09,12.0,False,2346.63,False
4684864,2011-12-09,24.0,False,9830.43,False
4684864,2011-12-09,32.0,False,94733.41,False
4684864,2011-12-09,94.0,False,41227.76,False
4684864,2011-12-09,34.0,False,24437.85,False
4684864,2011-12-09,7.0,False,41409.55,False
4684864,2011-12-09,98.0,False,18258.63,False
4684864,2011-12-09,52.0,False,27729.07,False
4684864,2011-12-09,54.0,False,13641.49,False
4684864,2011-12-09,92.0,True,3251.3,False
4684864,2011-12-09,91.0,True,22668.21,False
4684864,2011-12-09,82.0,False,6263.11,False
4684864,2011-12-09,52.0,False,54509.57,False
4684864,2011-12-09,5.0,False,20388.06,False
4684864,2011-12-09,45.0,False,2218.65,False
4684864,2011-12-09,29.0,False,27077.21,False
4684864,2011-12-09,55.0,False,3505.94,False
4684864,2011-12-09,54.0,False,36555.41,False
4684864,2011-12-09,52.0,False,14325.56,False
4684864,2011-12-16,55.0,False,8560.29,False
4684864,2011-12-16,82.0,False,15136.95,False
4684864,2011-12-16,25.0,False,56201.53,False
4684864,2011-12-16,35.0,False,1114.12,False
4684864,2011-12-16,52.0,True,11875.57,False
4684864,2011-12-16,46.0,False,3115.06,False
4684864,2011-12-16,71.0,True,137337.61,False
4684864,2011-12-16,82.0,False,15649.67,False
4684864,2011-12-16,58.0,False,13533.86,False
4684864,2011-12-16,8.0,False,86275.33,False
4684864,2011-12-16,8.0,False,29845.09,False
4684864,2011-12-16,55.0,False,26375.69,False
4684864,2011-12-16,87.0,False,24102.1,False
4684864,2011-12-16,52.0,False,7020.86,False
4684864,2011-12-16,22.0,True,26837.66,False
4684864,2011-12-16,13.0,False,17744.16,False
4684864,2011-12-16,11.0,False,6982.28,False
4684864,2011-12-16,21.0,False,74788.45,False
4684864,2011-12-16,37.0,False,42732.56,False
4684864,2011-12-16,98.0,False,15989.27,False
4684864,2011-12-16,90.0,False,30628.33,False
4684864,2011-12-16,22.0,False,73231.64,False
4684864,2011-12-16,7.0,False,33120.35,False
4684864,2011-12-16,36.0,False,13137.65,False
4684864,2011-12-16,94.0,False,581.38,False
4684864,2011-12-16,29.0,False,695.23,False
4684864,2011-12-16,26.0,False,18342.24,False
4684864,2011-12-16,21.0,False,12422.05,False
4684864,2011-12-16,38.0,False,14756.01,False
4684864,2011-12-16,48.0,False,18900.53,False
4684864,2011-12-16,27.0,False,134400.01,False
4684864,2011-12-16,11.0,False,37563.78,False
4684864,2011-12-16,59.0,True,493.02,False
4684864,2011-12-16,13.0,False,14346.19,False
4684864,2011-12-16,72.0,False,7204.94,False
4684864,2011-12-16,25.0,False,5047.78,False
4684864,2011-12-16,58.0,False,1951.16,False
4684864,2011-12-16,49.0,False,10318.52,False
4684864,2011-12-16,59.0,False,6411.74,False
4684864,2011-12-16,8.0,False,26035.13,False
4684864,2011-12-16,44.0,False,12856.92,False
4684864,2011-12-16,20.0,True,12882.83,False
4684864,2011-12-16,72.0,False,3217.21,False
4684864,2011-12-16,38.0,False,49105.88,False
4684864,2011-12-16,1.0,False,150803.09,False
4684864,2011-12-16,55.0,False,44887.19,False
4684864,2011-12-16,8.0,False,3023.68,False
4684864,2011-12-16,10.0,False,39925.05,False
4684864,2011-12-16,4.0,False,16229.69,False
4684864,2011-12-16,90.0,False,12658.6,False
4684864,2011-12-16,91.0,True,26654.6,False
4684864,2011-12-16,56.0,False,20579.14,False
4684864,2011-12-16,29.0,False,2088.45,False
4684864,2011-12-16,81.0,False,6747.9,False
4684864,2011-12-16,91.0,False,8015.16,False
4684864,2011-12-16,27.0,False,7247.5,False
4684864,2011-12-16,90.0,False,-42.01,False
4684864,2011-12-16,28.0,False,11528.33,False
4684864,2011-12-16,60.0,False,48764.69,False
4684864,2011-12-16,25.0,False,3346.99,False
4684864,2011-12-16,93.0,False,3872.36,False
4684864,2011-12-16,81.0,False,42860.05,False
4684864,2011-12-16,30.0,False,7276.22,False
4684864,2011-12-16,22.0,False,18035.78,False
4684864,2011-12-16,8.0,True,6002.77,False
4684864,2011-12-16,46.0,False,17697.84,False
4684864,2011-12-16,93.0,False,33403.18,False
4684864,2011-12-16,58.0,False,45103.13,False
4684864,2011-12-16,87.0,False,-100.73,False
4684864,2011-12-16,74.0,False,10838.39,False
4684864,2011-12-16,54.0,False,26600.45,False
4684864,2011-12-16,93.0,False,15622.43,False
4684864,2011-12-16,24.0,True,4665.21,False
4684864,2011-12-16,87.0,False,382.64,False
4684864,2011-12-16,22.0,False,20310.16,False
4684864,2011-12-16,16.0,False,27108.89,False
4684864,2011-12-16,91.0,False,22757.28,False
4684864,2011-12-16,16.0,False,14978.86,False
4684864,2011-12-16,24.0,False,3538.72,False
4684864,2011-12-16,92.0,False,11879.79,False
4684864,2011-12-16,5.0,False,18772.47,False
4684864,2011-12-16,21.0,True,-48.9,False
4684864,2011-12-16,34.0,False,-71.81,False
4684864,2011-12-16,67.0,False,7107.55,False
4684864,2011-12-16,95.0,False,2527.32,False
4684864,2011-12-16,85.0,False,7546.25,False
4684864,2011-12-23,79.0,False,1401.11,False
4684864,2011-12-23,83.0,False,11386.93,False
4684864,2011-12-23,3.0,False,46188.25,False
4684864,2011-12-23,80.0,True,8670.39,False
4684864,2011-12-23,33.0,False,23609.64,False
4684864,2011-12-23,31.0,False,11560.0,False
4684864,2011-12-23,52.0,True,38415.37,False
4684864,2011-12-23,97.0,True,2928.91,False
4684864,2011-12-23,22.0,True,18216.62,False
4684864,2011-12-23,8.0,True,23238.19,False
4684864,2011-12-23,93.0,False,14481.88,False
4684864,2011-12-23,80.0,False,37843.0,False
4684864,2011-12-23,97.0,False,467.75,False
4684864,2011-12-23,14.0,False,88888.83,False
4684864,2011-12-23,35.0,True,23953.66,False
4684864,2011-12-23,11.0,False,60994.31,False
4684864,2011-12-23,2.0,False,7055.25,False
4684864,2011-12-23,85.0,False,25188.9,False
4684864,2011-12-23,18.0,True,6738.28,False
4684864,2011-12-23,36.0,False,3936.41,False
4684864,2011-12-23,31.0,False,95289.17,False
4684864,2011-12-23,56.0,False,29958.68,False
4684864,2011-12-23,96.0,False,40197.94,False
4684864,2011-12-23,46.0,False,18681.91,False
4684864,2011-12-23,5.0,False,48470.09,False
4684864,2011-12-23,47.0,False,13795.64,False
4684864,2011-12-23,4.0,False,15413.07,False
4684864,2011-12-23,5.0,False,19621.41,False
4684864,2011-12-23,34.0,False,100119.06,False
4684864,2011-12-23,96.0,False,4293.24,False
4684864,2011-12-23,71.0,True,93010.82,False
4684864,2011-12-23,23.0,True,25777.56,False
4684864,2011-12-23,54.0,False,4888.73,False
4684864,2011-12-23,16.0,True,5698.13,False
4684864,2011-12-23,32.0,False,83333.94,False
4684864,2011-12-23,11.0,False,59194.56,False
4684864,2011-12-23,97.0,True,5332.25,False
4684864,2011-12-23,36.0,True,70635.55,False
4684864,2011-12-23,41.0,True,10099.96,False
4684864,2011-12-23,97.0,True,73694.45,False
4684864,2011-12-23,36.0,True,17175.64,False
4684864,2011-12-23,34.0,False,15012.19,False
4684864,2011-12-23,54.0,False,3033.54,False
4684864,2011-12-23,90.0,True,5352.33,False
4684864,2011-12-23,40.0,False,93328.24,False
4684864,2011-12-23,8.0,False,101046.27,False
4684864,2011-12-23,45.0,True,18300.82,False
4684864,2011-12-23,52.0,False,11380.59,False
4684864,2011-12-23,5.0,False,67982.15,False
4684864,2011-12-23,87.0,True,15572.46,False
4684864,2011-12-23,67.0,False,5533.92,False
4684864,2011-12-23,85.0,True,30197.43,False
4684864,2011-12-23,34.0,True,24848.91,False
4684864,2011-12-23,83.0,False,4376.52,False
4684864,2011-12-23,90.0,False,3184.14,False
4684864,2011-12-23,95.0,False,57236.56,False
4684864,2011-12-23,96.0,True,69360.32,False
4684864,2011-12-23,49.0,False,34685.12,False
4684864,2011-12-23,58.0,False,48818.66,False
4684864,2011-12-23,94.0,False,24298.22,False
4684864,2011-12-23,42.0,False,65320.49,False
4684864,2011-12-23,90.0,False,2897.15,False
4684864,2011-12-23,98.0,True,4138.85,False
4684864,2011-12-23,91.0,False,63224.41,False
4684864,2011-12-23,93.0,False,2988.7,False
4684864,2011-12-23,5.0,False,21059.65,False
4684864,2011-12-23,44.0,False,10700.16,False
4684864,2011-12-23,96.0,False,445.21,False
4684864,2011-12-23,72.0,False,20480.82,False
4684864,2011-12-23,87.0,False,5576.66,False
4684864,2011-12-23,21.0,False,87954.38,False
4684864,2011-12-23,37.0,False,5034.95,False
4684864,2011-12-23,33.0,False,34733.72,False
4684864,2011-12-23,2.0,True,137183.41,False
4684864,2011-12-23,38.0,True,5607.89,False
4684864,2011-12-23,79.0,False,33230.3,False
4684864,2011-12-23,72.0,False,5774.83,False
4684864,2011-12-23,45.0,False,9163.72,False
4684864,2011-12-23,97.0,False,4018.26,False
4684864,2011-12-23,95.0,False,20626.4,False
4684864,2011-12-23,25.0,False,8810.06,False
4684864,2011-12-23,46.0,False,5608.72,False
4684864,2011-12-23,29.0,False,20173.65,False
4684864,2011-12-23,20.0,False,52983.37,False
4684864,2011-12-23,98.0,False,18345.58,False
4684864,2011-12-23,96.0,False,2686.39,False
4684864,2011-12-23,87.0,True,1404.65,False
4684864,2011-12-30,59.0,True,501.45,False
4684864,2011-12-30,38.0,True,2361.9,False
4684864,2011-12-30,21.0,True,6149.6,False
4684864,2011-12-30,49.0,False,6271.78,False
4684864,2011-12-30,79.0,True,10444.39,False
4684864,2011-12-30,41.0,True,13348.58,False
4684864,2011-12-30,74.0,False,59997.2,False
4684864,2011-12-30,25.0,False,37617.64,False
4684864,2011-12-30,98.0,True,3735.32,False
4684864,2011-12-30,87.0,True,5255.91,False
4684864,2011-12-30,22.0,True,12774.49,False
4684864,2011-12-30,33.0,True,3410.39,False
4684864,2011-12-30,81.0,True,7898.05,False
4684864,2011-12-30,27.0,True,17037.95,False
4684864,2011-12-30,67.0,True,31123.39,False
4684864,2011-12-30,21.0,True,15159.68,False
4684864,2011-12-30,71.0,True,23881.45,False
4684864,2011-12-30,83.0,False,5587.79,False
4684864,2011-12-30,6.0,True,20345.29,False
4684864,2011-12-30,93.0,True,16830.12,False
4684864,2011-12-30,97.0,True,21.07,False
4684864,2011-12-30,97.0,True,894.68,False
4684864,2011-12-30,80.0,True,2186.47,False
4684864,2011-12-30,56.0,True,7841.61,False
4684864,2011-12-30,77.0,True,4747.12,False
4684864,2011-12-30,23.0,True,15018.02,False
4684864,2011-12-30,31.0,False,28583.08,False
4684864,2011-12-30,29.0,True,18113.39,False
4684864,2011-12-30,96.0,False,17868.12,False
4684864,2011-12-30,38.0,False,56370.47,False
4684864,2011-12-30,94.0,False,41840.06,False
4684864,2011-12-30,87.0,False,-66.67,False
4684864,2011-12-30,98.0,True,23250.25,False
4684864,2011-12-30,42.0,True,123337.63,False
4684864,2011-12-30,80.0,True,18984.69,False
4684864,2011-12-30,1.0,True,55049.54,False
4684864,2011-12-30,59.0,True,9664.93,False
4684864,2011-12-30,44.0,True,2455.75,False
4684864,2011-12-30,97.0,True,3591.76,False
4684864,2011-12-30,23.0,False,21171.26,False
4684864,2011-12-30,74.0,False,9210.71,False
4684864,2011-12-30,80.0,True,152.85,False
4684864,2011-12-30,36.0,False,10303.25,False
4684864,2011-12-30,95.0,True,21852.46,False
4684864,2011-12-30,95.0,True,1747.2,False
4684864,2011-12-30,94.0,True,38024.22,False
5089766,2011-12-02,32.0,False,7500.39,False
5089766,2011-12-02,49.0,False,55550.25,False
5089766,2011-12-02,94.0,False,16583.89,False
5089766,2011-12-02,10.0,False,11668.39,False
5089766,2011-12-02,60.0,False,1677.92,False
5089766,2011-12-02,41.0,False,9317.93,False
5089766,2011-12-02,20.0,False,15617.57,False
5089766,2011-12-02,11.0,False,27382.27,False
5089766,2011-12-02,27.0,False,3467.72,False
5089766,2011-12-02,44.0,False,42391.45,False
5089766,2011-12-02,21.0,False,30570.11,False
5089766,2011-12-02,27.0,False,5687.42,False
5089766,2011-12-02,1.0,False,5735.74,False
5089766,2011-12-02,27.0,False,1135.49,False
5089766,2011-12-02,98.0,False,192.94,False
5089766,2011-12-02,42.0,False,5660.03,False
5089766,2011-12-02,56.0,False,21255.19,False
5089766,2011-12-02,32.0,False,6283.28,False
5089766,2011-12-02,18.0,False,47514.39,False
5089766,2011-12-02,82.0,False,7471.35,False
5089766,2011-12-02,81.0,False,3553.7,False
5089766,2011-12-02,40.0,False,12192.72,False
5089766,2011-12-02,37.0,False,1452.21,False
5089766,2011-12-02,30.0,False,30326.1,False
5089766,2011-12-02,17.0,False,26818.36,False
5089766,2011-12-02,48.0,False,18603.7,False
5089766,2011-12-02,67.0,False,5114.47,False
5089766,2011-12-02,28.0,False,8140.44,False
5089766,2011-12-02,2.0,False,40943.02,False
5089766,2011-12-02,54.0,False,21059.81,False
5089766,2011-12-02,47.0,False,15560.99,False
5089766,2011-12-02,55.0,False,2707.72,False
5089766,2011-12-02,13.0,False,26992.11,False
5089766,2011-12-02,35.0,False,37910.71,False
5089766,2011-12-02,13.0,False,22135.9,False
5089766,2011-12-02,23.0,False,1822.44,False
5089766,2011-12-02,97.0,False,119.94,False
5089766,2011-12-02,67.0,False,15712.63,False
5089766,2011-12-02,18.0,False,23173.21,False
5089766,2011-12-02,31.0,False,7589.46,False
5089766,2011-12-02,58.0,False,3609.55,False
5089766,2011-12-02,54.0,False,55428.24,False
5089766,2011-12-02,20.0,False,1499.83,False
5089766,2011-12-02,90.0,False,32407.41,False
5089766,2011-12-02,59.0,False,5148.09,False
5089766,2011-12-02,19.0,False,18755.98,False
5089766,2011-12-02,28.0,False,18503.98,False
5089766,2011-12-02,31.0,False,72288.13,False
5089766,2011-12-02,4.0,False,5525.92,False
5089766,2011-12-02,45.0,False,2805.92,False
5089766,2011-12-02,35.0,False,108818.63,False
5089766,2011-12-02,6.0,False,619.0,False
5089766,2011-12-02,8.0,False,9946.56,False
5089766,2011-12-02,80.0,False,17555.86,False
5089766,2011-12-02,32.0,False,2554.5,False
5089766,2011-12-02,34.0,False,42379.0,False
5089766,2011-12-02,24.0,False,7484.77,False
5089766,2011-12-02,33.0,False,8214.92,False
5089766,2011-12-02,33.0,False,40592.02,False
5089766,2011-12-02,95.0,False,31750.19,False
5089766,2011-12-02,81.0,False,4564.93,False
5089766,2011-12-02,72.0,False,2900.65,False
5089766,2011-12-02,87.0,False,8271.95,False
5089766,2011-12-02,32.0,False,20988.92,False
5089766,2011-12-02,87.0,False,11278.2,False
5089766,2011-12-02,55.0,False,26393.44,False
5089766,2011-12-09,26.0,False,14449.67,False
5089766,2011-12-09,28.0,False,21692.07,False
5089766,2011-12-09,20.0,False,19061.0,False
5089766,2011-12-09,45.0,False,1470.86,False
5089766,2011-12-09,40.0,False,14590.08,False
5089766,2011-12-09,31.0,False,31090.44,False
5089766,2011-12-09,72.0,False,1687.5,False
5089766,2011-12-09,94.0,False,5193.37,False
5089766,2011-12-09,98.0,True,23249.19,False
5089766,2011-12-09,12.0,False,14187.09,False
5089766,2011-12-09,1.0,False,39850.46,False
5089766,2011-12-09,14.0,False,10727.74,False
5089766,2011-12-09,30.0,False,5652.24,False
5089766,2011-12-09,52.0,False,21810.96,False
5089766,2011-12-09,17.0,False,14544.67,False
5089766,2011-12-09,35.0,False,93033.57,False
5089766,2011-12-09,18.0,False,24343.52,False
5089766,2011-12-09,21.0,True,415.8,False
5089766,2011-12-09,29.0,False,12689.17,False
5089766,2011-12-09,79.0,False,191.5,False
5089766,2011-12-09,46.0,False,1101.43,False
5089766,2011-12-09,41.0,False,8928.69,False
5089766,2011-12-09,25.0,False,5007.52,False
5089766,2011-12-09,83.0,False,10267.66,False
5089766,2011-12-09,79.0,False,46581.26,False
5089766,2011-12-09,60.0,True,26617.63,False
5089766,2011-12-09,18.0,False,12413.79,False
5089766,2011-12-09,82.0,False,14825.18,False
5089766,2011-12-09,11.0,False,411.8,False
5089766,2011-12-09,58.0,False,2176.44,False
5089766,2011-12-09,83.0,False,18196.75,False
5089766,2011-12-09,3.0,False,16066.31,False
5089766,2011-12-09,34.0,False,1687.06,False
5089766,2011-12-09,46.0,False,269.42,False
5089766,2011-12-09,34.0,False,1811.07,False
5089766,2011-12-09,12.0,False,3801.14,False
5089766,2011-12-09,81.0,False,7294.71,False
5089766,2011-12-09,29.0,False,4663.34,False
5089766,2011-12-09,30.0,False,8497.36,False
5089766,2011-12-09,67.0,True,2849.94,False
5089766,2011-12-09,46.0,False,15736.43,False
5089766,2011-12-09,32.0,False,5384.16,False
5089766,2011-12-09,94.0,False,5001.85,False
5089766,2011-12-09,19.0,False,15613.45,False
5089766,2011-12-09,71.0,False,7662.72,False
5089766,2011-12-09,55.0,False,4368.1,False
5089766,2011-12-09,67.0,False,2198.35,False
5089766,2011-12-09,38.0,False,9478.55,False
5089766,2011-12-09,31.0,False,339.01,False
5089766,2011-12-09,90.0,False,23992.23,False
5089766,2011-12-09,26.0,False,3479.01,False
5089766,2011-12-09,90.0,False,14187.36,False
5089766,2011-12-09,49.0,False,8537.41,False
5089766,2011-12-09,90.0,False,10244.73,False
5089766,2011-12-09,91.0,False,3373.44,False
5089766,2011-12-09,10.0,False,89065.42,False
5089766,2011-12-09,23.0,False,4244.37,False
5089766,2011-12-09,9.0,False,5879.76,False
5089766,2011-12-09,60.0,False,55546.05,False
5089766,2011-12-09,59.0,False,968.51,False
5089766,2011-12-09,25.0,False,27589.34,False
5089766,2011-12-09,80.0,False,5506.87,False
5089766,2011-12-09,8.0,False,27265.23,False
5089766,2011-12-09,10.0,True,6317.46,False
5089766,2011-12-09,97.0,False,1722.56,False
5089766,2011-12-09,81.0,False,19533.97,False
5089766,2011-12-09,6.0,False,31519.36,False
5089766,2011-12-09,92.0,False,643.34,False
5089766,2011-12-09,20.0,False,11225.98,False
5089766,2011-12-09,82.0,False,69136.1,False
5089766,2011-12-09,98.0,False,11569.94,False
5089766,2011-12-09,87.0,False,27518.85,False
5089766,2011-12-09,80.0,False,40069.81,False
5089766,2011-12-09,32.0,False,15980.93,False
5089766,2011-12-09,44.0,False,47681.5,False
5089766,2011-12-09,16.0,False,1546.59,False
5089766,2011-12-09,97.0,False,46939.3,False
5089766,2011-12-09,59.0,False,17899.18,False
5089766,2011-12-09,19.0,False,20274.75,False
5089766,2011-12-09,5.0,False,5228.26,False
5089766,2011-12-09,6.0,False,1412.98,False
5089766,2011-12-09,32.0,False,493.11,False
5089766,2011-12-09,17.0,False,15456.75,False
5089766,2011-12-16,25.0,False,26844.06,False
5089766,2011-12-16,38.0,False,109.35,False
5089766,2011-12-16,52.0,False,137.17,False
5089766,2011-12-16,17.0,True,22212.74,False
5089766,2011-12-16,6.0,False,3649.93,False
5089766,2011-12-16,9.0,False,2828.06,False
5089766,2011-12-16,81.0,False,9353.4,False
5089766,2011-12-16,56.0,False,11656.12,False
5089766,2011-12-16,17.0,False,60456.69,False
5089766,2011-12-16,54.0,False,7533.22,False
5089766,2011-12-16,74.0,True,4074.32,False
5089766,2011-12-16,97.0,False,9634.82,False
5089766,2011-12-16,6.0,False,45758.46,False
5089766,2011-12-16,72.0,True,24738.28,False
5089766,2011-12-16,18.0,False,2276.61,False
5089766,2011-12-16,41.0,False,3707.28,False
5089766,2011-12-16,91.0,False,12826.44,False
5089766,2011-12-16,38.0,False,4800.71,False
5089766,2011-12-16,97.0,False,6198.96,False
5089766,2011-12-16,38.0,False,5852.23,False
5089766,2011-12-16,93.0,False,1154.21,False
5089766,2011-12-16,97.0,False,6588.55,False
5089766,2011-12-16,36.0,True,11540.13,False
5089766,2011-12-16,2.0,True,508.41,False
5089766,2011-12-16,34.0,False,10343.91,False
5089766,2011-12-16,59.0,False,22204.65,False
5089766,2011-12-16,79.0,False,33033.18,False
5089766,2011-12-16,41.0,True,6563.75,False
5089766,2011-12-16,79.0,False,5377.73,False
5089766,2011-12-16,28.0,False,22585.67,False
5089766,2011-12-16,12.0,True,21575.91,False
5089766,2011-12-16,97.0,True,4632.05,False
5089766,2011-12-16,67.0,False,38982.08,False
5089766,2011-12-16,49.0,False,56869.29,False
5089766,2011-12-16,38.0,False,6496.95,False
5089766,2011-12-16,6.0,False,36681.52,False
5089766,2011-12-16,97.0,False,8443.6,False
5089766,2011-12-16,9.0,True,35932.5,False
5089766,2011-12-16,67.0,False,10187.49,False
5089766,2011-12-16,83.0,False,440.72,False
5089766,2011-12-16,19.0,False,4644.23,False
5089766,2011-12-16,92.0,False,1506.41,False
5089766,2011-12-16,28.0,False,1759.3,False
5089766,2011-12-16,82.0,False,8481.7,False
5089766,2011-12-16,7.0,False,31332.22,False
5089766,2011-12-16,8.0,False,12334.42,False
5089766,2011-12-16,97.0,False,4265.42,False
5089766,2011-12-16,96.0,False,2793.1,False
5089766,2011-12-16,16.0,False,1013.98,False
5089766,2011-12-16,14.0,False,48048.28,False
5089766,2011-12-16,36.0,False,3814.43,False
5089766,2011-12-16,7.0,False,7894.5,False
5089766,2011-12-16,92.0,False,7.53,False
5089766,2011-12-16,80.0,False,24545.92,False
5089766,2011-12-16,8.0,False,7992.63,False
5089766,2011-12-16,20.0,False,30.47,False
5089766,2011-12-16,44.0,True,1428.45,False
5089766,2011-12-16,18.0,False,3837.27,False
5089766,2011-12-16,12.0,False,7539.88,False
5089766,2011-12-16,9.0,False,3114.25,False
5089766,2011-12-16,87.0,False,3351.57,False
5089766,2011-12-16,20.0,True,1940.8,False
5089766,2011-12-16,28.0,False,32642.78,False
5089766,2011-12-16,30.0,False,2457.78,False
5089766,2011-12-16,6.0,True,70752.19,False
5089766,2011-12-16,26.0,False,56932.67,False
5089766,2011-12-16,46.0,False,25764.33,False
5089766,2011-12-16,71.0,True,295.13,False
5089766,2011-12-16,91.0,False,12139.25,False
5089766,2011-12-16,38.0,False,9655.3,False
5089766,2011-12-16,30.0,False,17209.04,False
5089766,2011-12-16,17.0,False,20279.42,False
5089766,2011-12-16,71.0,False,19439.86,False
5089766,2011-12-16,11.0,False,7473.09,False
5089766,2011-12-16,47.0,False,11695.16,False
5089766,2011-12-16,7.0,False,27438.08,False
5089766,2011-12-16,52.0,False,27208.11,False
5089766,2011-12-23,72.0,False,3503.23,False
5089766,2011-12-23,32.0,True,2272.3,False
5089766,2011-12-23,74.0,True,1485.45,False
5089766,2011-12-23,21.0,False,8775.23,False
5089766,2011-12-23,23.0,False,3056.99,False
5089766,2011-12-23,41.0,False,3658.03,False
5089766,2011-12-23,7.0,True,4482.65,False
5089766,2011-12-23,20.0,False,5364.26,False
5089766,2011-12-23,56.0,True,14831.56,False
5089766,2011-12-23,37.0,True,41835.41,False
5089766,2011-12-23,79.0,False,8970.44,False
5089766,2011-12-23,94.0,False,5082.16,False
5089766,2011-12-23,19.0,False,44746.97,False
5089766,2011-12-23,74.0,False,27953.43,False
5089766,2011-12-23,31.0,True,375.29,False
5089766,2011-12-23,82.0,False,12907.83,False
5089766,2011-12-23,55.0,True,1175.92,False
5089766,2011-12-23,49.0,True,2490.91,False
5089766,2011-12-23,52.0,False,6385.39,False
5089766,2011-12-23,85.0,False,14632.93,False
5089766,2011-12-23,79.0,True,8441.39,False
5089766,2011-12-23,13.0,False,24998.47,False
5089766,2011-12-23,1.0,True,7889.89,False
5089766,2011-12-23,98.0,True,42306.34,False
5089766,2011-12-23,20.0,False,4077.7,False
5089766,2011-12-23,71.0,True,2805.23,False
5089766,2011-12-23,20.0,False,2412.13,False
5089766,2011-12-23,81.0,True,14170.65,False
5089766,2011-12-23,25.0,False,10575.97,False
5089766,2011-12-23,41.0,True,8644.9,False
5089766,2011-12-23,72.0,False,1086.62,False
5089766,2011-12-23,19.0,True,13308.4,False
5089766,2011-12-23,82.0,True,774.16,False
5089766,2011-12-23,74.0,True,25071.63,False
5089766,2011-12-23,21.0,False,13526.13,False
5089766,2011-12-23,28.0,False,7670.88,False
5089766,2011-12-23,2.0,False,11931.37,False
5089766,2011-12-23,46.0,False,4826.93,False
5089766,2011-12-23,4.0,False,13551.27,False
5089766,2011-12-23,30.0,False,5123.27,False
5089766,2011-12-23,59.0,True,40877.88,False
5089766,2011-12-23,7.0,False,85293.81,False
5089766,2011-12-23,28.0,True,3897.36,False
5089766,2011-12-23,12.0,False,6171.29,False
5089766,2011-12-23,42.0,False,2224.54,False
5089766,2011-12-23,28.0,False,6564.81,False
5089766,2011-12-23,31.0,True,15584.31,False
5089766,2011-12-23,34.0,False,37897.68,False
5089766,2011-12-23,74.0,True,3606.39,False
5089766,2011-12-23,7.0,True,7659.51,False
5089766,2011-12-23,26.0,False,8413.6,False
5089766,2011-12-23,99.0,True,8026.18,False
5089766,2011-12-23,24.0,False,9122.23,False
5089766,2011-12-23,23.0,False,7664.95,False
5089766,2011-12-23,28.0,False,24924.64,False
5089766,2011-12-23,26.0,False,24294.55,False
5089766,2011-12-23,52.0,False,3439.32,False
5089766,2011-12-23,80.0,True,1543.85,False
5089766,2011-12-23,28.0,False,21779.05,False
5089766,2011-12-23,56.0,True,5791.93,False
5089766,2011-12-23,28.0,True,12665.1,False
5089766,2011-12-23,21.0,False,11060.96,False
5089766,2011-12-23,49.0,False,66467.49,False
5089766,2011-12-23,67.0,True,22868.48,False
5089766,2011-12-23,1.0,False,1990.37,False
5089766,2011-12-23,21.0,True,21289.53,False
5089766,2011-12-23,13.0,False,5281.39,False
5089766,2011-12-23,97.0,True,36647.17,False
5089766,2011-12-23,9.0,True,2422.97,False
5089766,2011-12-23,90.0,False,7116.57,False
5089766,2011-12-23,95.0,False,28179.88,False
5089766,2011-12-23,59.0,False,11064.67,False
5089766,2011-12-23,67.0,False,3514.45,False
5089766,2011-12-23,16.0,False,9205.61,False
5089766,2011-12-23,34.0,False,18656.01,False
5089766,2011-12-23,31.0,True,658.14,False
5089766,2011-12-23,93.0,False,36449.13,False
5089766,2011-12-23,26.0,False,10551.13,False
5089766,2011-12-23,37.0,False,24476.24,False
5089766,2011-12-23,38.0,False,6430.92,False
5089766,2011-12-23,22.0,False,8829.3,False
5089766,2011-12-23,87.0,True,15641.29,False
5089766,2011-12-23,7.0,True,1486.78,False
5089766,2011-12-23,71.0,False,25641.2,False
5089766,2011-12-23,98.0,True,12451.68,False
5089766,2011-12-23,42.0,False,17024.28,False
5089766,2011-12-23,27.0,False,1998.68,False
5089766,2011-12-23,49.0,True,25630.2,False
5089766,2011-12-23,6.0,False,68421.54,False
5089766,2011-12-23,58.0,True,1441.55,False
5089766,2011-12-30,11.0,True,19614.47,False
5089766,2011-12-30,36.0,True,17831.81,False
5089766,2011-12-30,25.0,True,4748.39,False
5089766,2011-12-30,49.0,True,5786.37,False
5089766,2011-12-30,26.0,True,415.97,False
5089766,2011-12-30,40.0,True,353.58,False
5089766,2011-12-30,87.0,True,1557.96,False
5089766,2011-12-30,36.0,False,2431.46,False
5089766,2011-12-30,42.0,True,23662.46,False
5089766,2011-12-30,31.0,True,735.63,False
5089766,2011-12-30,46.0,True,30825.99,False
5089766,2011-12-30,28.0,True,22837.87,False
5089766,2011-12-30,36.0,True,46680.63,False
5089766,2011-12-30,30.0,False,21144.07,False
5089766,2011-12-30,9.0,True,2631.29,False
5089766,2011-12-30,91.0,True,4068.5,False
5089766,2011-12-30,38.0,False,6653.43,False
5089766,2011-12-30,79.0,True,247.89,False
5089766,2011-12-30,3.0,True,4766.81,False
5089766,2011-12-30,11.0,True,14938.77,False
5089766,2011-12-30,91.0,True,49391.4,False
5089766,2011-12-30,38.0,True,4044.06,False
5089766,2011-12-30,97.0,True,9450.08,False
5089766,2011-12-30,40.0,True,275.84,False
5089766,2011-12-30,67.0,True,3796.17,False
5089766,2011-12-30,90.0,True,10479.43,False
5089766,2011-12-30,19.0,False,18009.56,False
5089766,2011-12-30,21.0,False,23015.78,False
5089766,2011-12-30,23.0,True,12664.16,False
5089766,2011-12-30,54.0,False,19592.38,False
5089766,2011-12-30,72.0,True,454.03,False
5089766,2011-12-30,19.0,True,8465.65,False
5089766,2011-12-30,48.0,False,11039.24,False
5089766,2011-12-30,28.0,False,12478.72,False
5089766,2011-12-30,34.0,False,2752.77,False
5089766,2011-12-30,67.0,False,44608.41,False
5089766,2011-12-30,7.0,False,16793.23,False
5089766,2011-12-30,37.0,True,10428.91,False
5089766,2011-12-30,92.0,False,30441.17,False
5089766,2011-12-30,27.0,True,4688.59,False
5089766,2011-12-30,60.0,True,1882.76,False
5089766,2011-12-30,96.0,False,10005.46,False
5089766,2011-12-30,91.0,False,1234.56,False
5089766,2011-12-30,58.0,True,3330.93,False
5089766,2011-12-30,28.0,True,1341.49,False
5089766,2011-12-30,72.0,False,24969.14,False
5089766,2011-12-30,16.0,True,5630.17,False
5089766,2011-12-30,91.0,False,5421.16,False
5089766,2011-12-30,92.0,False,25603.93,False
5089766,2011-12-30,42.0,False,6531.37,False
5089766,2011-12-30,85.0,True,19279.19,False
5089766,2011-12-30,49.0,True,2883.45,False
5089766,2011-12-30,87.0,True,9.5,False
5089766,2011-12-30,27.0,True,25365.06,False
5089766,2011-12-30,21.0,True,15865.27,False
5301261,2011-12-02,34.0,False,12577.56,False
5301261,2011-12-02,58.0,False,87.48,False
5301261,2011-12-02,2.0,False,18168.64,False
5301261,2011-12-02,24.0,False,11639.36,False
5301261,2011-12-02,83.0,False,-379.21,False
5301261,2011-12-02,16.0,False,5641.33,False
5301261,2011-12-02,19.0,False,6504.98,False
5301261,2011-12-02,41.0,False,1717.11,False
5301261,2011-12-02,10.0,False,6064.77,False
5301261,2011-12-02,94.0,False,-281.02,False
5301261,2011-12-02,8.0,False,22434.56,False
5301261,2011-12-02,27.0,False,24218.44,False
5301261,2011-12-02,25.0,False,153.63,False
5301261,2011-12-02,9.0,False,8559.1,False
5301261,2011-12-02,25.0,False,5100.89,False
5301261,2011-12-02,55.0,False,4792.09,False
5301261,2011-12-02,67.0,False,1800.87,False
5301261,2011-12-02,54.0,False,3115.91,False
5301261,2011-12-02,23.0,False,6070.15,False
5301261,2011-12-02,82.0,False,6256.15,False
5301261,2011-12-02,20.0,False,-352.82,False
5301261,2011-12-02,20.0,False,4304.7,False
5301261,2011-12-02,44.0,False,16873.36,False
5301261,2011-12-02,26.0,False,17367.25,False
5301261,2011-12-02,18.0,False,9820.23,False
5301261,2011-12-02,19.0,False,8812.69,False
5301261,2011-12-02,38.0,False,8539.52,False
5301261,2011-12-02,21.0,False,16100.21,False
5301261,2011-12-02,94.0,False,1263.09,False
5301261,2011-12-02,97.0,False,19910.73,False
5301261,2011-12-02,33.0,True,3246.12,False
5301261,2011-12-02,30.0,False,8603.09,False
5301261,2011-12-02,12.0,False,6075.38,False
5301261,2011-12-02,56.0,False,4411.63,False
5301261,2011-12-02,24.0,False,9165.89,False
5301261,2011-12-02,7.0,False,23952.49,False
5301261,2011-12-02,25.0,False,6661.28,False
5301261,2011-12-02,58.0,True,2544.14,False
5301261,2011-12-02,82.0,False,40043.18,False
5301261,2011-12-02,96.0,False,414.9,False
5301261,2011-12-02,16.0,False,9244.81,False
5301261,2011-12-02,35.0,False,1012.66,False
5301261,2011-12-02,19.0,False,364.55,False
5301261,2011-12-02,23.0,False,5268.57,False
5301261,2011-12-02,21.0,False,11360.5,False
5301261,2011-12-02,33.0,False,66279.83,False
5301261,2011-12-02,85.0,False,7897.79,False
5301261,2011-12-02,81.0,False,2417.87,False
5301261,2011-12-02,5.0,False,39241.34,False
5301261,2011-12-02,56.0,False,17860.36,False
5301261,2011-12-02,93.0,False,2901.01,False
5301261,2011-12-02,79.0,False,36533.07,False
5301261,2011-12-02,5.0,False,58708.07,False
5301261,2011-12-02,52.0,False,17087.43,False
5301261,2011-12-02,4.0,False,82051.46,False
5301261,2011-12-02,30.0,False,13408.15,False
5301261,2011-12-02,18.0,False,7633.67,False
5301261,2011-12-02,2.0,False,25606.7,False
5301261,2011-12-02,81.0,False,19043.65,False
5301261,2011-12-02,38.0,False,1920.36,False
5301261,2011-12-02,85.0,False,1709.87,False
5301261,2011-12-02,60.0,False,789.21,False
5301261,2011-12-02,2.0,False,2601.69,False
5301261,2011-12-02,35.0,False,1790.43,False
5301261,2011-12-02,72.0,False,29265.81,False
5301261,2011-12-02,38.0,False,50162.66,False
5301261,2011-12-02,31.0,False,12497.73,False
5301261,2011-12-02,25.0,True,2936.99,False
5301261,2011-12-02,98.0,False,2229.05,False
5301261,2011-12-02,97.0,False,7802.53,False
5301261,2011-12-02,58.0,False,3317.17,False
5301261,2011-12-02,92.0,False,9801.62,False
5301261,2011-12-02,52.0,False,26450.25,False
5301261,2011-12-02,14.0,False,2490.46,False
5301261,2011-12-02,98.0,False,-430.79,False
5301261,2011-12-02,22.0,False,12042.91,False
5301261,2011-12-02,46.0,False,-302.78,False
5301261,2011-12-02,79.0,False,7565.68,False
5301261,2011-12-02,12.0,False,838.15,False
5301261,2011-12-02,4.0,False,11717.2,False
5301261,2011-12-02,5.0,False,31437.44,False
5301261,2011-12-02,97.0,True,2838.58,False
5301261,2011-12-02,72.0,False,24452.49,False
5301261,2011-12-02,8.0,False,2790.67,False
5301261,2011-12-02,13.0,False,61078.59,False
5301261,2011-12-02,54.0,False,30048.82,False
5301261,2011-12-02,71.0,False,5827.23,False
5301261,2011-12-02,95.0,False,-42.83,False
5301261,2011-12-02,52.0,False,1230.64,False
5301261,2011-12-02,7.0,False,3077.75,False
5301261,2011-12-02,91.0,False,4651.4,False
5301261,2011-12-02,87.0,False,249.8,False
5301261,2011-12-02,80.0,False,6392.24,False
5301261,2011-12-02,35.0,False,5194.96,False
5301261,2011-12-02,27.0,False,10841.81,False
5301261,2011-12-02,10.0,False,1954.79,False
5301261,2011-12-02,16.0,False,3351.8,False
5301261,2011-12-02,13.0,False,48685.54,False
5301261,2011-12-09,3.0,False,25914.82,False
5301261,2011-12-09,55.0,False,158.97,False
5301261,2011-12-09,30.0,False,1774.23,False
5301261,2011-12-09,83.0,False,5163.24,False
5301261,2011-12-09,60.0,False,25124.2,False
5301261,2011-12-09,38.0,False,686.94,False
5301261,2011-12-09,37.0,False,6926.63,False
5301261,2011-12-09,42.0,False,2732.99,False
5301261,2011-12-09,82.0,False,474.53,False
5301261,2011-12-09,38.0,True,28636.48,False
5301261,2011-12-09,24.0,False,2027.98,False
5301261,2011-12-09,81.0,False,8305.98,False
5301261,2011-12-09,10.0,False,6578.88,False
5301261,2011-12-09,46.0,False,20145.98,False
5301261,2011-12-09,1.0,False,4869.51,False
5301261,2011-12-09,55.0,False,23689.03,False
5301261,2011-12-09,9.0,False,21927.76,False
5301261,2011-12-09,40.0,False,5896.19,False
5301261,2011-12-09,13.0,True,30995.15,False
5301261,2011-12-09,54.0,False,13797.77,False
5301261,2011-12-09,54.0,False,8055.92,False
5301261,2011-12-09,41.0,False,-162.37,False
5301261,2011-12-09,28.0,False,14096.41,False
5301261,2011-12-09,49.0,False,18517.52,False
5301261,2011-12-09,9.0,True,32542.55,False
5301261,2011-12-09,83.0,False,10358.54,False
5301261,2011-12-09,30.0,False,9109.41,False
5301261,2011-12-09,24.0,False,28469.47,False
5301261,2011-12-09,74.0,False,519.07,False
5301261,2011-12-09,19.0,False,11508.75,False
5301261,2011-12-09,34.0,False,19021.7,False
5301261,2011-12-09,33.0,False,5112.69,False
5301261,2011-12-09,33.0,True,5779.06,False
5301261,2011-12-09,13.0,True,3989.02,False
5301261,2011-12-09,17.0,False,16644.8,False
5301261,2011-12-09,19.0,False,16862.8,False
5301261,2011-12-09,40.0,False,2615.63,False
5301261,2011-12-09,25.0,False,35483.38,False
5301261,2011-12-09,19.0,False,7671.12,False
5301261,2011-12-09,96.0,True,2964.86,False
5301261,2011-12-09,54.0,False,8627.9,False
5301261,2011-12-09,16.0,False,16739.72,False
5301261,2011-12-09,71.0,False,3352.25,False
5301261,2011-12-09,22.0,False,45801.6,False
5301261,2011-12-09,20.0,False,2908.8,False
5301261,2011-12-09,87.0,False,25701.76,False
5301261,2011-12-09,87.0,False,3889.77,False
5301261,2011-12-09,13.0,False,6022.8,False
5301261,2011-12-09,74.0,False,29180.98,False
5301261,2011-12-09,80.0,True,22654.8,False
5301261,2011-12-09,36.0,False,138.09,False
5301261,2011-12-09,10.0,False,2628.2,False
5301261,2011-12-09,8.0,False,28343.21,False
5301261,2011-12-09,41.0,False,-83.75,False
5301261,2011-12-09,91.0,True,8213.69,False
5301261,2011-12-09,79.0,False,14320.45,False
5301261,2011-12-09,33.0,False,5135.56,False
5301261,2011-12-09,27.0,False,3403.28,False
5301261,2011-12-09,37.0,False,3603.84,False
5301261,2011-12-09,18.0,False,8917.05,False
5301261,2011-12-09,74.0,True,11404.54,False
5301261,2011-12-09,3.0,False,32907.63,False
5301261,2011-12-09,96.0,False,4503.3,False
5301261,2011-12-09,52.0,False,7948.57,False
5301261,2011-12-09,10.0,False,23865.38,False
5301261,2011-12-09,32.0,True,21566.14,False
5301261,2011-12-09,52.0,False,110.75,False
5301261,2011-12-09,20.0,False,3747.37,False
5301261,2011-12-09,80.0,False,23623.1,False
5301261,2011-12-09,59.0,True,7204.53,False
5301261,2011-12-09,37.0,False,44221.34,False
5301261,2011-12-09,33.0,False,15091.77,False
5301261,2011-12-09,93.0,False,12157.54,False
5301261,2011-12-09,13.0,False,40405.54,False
5301261,2011-12-09,35.0,False,3056.3,False
5301261,2011-12-09,87.0,False,1170.86,False
5301261,2011-12-09,30.0,False,8632.1,False
5301261,2011-12-09,7.0,False,7481.78,False
5301261,2011-12-09,71.0,False,8904.38,False
5301261,2011-12-09,32.0,False,9621.77,False
5301261,2011-12-16,95.0,False,1842.33,False
5301261,2011-12-16,46.0,False,781.37,False
5301261,2011-12-16,10.0,False,19611.74,False
5301261,2011-12-16,44.0,False,27620.49,False
5301261,2011-12-16,8.0,False,26059.94,False
5301261,2011-12-16,34.0,False,3194.74,False
5301261,2011-12-16,94.0,False,1935.37,False
5301261,2011-12-16,97.0,False,4948.88,False
5301261,2011-12-16,14.0,False,15735.1,False
5301261,2011-12-16,91.0,True,3993.45,False
5301261,2011-12-16,21.0,False,23847.0,False
5301261,2011-12-16,35.0,False,43561.08,False
5301261,2011-12-16,54.0,False,3527.85,False
5301261,2011-12-16,85.0,False,9019.07,False
5301261,2011-12-16,95.0,False,2343.77,False
5301261,2011-12-16,29.0,True,15249.26,False
5301261,2011-12-16,48.0,False,21890.97,False
5301261,2011-12-16,67.0,False,615.89,False
5301261,2011-12-16,32.0,False,5065.07,False
5301261,2011-12-16,49.0,True,1493.19,False
5301261,2011-12-16,8.0,False,10051.34,False
5301261,2011-12-16,81.0,False,177.85,False
5301261,2011-12-16,31.0,False,6967.92,False
5301261,2011-12-16,55.0,True,16288.18,False
5301261,2011-12-16,72.0,False,115.8,False
5301261,2011-12-16,72.0,False,7552.35,False
5301261,2011-12-16,7.0,True,12619.81,False
5301261,2011-12-16,6.0,False,40437.88,False
5301261,2011-12-16,46.0,False,3294.9,False
5301261,2011-12-16,11.0,False,7770.25,False
5301261,2011-12-16,90.0,False,13333.05,False
5301261,2011-12-16,30.0,False,24929.4,False
5301261,2011-12-16,35.0,False,1272.43,False
5301261,2011-12-16,13.0,False,3967.78,False
5301261,2011-12-16,34.0,False,25915.2,False
5301261,2011-12-16,94.0,False,-212.71,False
5301261,2011-12-16,28.0,False,23945.3,False
5301261,2011-12-16,36.0,False,49147.96,False
5301261,2011-12-16,5.0,False,28888.0,False
5301261,2011-12-16,56.0,False,2083.64,False
5301261,2011-12-16,91.0,False,6738.55,False
5301261,2011-12-16,80.0,True,1362.38,False
5301261,2011-12-16,81.0,False,4963.64,False
5301261,2011-12-16,71.0,False,11541.12,False
5301261,2011-12-16,16.0,False,4501.54,False
5301261,2011-12-16,25.0,True,10202.22,False
5301261,2011-12-16,4.0,False,69747.79,False
5301261,2011-12-16,10.0,False,11731.08,False
5301261,2011-12-16,79.0,False,439.79,False
5301261,2011-12-16,11.0,False,20124.31,False
5301261,2011-12-16,38.0,False,2933.18,False
5301261,2011-12-16,18.0,False,11160.96,False
5301261,2011-12-16,92.0,False,20412.77,False
5301261,2011-12-16,21.0,False,22660.34,False
5301261,2011-12-16,20.0,True,5646.14,False
5301261,2011-12-16,29.0,False,7482.03,False
5301261,2011-12-16,16.0,False,2717.36,False
5301261,2011-12-16,19.0,False,26481.97,False
5301261,2011-12-16,18.0,False,26005.66,False
5301261,2011-12-16,1.0,True,16728.78,False
5301261,2011-12-16,96.0,False,1560.34,False
5301261,2011-12-16,18.0,True,13541.84,False
5301261,2011-12-16,38.0,False,-277.51,False
5301261,2011-12-16,9.0,False,1132.73,False
5301261,2011-12-16,97.0,False,20.91,False
5301261,2011-12-16,3.0,True,36932.37,False
5301261,2011-12-16,80.0,False,1810.11,False
5301261,2011-12-16,42.0,False,9230.64,False
5301261,2011-12-16,44.0,False,11020.14,False
5301261,2011-12-16,49.0,False,26655.05,False
5301261,2011-12-23,98.0,True,5124.39,False
5301261,2011-12-23,21.0,False,401.42,False
5301261,2011-12-23,59.0,False,2115.64,False
5301261,2011-12-23,21.0,False,1087.56,False
5301261,2011-12-23,31.0,False,8825.58,False
5301261,2011-12-23,41.0,True,1333.71,False
5301261,2011-12-23,45.0,True,12834.4,False
5301261,2011-12-23,16.0,False,2951.8,False
5301261,2011-12-23,14.0,True,3386.19,False
5301261,2011-12-23,23.0,False,1385.69,False
5301261,2011-12-23,18.0,True,40020.15,False
5301261,2011-12-23,92.0,True,-421.37,False
5301261,2011-12-23,56.0,False,4554.53,False
5301261,2011-12-23,38.0,True,2022.69,False
5301261,2011-12-23,18.0,True,11119.19,False
5301261,2011-12-23,97.0,True,10674.68,False
5301261,2011-12-23,58.0,True,8852.87,False
5301261,2011-12-23,49.0,False,25373.95,False
5301261,2011-12-23,58.0,False,4997.81,False
5301261,2011-12-23,25.0,True,7836.41,False
5301261,2011-12-23,44.0,False,5304.1,False
5301261,2011-12-23,71.0,False,19464.12,False
5301261,2011-12-23,52.0,True,27457.58,False
5301261,2011-12-23,58.0,True,-238.01,False
5301261,2011-12-23,38.0,True,1352.22,False
5301261,2011-12-23,7.0,False,20230.36,False
5301261,2011-12-23,94.0,False,35736.07,False
5301261,2011-12-23,47.0,True,3352.97,False
5301261,2011-12-23,20.0,True,17071.6,False
5301261,2011-12-23,11.0,True,6052.91,False
5301261,2011-12-23,5.0,True,7196.86,False
5301261,2011-12-23,29.0,True,8853.98,False
5301261,2011-12-23,20.0,False,5512.25,False
5301261,2011-12-23,58.0,False,172.27,False
5301261,2011-12-23,95.0,False,4939.39,False
5301261,2011-12-23,30.0,True,5778.47,False
5301261,2011-12-23,10.0,True,14685.5,False
5301261,2011-12-23,59.0,False,2509.29,False
5301261,2011-12-23,11.0,False,27386.88,False
5301261,2011-12-23,11.0,False,6403.78,False
5301261,2011-12-23,13.0,True,34755.34,False
5301261,2011-12-23,20.0,False,15993.72,False
5301261,2011-12-23,2.0,True,12505.21,False
5301261,2011-12-23,35.0,True,4365.85,False
5301261,2011-12-23,11.0,False,366.21,False
5301261,2011-12-23,12.0,False,27019.22,False
5301261,2011-12-23,22.0,False,19368.71,False
5301261,2011-12-23,36.0,False,18153.66,False
5301261,2011-12-23,11.0,True,37829.51,False
5301261,2011-12-23,56.0,False,8693.72,False
5301261,2011-12-23,91.0,False,4813.46,False
5301261,2011-12-23,48.0,False,-213.31,False
5301261,2011-12-23,49.0,False,-164.69,False
5301261,2011-12-23,72.0,True,8140.07,False
5301261,2011-12-23,17.0,True,7575.86,False
5301261,2011-12-23,42.0,False,7471.85,False
5301261,2011-12-23,13.0,True,56634.45,False
5301261,2011-12-23,82.0,False,2621.29,False
5301261,2011-12-23,31.0,False,3425.82,False
5301261,2011-12-23,92.0,False,403.92,False
5301261,2011-12-23,56.0,False,22354.12,False
5301261,2011-12-23,44.0,False,1934.32,False
5301261,2011-12-23,98.0,False,11657.21,False
5301261,2011-12-23,22.0,True,1178.02,False
5301261,2011-12-23,4.0,False,10922.29,False
5301261,2011-12-23,26.0,False,3333.45,False
5301261,2011-12-23,52.0,False,5775.1,False
5301261,2011-12-23,4.0,False,3902.43,False
5301261,2011-12-23,25.0,False,13732.04,False
5301261,2011-12-23,8.0,True,27130.85,False
5301261,2011-12-23,42.0,False,6781.79,False
5301261,2011-12-23,6.0,False,5224.6,False
5301261,2011-12-23,13.0,True,66499.09,False
5301261,2011-12-23,52.0,True,61251.42,False
5301261,2011-12-23,3.0,True,31234.42,False
5301261,2011-12-23,59.0,False,1306.79,False
5301261,2011-12-23,80.0,False,6951.06,False
5301261,2011-12-23,98.0,False,-406.01,False
5301261,2011-12-30,36.0,False,2477.23,False
5301261,2011-12-30,46.0,True,24528.89,False
5301261,2011-12-30,13.0,True,4671.72,False
5301261,2011-12-30,34.0,True,9986.45,False
5301261,2011-12-30,2.0,True,38719.15,False
5301261,2011-12-30,27.0,True,13546.37,False
5301261,2011-12-30,49.0,True,2989.32,False
5301261,2011-12-30,83.0,True,22855.34,False
5650212,2011-12-02,67.0,False,5483.59,False
5650212,2011-12-02,98.0,False,6482.92,False
5650212,2011-12-02,85.0,False,57071.13,False
5650212,2011-12-02,55.0,False,8913.73,False
5650212,2011-12-02,13.0,False,8237.61,False
5650212,2011-12-02,94.0,False,20262.88,False
5650212,2011-12-02,52.0,False,4133.39,False
5650212,2011-12-02,6.0,False,635.52,False
5650212,2011-12-02,19.0,False,6989.57,False
5650212,2011-12-02,92.0,False,1118.48,False
5650212,2011-12-02,52.0,False,1454.82,False
5650212,2011-12-02,20.0,False,4385.75,False
5650212,2011-12-02,24.0,False,5167.87,False
5650212,2011-12-02,20.0,False,13377.44,False
5650212,2011-12-02,31.0,False,6057.5,False
5650212,2011-12-02,24.0,False,25074.9,False
5650212,2011-12-02,97.0,False,7607.06,False
5650212,2011-12-02,8.0,False,20128.24,False
5650212,2011-12-02,2.0,False,4147.99,False
5650212,2011-12-02,72.0,False,3676.19,False
5650212,2011-12-02,38.0,False,14639.35,False
5650212,2011-12-02,29.0,False,3502.79,False
5650212,2011-12-02,20.0,False,2649.6,False
5650212,2011-12-02,94.0,False,143.78,False
5650212,2011-12-02,33.0,False,9431.84,False
5650212,2011-12-02,4.0,False,4585.3,False
5650212,2011-12-02,72.0,False,158.67,False
5650212,2011-12-02,60.0,False,8829.79,False
5650212,2011-12-02,60.0,False,3155.34,False
5650212,2011-12-02,16.0,False,18667.98,False
5650212,2011-12-02,90.0,False,8333.16,False
5650212,2011-12-02,18.0,False,47963.39,False
5650212,2011-12-02,4.0,False,3885.55,False
5650212,2011-12-02,3.0,False,16647.5,False
5650212,2011-12-02,25.0,False,2131.64,False
5650212,2011-12-02,72.0,False,1272.91,False
5650212,2011-12-02,92.0,False,39417.61,False
5650212,2011-12-02,49.0,False,16286.12,False
5650212,2011-12-02,92.0,False,3963.83,False
5650212,2011-12-02,1.0,False,17405.99,False
5650212,2011-12-02,52.0,False,21075.28,False
5650212,2011-12-02,2.0,False,54852.31,False
5650212,2011-12-02,94.0,False,26952.28,False
5650212,2011-12-02,74.0,False,7707.48,False
5650212,2011-12-02,95.0,False,3682.55,False
5650212,2011-12-02,31.0,False,466.04,False
5650212,2011-12-02,85.0,False,1776.72,False
5650212,2011-12-02,7.0,False,68656.3,False
5650212,2011-12-02,20.0,False,18257.66,False
5650212,2011-12-02,20.0,False,28011.86,False
5650212,2011-12-02,1.0,False,1548.42,False
5650212,2011-12-02,91.0,False,453.3,False
5650212,2011-12-02,24.0,False,46285.41,False
5650212,2011-12-02,56.0,False,3125.4,False
5650212,2011-12-02,93.0,False,5901.3,False
5650212,2011-12-02,80.0,False,5104.69,False
5650212,2011-12-02,11.0,False,-16.05,False
5650212,2011-12-02,4.0,False,4917.65,False
5650212,2011-12-02,49.0,False,25704.29,False
5650212,2011-12-02,25.0,False,10301.48,False
5650212,2011-12-02,17.0,False,12532.75,False
5650212,2011-12-02,81.0,False,21514.6,False
5650212,2011-12-02,26.0,True,721.4,False
5650212,2011-12-02,21.0,False,33820.52,False
5650212,2011-12-02,92.0,False,424.82,False
5650212,2011-12-02,60.0,False,47476.55,False
5650212,2011-12-02,56.0,False,2876.38,False
5650212,2011-12-02,94.0,False,8401.98,False
5650212,2011-12-02,6.0,False,5044.18,False
5650212,2011-12-02,82.0,False,-17.09,False
5650212,2011-12-02,26.0,False,1900.56,False
5650212,2011-12-02,92.0,False,3520.86,False
5650212,2011-12-02,30.0,False,134.22,False
5650212,2011-12-02,19.0,False,44343.65,False
5650212,2011-12-02,24.0,False,148.94,False
5650212,2011-12-02,1.0,False,32504.91,False
5650212,2011-12-02,81.0,False,5403.05,False
5650212,2011-12-02,83.0,False,26706.71,False
5650212,2011-12-02,9.0,False,44817.59,False
5650212,2011-12-02,83.0,False,562.47,False
5650212,2011-12-02,41.0,False,5.49,False
5650212,2011-12-02,49.0,False,12592.9,False
5650212,2011-12-02,16.0,False,8926.8,False
5650212,2011-12-02,30.0,False,7225.43,False
5650212,2011-12-02,17.0,False,6328.65,False
5650212,2011-12-02,12.0,False,8561.61,False
5650212,2011-12-02,25.0,False,1016.31,False
5650212,2011-12-09,24.0,False,8746.04,False
5650212,2011-12-09,71.0,False,74416.47,False
5650212,2011-12-09,91.0,False,3212.79,False
5650212,2011-12-09,10.0,False,16296.43,False
5650212,2011-12-09,81.0,False,1046.98,False
5650212,2011-12-09,1.0,False,15010.05,False
5650212,2011-12-09,46.0,False,1691.19,False
5650212,2011-12-09,38.0,False,894.17,False
5650212,2011-12-09,44.0,False,10003.85,False
5650212,2011-12-09,23.0,False,810.08,False
5650212,2011-12-09,2.0,False,5034.31,False
5650212,2011-12-09,92.0,False,1375.96,False
5650212,2011-12-09,8.0,True,6569.37,False
5650212,2011-12-09,59.0,False,1901.77,False
5650212,2011-12-09,58.0,False,38152.69,False
5650212,2011-12-09,49.0,True,302.95,False
5650212,2011-12-09,7.0,False,4493.02,False
5650212,2011-12-09,95.0,False,1873.6,False
5650212,2011-12-09,8.0,False,-31.04,False
5650212,2011-12-09,60.0,False,27471.82,False
5650212,2011-12-09,97.0,False,11148.05,False
5650212,2011-12-09,42.0,False,6269.95,False
5650212,2011-12-09,83.0,True,1461.3,False
5650212,2011-12-09,41.0,False,631.17,False
5650212,2011-12-09,94.0,False,3354.33,False
5650212,2011-12-09,92.0,False,1116.21,False
5650212,2011-12-09,90.0,True,4939.99,False
5650212,2011-12-09,22.0,False,45640.77,False
5650212,2011-12-09,67.0,False,55.55,False
5650212,2011-12-09,83.0,False,903.18,False
5650212,2011-12-09,23.0,False,61.21,False
5650212,2011-12-09,10.0,False,11428.01,False
5650212,2011-12-09,28.0,True,27307.63,False
5650212,2011-12-09,49.0,False,19175.59,False
5650212,2011-12-09,2.0,False,22240.34,False
5650212,2011-12-09,32.0,False,135.08,False
5650212,2011-12-09,17.0,False,64699.6,False
5650212,2011-12-09,17.0,False,478.48,False
5650212,2011-12-09,14.0,False,34478.3,False
5650212,2011-12-09,34.0,False,399.8,False
5650212,2011-12-09,18.0,False,6205.83,False
5650212,2011-12-09,42.0,False,13735.9,False
5650212,2011-12-09,29.0,False,6372.12,False
5650212,2011-12-09,2.0,False,7778.67,False
5650212,2011-12-09,19.0,False,598.61,False
5650212,2011-12-09,3.0,True,7872.2,False
5650212,2011-12-09,34.0,False,19285.95,False
5650212,2011-12-09,83.0,True,46.41,False
5650212,2011-12-09,32.0,False,6357.76,False
5650212,2011-12-09,90.0,False,22751.01,False
5650212,2011-12-09,55.0,False,2769.09,False
5650212,2011-12-09,59.0,False,6601.82,False
5650212,2011-12-09,82.0,False,26983.09,False
5650212,2011-12-09,41.0,False,4057.49,False
5650212,2011-12-09,24.0,False,981.38,False
5650212,2011-12-09,12.0,False,5618.16,False
5650212,2011-12-09,60.0,False,26981.73,False
5650212,2011-12-09,90.0,False,10861.59,False
5650212,2011-12-09,83.0,False,10797.1,False
5650212,2011-12-09,22.0,False,3063.32,False
5650212,2011-12-09,71.0,False,-14.85,False
5650212,2011-12-09,30.0,False,43011.42,False
5650212,2011-12-09,93.0,False,245.05,False
5650212,2011-12-09,60.0,False,38753.61,False
5650212,2011-12-09,13.0,False,1081.37,False
5650212,2011-12-09,4.0,False,28333.68,False
5650212,2011-12-16,24.0,False,2149.91,False
5650212,2011-12-16,95.0,True,72494.26,False
5650212,2011-12-16,14.0,False,10628.18,False
5650212,2011-12-16,17.0,False,1438.1,False
5650212,2011-12-16,49.0,False,3438.2,False
5650212,2011-12-16,96.0,True,824.81,False
5650212,2011-12-16,20.0,True,7617.1,False
5650212,2011-12-16,13.0,False,9882.9,False
5650212,2011-12-16,29.0,False,2842.7,False
5650212,2011-12-16,54.0,False,2935.05,False
5650212,2011-12-16,19.0,False,599.74,False
5650212,2011-12-16,49.0,False,11372.79,False
5650212,2011-12-16,28.0,False,2007.27,False
5650212,2011-12-16,82.0,True,7173.98,False
5650212,2011-12-16,16.0,False,14547.02,False
5650212,2011-12-16,13.0,True,127.6,False
5650212,2011-12-16,33.0,False,5331.17,False
5650212,2011-12-16,96.0,False,168.32,False
5650212,2011-12-16,72.0,False,14864.67,False
5650212,2011-12-16,1.0,False,20454.45,False
5650212,2011-12-16,97.0,False,22622.08,False
5650212,2011-12-16,79.0,False,24405.47,False
5650212,2011-12-16,83.0,False,23606.37,False
5650212,2011-12-16,26.0,False,11210.68,False
5650212,2011-12-16,56.0,False,499.22,False
5650212,2011-12-16,58.0,True,6015.13,False
5650212,2011-12-16,28.0,False,22679.36,False
5650212,2011-12-16,20.0,False,19633.6,False
5650212,2011-12-16,29.0,False,20625.11,False
5650212,2011-12-16,28.0,False,2408.48,False
5650212,2011-12-16,4.0,False,376.64,False
5650212,2011-12-16,26.0,False,34412.57,False
5650212,2011-12-16,95.0,False,41.66,False
5650212,2011-12-16,98.0,False,670.53,False
5650212,2011-12-16,94.0,False,8974.32,False
5650212,2011-12-16,22.0,False,2828.77,False
5650212,2011-12-16,13.0,False,10284.85,False
5650212,2011-12-16,44.0,True,4800.31,False
5650212,2011-12-16,25.0,True,60.2,False
5650212,2011-12-16,67.0,False,21745.07,False
5650212,2011-12-16,42.0,False,29343.92,False
5650212,2011-12-16,44.0,False,291.69,False
5650212,2011-12-16,95.0,False,19468.34,False
5650212,2011-12-16,42.0,False,9834.74,False
5650212,2011-12-16,67.0,False,912.17,False
5650212,2011-12-16,31.0,False,78.67,False
5650212,2011-12-16,96.0,False,19742.58,False
5650212,2011-12-16,98.0,False,11906.28,False
5650212,2011-12-16,72.0,False,2200.68,False
5650212,2011-12-16,25.0,False,19264.6,False
5650212,2011-12-16,98.0,False,5084.7,False
5650212,2011-12-16,25.0,False,22338.57,False
5650212,2011-12-16,95.0,False,300.43,False
5650212,2011-12-16,7.0,False,40822.89,False
5650212,2011-12-16,54.0,False,7078.93,False
5650212,2011-12-16,56.0,False,12472.48,False
5650212,2011-12-16,81.0,False,18151.32,False
5650212,2011-12-16,5.0,False,45011.15,False
5650212,2011-12-16,24.0,False,512.23,False
5650212,2011-12-16,97.0,False,45141.5,False
5650212,2011-12-16,8.0,False,21292.45,False
5650212,2011-12-16,81.0,False,14792.55,False
5650212,2011-12-16,44.0,False,4048.81,False
5650212,2011-12-16,48.0,False,20197.41,False
5650212,2011-12-16,11.0,False,10250.95,False
5650212,2011-12-16,27.0,True,-4.61,False
5650212,2011-12-16,71.0,False,2566.28,False
5650212,2011-12-16,98.0,False,16054.92,False
5650212,2011-12-16,87.0,False,11999.4,False
5650212,2011-12-16,22.0,True,5350.82,False
5650212,2011-12-16,9.0,True,6983.58,False
5650212,2011-12-16,31.0,True,26931.69,False
5650212,2011-12-23,33.0,False,1058.07,False
5650212,2011-12-23,17.0,False,4115.62,False
5650212,2011-12-23,95.0,False,31876.68,False
5650212,2011-12-23,30.0,True,5115.18,False
5650212,2011-12-23,16.0,False,535.27,False
5650212,2011-12-23,49.0,False,3152.83,False
5650212,2011-12-23,87.0,True,2829.89,False
5650212,2011-12-23,36.0,False,1584.0,False
5650212,2011-12-23,23.0,False,24685.66,False
5650212,2011-12-23,54.0,False,18366.91,False
5650212,2011-12-23,60.0,True,2084.98,False
5650212,2011-12-23,56.0,False,1989.95,False
5650212,2011-12-23,36.0,False,267.26,False
5650212,2011-12-23,81.0,False,15120.76,False
5650212,2011-12-23,58.0,False,11212.91,False
5650212,2011-12-23,8.0,False,4073.75,False
5650212,2011-12-23,95.0,False,25738.37,False
5650212,2011-12-23,24.0,True,1199.76,False
5650212,2011-12-23,5.0,False,6180.67,False
5650212,2011-12-23,52.0,False,20491.87,False
5650212,2011-12-23,9.0,False,34619.93,False
5650212,2011-12-23,4.0,False,-11.69,False
5650212,2011-12-23,13.0,True,1545.4,False
5650212,2011-12-23,33.0,False,3422.0,False
5650212,2011-12-23,90.0,False,1691.03,False
5650212,2011-12-23,91.0,True,2190.72,False
5650212,2011-12-23,6.0,True,8396.53,False
5650212,2011-12-23,40.0,True,231.17,False
5650212,2011-12-23,3.0,False,2200.15,False
5650212,2011-12-23,97.0,True,49740.33,False
5650212,2011-12-23,49.0,True,10841.63,False
5650212,2011-12-23,4.0,True,1480.75,False
5650212,2011-12-23,41.0,False,18125.37,False
5650212,2011-12-23,29.0,False,7605.66,False
5650212,2011-12-23,92.0,False,17056.39,False
5650212,2011-12-23,94.0,True,49121.53,False
5650212,2011-12-23,21.0,False,14049.07,False
5650212,2011-12-23,81.0,False,4526.46,False
5650212,2011-12-23,49.0,False,838.67,False
5650212,2011-12-23,37.0,False,50365.68,False
5650212,2011-12-23,96.0,True,26392.23,False
5650212,2011-12-23,28.0,False,854.48,False
5650212,2011-12-23,81.0,True,84.88,False
5650212,2011-12-23,85.0,True,1822.12,False
5650212,2011-12-23,97.0,False,7334.59,False
5650212,2011-12-23,49.0,True,865.07,False
5650212,2011-12-23,97.0,False,15492.39,False
5650212,2011-12-23,81.0,True,5938.03,False
5650212,2011-12-23,29.0,False,24248.58,False
5650212,2011-12-23,22.0,False,1789.32,False
5650212,2011-12-23,74.0,False,2919.63,False
5650212,2011-12-23,22.0,False,9349.23,False
5650212,2011-12-23,5.0,False,5016.28,False
5650212,2011-12-23,40.0,False,3497.22,False
5650212,2011-12-23,12.0,False,2979.01,False
5650212,2011-12-23,55.0,False,48219.73,False
5650212,2011-12-23,98.0,False,385.4,False
5650212,2011-12-23,35.0,False,2002.65,False
5650212,2011-12-23,81.0,False,8011.71,False
5650212,2011-12-23,79.0,True,184.55,False
5650212,2011-12-23,42.0,False,10680.43,False
5650212,2011-12-23,37.0,False,523.07,False
5650212,2011-12-23,83.0,True,1280.68,False
5650212,2011-12-23,80.0,True,4245.91,False
5650212,2011-12-23,54.0,False,5148.55,False
5650212,2011-12-23,27.0,False,584.8,False
5650212,2011-12-23,18.0,False,3030.41,False
5650212,2011-12-23,55.0,True,68322.87,False
5650212,2011-12-23,10.0,True,32459.44,False
5650212,2011-12-23,25.0,False,2422.49,False
5650212,2011-12-23,67.0,False,1422.82,False
5650212,2011-12-23,24.0,False,27697.55,False
5650212,2011-12-23,92.0,True,3590.16,False
5650212,2011-12-23,12.0,False,3322.06,False
5650212,2011-12-23,30.0,True,13186.96,False
5650212,2011-12-23,4.0,False,1238.14,False
5650212,2011-12-23,49.0,True,25973.83,False
5650212,2011-12-23,80.0,False,4580.95,False
5650212,2011-12-23,95.0,False,36958.8,False
5650212,2011-12-30,12.0,True,23.4,False
5650212,2011-12-30,25.0,False,2648.49,False
5650212,2011-12-30,92.0,True,487.12,False
5650212,2011-12-30,30.0,True,24568.92,False
5650212,2011-12-30,49.0,True,1938.13,False
5650212,2011-12-30,98.0,True,99.2,False
5650212,2011-12-30,9.0,True,2983.81,False
5650212,2011-12-30,3.0,True,24179.07,False
5650212,2011-12-30,32.0,True,1640.8,False
5650212,2011-12-30,71.0,True,3139.11,False
5650212,2011-12-30,4.0,True,16577.19,False
5650212,2011-12-30,33.0,True,-3.23,False
5650212,2011-12-30,7.0,True,538.4,False
5650212,2011-12-30,35.0,False,35197.92,False
5650212,2011-12-30,10.0,True,50660.88,False
5650212,2011-12-30,8.0,False,7848.3,False
5650212,2011-12-30,94.0,False,4372.12,False
5650212,2011-12-30,79.0,False,11887.86,False
5650212,2011-12-30,77.0,True,8924.7,False
5650212,2011-12-30,41.0,True,17536.92,False
5650212,2011-12-30,82.0,True,77.53,False
5650212,2011-12-30,9.0,True,13642.9,False
5650212,2011-12-30,60.0,True,101.54,False
5650212,2011-12-30,42.0,False,841.94,False
5650212,2011-12-30,91.0,True,772.1,False
5650212,2011-12-30,72.0,False,1963.3,False
5650212,2011-12-30,52.0,True,3051.99,False
5650212,2011-12-30,29.0,True,3552.94,False
5650212,2011-12-30,19.0,False,21764.29,False
5650212,2011-12-30,9.0,True,8086.08,False
5650212,2011-12-30,55.0,True,124.16,False
5650212,2011-12-30,45.0,True,4039.36,False
5650212,2011-12-30,82.0,False,25850.77,False
5650212,2011-12-30,74.0,True,31123.64,False
6488574,2011-12-02,56.0,False,22253.45,False
6488574,2011-12-02,90.0,False,139.14,False
6488574,2011-12-02,97.0,False,45243.79,False
6488574,2011-12-02,24.0,False,43200.23,False
6488574,2011-12-02,97.0,False,67449.33,False
6488574,2011-12-02,90.0,False,6979.26,False
6488574,2011-12-02,44.0,False,1007.35,False
6488574,2011-12-02,59.0,False,544.86,False
6488574,2011-12-02,1.0,False,2760.93,False
6488574,2011-12-02,33.0,False,3373.67,False
6488574,2011-12-02,79.0,False,7520.27,False
6488574,2011-12-02,14.0,False,13973.12,False
6488574,2011-12-02,93.0,False,35.25,False
6488574,2011-12-02,90.0,False,5359.66,False
6488574,2011-12-02,67.0,False,28177.94,False
6488574,2011-12-02,95.0,False,5652.98,False
6488574,2011-12-02,2.0,False,269.59,False
6488574,2011-12-02,54.0,False,61.03,False
6488574,2011-12-02,18.0,False,2021.02,False
6488574,2011-12-02,98.0,False,21392.22,False
6488574,2011-12-02,97.0,False,52590.11,False
6488574,2011-12-02,94.0,False,5136.96,False
6488574,2011-12-02,77.0,True,3936.99,False
6488574,2011-12-02,82.0,False,16179.18,False
6488574,2011-12-02,40.0,False,5606.3,False
6488574,2011-12-02,95.0,False,1240.09,False
6488574,2011-12-02,90.0,False,15785.35,False
6488574,2011-12-02,87.0,False,9791.26,False
6488574,2011-12-02,98.0,False,73957.49,False
6488574,2011-12-02,25.0,True,1450.73,False
6488574,2011-12-02,60.0,False,110.03,False
6488574,2011-12-02,90.0,False,4500.49,False
6488574,2011-12-02,82.0,False,16710.33,False
6488574,2011-12-02,33.0,False,43270.93,False
6488574,2011-12-02,67.0,True,1797.94,False
6488574,2011-12-02,7.0,False,5087.2,False
6488574,2011-12-02,2.0,False,2960.06,False
6488574,2011-12-02,95.0,False,1123.24,False
6488574,2011-12-02,34.0,False,33318.77,False
6488574,2011-12-02,55.0,False,20338.61,False
6488574,2011-12-02,90.0,False,10569.83,False
6488574,2011-12-02,98.0,False,45475.43,False
6488574,2011-12-02,17.0,False,40110.65,False
6488574,2011-12-02,55.0,False,1762.23,False
6488574,2011-12-02,10.0,False,2072.88,False
6488574,2011-12-02,33.0,False,925.54,False
6488574,2011-12-02,98.0,False,2534.61,False
6488574,2011-12-02,54.0,False,1362.6,False
6488574,2011-12-02,60.0,False,24632.22,False
6488574,2011-12-02,1.0,False,31.04,False
6488574,2011-12-02,16.0,False,14208.0,False
6488574,2011-12-02,30.0,False,4936.29,False
6488574,2011-12-02,6.0,False,18832.65,False
6488574,2011-12-02,21.0,False,65127.91,False
6488574,2011-12-02,93.0,False,2083.86,False
6488574,2011-12-02,2.0,False,15905.83,False
6488574,2011-12-02,6.0,False,6023.21,False
6488574,2011-12-02,52.0,False,47.77,False
6488574,2011-12-02,4.0,False,218.86,False
6488574,2011-12-02,97.0,False,2073.81,False
6488574,2011-12-02,14.0,False,31.99,False
6488574,2011-12-02,35.0,False,53780.5,False
6488574,2011-12-02,24.0,False,9937.26,False
6488574,2011-12-02,97.0,False,2035.0,False
6488574,2011-12-02,98.0,False,16371.36,False
6488574,2011-12-02,95.0,False,1202.5,False
6488574,2011-12-02,74.0,False,21623.45,False
6488574,2011-12-02,59.0,False,9233.29,False
6488574,2011-12-02,92.0,False,4254.06,False
6488574,2011-12-02,13.0,False,309.6,False
6488574,2011-12-02,37.0,False,1284.06,False
6488574,2011-12-02,18.0,False,11695.18,False
6488574,2011-12-09,95.0,False,4206.68,False
6488574,2011-12-09,21.0,False,138.75,False
6488574,2011-12-09,85.0,False,6143.56,False
6488574,2011-12-09,25.0,False,10666.03,False
6488574,2011-12-09,34.0,False,9656.22,False
6488574,2011-12-09,38.0,False,1253.15,False
6488574,2011-12-09,46.0,False,1173.03,False
6488574,2011-12-09,25.0,False,201.14,False
6488574,2011-12-09,79.0,False,1904.25,False
6488574,2011-12-09,91.0,False,21183.39,False
6488574,2011-12-09,12.0,False,56478.27,False
6488574,2011-12-09,71.0,False,621.2,False
6488574,2011-12-09,11.0,True,31371.76,False
6488574,2011-12-09,6.0,False,18782.92,False
6488574,2011-12-09,14.0,False,9071.49,False
6488574,2011-12-09,19.0,False,43002.8,False
6488574,2011-12-09,3.0,False,5069.46,False
6488574,2011-12-09,12.0,False,4447.75,False
6488574,2011-12-09,92.0,True,1602.24,False
6488574,2011-12-09,31.0,False,7914.24,False
6488574,2011-12-09,7.0,False,37319.02,False
6488574,2011-12-09,56.0,False,3170.38,False
6488574,2011-12-09,52.0,False,17675.01,False
6488574,2011-12-09,54.0,False,70270.6,False
6488574,2011-12-09,54.0,False,32.32,False
6488574,2011-12-09,55.0,False,1454.49,False
6488574,2011-12-09,52.0,True,3493.92,False
6488574,2011-12-09,80.0,False,671.48,False
6488574,2011-12-09,52.0,False,5921.63,False
6488574,2011-12-09,95.0,False,35949.16,False
6488574,2011-12-09,14.0,False,4351.57,False
6488574,2011-12-09,5.0,True,8688.04,False
6488574,2011-12-09,16.0,True,13747.84,False
6488574,2011-12-09,59.0,False,4442.48,False
6488574,2011-12-09,81.0,False,6701.08,False
6488574,2011-12-09,21.0,False,46819.97,False
6488574,2011-12-09,87.0,False,1510.21,False
6488574,2011-12-09,85.0,False,10687.33,False
6488574,2011-12-09,82.0,False,10963.0,False
6488574,2011-12-09,91.0,False,60948.52,False
6488574,2011-12-09,25.0,False,26796.0,False
6488574,2011-12-09,93.0,False,69221.42,False
6488574,2011-12-09,71.0,False,10048.73,False
6488574,2011-12-09,40.0,False,87.06,False
6488574,2011-12-09,37.0,False,24786.83,False
6488574,2011-12-09,10.0,False,550.13,False
6488574,2011-12-09,12.0,False,11090.21,False
6488574,2011-12-09,93.0,False,4882.2,False
6488574,2011-12-09,77.0,False,12584.0,False
6488574,2011-12-09,56.0,False,2776.89,False
6488574,2011-12-09,17.0,False,20354.05,False
6488574,2011-12-09,87.0,False,2058.04,False
6488574,2011-12-09,87.0,False,8160.48,False
6488574,2011-12-09,21.0,False,2193.59,False
6488574,2011-12-09,52.0,False,211.78,False
6488574,2011-12-09,34.0,False,85.76,False
6488574,2011-12-09,20.0,False,233.78,False
6488574,2011-12-09,97.0,False,33404.84,False
6488574,2011-12-09,97.0,False,6036.92,False
6488574,2011-12-09,38.0,False,62554.63,False
6488574,2011-12-09,58.0,False,1853.93,False
6488574,2011-12-16,80.0,False,35983.42,False
6488574,2011-12-16,59.0,False,257.96,False
6488574,2011-12-16,98.0,False,33805.28,False
6488574,2011-12-16,6.0,True,2020.74,False
6488574,2011-12-16,31.0,False,1378.2,False
6488574,2011-12-16,41.0,False,34.74,False
6488574,2011-12-16,94.0,False,1489.32,False
6488574,2011-12-16,94.0,True,37178.97,False
6488574,2011-12-16,80.0,True,2209.27,False
6488574,2011-12-16,85.0,True,8431.33,False
6488574,2011-12-16,33.0,False,22669.45,False
6488574,2011-12-16,6.0,False,1538.78,False
6488574,2011-12-16,40.0,False,32.85,False
6488574,2011-12-16,2.0,False,611.41,False
6488574,2011-12-16,71.0,False,1380.39,False
6488574,2011-12-16,36.0,False,9688.84,False
6488574,2011-12-16,2.0,False,3528.62,False
6488574,2011-12-16,22.0,False,72.68,False
6488574,2011-12-16,32.0,False,169.22,False
6488574,2011-12-16,85.0,False,31055.99,False
6488574,2011-12-16,18.0,False,1037.0,False
6488574,2011-12-16,91.0,False,13676.65,False
6488574,2011-12-16,11.0,False,8073.79,False
6488574,2011-12-16,1.0,False,31.1,False
6488574,2011-12-16,7.0,False,87.98,False
6488574,2011-12-16,93.0,False,19321.92,False
6488574,2011-12-16,98.0,True,11333.0,False
6488574,2011-12-16,81.0,True,10241.08,False
6488574,2011-12-16,4.0,False,723.31,False
6488574,2011-12-16,82.0,False,25869.63,False
6488574,2011-12-16,5.0,False,26619.02,False
6488574,2011-12-16,95.0,False,55.1,False
6488574,2011-12-16,52.0,False,1583.83,False
6488574,2011-12-16,5.0,False,812.11,False
6488574,2011-12-16,41.0,False,8044.89,False
6488574,2011-12-16,36.0,False,26685.83,False
6488574,2011-12-16,31.0,True,280.0,False
6488574,2011-12-16,34.0,False,34612.0,False
6488574,2011-12-16,17.0,False,34610.71,False
6488574,2011-12-16,90.0,False,1928.62,False
6488574,2011-12-16,71.0,False,8604.15,False
6488574,2011-12-16,35.0,False,983.76,False
6488574,2011-12-16,91.0,False,21670.41,False
6488574,2011-12-16,34.0,False,17024.38,False
6488574,2011-12-16,91.0,False,11847.15,False
6488574,2011-12-16,93.0,False,51179.96,False
6488574,2011-12-16,3.0,False,1816.36,False
6488574,2011-12-16,80.0,False,56999.37,False
6488574,2011-12-16,46.0,True,26173.33,False
6488574,2011-12-16,13.0,True,326.6,False
6488574,2011-12-16,87.0,True,35264.72,False
6488574,2011-12-16,96.0,False,27905.61,False
6488574,2011-12-16,6.0,False,37.09,False
6488574,2011-12-16,94.0,True,27590.29,False
6488574,2011-12-16,2.0,False,70.16,False
6488574,2011-12-16,9.0,False,6352.21,False
6488574,2011-12-16,94.0,False,9958.1,False
6488574,2011-12-16,67.0,False,4811.27,False
6488574,2011-12-16,20.0,False,11378.9,False
6488574,2011-12-16,72.0,False,44388.86,False
6488574,2011-12-16,22.0,False,34093.11,False
6488574,2011-12-16,26.0,False,60.16,False
6488574,2011-12-16,67.0,True,7615.59,False
6488574,2011-12-16,52.0,False,195.53,False
6488574,2011-12-16,59.0,False,25242.8,False
6488574,2011-12-16,37.0,True,53973.09,False
6488574,2011-12-16,13.0,False,11886.81,False
6488574,2011-12-16,21.0,False,773.67,False
6488574,2011-12-16,85.0,True,17021.64,False
6488574,2011-12-16,35.0,True,35386.93,False
6488574,2011-12-16,97.0,False,211.49,False
6488574,2011-12-23,27.0,False,293.88,False
6488574,2011-12-23,85.0,True,77.42,False
6488574,2011-12-23,83.0,True,54304.38,False
6488574,2011-12-23,1.0,False,12092.61,False
6488574,2011-12-23,98.0,True,28930.48,False
6488574,2011-12-23,30.0,False,24301.24,False
6488574,2011-12-23,98.0,True,5221.17,False
6488574,2011-12-23,92.0,True,38135.98,False
6488574,2011-12-23,91.0,True,449.88,False
6488574,2011-12-23,93.0,False,27548.42,False
6488574,2011-12-23,82.0,False,17748.24,False
6488574,2011-12-23,98.0,False,5062.25,False
6488574,2011-12-23,46.0,False,16531.38,False
6488574,2011-12-23,91.0,False,46.66,False
6488574,2011-12-23,74.0,True,9649.08,False
6488574,2011-12-23,40.0,True,109.56,False
6488574,2011-12-23,24.0,True,60450.76,False
6488574,2011-12-23,95.0,False,26942.36,False
6488574,2011-12-23,87.0,True,61861.62,False
6488574,2011-12-23,30.0,False,1396.21,False
6488574,2011-12-23,31.0,False,1346.03,False
6488574,2011-12-23,27.0,True,31.19,False
6488574,2011-12-23,27.0,True,26960.78,False
6488574,2011-12-23,42.0,True,81.7,False
6488574,2011-12-23,90.0,True,32452.2,False
6488574,2011-12-23,23.0,True,3878.2,False
6488574,2011-12-23,93.0,True,1107.81,False
6488574,2011-12-23,60.0,False,4187.93,False
6488574,2011-12-23,33.0,False,37.61,False
6488574,2011-12-23,82.0,True,38751.65,False
6488574,2011-12-23,60.0,True,1333.9,False
6488574,2011-12-23,34.0,True,8286.68,False
6488574,2011-12-23,72.0,True,2604.01,False
6488574,2011-12-23,31.0,False,484.59,False
6488574,2011-12-23,85.0,False,1193.92,False
6488574,2011-12-23,44.0,False,49079.89,False
6488574,2011-12-23,98.0,False,765.09,False
6488574,2011-12-23,41.0,False,3290.05,False
6488574,2011-12-23,44.0,True,1196.66,False
6488574,2011-12-23,85.0,False,29683.65,False
6488574,2011-12-23,46.0,False,57035.88,False
6488574,2011-12-23,60.0,False,3890.37,False
6488574,2011-12-23,32.0,False,262.7,False
6488574,2011-12-23,9.0,False,3075.08,False
6488574,2011-12-23,40.0,False,302.77,False
6488574,2011-12-23,82.0,False,1081.59,False
6488574,2011-12-23,83.0,False,26669.86,False
6488574,2011-12-23,21.0,False,5279.95,False
6488574,2011-12-23,98.0,False,67511.97,False
6488574,2011-12-23,30.0,False,32298.13,False
6488574,2011-12-23,94.0,False,18389.66,False
6488574,2011-12-23,98.0,True,38106.33,False
6488574,2011-12-23,8.0,False,31.04,False
6488574,2011-12-23,96.0,False,27821.08,False
6488574,2011-12-23,97.0,False,1488.21,False
6488574,2011-12-23,58.0,True,13330.82,False
6488574,2011-12-23,87.0,True,3456.52,False
6488574,2011-12-23,42.0,False,4509.93,False
6488574,2011-12-23,85.0,False,13292.44,False
6488574,2011-12-23,83.0,False,134.01,False
6488574,2011-12-23,97.0,False,44464.92,False
6488574,2011-12-23,38.0,False,3119.14,False
6488574,2011-12-23,27.0,True,15346.56,False
6488574,2011-12-23,16.0,False,3996.08,False
6488574,2011-12-23,46.0,True,281.84,False
6488574,2011-12-23,33.0,False,31416.45,False
6488574,2011-12-23,96.0,False,2935.68,False
6488574,2011-12-23,80.0,True,98.95,False
6488574,2011-12-23,33.0,False,24385.0,False
6488574,2011-12-23,71.0,False,30037.74,False
6488574,2011-12-23,59.0,False,882.93,False
6488574,2011-12-23,96.0,True,7855.4,False
6488574,2011-12-23,17.0,True,4571.04,False
6488574,2011-12-30,37.0,False,25116.16,False
6488574,2011-12-30,60.0,True,4701.52,False
6488574,2011-12-30,98.0,True,19393.46,False
6488574,2011-12-30,41.0,True,2250.41,False
6488574,2011-12-30,91.0,True,272.12,False
6488574,2011-12-30,32.0,True,15352.24,False
6488574,2011-12-30,22.0,False,14703.61,False
6488574,2011-12-30,96.0,False,12740.48,False
6488574,2011-12-30,94.0,True,6308.11,False
6488574,2011-12-30,2.0,False,7165.39,False
6488574,2011-12-30,36.0,True,428.55,False
6488574,2011-12-30,80.0,True,9355.54,False
6488574,2011-12-30,97.0,True,877.04,False
6488574,2011-12-30,58.0,True,2990.45,False
6488574,2011-12-30,3.0,False,1256.06,False
6488574,2011-12-30,35.0,True,197.91,False
6488574,2011-12-30,59.0,False,221.02,False
6488574,2011-12-30,4.0,False,35925.63,False
7020511,2011-12-02,42.0,False,884.13,False
7020511,2011-12-02,9.0,False,23607.94,False
7020511,2011-12-02,10.0,False,2264.38,False
7020511,2011-12-02,94.0,False,388.78,False
7020511,2011-12-02,2.0,False,20022.93,False
7020511,2011-12-02,12.0,False,-80.61,False
7020511,2011-12-02,44.0,False,4464.77,False
7020511,2011-12-02,49.0,False,713.27,False
7020511,2011-12-02,24.0,False,104.02,False
7020511,2011-12-02,96.0,False,911.39,False
7020511,2011-12-02,74.0,False,4576.76,False
7020511,2011-12-02,44.0,False,17403.12,False
7020511,2011-12-02,54.0,False,1446.29,False
7020511,2011-12-02,10.0,False,1932.07,False
7020511,2011-12-02,31.0,False,547.08,False
7020511,2011-12-02,29.0,False,12442.72,False
7020511,2011-12-02,29.0,False,1048.46,False
7020511,2011-12-02,79.0,False,284.63,False
7020511,2011-12-02,97.0,False,2033.01,False
7020511,2011-12-02,91.0,False,1830.39,False
7020511,2011-12-02,59.0,False,-2.05,False
7020511,2011-12-02,4.0,False,313.9,False
7020511,2011-12-02,2.0,False,5273.54,False
7020511,2011-12-02,8.0,False,-130.11,False
7020511,2011-12-02,14.0,False,5519.29,False
7020511,2011-12-02,3.0,False,13543.09,False
7020511,2011-12-02,22.0,False,3394.01,False
7020511,2011-12-02,7.0,False,1568.38,False
7020511,2011-12-02,38.0,False,981.09,False
7020511,2011-12-02,83.0,False,3712.19,False
7020511,2011-12-02,11.0,False,3134.3,False
7020511,2011-12-02,72.0,False,620.78,False
7020511,2011-12-02,27.0,False,605.74,False
7020511,2011-12-02,49.0,False,6201.57,False
7020511,2011-12-02,6.0,False,-114.36,False
7020511,2011-12-02,81.0,False,13679.89,False
7020511,2011-12-02,92.0,False,6087.96,False
7020511,2011-12-02,4.0,False,3253.41,False
7020511,2011-12-02,82.0,False,419.75,False
7020511,2011-12-02,2.0,False,23172.16,False
7020511,2011-12-02,46.0,False,3440.75,False
7020511,2011-12-02,92.0,False,1332.11,False
7020511,2011-12-02,25.0,False,3111.99,False
7020511,2011-12-02,16.0,True,-115.65,False
7020511,2011-12-02,8.0,False,564.95,False
7020511,2011-12-02,3.0,False,2027.63,False
7020511,2011-12-02,85.0,False,27899.89,False
7020511,2011-12-02,4.0,True,19820.61,False
7020511,2011-12-02,4.0,False,1724.91,False
7020511,2011-12-02,67.0,False,3855.66,False
7020511,2011-12-02,67.0,False,18746.8,False
7020511,2011-12-02,17.0,False,5711.2,False
7020511,2011-12-02,80.0,False,-89.78,False
7020511,2011-12-02,9.0,False,45573.63,False
7020511,2011-12-02,41.0,False,12676.63,False
7020511,2011-12-02,9.0,False,3288.61,False
7020511,2011-12-02,1.0,False,17425.79,False
7020511,2011-12-02,29.0,False,-112.0,False
7020511,2011-12-02,77.0,False,16376.84,False
7020511,2011-12-02,27.0,False,627.23,False
7020511,2011-12-02,79.0,False,12.76,False
7020511,2011-12-02,45.0,False,343.55,False
7020511,2011-12-02,1.0,False,825.74,False
7020511,2011-12-02,4.0,False,13360.01,False
7020511,2011-12-02,30.0,False,649.79,False
7020511,2011-12-02,3.0,False,663.01,False
7020511,2011-12-02,72.0,False,20323.79,False
7020511,2011-12-02,21.0,False,8398.67,False
7020511,2011-12-02,17.0,False,2330.85,False
7020511,2011-12-02,40.0,False,-95.12,False
7020511,2011-12-02,85.0,False,1993.07,False
7020511,2011-12-02,98.0,False,-135.16,False
7020511,2011-12-02,97.0,False,5512.32,False
7020511,2011-12-02,8.0,True,1444.59,False
7020511,2011-12-02,41.0,False,1456.26,False
7020511,2011-12-02,25.0,False,7589.39,False
7020511,2011-12-02,56.0,False,14953.81,False
7020511,2011-12-02,32.0,False,10384.78,False
7020511,2011-12-02,71.0,False,39822.38,False
7020511,2011-12-02,27.0,False,5751.78,False
7020511,2011-12-02,40.0,False,10.39,False
7020511,2011-12-02,17.0,False,3909.33,False
7020511,2011-12-02,52.0,False,415.4,False
7020511,2011-12-02,22.0,False,498.55,False
7020511,2011-12-02,14.0,False,9298.05,False
7020511,2011-12-02,44.0,False,26351.87,False
7020511,2011-12-02,26.0,False,-74.96,False
7020511,2011-12-02,54.0,False,3137.16,False
7020511,2011-12-02,49.0,False,2852.05,False
7020511,2011-12-02,34.0,False,336.68,False
7020511,2011-12-02,67.0,False,-22.22,False
7020511,2011-12-02,16.0,False,7000.35,False
7020511,2011-12-02,24.0,False,3281.3,False
7020511,2011-12-02,4.0,False,-4.37,False
7020511,2011-12-02,13.0,False,4574.35,False
7020511,2011-12-02,14.0,False,6227.77,False
7020511,2011-12-02,33.0,False,47130.56,False
7020511,2011-12-02,3.0,False,42758.42,False
7020511,2011-12-02,7.0,False,1435.06,False
7020511,2011-12-02,82.0,False,44.85,False
7020511,2011-12-02,67.0,False,3717.31,False
7020511,2011-12-02,6.0,False,11259.87,False
7020511,2011-12-02,94.0,False,7568.76,False
7020511,2011-12-02,29.0,False,-119.12,False
7020511,2011-12-02,6.0,False,650.89,False
7020511,2011-12-09,98.0,False,-135.03,False
7020511,2011-12-09,29.0,False,197.55,False
7020511,2011-12-09,37.0,False,8132.71,False
7020511,2011-12-09,93.0,False,-129.98,False
7020511,2011-12-09,42.0,False,9442.45,False
7020511,2011-12-09,60.0,True,158.32,False
7020511,2011-12-09,11.0,True,159.03,False
7020511,2011-12-09,41.0,False,-105.12,False
7020511,2011-12-09,85.0,False,4088.11,False
7020511,2011-12-09,92.0,False,-75.37,False
7020511,2011-12-09,95.0,False,211.17,False
7020511,2011-12-09,1.0,False,484.28,False
7020511,2011-12-09,40.0,False,-131.7,False
7020511,2011-12-09,60.0,True,9144.83,False
7020511,2011-12-09,79.0,False,6687.23,False
7020511,2011-12-09,81.0,False,2934.85,False
7020511,2011-12-09,4.0,False,199.51,False
7020511,2011-12-09,95.0,False,239.16,False
7020511,2011-12-09,38.0,False,28078.93,False
7020511,2011-12-09,83.0,False,1432.93,False
7020511,2011-12-09,3.0,True,485.43,False
7020511,2011-12-09,97.0,False,-109.83,False
7020511,2011-12-09,21.0,False,95.44,False
7020511,2011-12-09,17.0,False,9618.77,False
7020511,2011-12-09,2.0,True,201.39,False
7020511,2011-12-09,14.0,False,10805.16,False
7020511,2011-12-09,31.0,False,1918.77,False
7020511,2011-12-09,40.0,False,2753.83,False
7020511,2011-12-09,2.0,False,465.38,False
7020511,2011-12-09,10.0,True,10265.88,False
7020511,2011-12-09,6.0,False,10392.95,False
7020511,2011-12-09,38.0,True,31.65,False
7020511,2011-12-09,19.0,False,27831.34,False
7020511,2011-12-09,92.0,False,2365.01,False
7020511,2011-12-09,9.0,False,30567.55,False
7020511,2011-12-09,59.0,True,10667.27,False
7020511,2011-12-09,2.0,False,17470.91,False
7020511,2011-12-09,6.0,False,1579.41,False
7020511,2011-12-09,36.0,False,2211.1,False
7020511,2011-12-09,11.0,False,626.63,False
7020511,2011-12-09,25.0,False,1403.0,False
7020511,2011-12-09,23.0,False,300.06,False
7020511,2011-12-09,29.0,False,-0.92,False
7020511,2011-12-09,4.0,False,312.56,False
7020511,2011-12-09,10.0,False,7258.21,False
7020511,2011-12-09,60.0,False,-112.24,False
7020511,2011-12-09,21.0,False,14103.52,False
7020511,2011-12-09,16.0,False,11797.63,False
7020511,2011-12-09,56.0,False,11.44,False
7020511,2011-12-09,77.0,False,17443.2,False
7020511,2011-12-09,9.0,False,-89.26,False
7020511,2011-12-09,2.0,False,37862.03,False
7020511,2011-12-09,29.0,False,-48.41,False
7020511,2011-12-09,11.0,False,401.35,False
7020511,2011-12-09,90.0,False,5722.68,False
7020511,2011-12-09,98.0,False,13057.38,False
7020511,2011-12-09,19.0,False,596.65,False
7020511,2011-12-09,9.0,True,10820.3,False
7020511,2011-12-09,71.0,False,-75.68,False
7020511,2011-12-16,41.0,True,-5.76,False
7020511,2011-12-16,91.0,False,-135.16,False
7020511,2011-12-16,7.0,False,5866.38,False
7020511,2011-12-16,92.0,False,-104.08,False
7020511,2011-12-16,17.0,True,384.69,False
7020511,2011-12-16,23.0,False,1399.87,False
7020511,2011-12-16,17.0,True,-78.17,False
7020511,2011-12-16,38.0,False,-133.76,False
7020511,2011-12-16,14.0,False,76.48,False
7020511,2011-12-16,21.0,False,5498.22,False
7020511,2011-12-16,4.0,False,12090.14,False
7020511,2011-12-16,41.0,False,1096.5,False
7020511,2011-12-16,34.0,False,254.94,False
7020511,2011-12-16,27.0,False,-134.27,False
7020511,2011-12-16,97.0,False,109.06,False
7020511,2011-12-16,49.0,False,8116.81,False
7020511,2011-12-16,9.0,False,455.64,False
7020511,2011-12-16,14.0,False,1086.68,False
7020511,2011-12-16,2.0,False,8946.16,False
7020511,2011-12-16,97.0,False,1089.1,False
7020511,2011-12-16,40.0,False,2908.83,False
7020511,2011-12-16,87.0,False,2614.82,False
7020511,2011-12-16,58.0,False,505.25,False
7020511,2011-12-16,97.0,True,15189.75,False
7020511,2011-12-16,81.0,True,5596.27,False
7020511,2011-12-16,26.0,False,186.95,False
7020511,2011-12-16,60.0,True,1.66,False
7020511,2011-12-16,17.0,True,-106.3,False
7020511,2011-12-16,7.0,False,6002.73,False
7020511,2011-12-16,95.0,False,-58.02,False
7020511,2011-12-16,36.0,True,5426.48,False
7020511,2011-12-16,56.0,True,428.32,False
7020511,2011-12-16,52.0,False,11242.27,False
7020511,2011-12-16,90.0,False,1519.36,False
7020511,2011-12-16,7.0,False,1015.54,False
7020511,2011-12-16,83.0,False,49.75,False
7020511,2011-12-16,20.0,True,6266.65,False
7020511,2011-12-16,22.0,False,17741.62,False
7020511,2011-12-16,46.0,False,2424.82,False
7020511,2011-12-16,12.0,False,1798.18,False
7020511,2011-12-16,28.0,False,1332.52,False
7020511,2011-12-16,58.0,False,3672.71,False
7020511,2011-12-16,98.0,False,4642.47,False
7020511,2011-12-16,17.0,False,9028.02,False
7020511,2011-12-16,79.0,False,421.68,False
7020511,2011-12-16,17.0,True,4696.81,False
7020511,2011-12-16,31.0,True,1624.65,False
7020511,2011-12-16,35.0,False,31605.56,False
7020511,2011-12-16,5.0,False,1202.64,False
7020511,2011-12-16,28.0,False,5440.92,False
7020511,2011-12-16,2.0,False,52387.47,False
7020511,2011-12-16,98.0,False,729.77,False
7020511,2011-12-16,31.0,False,285.85,False
7020511,2011-12-16,40.0,False,1547.85,False
7020511,2011-12-16,49.0,False,8538.28,False
7020511,2011-12-16,58.0,True,-127.85,False
7020511,2011-12-16,46.0,False,7491.93,False
7020511,2011-12-16,11.0,False,1749.52,False
7020511,2011-12-16,10.0,False,2299.34,False
7020511,2011-12-16,67.0,False,12201.16,False
7020511,2011-12-16,71.0,False,-134.7,False
7020511,2011-12-16,1.0,False,6160.66,False
7020511,2011-12-16,2.0,True,1739.27,False
7020511,2011-12-16,67.0,True,545.9,False
7020511,2011-12-16,16.0,False,8389.48,False
7020511,2011-12-16,6.0,False,3043.35,False
7020511,2011-12-16,10.0,False,3004.16,False
7020511,2011-12-16,27.0,False,924.97,False
7020511,2011-12-16,74.0,False,1775.65,False
7020511,2011-12-23,22.0,True,664.0,False
7020511,2011-12-23,9.0,False,10920.72,False
7020511,2011-12-23,56.0,True,8510.06,False
7020511,2011-12-23,1.0,True,1284.72,False
7020511,2011-12-23,19.0,False,1812.25,False
7020511,2011-12-23,79.0,False,8943.88,False
7020511,2011-12-23,37.0,True,-103.3,False
7020511,2011-12-23,98.0,False,800.09,False
7020511,2011-12-23,34.0,False,10871.45,False
7020511,2011-12-23,8.0,True,246.17,False
7020511,2011-12-23,29.0,True,840.34,False
7020511,2011-12-23,13.0,False,406.74,False
7020511,2011-12-23,17.0,True,13830.7,False
7020511,2011-12-23,2.0,False,12535.07,False
7020511,2011-12-23,46.0,True,2533.56,False
7020511,2011-12-23,13.0,True,30243.05,False
7020511,2011-12-23,9.0,True,-2.61,False
7020511,2011-12-23,13.0,True,1338.12,False
7020511,2011-12-23,59.0,True,879.64,False
7020511,2011-12-23,58.0,True,4989.16,False
7020511,2011-12-23,55.0,True,-135.07,False
7020511,2011-12-23,35.0,True,-116.81,False
7020511,2011-12-23,12.0,False,2391.05,False
7020511,2011-12-23,2.0,True,9342.4,False
7020511,2011-12-23,72.0,False,1053.93,False
7020511,2011-12-23,30.0,True,1432.78,False
7020511,2011-12-23,11.0,True,10488.35,False
7020511,2011-12-23,2.0,True,5472.97,False
7020511,2011-12-23,18.0,True,2580.63,False
7020511,2011-12-23,3.0,True,58.2,False
7020511,2011-12-23,11.0,True,20797.86,False
7020511,2011-12-23,74.0,False,-64.8,False
7020511,2011-12-23,91.0,False,1772.72,False
7020511,2011-12-23,30.0,False,179.76,False
7020511,2011-12-23,36.0,True,417.67,False
7020511,2011-12-23,12.0,True,-37.45,False
7020511,2011-12-23,16.0,True,-113.61,False
7020511,2011-12-23,5.0,True,7161.69,False
7020511,2011-12-23,34.0,False,21923.18,False
7020511,2011-12-23,44.0,False,215.4,False
7020511,2011-12-23,13.0,False,220.96,False
7020511,2011-12-23,52.0,True,62.89,False
7020511,2011-12-23,96.0,False,422.64,False
7020511,2011-12-23,67.0,False,3256.08,False
7020511,2011-12-23,90.0,False,12722.63,False
7020511,2011-12-23,97.0,True,470.3,False
7020511,2011-12-23,29.0,True,405.75,False
7020511,2011-12-23,23.0,False,349.62,False
7020511,2011-12-23,81.0,False,1216.54,False
7020511,2011-12-23,13.0,False,861.28,False
7020511,2011-12-23,10.0,False,4081.35,False
7020511,2011-12-23,6.0,True,4383.63,False
7020511,2011-12-23,37.0,False,20597.43,False
7020511,2011-12-23,46.0,False,323.12,False
7020511,2011-12-23,93.0,False,8813.75,False
7020511,2011-12-23,12.0,False,2371.76,False
7020511,2011-12-23,35.0,True,-22.85,False
7020511,2011-12-23,59.0,True,27947.58,False
7020511,2011-12-23,11.0,False,938.12,False
7020511,2011-12-23,1.0,False,2842.7,False
7020511,2011-12-23,4.0,True,2200.94,False
7020511,2011-12-23,6.0,False,8386.82,False
7020511,2011-12-23,91.0,False,467.15,False
7020511,2011-12-23,41.0,False,-58.19,False
7020511,2011-12-23,55.0,True,-37.49,False
7020511,2011-12-23,9.0,True,13357.95,False
7020511,2011-12-23,27.0,False,7640.49,False
7020511,2011-12-23,9.0,True,2076.42,False
7020511,2011-12-23,25.0,False,816.32,False
7020511,2011-12-23,6.0,False,12267.49,False
7020511,2011-12-23,56.0,False,4609.85,False
7020511,2011-12-23,97.0,False,595.48,False
7020511,2011-12-23,26.0,False,3831.32,False
7020511,2011-12-23,98.0,True,2485.6,False
7020511,2011-12-23,46.0,False,10624.12,False
7020511,2011-12-23,71.0,False,3567.97,False
7020511,2011-12-23,52.0,False,1663.3,False
7020511,2011-12-23,7.0,False,308.88,False
7020511,2011-12-23,11.0,False,4771.98,False
7020511,2011-12-23,22.0,True,2958.1,False
7020511,2011-12-23,92.0,True,3935.93,False
7020511,2011-12-30,92.0,True,,True
7177626,2011-12-02,93.0,False,1321.65,False
7177626,2011-12-02,10.0,False,53097.52,False
7177626,2011-12-02,29.0,False,3582.55,False
7177626,2011-12-02,11.0,False,1468.07,False
7177626,2011-12-02,59.0,False,4263.65,False
7177626,2011-12-02,21.0,False,2429.68,False
7177626,2011-12-02,44.0,False,22620.01,False
7177626,2011-12-02,56.0,False,3315.13,False
7177626,2011-12-02,59.0,False,14510.05,False
7177626,2011-12-02,31.0,False,15459.64,False
7177626,2011-12-02,72.0,False,2757.92,False
7177626,2011-12-02,95.0,False,3396.86,False
7177626,2011-12-02,91.0,False,703.73,False
7177626,2011-12-02,44.0,False,4082.71,False
7177626,2011-12-02,20.0,False,4295.8,False
7177626,2011-12-02,4.0,False,34069.04,False
7177626,2011-12-02,74.0,False,60.4,False
7177626,2011-12-02,29.0,False,9959.02,False
7177626,2011-12-02,18.0,False,39274.95,False
7177626,2011-12-02,60.0,False,2568.89,False
7177626,2011-12-02,35.0,False,1373.56,False
7177626,2011-12-02,82.0,False,6378.04,False
7177626,2011-12-02,10.0,False,2302.74,False
7177626,2011-12-02,95.0,False,34303.65,False
7177626,2011-12-02,17.0,False,7380.95,False
7177626,2011-12-02,21.0,False,2059.17,False
7177626,2011-12-02,35.0,False,1502.89,False
7177626,2011-12-02,44.0,False,51662.05,False
7177626,2011-12-02,71.0,True,11333.62,False
7177626,2011-12-02,3.0,False,39705.07,False
7177626,2011-12-02,56.0,False,7289.82,False
7177626,2011-12-02,80.0,False,8025.71,False
7177626,2011-12-02,20.0,True,5603.24,False
7177626,2011-12-02,30.0,False,1773.77,False
7177626,2011-12-02,54.0,False,2459.61,False
7177626,2011-12-02,12.0,False,6578.9,False
7177626,2011-12-02,83.0,False,26809.91,False
7177626,2011-12-02,9.0,False,13729.71,False
7177626,2011-12-02,33.0,False,24757.54,False
7177626,2011-12-02,85.0,True,487.36,False
7177626,2011-12-02,85.0,False,27678.02,False
7177626,2011-12-02,67.0,False,1246.23,False
7177626,2011-12-02,60.0,False,20883.86,False
7177626,2011-12-02,59.0,False,1793.3,False
7177626,2011-12-02,27.0,False,42199.52,False
7177626,2011-12-02,14.0,False,18632.97,False
7177626,2011-12-02,4.0,False,17150.05,False
7177626,2011-12-02,41.0,False,937.83,False
7177626,2011-12-02,96.0,False,2080.46,False
7177626,2011-12-02,3.0,False,8830.39,False
7177626,2011-12-02,81.0,True,19066.64,False
7177626,2011-12-02,3.0,False,6095.54,False
7177626,2011-12-02,26.0,False,20891.27,False
7177626,2011-12-02,92.0,False,126.44,False
7177626,2011-12-02,23.0,False,14980.71,False
7177626,2011-12-02,28.0,False,9755.93,False
7177626,2011-12-02,30.0,False,46541.25,False
7177626,2011-12-02,28.0,False,9192.29,False
7177626,2011-12-02,22.0,False,43692.42,False
7177626,2011-12-02,20.0,False,19083.63,False
7177626,2011-12-02,54.0,False,6746.02,False
7177626,2011-12-02,95.0,False,3256.67,False
7177626,2011-12-02,98.0,False,-232.92,False
7177626,2011-12-02,7.0,False,18219.98,False
7177626,2011-12-02,1.0,False,57382.03,False
7177626,2011-12-02,25.0,False,1369.37,False
7177626,2011-12-02,32.0,False,53768.26,False
7177626,2011-12-02,18.0,False,9136.13,False
7177626,2011-12-02,54.0,False,5964.74,False
7177626,2011-12-02,27.0,False,4028.46,False
7177626,2011-12-02,81.0,False,2243.23,False
7177626,2011-12-02,23.0,False,8871.75,False
7177626,2011-12-02,1.0,False,12420.0,False
7177626,2011-12-02,20.0,False,5370.5,False
7177626,2011-12-02,92.0,True,5897.91,False
7177626,2011-12-02,21.0,False,4284.94,False
7177626,2011-12-02,52.0,True,2741.45,False
7177626,2011-12-02,96.0,False,-237.35,False
7177626,2011-12-02,96.0,False,6379.26,False
7177626,2011-12-02,91.0,False,24069.88,False
7177626,2011-12-02,25.0,False,12731.98,False
7177626,2011-12-02,67.0,False,22694.6,False
7177626,2011-12-02,16.0,False,30281.85,False
7177626,2011-12-02,18.0,False,112231.99,False
7177626,2011-12-02,5.0,False,8935.92,False
7177626,2011-12-02,10.0,False,34779.56,False
7177626,2011-12-02,67.0,False,16587.96,False
7177626,2011-12-02,14.0,False,2219.48,False
7177626,2011-12-02,12.0,False,10623.39,False
7177626,2011-12-02,33.0,False,25566.39,False
7177626,2011-12-02,4.0,False,1377.97,False
7177626,2011-12-02,14.0,False,26448.26,False
7177626,2011-12-02,21.0,True,2850.14,False
7177626,2011-12-02,93.0,False,11952.42,False
7177626,2011-12-02,58.0,False,15482.34,False
7177626,2011-12-02,37.0,False,17456.11,False
7177626,2011-12-02,2.0,False,10074.58,False
7177626,2011-12-02,74.0,False,2278.54,False
7177626,2011-12-02,94.0,False,4581.16,False
7177626,2011-12-02,34.0,False,54007.56,False
7177626,2011-12-02,6.0,False,16069.04,False
7177626,2011-12-02,19.0,False,75019.95,False
7177626,2011-12-02,59.0,False,-112.6,False
7177626,2011-12-02,36.0,False,20261.52,False
7177626,2011-12-02,80.0,False,8971.77,False
7177626,2011-12-02,96.0,False,594.93,False
7177626,2011-12-02,4.0,False,14628.1,False
7177626,2011-12-02,52.0,False,4879.59,False
7177626,2011-12-02,7.0,False,31596.42,False
7177626,2011-12-02,5.0,False,4530.78,False
7177626,2011-12-02,22.0,False,7110.17,False
7177626,2011-12-02,31.0,False,18364.08,False
7177626,2011-12-02,11.0,False,22616.26,False
7177626,2011-12-09,9.0,False,10145.93,False
7177626,2011-12-09,36.0,True,4474.86,False
7177626,2011-12-09,16.0,False,10316.41,False
7177626,2011-12-09,32.0,False,9793.91,False
7177626,2011-12-09,2.0,False,79745.53,False
7177626,2011-12-09,32.0,False,5927.24,False
7177626,2011-12-09,93.0,False,20033.15,False
7177626,2011-12-09,74.0,False,10025.81,False
7177626,2011-12-09,16.0,False,5939.24,False
7177626,2011-12-09,3.0,False,45860.4,False
7177626,2011-12-09,83.0,False,3594.16,False
7177626,2011-12-09,22.0,False,5900.38,False
7177626,2011-12-09,8.0,False,10242.52,False
7177626,2011-12-09,60.0,False,658.51,False
7177626,2011-12-09,42.0,False,5767.23,False
7177626,2011-12-09,10.0,False,27242.68,False
7177626,2011-12-09,12.0,False,28132.58,False
7177626,2011-12-09,82.0,True,23060.02,False
7177626,2011-12-09,67.0,False,35025.89,False
7177626,2011-12-09,48.0,False,35040.82,False
7177626,2011-12-09,52.0,False,30.25,False
7177626,2011-12-09,32.0,False,16488.44,False
7177626,2011-12-09,27.0,False,10705.77,False
7177626,2011-12-09,21.0,False,9389.94,False
7177626,2011-12-09,98.0,False,3043.69,False
7177626,2011-12-09,18.0,False,8940.05,False
7177626,2011-12-09,16.0,True,2997.14,False
7177626,2011-12-09,54.0,False,2775.42,False
7177626,2011-12-09,55.0,False,-134.69,False
7177626,2011-12-09,59.0,False,2791.9,False
7177626,2011-12-09,18.0,False,27289.81,False
7177626,2011-12-09,9.0,False,65854.88,False
7177626,2011-12-09,36.0,True,17787.26,False
7177626,2011-12-09,44.0,False,20658.72,False
7177626,2011-12-09,41.0,False,25469.31,False
7177626,2011-12-09,74.0,False,1339.53,False
7177626,2011-12-09,31.0,False,5898.14,False
7177626,2011-12-09,60.0,False,28325.17,False
7177626,2011-12-09,87.0,False,9360.29,False
7177626,2011-12-09,60.0,True,621.91,False
7177626,2011-12-09,49.0,True,21186.21,False
7177626,2011-12-09,40.0,False,5835.69,False
7177626,2011-12-09,33.0,False,221.18,False
7177626,2011-12-09,90.0,False,8898.7,False
7177626,2011-12-09,13.0,False,23665.79,False
7177626,2011-12-09,93.0,False,2855.75,False
7177626,2011-12-09,94.0,False,2956.45,False
7177626,2011-12-09,26.0,False,6321.7,False
7177626,2011-12-09,13.0,False,12881.37,False
7177626,2011-12-09,67.0,False,61042.92,False
7177626,2011-12-09,5.0,False,11509.98,False
7177626,2011-12-09,18.0,False,-210.51,False
7177626,2011-12-09,93.0,False,3132.77,False
7177626,2011-12-09,81.0,False,5963.33,False
7177626,2011-12-09,32.0,False,407.91,False
7177626,2011-12-09,97.0,False,5186.66,False
7177626,2011-12-09,25.0,False,9256.06,False
7177626,2011-12-09,40.0,False,3122.92,False
7177626,2011-12-09,12.0,False,22114.23,False
7177626,2011-12-09,74.0,False,12098.56,False
7177626,2011-12-09,24.0,False,9337.68,False
7177626,2011-12-09,79.0,False,6642.82,False
7177626,2011-12-09,26.0,False,16990.12,False
7177626,2011-12-09,20.0,False,16121.06,False
7177626,2011-12-09,2.0,False,24120.44,False
7177626,2011-12-09,46.0,False,10584.11,False
7177626,2011-12-09,52.0,False,16473.05,False
7177626,2011-12-09,80.0,False,14663.21,False
7177626,2011-12-09,67.0,False,4440.19,False
7177626,2011-12-09,40.0,False,15239.73,False
7177626,2011-12-09,58.0,False,41121.18,False
7177626,2011-12-09,35.0,False,3665.07,False
7177626,2011-12-09,26.0,False,2746.68,False
7177626,2011-12-09,7.0,False,4857.53,False
7177626,2011-12-09,12.0,False,15071.7,False
7177626,2011-12-09,85.0,False,10882.0,False
7177626,2011-12-09,38.0,False,-136.84,False
7177626,2011-12-09,14.0,False,18487.83,False
7177626,2011-12-09,93.0,False,397.3,False
7177626,2011-12-09,13.0,False,5022.14,False
7177626,2011-12-09,22.0,False,2268.34,False
7177626,2011-12-09,31.0,False,63113.0,False
7177626,2011-12-09,16.0,False,13479.59,False
7177626,2011-12-09,94.0,False,-287.15,False
7177626,2011-12-09,12.0,False,10370.91,False
7177626,2011-12-09,29.0,False,22495.19,False
7177626,2011-12-16,7.0,False,2624.09,False
7177626,2011-12-16,21.0,True,21303.89,False
7177626,2011-12-16,42.0,False,2025.98,False
7177626,2011-12-16,12.0,False,11391.15,False
7177626,2011-12-16,10.0,False,53496.02,False
7177626,2011-12-16,52.0,False,6843.73,False
7177626,2011-12-16,37.0,False,4817.75,False
7177626,2011-12-16,23.0,True,8263.48,False
7177626,2011-12-16,12.0,False,32377.21,False
7177626,2011-12-16,12.0,True,20229.13,False
7177626,2011-12-16,14.0,False,18653.16,False
7177626,2011-12-16,59.0,False,23913.82,False
7177626,2011-12-16,56.0,True,1316.53,False
7177626,2011-12-16,37.0,False,8244.26,False
7177626,2011-12-16,27.0,False,37659.01,False
7177626,2011-12-16,23.0,False,33954.99,False
7177626,2011-12-16,67.0,False,8738.27,False
7177626,2011-12-16,77.0,True,11122.14,False
7177626,2011-12-16,40.0,False,8932.28,False
7177626,2011-12-16,22.0,False,11612.33,False
7177626,2011-12-16,27.0,False,23026.3,False
7177626,2011-12-16,14.0,True,24826.16,False
7177626,2011-12-16,41.0,True,10086.26,False
7177626,2011-12-16,98.0,False,6071.68,False
7177626,2011-12-16,6.0,False,34295.02,False
7177626,2011-12-16,24.0,False,22707.56,False
7177626,2011-12-16,60.0,False,1052.49,False
7177626,2011-12-16,60.0,True,21147.86,False
7177626,2011-12-16,38.0,True,26.47,False
7177626,2011-12-16,59.0,False,19902.69,False
7177626,2011-12-16,12.0,False,48272.03,False
7177626,2011-12-16,31.0,False,24116.23,False
7177626,2011-12-16,37.0,False,6495.0,False
7177626,2011-12-16,29.0,True,6370.61,False
7177626,2011-12-16,17.0,False,2997.85,False
7177626,2011-12-16,13.0,False,5388.61,False
7177626,2011-12-16,19.0,False,58938.71,False
7177626,2011-12-16,33.0,True,6141.77,False
7177626,2011-12-16,25.0,False,92776.51,False
7177626,2011-12-16,5.0,False,11598.8,False
7177626,2011-12-16,10.0,False,7086.6,False
7177626,2011-12-16,49.0,False,19822.87,False
7177626,2011-12-16,81.0,False,4390.49,False
7177626,2011-12-16,42.0,True,39594.36,False
7177626,2011-12-16,3.0,False,55858.52,False
7177626,2011-12-16,90.0,False,7659.72,False
7177626,2011-12-16,26.0,False,13761.94,False
7177626,2011-12-16,6.0,False,99569.5,False
7177626,2011-12-16,36.0,False,2868.79,False
7177626,2011-12-16,98.0,False,12463.25,False
7177626,2011-12-16,40.0,False,41388.9,False
7177626,2011-12-16,28.0,False,31806.06,False
7177626,2011-12-16,18.0,False,3663.13,False
7177626,2011-12-16,52.0,False,9698.45,False
7177626,2011-12-16,12.0,False,23668.23,False
7177626,2011-12-16,2.0,True,19702.48,False
7177626,2011-12-16,30.0,False,6574.36,False
7177626,2011-12-16,42.0,False,11095.3,False
7177626,2011-12-16,30.0,True,2306.19,False
7177626,2011-12-16,26.0,False,18136.51,False
7177626,2011-12-16,21.0,True,13231.1,False
7177626,2011-12-16,87.0,False,4882.9,False
7177626,2011-12-16,80.0,False,7339.15,False
7177626,2011-12-16,60.0,False,1802.94,False
7177626,2011-12-16,36.0,False,1874.65,False
7177626,2011-12-16,2.0,True,96895.87,False
7177626,2011-12-16,8.0,True,28996.21,False
7177626,2011-12-16,33.0,False,6419.3,False
7177626,2011-12-16,4.0,False,40280.0,False
7177626,2011-12-16,90.0,False,18919.84,False
7177626,2011-12-16,87.0,True,3344.35,False
7177626,2011-12-16,14.0,False,17612.88,False
7177626,2011-12-23,9.0,False,42370.65,False
7177626,2011-12-23,58.0,False,2072.57,False
7177626,2011-12-23,40.0,True,21812.42,False
7177626,2011-12-23,31.0,True,1339.53,False
7177626,2011-12-23,60.0,True,2614.18,False
7177626,2011-12-23,52.0,True,4929.6,False
7177626,2011-12-23,8.0,False,6695.54,False
7177626,2011-12-23,33.0,True,16943.62,False
7177626,2011-12-23,38.0,False,2295.48,False
7177626,2011-12-23,82.0,False,3082.74,False
7177626,2011-12-23,48.0,False,6284.05,False
7177626,2011-12-23,8.0,False,2525.88,False
7177626,2011-12-23,29.0,False,413.57,False
7177626,2011-12-23,82.0,False,891.91,False
7177626,2011-12-23,37.0,False,212.4,False
7177626,2011-12-23,10.0,False,3751.23,False
7177626,2011-12-23,35.0,True,27625.19,False
7177626,2011-12-23,7.0,True,23212.22,False
7177626,2011-12-23,21.0,False,23348.92,False
7177626,2011-12-23,12.0,False,9009.74,False
7177626,2011-12-23,24.0,True,23116.71,False
7177626,2011-12-23,2.0,True,8091.5,False
7177626,2011-12-23,5.0,False,81969.86,False
7177626,2011-12-23,32.0,True,4653.5,False
7177626,2011-12-23,74.0,False,23589.51,False
7177626,2011-12-23,10.0,False,10867.54,False
7177626,2011-12-23,3.0,False,1319.19,False
7177626,2011-12-23,98.0,True,4475.6,False
7177626,2011-12-23,22.0,True,9730.9,False
7177626,2011-12-23,67.0,False,1193.89,False
7177626,2011-12-23,91.0,False,255.23,False
7177626,2011-12-23,80.0,True,2763.01,False
7177626,2011-12-23,23.0,False,2482.53,False
7177626,2011-12-23,28.0,True,232.91,False
7177626,2011-12-23,90.0,True,664.36,False
7177626,2011-12-23,98.0,False,23924.5,False
7177626,2011-12-23,55.0,True,78.29,False
7177626,2011-12-23,92.0,True,6983.3,False
7177626,2011-12-23,17.0,True,16972.11,False
7177626,2011-12-23,37.0,False,40421.7,False
7177626,2011-12-23,81.0,False,2063.43,False
7177626,2011-12-23,21.0,True,13510.57,False
7177626,2011-12-23,30.0,True,44435.5,False
7177626,2011-12-23,92.0,False,11515.32,False
7177626,2011-12-23,9.0,True,18133.91,False
7177626,2011-12-23,19.0,False,25190.98,False
7177626,2011-12-23,9.0,True,3762.46,False
7177626,2011-12-23,32.0,True,4942.4,False
7177626,2011-12-23,36.0,True,3784.52,False
7177626,2011-12-23,34.0,False,565.99,False
7177626,2011-12-23,52.0,True,2406.58,False
7177626,2011-12-23,74.0,True,83.62,False
7177626,2011-12-23,83.0,False,920.34,False
7177626,2011-12-23,17.0,True,15117.78,False
7177626,2011-12-23,56.0,False,19807.54,False
7177626,2011-12-23,1.0,False,19906.32,False
7177626,2011-12-23,18.0,True,4934.36,False
7177626,2011-12-23,44.0,False,23739.57,False
7177626,2011-12-23,2.0,False,54818.42,False
7177626,2011-12-23,1.0,False,5052.14,False
7177626,2011-12-23,5.0,True,21692.93,False
7177626,2011-12-23,55.0,False,8132.8,False
7177626,2011-12-23,41.0,False,53480.17,False
7177626,2011-12-23,87.0,True,2372.22,False
7177626,2011-12-23,21.0,True,11559.8,False
7177626,2011-12-23,27.0,False,5184.14,False
7177626,2011-12-23,26.0,True,4207.67,False
7177626,2011-12-23,56.0,False,5025.03,False
7177626,2011-12-23,13.0,False,582.81,False
7177626,2011-12-23,80.0,False,2676.25,False
7177626,2011-12-23,58.0,False,825.38,False
7177626,2011-12-23,1.0,False,14322.72,False
7177626,2011-12-23,25.0,False,23596.23,False
7177626,2011-12-23,72.0,False,21250.17,False
7177626,2011-12-23,80.0,False,2244.86,False
7177626,2011-12-23,31.0,False,31860.39,False
7177626,2011-12-23,81.0,True,-103.58,False
7177626,2011-12-23,5.0,False,34659.44,False
7177626,2011-12-23,31.0,True,608.82,False
7177626,2011-12-23,13.0,True,7047.94,False
7177626,2011-12-23,28.0,False,13433.09,False
7177626,2011-12-23,11.0,False,25575.35,False
7177626,2011-12-23,98.0,False,2002.28,False
7177626,2011-12-23,31.0,False,15969.05,False
7177626,2011-12-23,37.0,False,11466.09,False
7177626,2011-12-23,11.0,False,8159.06,False
7177626,2011-12-23,83.0,True,38856.0,False
7177626,2011-12-23,79.0,True,6536.91,False
7177626,2011-12-23,40.0,True,8195.66,False
7177626,2011-12-23,52.0,True,36598.34,False
7177626,2011-12-23,16.0,False,15205.44,False
7177626,2011-12-23,82.0,False,-27.42,False
7177626,2011-12-23,55.0,False,13065.99,False
7177626,2011-12-23,21.0,True,26083.1,False
7177626,2011-12-23,97.0,True,27727.01,False
7177626,2011-12-23,22.0,False,28626.73,False
7177626,2011-12-23,23.0,False,25645.45,False
7177626,2011-12-23,91.0,True,-285.66,False
7177626,2011-12-23,82.0,True,14532.1,False
7177626,2011-12-23,42.0,True,10009.12,False
7177626,2011-12-30,42.0,True,,True
7218420,2011-12-02,11.0,False,18907.18,False
7218420,2011-12-02,98.0,False,7140.44,False
7218420,2011-12-02,41.0,True,23616.08,False
7218420,2011-12-02,80.0,False,-17.59,False
7218420,2011-12-02,11.0,False,13449.54,False
7218420,2011-12-02,17.0,False,35.64,False
7218420,2011-12-02,85.0,False,6881.2,False
7218420,2011-12-02,56.0,False,12064.62,False
7218420,2011-12-02,21.0,True,1163.94,False
7218420,2011-12-02,95.0,False,1499.46,False
7218420,2011-12-02,18.0,False,2377.62,False
7218420,2011-12-02,3.0,False,1749.4,False
7218420,2011-12-02,30.0,False,7252.75,False
7218420,2011-12-02,98.0,False,4992.6,False
7218420,2011-12-02,22.0,False,37.06,False
7218420,2011-12-02,40.0,False,132.58,False
7218420,2011-12-02,49.0,False,552.04,False
7218420,2011-12-02,85.0,False,987.95,False
7218420,2011-12-02,81.0,False,10459.21,False
7218420,2011-12-02,54.0,False,3680.13,False
7218420,2011-12-02,5.0,False,1386.63,False
7218420,2011-12-02,49.0,False,9509.56,False
7218420,2011-12-02,98.0,False,8403.06,False
7218420,2011-12-02,14.0,False,10265.0,False
7218420,2011-12-02,98.0,False,100.28,False
7218420,2011-12-02,34.0,False,485.4,False
7218420,2011-12-02,95.0,False,6186.94,False
7218420,2011-12-02,83.0,False,1090.93,False
7218420,2011-12-02,98.0,False,55.47,False
7218420,2011-12-02,22.0,True,5032.08,False
7218420,2011-12-02,1.0,False,6269.8,False
7218420,2011-12-02,4.0,False,373.15,False
7218420,2011-12-02,79.0,False,5313.15,False
7218420,2011-12-02,98.0,False,4461.01,False
7218420,2011-12-02,93.0,False,2033.61,False
7218420,2011-12-02,93.0,False,13295.17,False
7218420,2011-12-02,47.0,False,3765.78,False
7218420,2011-12-02,93.0,False,24322.31,False
7218420,2011-12-02,44.0,False,31798.68,False
7218420,2011-12-02,1.0,False,27432.08,False
7218420,2011-12-02,94.0,False,1497.26,False
7218420,2011-12-02,21.0,False,1693.73,False
7218420,2011-12-02,21.0,False,3329.91,False
7218420,2011-12-02,31.0,False,8679.64,False
7218420,2011-12-02,25.0,False,1785.52,False
7218420,2011-12-02,98.0,False,8238.14,False
7218420,2011-12-02,98.0,False,-48.46,False
7218420,2011-12-02,67.0,False,451.71,False
7218420,2011-12-02,23.0,False,-50.96,False
7218420,2011-12-02,91.0,False,2011.38,False
7218420,2011-12-02,22.0,False,2687.15,False
7218420,2011-12-02,16.0,False,89.2,False
7218420,2011-12-02,92.0,False,1030.42,False
7218420,2011-12-02,71.0,False,1509.77,False
7218420,2011-12-02,36.0,False,229.46,False
7218420,2011-12-02,12.0,False,7919.17,False
7218420,2011-12-02,21.0,False,19.88,False
7218420,2011-12-02,58.0,False,13000.22,False
7218420,2011-12-02,3.0,False,1456.87,False
7218420,2011-12-02,24.0,False,213.6,False
7218420,2011-12-02,98.0,False,7172.76,False
7218420,2011-12-02,97.0,False,4109.44,False
7218420,2011-12-02,82.0,False,6774.34,False
7218420,2011-12-09,95.0,False,127.43,False
7218420,2011-12-09,2.0,False,13767.82,False
7218420,2011-12-09,40.0,False,81.5,False
7218420,2011-12-09,97.0,False,15552.02,False
7218420,2011-12-09,23.0,False,1277.0,False
7218420,2011-12-09,45.0,False,10326.67,False
7218420,2011-12-09,96.0,True,11392.82,False
7218420,2011-12-09,72.0,False,4706.84,False
7218420,2011-12-09,19.0,False,2729.46,False
7218420,2011-12-09,20.0,False,3287.74,False
7218420,2011-12-09,12.0,False,1456.03,False
7218420,2011-12-09,11.0,False,984.13,False
7218420,2011-12-09,90.0,False,678.52,False
7218420,2011-12-09,79.0,False,6709.8,False
7218420,2011-12-09,98.0,False,9504.7,False
7218420,2011-12-09,18.0,True,393.71,False
7218420,2011-12-09,46.0,False,2788.69,False
7218420,2011-12-09,98.0,False,84.95,False
7218420,2011-12-09,82.0,False,11106.82,False
7218420,2011-12-09,18.0,False,22099.9,False
7218420,2011-12-09,98.0,False,4003.11,False
7218420,2011-12-09,87.0,False,2947.89,False
7218420,2011-12-09,1.0,False,33756.74,False
7218420,2011-12-09,9.0,True,8812.0,False
7218420,2011-12-09,96.0,False,277.5,False
7218420,2011-12-09,31.0,False,240.23,False
7218420,2011-12-09,97.0,False,10314.86,False
7218420,2011-12-09,22.0,False,2410.44,False
7218420,2011-12-09,1.0,False,1850.06,False
7218420,2011-12-09,18.0,False,7293.24,False
7218420,2011-12-09,19.0,False,4260.19,False
7218420,2011-12-09,31.0,False,2322.1,False
7218420,2011-12-09,30.0,False,21164.79,False
7218420,2011-12-09,31.0,False,2136.9,False
7218420,2011-12-09,81.0,False,1745.41,False
7218420,2011-12-09,38.0,False,1917.57,False
7218420,2011-12-09,4.0,False,2938.84,False
7218420,2011-12-09,49.0,False,1054.66,False
7218420,2011-12-09,72.0,False,9579.17,False
7218420,2011-12-09,94.0,False,4143.85,False
7218420,2011-12-09,60.0,False,741.39,False
7218420,2011-12-09,9.0,False,6843.47,False
7218420,2011-12-09,60.0,False,703.3,False
7218420,2011-12-09,83.0,False,771.29,False
7218420,2011-12-09,16.0,False,132.15,False
7218420,2011-12-09,33.0,True,1100.91,False
7218420,2011-12-09,28.0,False,6564.14,False
7218420,2011-12-09,37.0,False,251.77,False
7218420,2011-12-09,58.0,False,21175.94,False
7218420,2011-12-09,71.0,False,1694.09,False
7218420,2011-12-09,71.0,True,15837.92,False
7218420,2011-12-09,6.0,False,6391.03,False
7218420,2011-12-09,98.0,False,12718.09,False
7218420,2011-12-09,23.0,False,660.48,False
7218420,2011-12-09,5.0,False,23403.73,False
7218420,2011-12-09,98.0,False,796.98,False
7218420,2011-12-09,98.0,False,4802.11,False
7218420,2011-12-09,92.0,False,9149.75,False
7218420,2011-12-09,93.0,False,16491.87,False
7218420,2011-12-09,7.0,False,2095.85,False
7218420,2011-12-09,98.0,False,689.77,False
7218420,2011-12-09,8.0,False,5629.52,False
7218420,2011-12-09,72.0,False,1076.52,False
7218420,2011-12-09,24.0,False,1988.75,False
7218420,2011-12-09,82.0,True,8695.72,False
7218420,2011-12-09,98.0,False,79.2,False
7218420,2011-12-09,20.0,False,586.87,False
7218420,2011-12-16,38.0,False,2049.66,False
7218420,2011-12-16,49.0,True,1886.57,False
7218420,2011-12-16,67.0,False,12375.88,False
7218420,2011-12-16,7.0,False,2156.42,False
7218420,2011-12-16,56.0,False,345.57,False
7218420,2011-12-16,1.0,False,3065.41,False
7218420,2011-12-16,21.0,False,2032.02,False
7218420,2011-12-16,1.0,False,11177.23,False
7218420,2011-12-16,82.0,True,959.66,False
7218420,2011-12-16,58.0,False,3976.37,False
7218420,2011-12-16,24.0,False,3254.52,False
7218420,2011-12-16,5.0,False,13973.83,False
7218420,2011-12-16,98.0,False,2377.67,False
7218420,2011-12-16,96.0,True,989.28,False
7218420,2011-12-16,97.0,False,1864.41,False
7218420,2011-12-16,67.0,False,4595.34,False
7218420,2011-12-16,38.0,False,13653.44,False
7218420,2011-12-16,52.0,True,984.77,False
7218420,2011-12-16,22.0,True,1188.35,False
7218420,2011-12-16,46.0,False,8345.4,False
7218420,2011-12-16,8.0,False,5083.13,False
7218420,2011-12-16,2.0,False,174.79,False
7218420,2011-12-16,93.0,False,1535.43,False
7218420,2011-12-16,96.0,False,6628.21,False
7218420,2011-12-16,56.0,True,1279.24,False
7218420,2011-12-16,18.0,False,326.09,False
7218420,2011-12-16,93.0,True,433.47,False
7218420,2011-12-16,59.0,False,13491.87,False
7218420,2011-12-16,21.0,False,4910.27,False
7218420,2011-12-16,5.0,False,64.0,False
7218420,2011-12-16,97.0,False,5781.77,False
7218420,2011-12-16,95.0,False,4861.07,False
7218420,2011-12-16,87.0,False,5211.06,False
7218420,2011-12-16,93.0,True,3334.81,False
7218420,2011-12-16,58.0,False,1981.8,False
7218420,2011-12-16,20.0,False,17275.12,False
7218420,2011-12-16,98.0,False,1905.2,False
7218420,2011-12-16,7.0,False,2760.97,False
7218420,2011-12-16,72.0,False,796.96,False
7218420,2011-12-16,19.0,False,17856.46,False
7218420,2011-12-16,29.0,True,14727.49,False
7218420,2011-12-16,3.0,False,5491.02,False
7218420,2011-12-16,21.0,False,588.31,False
7218420,2011-12-16,1.0,False,3086.3,False
7218420,2011-12-16,91.0,False,827.59,False
7218420,2011-12-16,8.0,True,4418.23,False
7218420,2011-12-16,94.0,False,235.25,False
7218420,2011-12-16,97.0,True,4911.52,False
7218420,2011-12-16,94.0,False,2873.86,False
7218420,2011-12-16,95.0,False,18254.23,False
7218420,2011-12-16,79.0,False,8247.53,False
7218420,2011-12-16,98.0,True,5086.69,False
7218420,2011-12-16,97.0,False,8249.28,False
7218420,2011-12-16,7.0,False,4887.61,False
7218420,2011-12-16,98.0,False,728.7,False
7218420,2011-12-23,34.0,False,2826.03,False
7218420,2011-12-23,2.0,False,5232.73,False
7218420,2011-12-23,4.0,True,3867.3,False
7218420,2011-12-23,31.0,False,18.12,False
7218420,2011-12-23,11.0,False,6109.54,False
7218420,2011-12-23,34.0,True,8018.68,False
7218420,2011-12-23,2.0,False,725.54,False
7218420,2011-12-23,97.0,False,230.77,False
7218420,2011-12-23,7.0,True,694.17,False
7218420,2011-12-23,93.0,False,801.3,False
7218420,2011-12-23,83.0,False,1712.45,False
7218420,2011-12-23,94.0,False,7380.1,False
7218420,2011-12-23,9.0,False,11.08,False
7218420,2011-12-23,98.0,True,1785.66,False
7218420,2011-12-23,8.0,False,6537.94,False
7218420,2011-12-23,3.0,True,1018.92,False
7218420,2011-12-23,14.0,False,1278.58,False
7218420,2011-12-23,67.0,True,31972.63,False
7218420,2011-12-23,94.0,False,6809.49,False
7218420,2011-12-23,95.0,True,1342.27,False
7218420,2011-12-23,9.0,True,5286.43,False
7218420,2011-12-23,12.0,True,599.07,False
7218420,2011-12-23,27.0,True,3070.47,False
7218420,2011-12-23,58.0,True,2174.26,False
7218420,2011-12-23,97.0,True,2092.63,False
7218420,2011-12-23,96.0,True,902.17,False
7218420,2011-12-23,24.0,False,23749.9,False
7218420,2011-12-23,1.0,True,5628.63,False
7218420,2011-12-23,92.0,True,65.37,False
7218420,2011-12-23,24.0,True,2219.01,False
7218420,2011-12-23,94.0,True,7948.57,False
7218420,2011-12-23,3.0,True,3766.98,False
7218420,2011-12-23,93.0,False,645.67,False
7218420,2011-12-23,29.0,True,-7.67,False
7218420,2011-12-23,17.0,True,2760.7,False
7218420,2011-12-23,98.0,False,5012.69,False
7218420,2011-12-23,42.0,True,187.09,False
7218420,2011-12-23,4.0,False,1114.06,False
7218420,2011-12-23,87.0,False,44017.88,False
7218420,2011-12-23,93.0,False,6047.46,False
7218420,2011-12-23,94.0,False,1310.44,False
7218420,2011-12-23,74.0,False,1389.85,False
7218420,2011-12-23,34.0,False,2423.78,False
7218420,2011-12-23,40.0,False,10306.35,False
7218420,2011-12-23,17.0,True,3309.87,False
7218420,2011-12-23,95.0,False,98.8,False
7218420,2011-12-23,74.0,False,786.78,False
7218420,2011-12-23,17.0,False,1274.41,False
7218420,2011-12-23,93.0,False,1530.14,False
7218420,2011-12-23,13.0,False,2238.42,False
7218420,2011-12-23,40.0,True,9227.01,False
7218420,2011-12-23,38.0,False,4059.25,False
7218420,2011-12-23,79.0,True,2782.58,False
7218420,2011-12-23,83.0,False,560.88,False
7218420,2011-12-23,98.0,False,4905.24,False
7218420,2011-12-23,82.0,False,483.83,False
7218420,2011-12-23,16.0,False,63.56,False
7218420,2011-12-23,96.0,True,6091.99,False
7218420,2011-12-23,21.0,False,6060.95,False
7218420,2011-12-23,46.0,True,-50.5,False
7218420,2011-12-23,98.0,False,138.74,False
7218420,2011-12-23,8.0,False,3903.94,False
7218420,2011-12-23,32.0,False,4235.11,False
7218420,2011-12-23,83.0,False,4265.14,False
7218420,2011-12-23,96.0,True,61.05,False
7218420,2011-12-23,26.0,False,277.36,False
7218420,2011-12-23,3.0,True,1192.19,False
7218420,2011-12-23,7.0,True,3290.66,False
7218420,2011-12-23,95.0,False,2732.98,False
7218420,2011-12-23,83.0,True,7179.14,False
7218420,2011-12-23,28.0,True,879.94,False
7218420,2011-12-23,93.0,False,326.93,False
7218420,2011-12-30,97.0,False,27515.72,False
7218420,2011-12-30,5.0,True,5983.75,False
7218420,2011-12-30,33.0,True,3483.86,False
7218420,2011-12-30,74.0,True,158.4,False
7218420,2011-12-30,52.0,True,2019.41,False
7218420,2011-12-30,37.0,True,702.78,False
7218420,2011-12-30,22.0,True,5089.57,False
7218420,2011-12-30,5.0,True,996.77,False
7218420,2011-12-30,81.0,True,8251.14,False
7218420,2011-12-30,6.0,False,3161.65,False
7218420,2011-12-30,9.0,True,189.73,False
7218420,2011-12-30,60.0,True,376.0,False
8273242,2011-12-02,38.0,False,359.9,False
8273242,2011-12-02,40.0,True,16847.96,False
8273242,2011-12-02,25.0,False,31715.63,False
8273242,2011-12-02,95.0,False,2270.06,False
8273242,2011-12-02,9.0,False,9533.66,False
8273242,2011-12-02,92.0,False,172.74,False
8273242,2011-12-02,4.0,False,6009.89,False
8273242,2011-12-02,11.0,False,1539.48,False
8273242,2011-12-02,46.0,False,1760.3,False
8273242,2011-12-02,92.0,False,7262.24,False
8273242,2011-12-02,52.0,False,2892.97,False
8273242,2011-12-02,34.0,False,7766.95,False
8273242,2011-12-02,4.0,False,22584.82,False
8273242,2011-12-02,87.0,False,982.89,False
8273242,2011-12-02,16.0,False,4823.29,False
8273242,2011-12-02,8.0,False,22335.72,False
8273242,2011-12-02,12.0,False,3921.97,False
8273242,2011-12-02,92.0,False,57879.27,False
8273242,2011-12-02,58.0,False,7735.63,False
8273242,2011-12-02,79.0,False,15482.5,False
8273242,2011-12-02,49.0,False,24148.89,False
8273242,2011-12-02,40.0,False,44617.4,False
8273242,2011-12-02,25.0,True,4172.34,False
8273242,2011-12-02,87.0,False,3508.98,False
8273242,2011-12-02,44.0,False,802.19,False
8273242,2011-12-02,37.0,False,3253.88,False
8273242,2011-12-02,4.0,False,288.99,False
8273242,2011-12-02,80.0,False,14133.75,False
8273242,2011-12-02,49.0,False,2403.45,False
8273242,2011-12-02,35.0,False,8284.18,False
8273242,2011-12-02,18.0,False,3917.38,False
8273242,2011-12-02,34.0,False,9189.52,False
8273242,2011-12-02,25.0,True,6619.28,False
8273242,2011-12-02,7.0,False,9992.36,False
8273242,2011-12-02,28.0,False,20.51,False
8273242,2011-12-02,9.0,False,17399.39,False
8273242,2011-12-02,95.0,False,16168.41,False
8273242,2011-12-02,24.0,False,3543.32,False
8273242,2011-12-02,35.0,False,908.39,False
8273242,2011-12-02,32.0,False,9777.61,False
8273242,2011-12-02,44.0,False,5537.34,False
8273242,2011-12-02,24.0,False,1952.27,False
8273242,2011-12-02,92.0,False,35564.29,False
8273242,2011-12-02,34.0,False,24981.69,False
8273242,2011-12-02,48.0,False,22776.67,False
8273242,2011-12-02,16.0,False,52954.52,False
8273242,2011-12-02,55.0,False,15041.03,False
8273242,2011-12-02,74.0,False,-66.38,False
8273242,2011-12-02,42.0,False,2162.72,False
8273242,2011-12-02,44.0,False,12590.07,False
8273242,2011-12-02,56.0,False,7215.28,False
8273242,2011-12-02,72.0,False,1384.5,False
8273242,2011-12-02,42.0,False,2477.99,False
8273242,2011-12-02,20.0,False,7867.13,False
8273242,2011-12-02,98.0,False,116.76,False
8273242,2011-12-02,25.0,False,5171.88,False
8273242,2011-12-02,1.0,False,77906.36,False
8273242,2011-12-02,16.0,False,3410.13,False
8273242,2011-12-02,52.0,False,1729.5,False
8273242,2011-12-02,16.0,False,4487.14,False
8273242,2011-12-02,87.0,True,28884.21,False
8273242,2011-12-02,55.0,False,2352.08,False
8273242,2011-12-02,95.0,False,78.08,False
8273242,2011-12-02,2.0,False,6868.21,False
8273242,2011-12-02,54.0,False,3914.49,False
8273242,2011-12-02,30.0,False,5015.97,False
8273242,2011-12-02,55.0,False,5961.37,False
8273242,2011-12-02,90.0,False,7984.09,False
8273242,2011-12-02,79.0,False,20845.51,False
8273242,2011-12-02,36.0,False,710.28,False
8273242,2011-12-02,17.0,False,31340.31,False
8273242,2011-12-02,56.0,False,270.0,False
8273242,2011-12-02,9.0,False,1296.67,False
8273242,2011-12-02,25.0,False,4436.92,False
8273242,2011-12-02,32.0,False,-136.44,False
8273242,2011-12-02,25.0,False,6616.24,False
8273242,2011-12-02,17.0,False,26659.24,False
8273242,2011-12-02,12.0,False,16064.9,False
8273242,2011-12-02,21.0,False,6516.04,False
8273242,2011-12-02,52.0,False,2081.88,False
8273242,2011-12-02,32.0,False,20753.19,False
8273242,2011-12-02,95.0,False,14204.38,False
8273242,2011-12-02,7.0,False,4666.72,False
8273242,2011-12-02,44.0,False,1306.37,False
8273242,2011-12-02,96.0,False,-135.95,False
8273242,2011-12-02,58.0,False,964.36,False
8273242,2011-12-02,25.0,False,51256.49,False
8273242,2011-12-02,28.0,False,3859.01,False
8273242,2011-12-02,82.0,False,9486.35,False
8273242,2011-12-02,72.0,False,-64.51,False
8273242,2011-12-02,11.0,True,27313.39,False
8273242,2011-12-02,35.0,False,4889.21,False
8273242,2011-12-02,13.0,False,46274.94,False
8273242,2011-12-02,83.0,False,3891.43,False
8273242,2011-12-02,82.0,False,28092.25,False
8273242,2011-12-02,45.0,False,8131.62,False
8273242,2011-12-02,81.0,False,47834.45,False
8273242,2011-12-02,35.0,False,67369.48,False
8273242,2011-12-02,1.0,False,62128.45,False
8273242,2011-12-02,38.0,False,19430.63,False
8273242,2011-12-02,7.0,False,7853.13,False
8273242,2011-12-02,23.0,True,14815.52,False
8273242,2011-12-02,90.0,False,2607.83,False
8273242,2011-12-02,22.0,False,1781.01,False
8273242,2011-12-02,46.0,True,41299.46,False
8273242,2011-12-02,59.0,True,22518.4,False
8273242,2011-12-02,28.0,False,17193.91,False
8273242,2011-12-02,80.0,False,5071.64,False
8273242,2011-12-02,3.0,False,35942.23,False
8273242,2011-12-02,98.0,False,9245.42,False
8273242,2011-12-02,44.0,False,6505.47,False
8273242,2011-12-02,26.0,False,104.83,False
8273242,2011-12-02,85.0,False,14829.47,False
8273242,2011-12-02,60.0,False,11057.51,False
8273242,2011-12-02,9.0,False,3496.33,False
8273242,2011-12-02,3.0,False,18431.62,False
8273242,2011-12-02,27.0,False,6082.76,False
8273242,2011-12-02,28.0,False,87.07,False
8273242,2011-12-02,10.0,False,6163.52,False
8273242,2011-12-02,32.0,True,3586.04,False
8273242,2011-12-02,95.0,False,12731.66,False
8273242,2011-12-02,33.0,False,54974.19,False
8273242,2011-12-02,26.0,False,17806.45,False
8273242,2011-12-02,93.0,False,7261.43,False
8273242,2011-12-02,72.0,False,2249.87,False
8273242,2011-12-02,23.0,False,333.96,False
8273242,2011-12-02,97.0,False,6696.35,False
8273242,2011-12-02,34.0,True,1650.88,False
8273242,2011-12-02,20.0,False,9780.06,False
8273242,2011-12-02,29.0,False,494.77,False
8273242,2011-12-02,7.0,False,3147.08,False
8273242,2011-12-02,72.0,False,2170.68,False
8273242,2011-12-02,59.0,False,22970.0,False
8273242,2011-12-02,45.0,False,30622.23,False
8273242,2011-12-02,95.0,False,9723.4,False
8273242,2011-12-02,71.0,False,13903.54,False
8273242,2011-12-02,7.0,False,55576.08,False
8273242,2011-12-02,41.0,False,411.11,False
8273242,2011-12-02,21.0,False,460.05,False
8273242,2011-12-02,60.0,False,2636.65,False
8273242,2011-12-02,85.0,False,1797.72,False
8273242,2011-12-02,11.0,False,14111.48,False
8273242,2011-12-02,17.0,False,17084.12,False
8273242,2011-12-09,87.0,True,13650.46,False
8273242,2011-12-09,44.0,False,4855.42,False
8273242,2011-12-09,9.0,False,11960.6,False
8273242,2011-12-09,19.0,False,14600.23,False
8273242,2011-12-09,90.0,False,188.54,False
8273242,2011-12-09,20.0,False,-139.94,False
8273242,2011-12-09,90.0,False,19184.16,False
8273242,2011-12-09,21.0,True,4851.38,False
8273242,2011-12-09,37.0,True,6455.6,False
8273242,2011-12-09,82.0,False,11281.85,False
8273242,2011-12-09,91.0,False,21756.56,False
8273242,2011-12-09,12.0,False,26910.16,False
8273242,2011-12-09,24.0,False,34618.27,False
8273242,2011-12-09,6.0,False,17785.68,False
8273242,2011-12-09,98.0,False,849.28,False
8273242,2011-12-09,14.0,False,1728.56,False
8273242,2011-12-09,67.0,False,11828.3,False
8273242,2011-12-09,82.0,False,42156.06,False
8273242,2011-12-09,41.0,False,10225.89,False
8273242,2011-12-09,9.0,False,7024.97,False
8273242,2011-12-09,98.0,False,100.31,False
8273242,2011-12-09,18.0,False,22199.4,False
8273242,2011-12-09,44.0,False,12679.04,False
8273242,2011-12-09,9.0,False,251.42,False
8273242,2011-12-09,52.0,False,1815.06,False
8273242,2011-12-09,42.0,False,1132.09,False
8273242,2011-12-09,91.0,False,11216.24,False
8273242,2011-12-09,31.0,False,6273.95,False
8273242,2011-12-09,71.0,False,-135.3,False
8273242,2011-12-09,59.0,False,4880.78,False
8273242,2011-12-09,79.0,False,13596.51,False
8273242,2011-12-09,96.0,True,12660.73,False
8273242,2011-12-09,59.0,True,3086.34,False
8273242,2011-12-09,81.0,True,1395.28,False
8273242,2011-12-09,41.0,False,30481.42,False
8273242,2011-12-09,9.0,False,6485.4,False
8273242,2011-12-09,46.0,False,3203.8,False
8273242,2011-12-09,90.0,False,778.67,False
8273242,2011-12-09,79.0,False,1595.22,False
8273242,2011-12-09,59.0,False,3037.83,False
8273242,2011-12-09,20.0,False,10204.11,False
8273242,2011-12-09,23.0,True,38811.13,False
8273242,2011-12-09,9.0,True,14868.06,False
8273242,2011-12-09,98.0,False,1448.16,False
8273242,2011-12-09,28.0,False,6693.2,False
8273242,2011-12-09,80.0,False,1996.36,False
8273242,2011-12-09,36.0,False,2475.47,False
8273242,2011-12-09,2.0,False,10790.69,False
8273242,2011-12-09,28.0,True,7956.75,False
8273242,2011-12-09,52.0,False,10830.7,False
8273242,2011-12-09,5.0,False,15405.46,False
8273242,2011-12-09,37.0,False,7245.41,False
8273242,2011-12-09,79.0,False,33181.04,False
8273242,2011-12-09,98.0,False,9876.7,False
8273242,2011-12-09,1.0,False,34411.1,False
8273242,2011-12-09,49.0,False,21754.56,False
8273242,2011-12-09,20.0,True,1639.28,False
8273242,2011-12-09,18.0,False,41471.13,False
8273242,2011-12-09,36.0,False,242.71,False
8273242,2011-12-09,96.0,False,103.08,False
8273242,2011-12-09,30.0,False,59509.13,False
8273242,2011-12-09,18.0,False,17765.23,False
8273242,2011-12-09,94.0,False,20026.95,False
8273242,2011-12-09,22.0,False,2202.72,False
8273242,2011-12-09,2.0,False,10014.41,False
8273242,2011-12-09,17.0,False,42770.34,False
8273242,2011-12-09,67.0,False,7704.1,False
8273242,2011-12-09,40.0,False,30911.7,False
8273242,2011-12-09,55.0,False,25733.77,False
8273242,2011-12-09,81.0,True,9366.64,False
8273242,2011-12-09,6.0,False,37728.06,False
8273242,2011-12-09,30.0,False,23050.06,False
8273242,2011-12-09,3.0,False,5578.08,False
8273242,2011-12-09,22.0,False,6194.84,False
8273242,2011-12-09,30.0,False,857.25,False
8273242,2011-12-09,97.0,False,24782.44,False
8273242,2011-12-09,38.0,False,3331.94,False
8273242,2011-12-16,34.0,False,16075.58,False
8273242,2011-12-16,9.0,True,3520.26,False
8273242,2011-12-16,34.0,True,890.06,False
8273242,2011-12-16,58.0,False,1602.88,False
8273242,2011-12-16,6.0,False,4450.52,False
8273242,2011-12-16,17.0,False,362.41,False
8273242,2011-12-16,17.0,False,17931.9,False
8273242,2011-12-16,67.0,False,4910.5,False
8273242,2011-12-16,40.0,True,-114.73,False
8273242,2011-12-16,17.0,False,3494.4,False
8273242,2011-12-16,5.0,True,14507.29,False
8273242,2011-12-16,80.0,False,3964.99,False
8273242,2011-12-16,82.0,False,16106.03,False
8273242,2011-12-16,59.0,False,1871.25,False
8273242,2011-12-16,52.0,False,89075.59,False
8273242,2011-12-16,77.0,False,15272.13,False
8273242,2011-12-16,32.0,False,766.76,False
8273242,2011-12-16,24.0,True,25641.34,False
8273242,2011-12-16,27.0,True,5283.72,False
8273242,2011-12-16,96.0,False,10640.68,False
8273242,2011-12-16,41.0,False,6736.07,False
8273242,2011-12-16,55.0,True,19756.48,False
8273242,2011-12-16,83.0,False,5974.57,False
8273242,2011-12-16,11.0,False,17066.33,False
8273242,2011-12-16,4.0,True,15396.17,False
8273242,2011-12-16,12.0,False,175.56,False
8273242,2011-12-16,38.0,True,7001.38,False
8273242,2011-12-16,8.0,False,20054.9,False
8273242,2011-12-16,80.0,False,888.85,False
8273242,2011-12-16,85.0,True,331.02,False
8273242,2011-12-16,55.0,False,11978.64,False
8273242,2011-12-16,82.0,False,10149.64,False
8273242,2011-12-16,11.0,False,2130.63,False
8273242,2011-12-16,83.0,False,3249.05,False
8273242,2011-12-16,26.0,False,12038.89,False
8273242,2011-12-16,82.0,False,3390.22,False
8273242,2011-12-16,1.0,True,22795.02,False
8273242,2011-12-16,85.0,False,210.46,False
8273242,2011-12-16,49.0,False,2629.06,False
8273242,2011-12-16,25.0,False,12371.25,False
8273242,2011-12-16,24.0,True,3349.26,False
8273242,2011-12-16,14.0,False,7617.74,False
8273242,2011-12-16,82.0,False,430.72,False
8273242,2011-12-16,19.0,False,1034.91,False
8273242,2011-12-16,81.0,False,5809.53,False
8273242,2011-12-16,4.0,False,794.02,False
8273242,2011-12-16,5.0,True,5713.99,False
8273242,2011-12-16,9.0,False,14201.44,False
8273242,2011-12-16,28.0,False,31747.39,False
8273242,2011-12-16,41.0,True,4908.81,False
8273242,2011-12-16,85.0,True,3249.78,False
8273242,2011-12-16,98.0,False,6938.35,False
8273242,2011-12-16,28.0,True,27470.11,False
8273242,2011-12-16,97.0,False,3748.54,False
8273242,2011-12-16,20.0,False,5060.63,False
8273242,2011-12-16,16.0,True,12027.93,False
8273242,2011-12-16,38.0,True,3317.07,False
8273242,2011-12-16,80.0,False,4012.13,False
8273242,2011-12-16,79.0,False,1487.29,False
8273242,2011-12-16,28.0,False,27793.8,False
8273242,2011-12-16,33.0,False,21662.07,False
8273242,2011-12-16,23.0,False,6956.99,False
8273242,2011-12-16,9.0,False,12617.28,False
8273242,2011-12-16,81.0,True,117.03,False
8273242,2011-12-16,8.0,False,11283.46,False
8273242,2011-12-16,26.0,True,1672.61,False
8273242,2011-12-16,82.0,False,6428.94,False
8273242,2011-12-16,59.0,False,32552.11,False
8273242,2011-12-16,24.0,False,88540.12,False
8273242,2011-12-16,87.0,True,1658.46,False
8273242,2011-12-16,93.0,False,-77.1,False
8273242,2011-12-16,90.0,False,4233.3,False
8273242,2011-12-16,49.0,True,8551.57,False
8273242,2011-12-16,85.0,False,16624.54,False
8273242,2011-12-16,95.0,False,1380.84,False
8273242,2011-12-16,29.0,False,11311.38,False
8273242,2011-12-16,93.0,False,5607.96,False
8273242,2011-12-16,96.0,False,1687.52,False
8273242,2011-12-16,28.0,False,7052.47,False
8273242,2011-12-16,22.0,False,7438.57,False
8273242,2011-12-23,6.0,False,10189.6,False
8273242,2011-12-23,80.0,True,4813.15,False
8273242,2011-12-23,32.0,True,7940.89,False
8273242,2011-12-23,8.0,True,1859.02,False
8273242,2011-12-23,14.0,False,59274.41,False
8273242,2011-12-23,83.0,True,6722.67,False
8273242,2011-12-23,92.0,False,62242.97,False
8273242,2011-12-23,72.0,False,16256.65,False
8273242,2011-12-23,60.0,True,1982.55,False
8273242,2011-12-23,14.0,True,20461.36,False
8273242,2011-12-23,74.0,False,1710.46,False
8273242,2011-12-23,21.0,True,13082.53,False
8273242,2011-12-23,12.0,False,15925.24,False
8273242,2011-12-23,5.0,False,-121.52,False
8273242,2011-12-23,93.0,False,6770.98,False
8273242,2011-12-23,40.0,True,25740.6,False
8273242,2011-12-23,26.0,True,3062.13,False
8273242,2011-12-23,5.0,True,5665.14,False
8273242,2011-12-23,35.0,True,1590.21,False
8273242,2011-12-23,5.0,True,20852.74,False
8273242,2011-12-23,82.0,False,61705.04,False
8273242,2011-12-23,38.0,False,1569.68,False
8273242,2011-12-23,96.0,True,25755.47,False
8273242,2011-12-23,96.0,True,5073.07,False
8273242,2011-12-23,16.0,False,19087.95,False
8273242,2011-12-23,34.0,False,73284.26,False
8273242,2011-12-23,25.0,True,183.33,False
8273242,2011-12-23,45.0,False,28184.28,False
8273242,2011-12-23,56.0,False,4856.8,False
8273242,2011-12-23,24.0,False,765.39,False
8273242,2011-12-23,2.0,False,17065.97,False
8273242,2011-12-23,46.0,False,4037.72,False
8273242,2011-12-23,4.0,False,4420.36,False
8273242,2011-12-23,3.0,False,2724.45,False
8273242,2011-12-23,94.0,False,12489.7,False
8273242,2011-12-23,74.0,False,17956.47,False
8273242,2011-12-23,74.0,True,22522.56,False
8273242,2011-12-23,19.0,True,8427.68,False
8273242,2011-12-23,74.0,True,366.19,False
8273242,2011-12-23,34.0,True,17321.04,False
8273242,2011-12-23,92.0,False,515.79,False
8273242,2011-12-23,13.0,False,9683.85,False
8273242,2011-12-23,79.0,False,2239.03,False
8273242,2011-12-23,26.0,False,8409.29,False
8273242,2011-12-23,13.0,False,4837.38,False
8273242,2011-12-23,94.0,True,6310.59,False
8273242,2011-12-23,20.0,True,11086.14,False
8273242,2011-12-23,11.0,True,3007.88,False
8273242,2011-12-23,8.0,False,17464.94,False
8273242,2011-12-23,85.0,True,3031.89,False
8273242,2011-12-23,98.0,False,187.34,False
8273242,2011-12-23,26.0,False,184.09,False
8273242,2011-12-23,36.0,True,53179.16,False
8273242,2011-12-30,36.0,True,,True
9798665,2011-12-02,67.0,False,1209.17,False
9798665,2011-12-02,29.0,False,1445.31,False
9798665,2011-12-02,28.0,False,1930.21,False
9798665,2011-12-02,16.0,False,17475.51,False
9798665,2011-12-02,20.0,False,1014.29,False
9798665,2011-12-02,21.0,False,23442.43,False
9798665,2011-12-02,22.0,False,554.43,False
9798665,2011-12-02,5.0,False,-52.09,False
9798665,2011-12-02,42.0,False,677.29,False
9798665,2011-12-02,59.0,False,8861.23,False
9798665,2011-12-02,22.0,False,1205.63,False
9798665,2011-12-02,3.0,False,2147.26,False
9798665,2011-12-02,7.0,False,86.35,False
9798665,2011-12-02,97.0,False,-51.91,False
9798665,2011-12-02,26.0,False,-60.1,False
9798665,2011-12-02,1.0,False,21812.52,False
9798665,2011-12-02,49.0,False,10598.16,False
9798665,2011-12-02,10.0,False,389.85,False
9798665,2011-12-02,98.0,False,5458.64,False
9798665,2011-12-02,94.0,False,1583.47,False
9798665,2011-12-02,41.0,False,18164.67,False
9798665,2011-12-02,56.0,False,170.79,False
9798665,2011-12-02,7.0,True,4882.48,False
9798665,2011-12-02,56.0,False,46.48,False
9798665,2011-12-02,59.0,False,2563.44,False
9798665,2011-12-02,40.0,False,57.91,False
9798665,2011-12-02,29.0,True,20.31,False
9798665,2011-12-02,42.0,False,-65.58,False
9798665,2011-12-02,71.0,False,792.71,False
9798665,2011-12-02,85.0,False,4214.74,False
9798665,2011-12-02,3.0,False,12745.0,False
9798665,2011-12-02,4.0,False,-66.4,False
9798665,2011-12-02,83.0,False,4405.86,False
9798665,2011-12-02,22.0,False,4454.39,False
9798665,2011-12-02,7.0,False,2759.59,False
9798665,2011-12-02,7.0,False,103.49,False
9798665,2011-12-02,4.0,False,7.69,False
9798665,2011-12-02,25.0,False,28128.62,False
9798665,2011-12-02,1.0,False,1061.2,False
9798665,2011-12-02,55.0,True,618.47,False
9798665,2011-12-02,13.0,False,13356.78,False
9798665,2011-12-02,48.0,True,4315.14,False
9798665,2011-12-02,46.0,False,17146.57,False
9798665,2011-12-02,46.0,False,5038.3,False
9798665,2011-12-02,4.0,False,9099.87,False
9798665,2011-12-02,56.0,False,2351.68,False
9798665,2011-12-02,44.0,False,-59.3,False
9798665,2011-12-02,80.0,False,874.38,False
9798665,2011-12-02,54.0,False,16234.86,False
9798665,2011-12-02,4.0,False,1450.67,False
9798665,2011-12-02,26.0,False,2635.33,False
9798665,2011-12-02,13.0,False,12317.59,False
9798665,2011-12-02,7.0,False,16598.26,False
9798665,2011-12-02,20.0,False,28957.0,False
9798665,2011-12-02,35.0,False,6748.97,False
9798665,2011-12-02,23.0,False,-59.85,False
9798665,2011-12-02,20.0,False,10619.85,False
9798665,2011-12-02,19.0,False,97.31,False
9798665,2011-12-02,32.0,False,4239.9,False
9798665,2011-12-02,17.0,False,23195.21,False
9798665,2011-12-02,56.0,False,38703.51,False
9798665,2011-12-02,24.0,False,-1.52,False
9798665,2011-12-02,97.0,False,9205.34,False
9798665,2011-12-02,12.0,False,121.06,False
9798665,2011-12-02,20.0,False,-65.76,False
9798665,2011-12-02,98.0,False,771.77,False
9798665,2011-12-02,12.0,False,3890.65,False
9798665,2011-12-02,3.0,False,4192.31,False
9798665,2011-12-02,52.0,False,9920.08,False
9798665,2011-12-02,14.0,False,0.58,False
9798665,2011-12-02,32.0,False,10127.2,False
9798665,2011-12-02,67.0,False,17408.28,False
9798665,2011-12-02,34.0,False,5352.54,False
9798665,2011-12-02,79.0,False,-65.57,False
9798665,2011-12-02,71.0,False,67958.86,False
9798665,2011-12-02,4.0,False,176.47,False
9798665,2011-12-02,30.0,False,7379.65,False
9798665,2011-12-02,71.0,False,187.26,False
9798665,2011-12-02,59.0,False,13260.0,False
9798665,2011-12-02,46.0,False,30714.77,False
9798665,2011-12-02,60.0,False,157.67,False
9798665,2011-12-02,10.0,False,124.34,False
9798665,2011-12-02,59.0,False,8840.53,False
9798665,2011-12-02,3.0,False,5066.29,False
9798665,2011-12-02,79.0,False,5555.74,False
9798665,2011-12-02,16.0,False,32811.9,False
9798665,2011-12-02,47.0,False,26412.42,False
9798665,2011-12-02,98.0,False,2297.12,False
9798665,2011-12-02,56.0,False,22416.16,False
9798665,2011-12-02,33.0,False,19164.5,False
9798665,2011-12-02,8.0,False,1507.09,False
9798665,2011-12-02,54.0,False,134.53,False
9798665,2011-12-02,97.0,False,-12.38,False
9798665,2011-12-09,77.0,False,-13.44,False
9798665,2011-12-09,54.0,False,6.18,False
9798665,2011-12-09,55.0,True,16702.0,False
9798665,2011-12-09,45.0,False,45859.18,False
9798665,2011-12-09,56.0,False,8617.57,False
9798665,2011-12-09,44.0,False,40068.82,False
9798665,2011-12-09,56.0,False,18116.14,False
9798665,2011-12-09,95.0,False,9385.7,False
9798665,2011-12-09,44.0,False,1788.35,False
9798665,2011-12-09,98.0,False,59593.71,False
9798665,2011-12-09,80.0,False,1205.42,False
9798665,2011-12-09,94.0,False,6728.39,False
9798665,2011-12-09,95.0,False,9910.65,False
9798665,2011-12-09,32.0,False,16513.38,False
9798665,2011-12-09,9.0,False,7833.34,False
9798665,2011-12-09,52.0,False,-63.86,False
9798665,2011-12-09,30.0,False,3678.92,False
9798665,2011-12-09,31.0,True,66.57,False
9798665,2011-12-09,74.0,True,23192.61,False
9798665,2011-12-09,30.0,False,2626.82,False
9798665,2011-12-09,55.0,False,201.88,False
9798665,2011-12-09,28.0,True,7144.86,False
9798665,2011-12-09,13.0,False,-63.99,False
9798665,2011-12-09,20.0,False,1437.98,False
9798665,2011-12-09,82.0,False,3995.05,False
9798665,2011-12-09,13.0,False,11291.92,False
9798665,2011-12-09,27.0,False,559.56,False
9798665,2011-12-09,19.0,False,668.69,False
9798665,2011-12-09,97.0,False,10997.55,False
9798665,2011-12-09,13.0,True,140.81,False
9798665,2011-12-09,92.0,False,1976.22,False
9798665,2011-12-09,36.0,True,16320.46,False
9798665,2011-12-09,10.0,False,1618.97,False
9798665,2011-12-09,12.0,False,-63.64,False
9798665,2011-12-09,23.0,False,-65.72,False
9798665,2011-12-09,52.0,True,-36.56,False
9798665,2011-12-09,90.0,True,13129.88,False
9798665,2011-12-09,3.0,False,133.13,False
9798665,2011-12-09,94.0,True,5281.41,False
9798665,2011-12-09,24.0,False,7878.81,False
9798665,2011-12-09,79.0,False,3003.98,False
9798665,2011-12-09,11.0,False,-2.19,False
9798665,2011-12-09,31.0,False,4245.92,False
9798665,2011-12-09,56.0,False,16129.59,False
9798665,2011-12-09,91.0,False,4031.38,False
9798665,2011-12-09,16.0,False,1079.99,False
9798665,2011-12-09,59.0,False,19.98,False
9798665,2011-12-09,91.0,False,449.36,False
9798665,2011-12-09,19.0,False,28.92,False
9798665,2011-12-09,19.0,False,59.17,False
9798665,2011-12-09,34.0,False,1124.82,False
9798665,2011-12-09,21.0,True,8749.68,False
9798665,2011-12-09,21.0,False,116.53,False
9798665,2011-12-09,32.0,False,11434.31,False
9798665,2011-12-09,18.0,False,5541.74,False
9798665,2011-12-09,10.0,False,572.29,False
9798665,2011-12-09,12.0,False,515.35,False
9798665,2011-12-09,44.0,False,3678.03,False
9798665,2011-12-09,30.0,False,70.5,False
9798665,2011-12-09,1.0,False,2044.07,False
9798665,2011-12-09,7.0,False,3148.81,False
9798665,2011-12-09,42.0,False,10940.73,False
9798665,2011-12-09,22.0,False,135.69,False
9798665,2011-12-09,26.0,True,311.45,False
9798665,2011-12-09,52.0,False,1583.24,False
9798665,2011-12-09,24.0,False,-24.16,False
9798665,2011-12-09,18.0,False,22.49,False
9798665,2011-12-09,90.0,False,1763.74,False
9798665,2011-12-09,93.0,False,24062.21,False
9798665,2011-12-09,95.0,False,84.68,False
9798665,2011-12-09,8.0,False,30232.1,False
9798665,2011-12-09,92.0,False,86148.83,False
9798665,2011-12-09,97.0,False,3940.52,False
9798665,2011-12-09,19.0,False,2196.12,False
9798665,2011-12-09,36.0,True,6115.87,False
9798665,2011-12-09,32.0,False,6257.76,False
9798665,2011-12-09,11.0,False,5049.21,False
9798665,2011-12-09,81.0,False,8376.65,False
9798665,2011-12-09,23.0,False,2033.5,False
9798665,2011-12-09,28.0,False,-53.5,False
9798665,2011-12-09,4.0,False,-1.18,False
9798665,2011-12-16,82.0,False,815.86,False
9798665,2011-12-16,5.0,False,2589.82,False
9798665,2011-12-16,17.0,False,6240.65,False
9798665,2011-12-16,1.0,False,416.6,False
9798665,2011-12-16,1.0,False,8177.25,False
9798665,2011-12-16,98.0,False,-39.23,False
9798665,2011-12-16,96.0,True,2071.79,False
9798665,2011-12-16,46.0,False,-66.29,False
9798665,2011-12-16,40.0,False,8659.03,False
9798665,2011-12-16,24.0,True,522.55,False
9798665,2011-12-16,74.0,False,19405.24,False
9798665,2011-12-16,82.0,False,216.38,False
9798665,2011-12-16,22.0,False,2388.39,False
9798665,2011-12-16,44.0,False,3914.88,False
9798665,2011-12-16,5.0,True,-17.75,False
9798665,2011-12-16,56.0,False,1771.94,False
9798665,2011-12-16,14.0,False,234.36,False
9798665,2011-12-16,23.0,False,12101.19,False
9798665,2011-12-16,79.0,True,14180.02,False
9798665,2011-12-16,28.0,False,11799.98,False
9798665,2011-12-16,18.0,False,2706.99,False
9798665,2011-12-16,74.0,False,17408.77,False
9798665,2011-12-16,18.0,True,148.09,False
9798665,2011-12-16,34.0,False,33329.34,False
9798665,2011-12-16,79.0,False,5951.73,False
9798665,2011-12-16,35.0,False,17092.55,False
9798665,2011-12-16,11.0,True,-66.42,False
9798665,2011-12-16,14.0,False,-66.19,False
9798665,2011-12-16,4.0,False,-66.43,False
9798665,2011-12-16,31.0,False,6116.78,False
9798665,2011-12-16,95.0,False,1879.85,False
9798665,2011-12-16,31.0,False,1768.01,False
9798665,2011-12-16,72.0,False,2435.91,False
9798665,2011-12-16,41.0,True,776.96,False
9798665,2011-12-16,17.0,False,1957.68,False
9798665,2011-12-16,24.0,False,6330.13,False
9798665,2011-12-16,46.0,False,8673.73,False
9798665,2011-12-16,67.0,True,15870.18,False
9798665,2011-12-16,13.0,False,8625.47,False
9798665,2011-12-16,14.0,True,892.16,False
9798665,2011-12-16,71.0,False,919.04,False
9798665,2011-12-16,2.0,True,-56.76,False
9798665,2011-12-16,16.0,False,7556.43,False
9798665,2011-12-16,36.0,False,463.41,False
9798665,2011-12-16,60.0,False,-47.31,False
9798665,2011-12-16,87.0,False,837.46,False
9798665,2011-12-16,77.0,True,9255.96,False
9798665,2011-12-16,28.0,False,1521.16,False
9798665,2011-12-16,31.0,False,38558.22,False
9798665,2011-12-16,67.0,False,26640.56,False
9798665,2011-12-16,35.0,True,-66.43,False
9798665,2011-12-16,6.0,True,44.77,False
9798665,2011-12-16,40.0,False,155.92,False
9798665,2011-12-16,54.0,False,378.48,False
9798665,2011-12-16,49.0,False,72.9,False
9798665,2011-12-16,82.0,False,-31.53,False
9798665,2011-12-16,87.0,False,3061.98,False
9798665,2011-12-16,5.0,True,17560.56,False
9798665,2011-12-16,87.0,True,6561.17,False
9798665,2011-12-16,11.0,False,137.38,False
9798665,2011-12-16,93.0,False,-33.82,False
9798665,2011-12-16,87.0,True,-65.97,False
9798665,2011-12-16,52.0,False,1142.63,False
9798665,2011-12-16,36.0,False,2502.43,False
9798665,2011-12-16,90.0,False,35.46,False
9798665,2011-12-16,93.0,True,169.1,False
9798665,2011-12-16,8.0,False,-8.0,False
9798665,2011-12-16,9.0,False,4119.17,False
9798665,2011-12-16,36.0,False,4957.83,False
9798665,2011-12-16,83.0,False,1332.29,False
9798665,2011-12-16,94.0,False,34820.41,False
9798665,2011-12-16,87.0,False,17084.34,False
9798665,2011-12-16,33.0,False,7043.42,False
9798665,2011-12-16,33.0,False,4789.75,False
9798665,2011-12-16,97.0,False,6473.15,False
9798665,2011-12-16,34.0,False,47543.82,False
9798665,2011-12-16,49.0,True,8086.97,False
9798665,2011-12-16,81.0,False,-56.71,False
9798665,2011-12-16,97.0,False,23679.16,False
9798665,2011-12-23,13.0,False,968.37,False
9798665,2011-12-23,3.0,False,442.42,False
9798665,2011-12-23,5.0,True,5525.97,False
9798665,2011-12-23,82.0,False,45760.42,False
9798665,2011-12-23,5.0,False,6384.2,False
9798665,2011-12-23,82.0,True,11499.81,False
9798665,2011-12-23,10.0,True,5273.79,False
9798665,2011-12-23,33.0,False,271.81,False
9798665,2011-12-23,27.0,False,46.73,False
9798665,2011-12-23,29.0,False,10843.79,False
9798665,2011-12-23,32.0,False,7129.45,False
9798665,2011-12-23,97.0,True,232.55,False
9798665,2011-12-23,93.0,False,190.67,False
9798665,2011-12-23,31.0,True,102.52,False
9798665,2011-12-23,28.0,False,15521.57,False
9798665,2011-12-23,23.0,True,-58.39,False
9798665,2011-12-23,25.0,False,3280.58,False
9798665,2011-12-23,28.0,False,7687.66,False
9798665,2011-12-23,14.0,False,20118.22,False
9798665,2011-12-23,13.0,True,2099.2,False
9798665,2011-12-23,31.0,True,5290.9,False
9798665,2011-12-23,49.0,False,3539.67,False
9798665,2011-12-23,92.0,True,1740.82,False
9798665,2011-12-23,54.0,False,20140.38,False
9798665,2011-12-23,38.0,True,12612.48,False
9798665,2011-12-23,91.0,True,21379.51,False
9798665,2011-12-23,19.0,False,17827.8,False
9798665,2011-12-23,58.0,True,4125.27,False
9798665,2011-12-23,23.0,False,1905.23,False
9798665,2011-12-23,98.0,False,4275.98,False
9798665,2011-12-23,81.0,False,494.42,False
9798665,2011-12-23,46.0,True,-66.0,False
9798665,2011-12-23,67.0,True,848.15,False
9798665,2011-12-23,44.0,True,6431.72,False
9798665,2011-12-23,7.0,False,1039.06,False
9798665,2011-12-23,8.0,False,8504.35,False
9798665,2011-12-23,10.0,True,2656.13,False
9798665,2011-12-23,79.0,True,602.59,False
9798665,2011-12-23,48.0,True,-39.1,False
9798665,2011-12-23,80.0,True,-59.57,False
9798665,2011-12-23,87.0,False,5044.69,False
9798665,2011-12-23,48.0,True,6778.12,False
9798665,2011-12-23,27.0,True,42.33,False
9798665,2011-12-23,98.0,True,70345.17,False
9798665,2011-12-23,55.0,True,2223.08,False
9798665,2011-12-23,6.0,False,-31.19,False
9798665,2011-12-23,28.0,True,854.67,False
9798665,2011-12-23,93.0,False,2104.28,False
9798665,2011-12-23,7.0,False,2615.1,False
9798665,2011-12-23,87.0,False,34548.75,False
9798665,2011-12-23,8.0,False,8475.96,False
9798665,2011-12-23,16.0,True,363.53,False
9798665,2011-12-23,87.0,False,790.36,False
9798665,2011-12-23,98.0,False,3783.98,False
9798665,2011-12-23,18.0,False,1260.75,False
9798665,2011-12-23,35.0,True,1004.42,False
9798665,2011-12-23,11.0,False,3093.83,False
9798665,2011-12-23,2.0,False,344.05,False
9798665,2011-12-23,49.0,False,23131.95,False
9798665,2011-12-23,4.0,False,-64.28,False
9798665,2011-12-23,32.0,True,4266.43,False
9798665,2011-12-23,27.0,False,1108.57,False
9798665,2011-12-23,20.0,True,925.14,False
9798665,2011-12-23,90.0,False,11551.26,False
9798665,2011-12-23,47.0,False,99.72,False
9798665,2011-12-23,17.0,False,7500.85,False
9798665,2011-12-23,77.0,True,-62.92,False
9798665,2011-12-23,21.0,False,1953.31,False
9798665,2011-12-23,42.0,True,21843.18,False
9798665,2011-12-23,83.0,True,2274.42,False
9798665,2011-12-23,31.0,False,3168.74,False
9798665,2011-12-23,71.0,False,74.58,False
9798665,2011-12-23,21.0,True,391.85,False
9798665,2011-12-23,17.0,False,1260.24,False
9798665,2011-12-23,9.0,False,2969.95,False
9798665,2011-12-23,45.0,True,3444.91,False
9798665,2011-12-23,25.0,True,1268.06,False
9798665,2011-12-23,94.0,True,6655.44,False
9798665,2011-12-23,4.0,False,-57.17,False
9798665,2011-12-23,25.0,False,4302.61,False
9798665,2011-12-23,28.0,True,19352.24,False
9798665,2011-12-23,5.0,False,-66.4,False
9798665,2011-12-23,80.0,False,5208.52,False
9798665,2011-12-23,14.0,False,1883.26,False
9798665,2011-12-23,32.0,True,24721.14,False
9798665,2011-12-23,71.0,True,-61.24,False
9798665,2011-12-23,97.0,False,14753.82,False
9798665,2011-12-23,42.0,True,1564.39,False
9798665,2011-12-23,16.0,False,3815.9,False
9798665,2011-12-23,20.0,False,396.02,False
9798665,2011-12-23,54.0,False,-58.81,False
9798665,2011-12-23,67.0,False,8087.28,False
9798665,2011-12-23,17.0,False,60440.78,False
9798665,2011-12-23,46.0,True,-8.78,False
9798665,2011-12-23,16.0,False,1732.71,False
9798665,2011-12-23,36.0,False,7079.33,False
9798665,2011-12-23,38.0,False,8736.45,False
9798665,2011-12-30,54.0,False,1210.63,False
9798665,2011-12-30,81.0,True,331.63,False
9798665,2011-12-30,10.0,True,33183.5,False
9798665,2011-12-30,6.0,True,6538.15,False
9798665,2011-12-30,95.0,False,13995.05,False
9798665,2011-12-30,1.0,True,4500.5,False
9798665,2011-12-30,32.0,True,24801.15,False
9798665,2011-12-30,71.0,True,-66.42,False
9798665,2011-12-30,1.0,True,-60.76,False
9798665,2011-12-30,55.0,True,-15.56,False
9798665,2011-12-30,23.0,True,104.38,False
9798665,2011-12-30,20.0,True,113.44,False
9956434,2011-12-02,58.0,False,6538.15,False
9956434,2011-12-02,36.0,False,219.81,False
9956434,2011-12-02,5.0,False,4437.0,False
9956434,2011-12-02,25.0,False,13884.25,False
9956434,2011-12-02,98.0,False,-81.65,False
9956434,2011-12-02,7.0,False,35595.64,False
9956434,2011-12-02,91.0,False,4029.34,False
9956434,2011-12-02,34.0,False,4102.54,False
9956434,2011-12-02,9.0,False,1050.06,False
9956434,2011-12-02,10.0,False,7344.56,False
9956434,2011-12-02,83.0,False,499.19,False
9956434,2011-12-02,28.0,False,13035.37,False
9956434,2011-12-02,8.0,False,5722.91,False
9956434,2011-12-02,92.0,False,813.08,False
9956434,2011-12-02,4.0,False,16714.63,False
9956434,2011-12-02,67.0,False,183.48,False
9956434,2011-12-02,4.0,False,55677.29,False
9956434,2011-12-02,23.0,False,255.73,False
9956434,2011-12-02,9.0,False,-65.21,False
9956434,2011-12-02,25.0,False,7317.75,False
9956434,2011-12-02,46.0,False,3613.86,False
9956434,2011-12-02,59.0,False,259.1,False
9956434,2011-12-02,26.0,False,650.38,False
9956434,2011-12-02,24.0,False,16806.21,False
9956434,2011-12-02,71.0,False,10671.54,False
9956434,2011-12-02,18.0,False,14513.91,False
9956434,2011-12-02,26.0,False,9290.48,False
9956434,2011-12-02,5.0,False,1198.83,False
9956434,2011-12-02,46.0,False,33183.4,False
9956434,2011-12-02,16.0,True,2227.16,False
9956434,2011-12-02,83.0,False,28695.08,False
9956434,2011-12-02,3.0,False,69311.5,False
9956434,2011-12-02,32.0,False,12700.83,False
9956434,2011-12-02,52.0,False,-80.34,False
9956434,2011-12-02,74.0,False,8203.01,False
9956434,2011-12-02,59.0,False,6014.73,False
9956434,2011-12-02,19.0,False,2259.79,False
9956434,2011-12-02,28.0,False,3298.94,False
9956434,2011-12-02,54.0,False,1108.92,False
9956434,2011-12-02,20.0,False,3099.2,False
9956434,2011-12-02,31.0,True,-81.71,False
9956434,2011-12-02,17.0,False,266.0,False
9956434,2011-12-02,42.0,False,4592.58,False
9956434,2011-12-02,26.0,False,6773.79,False
9956434,2011-12-02,13.0,False,15946.88,False
9956434,2011-12-02,72.0,False,704.51,False
9956434,2011-12-02,11.0,False,8347.04,False
9956434,2011-12-02,27.0,False,1985.78,False
9956434,2011-12-02,46.0,False,23813.92,False
9956434,2011-12-02,49.0,False,3100.43,False
9956434,2011-12-02,47.0,True,24240.17,False
9956434,2011-12-02,94.0,False,27683.63,False
9956434,2011-12-02,18.0,False,304.19,False
9956434,2011-12-02,92.0,False,10596.97,False
9956434,2011-12-02,85.0,False,5812.0,False
9956434,2011-12-02,1.0,False,8040.09,False
9956434,2011-12-02,12.0,False,8848.76,False
9956434,2011-12-02,7.0,False,6639.13,False
9956434,2011-12-02,92.0,False,6953.58,False
9956434,2011-12-02,5.0,False,3038.47,False
9956434,2011-12-02,52.0,False,9487.42,False
9956434,2011-12-02,83.0,False,1605.42,False
9956434,2011-12-02,10.0,False,30439.91,False
9956434,2011-12-02,59.0,False,6407.92,False
9956434,2011-12-02,59.0,False,8282.55,False
9956434,2011-12-02,22.0,False,15609.16,False
9956434,2011-12-02,93.0,False,1247.47,False
9956434,2011-12-02,10.0,False,13391.88,False
9956434,2011-12-02,2.0,False,892.39,False
9956434,2011-12-02,40.0,False,1517.44,False
9956434,2011-12-02,98.0,False,-79.92,False
9956434,2011-12-02,20.0,False,-30.4,False
9956434,2011-12-02,12.0,False,10090.19,False
9956434,2011-12-02,8.0,False,4645.48,False
9956434,2011-12-02,38.0,False,66978.81,False
9956434,2011-12-02,23.0,False,2093.92,False
9956434,2011-12-02,4.0,False,2258.94,False
9956434,2011-12-02,34.0,False,26671.29,False
9956434,2011-12-02,81.0,False,1458.38,False
9956434,2011-12-02,32.0,False,22606.65,False
9956434,2011-12-02,46.0,False,7689.38,False
9956434,2011-12-02,74.0,False,1250.0,False
9956434,2011-12-02,34.0,False,657.51,False
9956434,2011-12-02,52.0,False,219.23,False
9956434,2011-12-02,87.0,False,3024.2,False
9956434,2011-12-02,52.0,False,37212.31,False
9956434,2011-12-02,5.0,False,3792.44,False
9956434,2011-12-02,1.0,False,28528.28,False
9956434,2011-12-02,71.0,False,3673.09,False
9956434,2011-12-02,40.0,False,-7.19,False
9956434,2011-12-02,2.0,False,8978.87,False
9956434,2011-12-02,14.0,False,21650.43,False
9956434,2011-12-02,18.0,False,20610.68,False
9956434,2011-12-02,24.0,False,13675.65,False
9956434,2011-12-02,1.0,False,8361.38,False
9956434,2011-12-02,85.0,False,1803.74,False
9956434,2011-12-02,12.0,False,15723.45,False
9956434,2011-12-02,33.0,False,8917.59,False
9956434,2011-12-02,25.0,False,2985.83,False
9956434,2011-12-02,87.0,False,9594.33,False
9956434,2011-12-02,56.0,False,5494.8,False
9956434,2011-12-09,91.0,False,2384.87,False
9956434,2011-12-09,36.0,False,19098.57,False
9956434,2011-12-09,3.0,False,36656.38,False
9956434,2011-12-09,55.0,False,8767.43,False
9956434,2011-12-09,3.0,False,4139.28,False
9956434,2011-12-09,14.0,False,16371.69,False
9956434,2011-12-09,16.0,True,1406.67,False
9956434,2011-12-09,56.0,False,6493.36,False
9956434,2011-12-09,90.0,True,3236.5,False
9956434,2011-12-09,2.0,False,19019.86,False
9956434,2011-12-09,52.0,False,444.7,False
9956434,2011-12-09,13.0,False,3583.68,False
9956434,2011-12-09,48.0,False,488.27,False
9956434,2011-12-09,23.0,False,27320.35,False
9956434,2011-12-09,90.0,False,2482.49,False
9956434,2011-12-09,32.0,False,3166.72,False
9956434,2011-12-09,38.0,False,1460.05,False
9956434,2011-12-09,67.0,False,4282.53,False
9956434,2011-12-09,33.0,False,28687.27,False
9956434,2011-12-09,21.0,False,7843.06,False
9956434,2011-12-09,52.0,False,-77.0,False
9956434,2011-12-09,35.0,False,20467.4,False
9956434,2011-12-09,96.0,False,2297.52,False
9956434,2011-12-09,34.0,False,151.13,False
9956434,2011-12-09,35.0,False,82.19,False
9956434,2011-12-09,2.0,False,4028.48,False
9956434,2011-12-09,93.0,False,18691.84,False
9956434,2011-12-09,54.0,False,12700.1,False
9956434,2011-12-09,10.0,False,11571.95,False
9956434,2011-12-09,81.0,False,-72.01,False
9956434,2011-12-09,21.0,False,1152.11,False
9956434,2011-12-09,13.0,True,17674.58,False
9956434,2011-12-09,85.0,False,4676.88,False
9956434,2011-12-09,36.0,False,4649.3,False
9956434,2011-12-09,33.0,False,25271.1,False
9956434,2011-12-09,8.0,False,9841.0,False
9956434,2011-12-09,12.0,True,-71.2,False
9956434,2011-12-09,85.0,False,4958.91,False
9956434,2011-12-09,55.0,False,6615.17,False
9956434,2011-12-09,2.0,False,11695.19,False
9956434,2011-12-09,96.0,False,-1.15,False
9956434,2011-12-09,96.0,False,5542.51,False
9956434,2011-12-09,41.0,False,3782.59,False
9956434,2011-12-09,27.0,False,436.6,False
9956434,2011-12-09,83.0,False,39.18,False
9956434,2011-12-09,30.0,False,8005.75,False
9956434,2011-12-09,80.0,False,-29.59,False
9956434,2011-12-09,1.0,True,38856.34,False
9956434,2011-12-09,93.0,False,-75.01,False
9956434,2011-12-09,18.0,False,13787.32,False
9956434,2011-12-09,3.0,False,20604.11,False
9956434,2011-12-09,23.0,False,19422.25,False
9956434,2011-12-09,26.0,False,14743.12,False
9956434,2011-12-09,30.0,False,17045.71,False
9956434,2011-12-09,93.0,False,1230.45,False
9956434,2011-12-09,79.0,False,-22.01,False
9956434,2011-12-09,83.0,False,13291.97,False
9956434,2011-12-09,59.0,False,18804.65,False
9956434,2011-12-09,27.0,False,3906.68,False
9956434,2011-12-09,90.0,False,866.11,False
9956434,2011-12-09,12.0,False,3073.31,False
9956434,2011-12-09,38.0,False,6879.7,False
9956434,2011-12-09,5.0,True,28850.15,False
9956434,2011-12-09,42.0,False,374.08,False
9956434,2011-12-09,85.0,False,1646.92,False
9956434,2011-12-09,6.0,False,32444.31,False
9956434,2011-12-09,17.0,False,44677.06,False
9956434,2011-12-09,8.0,False,33905.19,False
9956434,2011-12-09,95.0,True,10853.47,False
9956434,2011-12-09,31.0,False,559.26,False
9956434,2011-12-09,17.0,False,797.66,False
9956434,2011-12-09,95.0,False,4826.82,False
9956434,2011-12-09,82.0,True,1246.66,False
9956434,2011-12-16,1.0,False,36393.95,False
9956434,2011-12-16,12.0,False,1389.7,False
9956434,2011-12-16,72.0,True,822.03,False
9956434,2011-12-16,33.0,False,8737.39,False
9956434,2011-12-16,35.0,False,10641.12,False
9956434,2011-12-16,52.0,False,-77.39,False
9956434,2011-12-16,48.0,False,28551.66,False
9956434,2011-12-16,74.0,False,12880.47,False
9956434,2011-12-16,20.0,False,4145.32,False
9956434,2011-12-16,52.0,True,1980.57,False
9956434,2011-12-16,26.0,False,11759.22,False
9956434,2011-12-16,8.0,False,42.24,False
9956434,2011-12-16,3.0,False,16424.35,False
9956434,2011-12-16,31.0,False,5628.4,False
9956434,2011-12-16,12.0,False,5791.45,False
9956434,2011-12-16,87.0,True,547.31,False
9956434,2011-12-16,56.0,False,22019.68,False
9956434,2011-12-16,11.0,False,1291.29,False
9956434,2011-12-16,36.0,False,19622.76,False
9956434,2011-12-16,55.0,False,675.93,False
9956434,2011-12-16,79.0,True,1175.04,False
9956434,2011-12-16,12.0,False,3418.84,False
9956434,2011-12-16,29.0,False,9549.62,False
9956434,2011-12-16,31.0,False,1824.08,False
9956434,2011-12-16,67.0,False,2269.21,False
9956434,2011-12-16,5.0,True,2547.54,False
9956434,2011-12-16,28.0,False,16620.21,False
9956434,2011-12-16,97.0,False,1665.66,False
9956434,2011-12-16,16.0,False,5676.0,False
9956434,2011-12-16,41.0,False,4649.25,False
9956434,2011-12-16,60.0,True,24261.81,False
9956434,2011-12-16,87.0,True,53493.62,False
9956434,2011-12-16,28.0,False,9312.37,False
9956434,2011-12-16,30.0,False,11331.92,False
9956434,2011-12-16,97.0,False,3104.46,False
9956434,2011-12-16,49.0,False,173.33,False
9956434,2011-12-16,85.0,False,1557.24,False
9956434,2011-12-16,60.0,True,-81.84,False
9956434,2011-12-16,40.0,False,17737.58,False
9956434,2011-12-16,42.0,True,-81.0,False
9956434,2011-12-16,67.0,False,3519.02,False
9956434,2011-12-16,13.0,False,9415.9,False
9956434,2011-12-16,1.0,False,35780.23,False
9956434,2011-12-16,44.0,False,2487.81,False
9956434,2011-12-16,12.0,True,21737.51,False
9956434,2011-12-16,46.0,True,4120.32,False
9956434,2011-12-16,96.0,True,870.64,False
9956434,2011-12-16,87.0,False,13623.96,False
9956434,2011-12-16,32.0,False,2000.26,False
9956434,2011-12-16,9.0,False,1026.2,False
9956434,2011-12-16,4.0,False,35583.19,False
9956434,2011-12-16,41.0,False,598.86,False
9956434,2011-12-16,58.0,False,22208.04,False
9956434,2011-12-16,80.0,False,160.38,False
9956434,2011-12-16,56.0,False,12797.29,False
9956434,2011-12-16,10.0,False,8486.45,False
9956434,2011-12-16,72.0,True,915.88,False
9956434,2011-12-16,46.0,False,4681.21,False
9956434,2011-12-16,85.0,False,-67.36,False
9956434,2011-12-16,80.0,True,12400.52,False
9956434,2011-12-16,60.0,False,-72.24,False
9956434,2011-12-16,16.0,False,1951.88,False
9956434,2011-12-16,47.0,False,4448.58,False
9956434,2011-12-16,98.0,False,-28.28,False
9956434,2011-12-16,12.0,True,14008.19,False
9956434,2011-12-16,21.0,True,7649.16,False
9956434,2011-12-16,28.0,True,323.57,False
9956434,2011-12-16,11.0,False,10560.92,False
9956434,2011-12-16,97.0,False,389.17,False
9956434,2011-12-16,55.0,False,4530.45,False
9956434,2011-12-16,77.0,False,6289.5,False
9956434,2011-12-16,5.0,False,7165.29,False
9956434,2011-12-16,80.0,True,-76.16,False
9956434,2011-12-16,14.0,False,-21.99,False
9956434,2011-12-16,16.0,False,1679.98,False
9956434,2011-12-16,25.0,True,8831.71,False
9956434,2011-12-16,13.0,False,8980.25,False
9956434,2011-12-16,93.0,False,-26.15,False
9956434,2011-12-23,8.0,True,9453.14,False
9956434,2011-12-23,16.0,True,404.03,False
9956434,2011-12-23,58.0,True,2602.57,False
9956434,2011-12-23,56.0,False,4633.7,False
9956434,2011-12-23,34.0,False,3578.04,False
9956434,2011-12-23,9.0,False,7913.25,False
9956434,2011-12-23,93.0,True,789.31,False
9956434,2011-12-23,48.0,False,78.08,False
9956434,2011-12-23,33.0,True,16540.13,False
9956434,2011-12-23,11.0,False,29946.11,False
9956434,2011-12-23,77.0,True,7608.98,False
9956434,2011-12-23,56.0,True,1809.04,False
9956434,2011-12-23,85.0,False,26.94,False
9956434,2011-12-23,33.0,False,-61.43,False
9956434,2011-12-23,9.0,True,4645.49,False
9956434,2011-12-23,41.0,True,8936.62,False
9956434,2011-12-23,29.0,True,243.49,False
9956434,2011-12-23,59.0,False,11149.16,False
9956434,2011-12-23,12.0,True,23673.76,False
9956434,2011-12-23,9.0,False,1311.93,False
9956434,2011-12-23,8.0,False,13183.46,False
9956434,2011-12-23,94.0,True,547.66,False
9956434,2011-12-23,2.0,True,6885.86,False
9956434,2011-12-23,44.0,True,4484.33,False
9956434,2011-12-23,98.0,True,84.81,False
9956434,2011-12-23,26.0,True,44606.21,False
9956434,2011-12-23,12.0,False,14338.24,False
9956434,2011-12-23,30.0,False,4546.16,False
9956434,2011-12-23,54.0,True,106.7,False
9956434,2011-12-23,41.0,True,23570.8,False
9956434,2011-12-23,52.0,True,1364.43,False
9956434,2011-12-23,83.0,True,5870.12,False
9956434,2011-12-23,3.0,True,302.13,False
9956434,2011-12-23,11.0,True,5903.63,False
9956434,2011-12-23,35.0,True,2893.16,False
9956434,2011-12-23,81.0,True,7567.66,False
9956434,2011-12-23,4.0,True,3912.64,False
9956434,2011-12-23,74.0,False,1165.43,False
9956434,2011-12-23,72.0,True,200.66,False
9956434,2011-12-23,58.0,False,4327.96,False
9956434,2011-12-23,91.0,True,3674.55,False
9956434,2011-12-23,8.0,True,23398.65,False
9956434,2011-12-23,92.0,False,3174.26,False
9956434,2011-12-23,26.0,True,10522.06,False
9956434,2011-12-23,11.0,False,89.24,False
9956434,2011-12-23,32.0,True,4216.34,False
9956434,2011-12-23,92.0,True,428.51,False
9956434,2011-12-23,35.0,False,782.24,False
9956434,2011-12-23,60.0,False,-37.26,False
9956434,2011-12-23,77.0,False,3338.2,False
9956434,2011-12-23,7.0,False,19758.68,False
9956434,2011-12-23,20.0,False,14368.52,False
9956434,2011-12-23,11.0,False,1255.77,False
9956434,2011-12-23,74.0,True,6214.51,False
9956434,2011-12-23,25.0,False,335.78,False
9956434,2011-12-23,40.0,True,28656.4,False
9956434,2011-12-23,87.0,True,1760.93,False
9956434,2011-12-23,42.0,False,2343.4,False
9956434,2011-12-23,37.0,False,7401.09,False
9956434,2011-12-23,74.0,True,27681.81,False
9956434,2011-12-23,67.0,False,1117.88,False
9956434,2011-12-23,74.0,False,7128.79,False
9956434,2011-12-23,91.0,True,5987.86,False
9956434,2011-12-23,29.0,False,457.5,False
9956434,2011-12-23,23.0,True,2260.87,False
9956434,2011-12-23,33.0,True,-75.76,False
9956434,2011-12-23,52.0,False,67075.66,False
9956434,2011-12-23,28.0,False,11954.48,False
9956434,2011-12-23,74.0,True,2581.01,False
9956434,2011-12-23,60.0,False,801.3,False
9956434,2011-12-23,49.0,False,7599.09,False
9956434,2011-12-23,45.0,False,12212.59,False
9956434,2011-12-23,36.0,True,870.46,False
9956434,2011-12-23,46.0,False,2869.15,False
9956434,2011-12-23,3.0,False,1968.57,False
9956434,2011-12-23,21.0,False,8499.25,False
9956434,2011-12-23,42.0,False,6605.23,False
9956434,2011-12-23,26.0,False,3077.5,False
9956434,2011-12-23,28.0,True,14737.02,False
9956434,2011-12-23,87.0,False,740.31,False
9956434,2011-12-23,13.0,False,2664.67,False
9956434,2011-12-23,56.0,False,3434.64,False
9956434,2011-12-23,14.0,False,40187.17,False
9956434,2011-12-23,25.0,False,639.36,False
9956434,2011-12-23,56.0,False,10035.18,False
9956434,2011-12-23,25.0,False,10087.33,False
9956434,2011-12-23,38.0,False,11509.53,False
9956434,2011-12-23,85.0,True,780.1,False
9956434,2011-12-23,93.0,True,5816.21,False
9956434,2011-12-23,19.0,False,12836.29,False
9956434,2011-12-23,32.0,False,8088.85,False
9956434,2011-12-23,17.0,True,11292.87,False
9956434,2011-12-30,17.0,True,,True
10045201,2011-12-02,52.0,False,4351.75,False
10045201,2011-12-02,32.0,False,1871.89,False
10045201,2011-12-02,60.0,False,5218.1,False
10045201,2011-12-02,81.0,False,2325.76,False
10045201,2011-12-02,23.0,False,13505.37,False
10045201,2011-12-02,56.0,False,9048.29,False
10045201,2011-12-02,40.0,False,2860.15,False
10045201,2011-12-02,67.0,False,10014.22,False
10045201,2011-12-02,72.0,False,31600.68,False
10045201,2011-12-02,52.0,False,600.05,False
10045201,2011-12-02,71.0,False,12851.97,False
10045201,2011-12-02,21.0,False,16995.67,False
10045201,2011-12-02,38.0,False,1457.07,False
10045201,2011-12-02,49.0,False,22649.5,False
10045201,2011-12-02,92.0,False,1618.97,False
10045201,2011-12-02,28.0,False,9355.77,False
10045201,2011-12-02,41.0,False,19444.59,False
10045201,2011-12-02,91.0,False,573.22,False
10045201,2011-12-02,23.0,False,30077.95,False
10045201,2011-12-02,93.0,False,2730.99,False
10045201,2011-12-02,3.0,False,33949.08,False
10045201,2011-12-02,48.0,False,11680.75,False
10045201,2011-12-02,54.0,False,4029.43,False
10045201,2011-12-02,16.0,False,15816.39,False
10045201,2011-12-02,95.0,False,4213.15,False
10045201,2011-12-02,90.0,False,3127.85,False
10045201,2011-12-02,24.0,False,7565.23,False
10045201,2011-12-02,41.0,False,163.02,False
10045201,2011-12-02,92.0,False,12436.11,False
10045201,2011-12-02,85.0,False,2616.2,False
10045201,2011-12-02,29.0,False,9353.05,False
10045201,2011-12-02,55.0,False,9082.43,False
10045201,2011-12-02,35.0,False,60959.58,False
10045201,2011-12-02,6.0,False,57305.63,False
10045201,2011-12-02,28.0,True,330.31,False
10045201,2011-12-02,46.0,False,28357.13,False
10045201,2011-12-02,14.0,False,9692.74,False
10045201,2011-12-02,46.0,False,5812.7,False
10045201,2011-12-02,17.0,False,7557.69,False
10045201,2011-12-02,33.0,False,15275.26,False
10045201,2011-12-02,46.0,False,4968.16,False
10045201,2011-12-02,41.0,False,99.0,False
10045201,2011-12-02,37.0,False,9709.94,False
10045201,2011-12-02,21.0,False,821.97,False
10045201,2011-12-02,40.0,False,3266.05,False
10045201,2011-12-02,36.0,False,21781.22,False
10045201,2011-12-02,72.0,False,9710.49,False
10045201,2011-12-02,93.0,False,4724.41,False
10045201,2011-12-02,3.0,False,13529.46,False
10045201,2011-12-02,83.0,False,39345.73,False
10045201,2011-12-02,72.0,False,11827.39,False
10045201,2011-12-02,23.0,False,10509.88,False
10045201,2011-12-02,13.0,False,232.06,False
10045201,2011-12-02,11.0,False,4078.48,False
10045201,2011-12-02,49.0,False,1348.14,False
10045201,2011-12-02,55.0,False,57818.47,False
10045201,2011-12-02,38.0,False,19743.57,False
10045201,2011-12-02,42.0,False,23568.72,False
10045201,2011-12-02,1.0,False,31788.04,False
10045201,2011-12-02,38.0,False,458.16,False
10045201,2011-12-02,71.0,False,28331.18,False
10045201,2011-12-02,33.0,False,3905.84,False
10045201,2011-12-02,81.0,False,1340.49,False
10045201,2011-12-02,34.0,False,456.48,False
10045201,2011-12-02,48.0,False,3114.64,False
10045201,2011-12-02,7.0,False,24764.32,False
10045201,2011-12-02,38.0,False,3647.45,False
10045201,2011-12-02,83.0,False,599.83,False
10045201,2011-12-02,24.0,False,18067.29,False
10045201,2011-12-02,85.0,False,6883.12,False
10045201,2011-12-02,98.0,False,-107.4,False
10045201,2011-12-02,96.0,False,12230.11,False
10045201,2011-12-02,14.0,True,5732.05,False
10045201,2011-12-02,29.0,False,16438.74,False
10045201,2011-12-02,56.0,False,25467.98,False
10045201,2011-12-02,2.0,False,5213.63,False
10045201,2011-12-02,93.0,False,15248.16,False
10045201,2011-12-02,31.0,False,14229.93,False
10045201,2011-12-02,82.0,False,1623.42,False
10045201,2011-12-02,10.0,False,21641.85,False
10045201,2011-12-02,16.0,False,7444.6,False
10045201,2011-12-02,36.0,False,4772.69,False
10045201,2011-12-02,96.0,False,6281.66,False
10045201,2011-12-02,72.0,False,1253.2,False
10045201,2011-12-02,7.0,False,3389.96,False
10045201,2011-12-02,60.0,False,30736.74,False
10045201,2011-12-02,7.0,False,4172.4,False
10045201,2011-12-02,12.0,False,61835.75,False
10045201,2011-12-02,58.0,False,2908.35,False
10045201,2011-12-02,31.0,False,3143.56,False
10045201,2011-12-02,90.0,False,6595.21,False
10045201,2011-12-02,41.0,False,41057.79,False
10045201,2011-12-02,20.0,False,19140.06,False
10045201,2011-12-02,20.0,False,14839.92,False
10045201,2011-12-02,21.0,False,11483.37,False
10045201,2011-12-02,11.0,False,6421.63,False
10045201,2011-12-02,20.0,False,16090.54,False
10045201,2011-12-02,27.0,False,10189.16,False
10045201,2011-12-02,49.0,False,9343.38,False
10045201,2011-12-02,10.0,False,1364.84,False
10045201,2011-12-02,33.0,False,871.87,False
10045201,2011-12-02,74.0,False,1091.54,False
10045201,2011-12-09,18.0,False,671.81,False
10045201,2011-12-09,92.0,False,709.53,False
10045201,2011-12-09,5.0,False,29448.59,False
10045201,2011-12-09,40.0,False,907.98,False
10045201,2011-12-09,28.0,False,23695.66,False
10045201,2011-12-09,56.0,False,48.03,False
10045201,2011-12-09,95.0,False,1789.31,False
10045201,2011-12-09,90.0,False,12448.07,False
10045201,2011-12-09,31.0,False,2559.5,False
10045201,2011-12-09,94.0,False,69.17,False
10045201,2011-12-09,80.0,False,652.46,False
10045201,2011-12-09,21.0,False,3514.85,False
10045201,2011-12-09,2.0,True,1207.9,False
10045201,2011-12-09,79.0,False,27160.06,False
10045201,2011-12-09,54.0,False,541.71,False
10045201,2011-12-09,14.0,False,43741.07,False
10045201,2011-12-09,95.0,False,1886.57,False
10045201,2011-12-09,38.0,False,2071.25,False
10045201,2011-12-09,22.0,True,1848.79,False
10045201,2011-12-09,41.0,False,7270.49,False
10045201,2011-12-09,30.0,False,981.17,False
10045201,2011-12-09,72.0,False,6345.13,False
10045201,2011-12-09,85.0,False,4919.45,False
10045201,2011-12-09,49.0,False,7524.56,False
10045201,2011-12-09,6.0,False,3273.1,False
10045201,2011-12-09,12.0,True,19088.26,False
10045201,2011-12-09,82.0,False,7679.89,False
10045201,2011-12-09,52.0,False,17326.8,False
10045201,2011-12-09,7.0,True,9615.05,False
10045201,2011-12-09,24.0,False,20678.22,False
10045201,2011-12-09,40.0,False,6192.02,False
10045201,2011-12-09,97.0,False,300.62,False
10045201,2011-12-09,20.0,False,2859.69,False
10045201,2011-12-09,31.0,False,12122.46,False
10045201,2011-12-09,87.0,False,9497.04,False
10045201,2011-12-09,55.0,False,443.45,False
10045201,2011-12-09,16.0,False,35965.9,False
10045201,2011-12-09,17.0,False,15300.75,False
10045201,2011-12-09,8.0,False,7051.4,False
10045201,2011-12-09,14.0,False,379.37,False
10045201,2011-12-09,9.0,True,31109.47,False
10045201,2011-12-09,9.0,False,6486.69,False
10045201,2011-12-09,80.0,False,835.76,False
10045201,2011-12-09,6.0,False,23803.26,False
10045201,2011-12-09,7.0,False,24037.99,False
10045201,2011-12-09,83.0,False,9358.94,False
10045201,2011-12-09,21.0,False,12995.82,False
10045201,2011-12-09,16.0,False,3385.99,False
10045201,2011-12-09,79.0,False,3368.02,False
10045201,2011-12-09,35.0,False,3447.27,False
10045201,2011-12-09,56.0,False,13190.49,False
10045201,2011-12-09,82.0,False,22746.68,False
10045201,2011-12-09,79.0,True,1671.44,False
10045201,2011-12-09,92.0,False,6697.99,False
10045201,2011-12-09,72.0,True,18294.89,False
10045201,2011-12-09,33.0,False,8613.75,False
10045201,2011-12-09,46.0,False,4499.63,False
10045201,2011-12-09,79.0,False,345.86,False
10045201,2011-12-09,18.0,True,19407.41,False
10045201,2011-12-09,55.0,True,1150.71,False
10045201,2011-12-09,10.0,False,2683.65,False
10045201,2011-12-09,25.0,False,40062.74,False
10045201,2011-12-09,32.0,False,5365.77,False
10045201,2011-12-09,97.0,False,21240.86,False
10045201,2011-12-09,12.0,False,6006.55,False
10045201,2011-12-09,13.0,False,5966.15,False
10045201,2011-12-09,28.0,False,3398.0,False
10045201,2011-12-09,72.0,False,1141.63,False
10045201,2011-12-09,19.0,False,8956.62,False
10045201,2011-12-09,41.0,False,1146.19,False
10045201,2011-12-09,98.0,False,-92.48,False
10045201,2011-12-09,8.0,False,9604.43,False
10045201,2011-12-09,5.0,False,36331.3,False
10045201,2011-12-16,90.0,False,6728.09,False
10045201,2011-12-16,56.0,False,-22.83,False
10045201,2011-12-16,97.0,False,1339.57,False
10045201,2011-12-16,23.0,False,16564.76,False
10045201,2011-12-16,90.0,False,5064.36,False
10045201,2011-12-16,19.0,False,6959.57,False
10045201,2011-12-16,72.0,False,20182.28,False
10045201,2011-12-16,13.0,False,8277.68,False
10045201,2011-12-16,11.0,False,6314.67,False
10045201,2011-12-16,6.0,True,5795.38,False
10045201,2011-12-16,33.0,True,32643.45,False
10045201,2011-12-16,14.0,False,34764.94,False
10045201,2011-12-16,25.0,False,6376.01,False
10045201,2011-12-16,32.0,False,7083.21,False
10045201,2011-12-16,21.0,False,5999.08,False
10045201,2011-12-16,56.0,False,14272.7,False
10045201,2011-12-16,94.0,False,-110.54,False
10045201,2011-12-16,33.0,False,17825.83,False
10045201,2011-12-16,87.0,True,10633.45,False
10045201,2011-12-16,1.0,False,14314.33,False
10045201,2011-12-16,41.0,False,-37.04,False
10045201,2011-12-16,3.0,False,13781.33,False
10045201,2011-12-16,97.0,False,3681.22,False
10045201,2011-12-16,97.0,True,21452.65,False
10045201,2011-12-16,46.0,False,2053.48,False
10045201,2011-12-16,25.0,False,1483.25,False
10045201,2011-12-16,58.0,False,943.35,False
10045201,2011-12-16,30.0,True,584.67,False
10045201,2011-12-16,96.0,False,667.53,False
10045201,2011-12-16,83.0,False,30.4,False
10045201,2011-12-16,44.0,False,18285.66,False
10045201,2011-12-16,20.0,False,6100.94,False
10045201,2011-12-16,37.0,False,11652.96,False
10045201,2011-12-16,4.0,False,66817.42,False
10045201,2011-12-16,56.0,False,4034.27,False
10045201,2011-12-16,94.0,False,327.46,False
10045201,2011-12-16,59.0,False,15352.71,False
10045201,2011-12-16,24.0,False,8386.72,False
10045201,2011-12-16,81.0,False,-58.58,False
10045201,2011-12-16,5.0,False,52523.41,False
10045201,2011-12-16,87.0,False,1252.75,False
10045201,2011-12-16,8.0,False,2287.81,False
10045201,2011-12-16,26.0,False,17568.36,False
10045201,2011-12-16,81.0,False,2740.51,False
10045201,2011-12-16,9.0,True,2969.43,False
10045201,2011-12-16,44.0,True,5190.53,False
10045201,2011-12-16,79.0,True,92.06,False
10045201,2011-12-16,83.0,False,4280.04,False
10045201,2011-12-16,42.0,False,2252.95,False
10045201,2011-12-16,19.0,False,1992.67,False
10045201,2011-12-16,72.0,True,16202.86,False
10045201,2011-12-16,31.0,False,1617.13,False
10045201,2011-12-16,44.0,False,15859.47,False
10045201,2011-12-16,98.0,False,3196.06,False
10045201,2011-12-16,98.0,False,9138.87,False
10045201,2011-12-16,80.0,False,13431.95,False
10045201,2011-12-16,81.0,False,5365.41,False
10045201,2011-12-16,45.0,False,38860.4,False
10045201,2011-12-16,38.0,False,4769.99,False
10045201,2011-12-16,1.0,False,3394.04,False
10045201,2011-12-16,38.0,False,3471.46,False
10045201,2011-12-16,37.0,False,3954.75,False
10045201,2011-12-16,41.0,False,43179.91,False
10045201,2011-12-16,12.0,False,4838.09,False
10045201,2011-12-16,29.0,True,12703.76,False
10045201,2011-12-16,19.0,False,8342.14,False
10045201,2011-12-16,30.0,False,27459.87,False
10045201,2011-12-16,58.0,False,24377.43,False
10045201,2011-12-16,80.0,True,2676.78,False
10045201,2011-12-16,36.0,True,8920.23,False
10045201,2011-12-16,56.0,False,6901.29,False
10045201,2011-12-16,24.0,False,19135.28,False
10045201,2011-12-16,60.0,False,9401.32,False
10045201,2011-12-16,7.0,True,2059.2,False
10045201,2011-12-16,26.0,False,16780.65,False
10045201,2011-12-16,27.0,True,10544.15,False
10045201,2011-12-16,54.0,False,5088.28,False
10045201,2011-12-16,19.0,True,18360.29,False
10045201,2011-12-23,58.0,True,298.3,False
10045201,2011-12-23,59.0,False,626.06,False
10045201,2011-12-23,25.0,False,1934.62,False
10045201,2011-12-23,97.0,True,24146.35,False
10045201,2011-12-23,6.0,True,16625.13,False
10045201,2011-12-23,12.0,False,20359.07,False
10045201,2011-12-23,80.0,True,8933.21,False
10045201,2011-12-23,44.0,False,30806.43,False
10045201,2011-12-23,18.0,True,20962.01,False
10045201,2011-12-23,80.0,True,628.57,False
10045201,2011-12-23,38.0,False,14051.28,False
10045201,2011-12-23,67.0,True,6235.52,False
10045201,2011-12-23,37.0,False,3445.8,False
10045201,2011-12-23,21.0,False,10475.39,False
10045201,2011-12-23,72.0,False,9477.87,False
10045201,2011-12-23,38.0,False,8620.96,False
10045201,2011-12-23,93.0,False,2291.82,False
10045201,2011-12-23,10.0,True,6337.81,False
10045201,2011-12-23,58.0,False,17475.04,False
10045201,2011-12-23,30.0,False,234.01,False
10045201,2011-12-23,21.0,True,1780.42,False
10045201,2011-12-23,5.0,False,20606.81,False
10045201,2011-12-23,74.0,True,14005.9,False
10045201,2011-12-23,26.0,False,2278.91,False
10045201,2011-12-23,14.0,True,13192.65,False
10045201,2011-12-23,27.0,True,4198.93,False
10045201,2011-12-23,23.0,True,39173.82,False
10045201,2011-12-23,81.0,True,-100.68,False
10045201,2011-12-23,37.0,True,2774.48,False
10045201,2011-12-23,79.0,False,8210.65,False
10045201,2011-12-23,2.0,True,7695.75,False
10045201,2011-12-23,25.0,False,6155.49,False
10045201,2011-12-23,5.0,True,4375.44,False
10045201,2011-12-23,31.0,False,5314.52,False
10045201,2011-12-23,29.0,True,20884.92,False
10045201,2011-12-23,82.0,False,15007.85,False
10045201,2011-12-23,82.0,False,3407.93,False
10045201,2011-12-23,49.0,True,3995.97,False
10045201,2011-12-23,23.0,True,895.61,False
10045201,2011-12-23,23.0,True,16904.2,False
10045201,2011-12-23,46.0,False,17614.29,False
10045201,2011-12-23,33.0,True,6052.47,False
10045201,2011-12-23,46.0,True,3101.11,False
10045201,2011-12-23,83.0,False,532.27,False
10045201,2011-12-23,92.0,False,4759.38,False
10045201,2011-12-23,47.0,False,1498.61,False
10045201,2011-12-23,19.0,False,18193.45,False
10045201,2011-12-23,59.0,False,1824.57,False
10045201,2011-12-23,47.0,False,29390.13,False
10045201,2011-12-23,67.0,False,5156.27,False
10045201,2011-12-23,60.0,False,18571.71,False
10045201,2011-12-23,16.0,False,4307.84,False
10045201,2011-12-23,21.0,True,5638.46,False
10045201,2011-12-23,49.0,True,10953.64,False
10045201,2011-12-23,54.0,True,838.3,False
10045201,2011-12-23,71.0,True,2166.32,False
10045201,2011-12-23,16.0,False,7044.72,False
10045201,2011-12-23,23.0,False,4485.92,False
10045201,2011-12-23,54.0,False,7373.08,False
10045201,2011-12-23,40.0,False,1728.84,False
10045201,2011-12-23,72.0,False,2723.26,False
10045201,2011-12-23,80.0,True,920.24,False
10045201,2011-12-23,30.0,True,346.44,False
10045201,2011-12-23,28.0,False,12130.37,False
10045201,2011-12-23,9.0,False,21141.4,False
10045201,2011-12-23,34.0,False,4833.57,False
10045201,2011-12-23,14.0,False,12276.71,False
10045201,2011-12-23,30.0,True,2308.26,False
10045201,2011-12-23,97.0,True,2108.75,False
10045201,2011-12-23,74.0,True,2337.85,False
10045201,2011-12-23,56.0,False,15225.93,False
10045201,2011-12-23,60.0,False,2129.99,False
10045201,2011-12-23,94.0,False,15038.67,False
10045201,2011-12-23,87.0,False,4020.8,False
10045201,2011-12-23,98.0,False,2721.53,False
10045201,2011-12-23,16.0,False,2281.54,False
10045201,2011-12-23,97.0,False,2711.83,False
10045201,2011-12-23,12.0,False,15773.49,False
10045201,2011-12-23,34.0,True,7294.37,False
10045201,2011-12-23,19.0,False,2734.1,False
10045201,2011-12-23,16.0,False,4139.93,False
10045201,2011-12-23,4.0,False,16989.36,False
10045201,2011-12-23,34.0,False,2365.74,False
10045201,2011-12-23,24.0,False,3792.56,False
10045201,2011-12-23,23.0,False,3734.19,False
10045201,2011-12-23,14.0,True,9619.27,False
10045201,2011-12-23,98.0,True,5632.43,False
10045201,2011-12-23,72.0,True,1113.86,False
10045201,2011-12-23,96.0,False,2224.6,False
10045201,2011-12-23,16.0,False,12354.91,False
10045201,2011-12-23,79.0,False,7682.27,False
10045201,2011-12-23,91.0,False,20058.84,False
10045201,2011-12-23,45.0,True,2234.8,False
10045201,2011-12-23,23.0,False,6642.37,False
10045201,2011-12-23,44.0,False,4122.69,False
10045201,2011-12-23,20.0,False,9452.48,False
10045201,2011-12-30,74.0,True,35177.47,False
10045201,2011-12-30,58.0,True,159.2,False
10045201,2011-12-30,81.0,True,2936.89,False
10045201,2011-12-30,9.0,True,9276.07,False
10045201,2011-12-30,95.0,True,6859.83,False
10045201,2011-12-30,24.0,True,27811.97,False
10045201,2011-12-30,60.0,True,1722.79,False
10045201,2011-12-30,29.0,True,607.63,False
10045201,2011-12-30,12.0,True,961.28,False
10045201,2011-12-30,10.0,True,17202.25,False
10275130,2011-12-02,72.0,False,223.42,False
10275130,2011-12-02,24.0,False,21028.64,False
10275130,2011-12-02,33.0,False,1516.03,False
10275130,2011-12-02,74.0,False,-240.33,False
10275130,2011-12-02,96.0,False,12610.72,False
10275130,2011-12-02,35.0,False,15223.67,False
10275130,2011-12-02,98.0,False,95.53,False
10275130,2011-12-02,3.0,False,15595.59,False
10275130,2011-12-02,98.0,False,4999.2,False
10275130,2011-12-02,74.0,False,2891.81,False
10275130,2011-12-02,83.0,False,363.03,False
10275130,2011-12-02,4.0,False,3922.14,False
10275130,2011-12-02,94.0,False,3942.89,False
10275130,2011-12-02,94.0,False,-241.03,False
10275130,2011-12-02,12.0,False,-254.77,False
10275130,2011-12-02,20.0,False,1079.54,False
10275130,2011-12-02,58.0,False,10127.79,False
10275130,2011-12-02,55.0,False,490.42,False
10275130,2011-12-02,94.0,False,-21.29,False
10275130,2011-12-02,98.0,False,1474.84,False
10275130,2011-12-02,97.0,False,1302.62,False
10275130,2011-12-02,87.0,False,-210.16,False
10275130,2011-12-02,7.0,False,-34.34,False
10275130,2011-12-02,85.0,False,701.28,False
10275130,2011-12-02,92.0,False,16915.83,False
10275130,2011-12-02,98.0,False,771.96,False
10275130,2011-12-02,93.0,False,3005.0,False
10275130,2011-12-02,26.0,False,-230.26,False
10275130,2011-12-02,81.0,False,629.75,False
10275130,2011-12-02,7.0,False,21078.81,False
10275130,2011-12-02,95.0,False,16865.5,False
10275130,2011-12-02,52.0,False,2170.42,False
10275130,2011-12-02,92.0,True,8583.11,False
10275130,2011-12-02,98.0,False,1789.66,False
10275130,2011-12-02,94.0,False,318.29,False
10275130,2011-12-02,44.0,False,26063.42,False
10275130,2011-12-02,12.0,True,16581.53,False
10275130,2011-12-02,85.0,False,2603.69,False
10275130,2011-12-02,9.0,False,11228.77,False
10275130,2011-12-02,46.0,False,2523.73,False
10275130,2011-12-02,8.0,False,10859.32,False
10275130,2011-12-02,97.0,False,3179.39,False
10275130,2011-12-02,32.0,False,4479.02,False
10275130,2011-12-02,21.0,False,2458.06,False
10275130,2011-12-02,24.0,False,1510.71,False
10275130,2011-12-02,87.0,False,5093.89,False
10275130,2011-12-02,98.0,False,13145.76,False
10275130,2011-12-02,46.0,False,-128.3,False
10275130,2011-12-02,59.0,False,137.05,False
10275130,2011-12-02,96.0,False,73.13,False
10275130,2011-12-02,33.0,False,4394.23,False
10275130,2011-12-02,98.0,False,307.17,False
10275130,2011-12-02,21.0,False,41618.94,False
10275130,2011-12-02,90.0,False,36377.12,False
10275130,2011-12-02,59.0,False,8129.8,False
10275130,2011-12-02,80.0,False,11296.17,False
10275130,2011-12-02,1.0,False,15363.86,False
10275130,2011-12-02,52.0,False,-248.05,False
10275130,2011-12-02,94.0,False,15062.83,False
10275130,2011-12-02,48.0,False,194.24,False
10275130,2011-12-02,93.0,False,-190.79,False
10275130,2011-12-02,74.0,False,-8.84,False
10275130,2011-12-02,1.0,False,228.4,False
10275130,2011-12-02,9.0,False,10640.25,False
10275130,2011-12-02,52.0,False,130.94,False
10275130,2011-12-02,7.0,False,187.9,False
10275130,2011-12-02,94.0,False,19178.37,False
10275130,2011-12-02,40.0,False,7246.59,False
10275130,2011-12-02,97.0,False,27081.01,False
10275130,2011-12-02,96.0,False,1133.98,False
10275130,2011-12-02,98.0,False,-255.56,False
10275130,2011-12-02,98.0,False,5158.09,False
10275130,2011-12-02,14.0,False,515.97,False
10275130,2011-12-02,81.0,False,1054.82,False
10275130,2011-12-02,49.0,False,6498.1,False
10275130,2011-12-02,87.0,False,12526.55,False
10275130,2011-12-02,33.0,False,2775.97,False
10275130,2011-12-02,67.0,False,-206.03,False
10275130,2011-12-02,40.0,False,3556.58,False
10275130,2011-12-02,14.0,False,208.85,False
10275130,2011-12-02,85.0,False,16484.48,False
10275130,2011-12-02,83.0,False,29.52,False
10275130,2011-12-02,38.0,False,36.77,False
10275130,2011-12-02,25.0,False,6531.13,False
10275130,2011-12-02,80.0,False,23823.94,False
10275130,2011-12-02,42.0,False,-235.49,False
10275130,2011-12-02,9.0,False,-215.66,False
10275130,2011-12-02,74.0,False,1449.02,False
10275130,2011-12-02,71.0,False,61.35,False
10275130,2011-12-02,92.0,False,-203.86,False
10275130,2011-12-02,32.0,False,6017.0,False
10275130,2011-12-02,90.0,False,2589.03,False
10275130,2011-12-02,27.0,False,3093.65,False
10275130,2011-12-02,44.0,False,-251.52,False
10275130,2011-12-02,40.0,False,2250.71,False
10275130,2011-12-02,98.0,False,6278.91,False
10275130,2011-12-02,12.0,False,8552.23,False
10275130,2011-12-02,95.0,False,-168.59,False
10275130,2011-12-02,93.0,False,3186.91,False
10275130,2011-12-02,8.0,False,38202.15,False
10275130,2011-12-02,74.0,False,44957.15,False
10275130,2011-12-02,25.0,False,4329.81,False
10275130,2011-12-02,14.0,False,743.28,False
10275130,2011-12-09,82.0,False,7629.04,False
10275130,2011-12-09,96.0,False,2509.14,False
10275130,2011-12-09,17.0,False,8485.12,False
10275130,2011-12-09,98.0,False,-253.33,False
10275130,2011-12-09,98.0,False,-239.84,False
10275130,2011-12-09,98.0,False,671.79,False
10275130,2011-12-09,36.0,False,10123.46,False
10275130,2011-12-09,28.0,False,235.66,False
10275130,2011-12-09,82.0,False,-235.29,False
10275130,2011-12-09,83.0,False,26833.07,False
10275130,2011-12-09,12.0,False,5.19,False
10275130,2011-12-09,98.0,False,15.69,False
10275130,2011-12-09,94.0,False,-223.73,False
10275130,2011-12-09,77.0,True,-194.15,False
10275130,2011-12-09,80.0,False,-254.55,False
10275130,2011-12-09,59.0,False,-210.42,False
10275130,2011-12-09,82.0,False,2075.07,False
10275130,2011-12-09,93.0,True,8018.65,False
10275130,2011-12-09,97.0,False,1085.8,False
10275130,2011-12-09,82.0,False,-241.2,False
10275130,2011-12-09,83.0,False,32030.43,False
10275130,2011-12-09,26.0,False,89.75,False
10275130,2011-12-09,26.0,True,-120.93,False
10275130,2011-12-09,96.0,False,791.58,False
10275130,2011-12-09,67.0,False,-14.78,False
10275130,2011-12-09,41.0,False,8301.48,False
10275130,2011-12-09,22.0,False,-233.86,False
10275130,2011-12-09,94.0,False,3812.7,False
10275130,2011-12-09,16.0,False,970.94,False
10275130,2011-12-09,71.0,False,1368.89,False
10275130,2011-12-09,59.0,False,-194.07,False
10275130,2011-12-09,96.0,False,294.49,False
10275130,2011-12-09,52.0,False,62.55,False
10275130,2011-12-09,8.0,False,36783.38,False
10275130,2011-12-09,98.0,False,5752.14,False
10275130,2011-12-09,55.0,False,222.67,False
10275130,2011-12-09,18.0,False,103.31,False
10275130,2011-12-09,25.0,False,29244.22,False
10275130,2011-12-09,11.0,False,1070.73,False
10275130,2011-12-09,9.0,False,1194.22,False
10275130,2011-12-09,27.0,False,2318.57,False
10275130,2011-12-09,45.0,False,12445.76,False
10275130,2011-12-09,23.0,True,8458.27,False
10275130,2011-12-09,25.0,False,5978.13,False
10275130,2011-12-09,81.0,False,1963.81,False
10275130,2011-12-09,10.0,False,2437.95,False
10275130,2011-12-09,58.0,False,-253.38,False
10275130,2011-12-09,54.0,False,906.55,False
10275130,2011-12-09,29.0,True,-251.4,False
10275130,2011-12-09,98.0,False,-255.53,False
10275130,2011-12-09,85.0,False,8594.62,False
10275130,2011-12-09,96.0,False,6310.82,False
10275130,2011-12-09,52.0,False,4359.48,False
10275130,2011-12-09,18.0,False,930.37,False
10275130,2011-12-09,14.0,False,-250.34,False
10275130,2011-12-09,40.0,False,218.53,False
10275130,2011-12-09,98.0,False,4329.07,False
10275130,2011-12-09,97.0,False,3514.4,False
10275130,2011-12-09,92.0,True,-108.22,False
10275130,2011-12-09,98.0,False,-202.17,False
10275130,2011-12-09,7.0,False,16022.03,False
10275130,2011-12-09,92.0,False,-246.64,False
10275130,2011-12-09,98.0,False,-10.84,False
10275130,2011-12-09,90.0,False,-184.6,False
10275130,2011-12-16,33.0,False,1551.25,False
10275130,2011-12-16,6.0,True,953.47,False
10275130,2011-12-16,98.0,False,-235.87,False
10275130,2011-12-16,56.0,False,5556.96,False
10275130,2011-12-16,98.0,False,-179.82,False
10275130,2011-12-16,29.0,False,1812.89,False
10275130,2011-12-16,97.0,True,4671.7,False
10275130,2011-12-16,92.0,False,8400.01,False
10275130,2011-12-16,85.0,False,679.65,False
10275130,2011-12-16,98.0,False,9140.93,False
10275130,2011-12-16,14.0,False,1256.99,False
10275130,2011-12-16,1.0,False,65.41,False
10275130,2011-12-16,98.0,False,941.81,False
10275130,2011-12-16,93.0,False,11063.04,False
10275130,2011-12-16,95.0,False,-255.33,False
10275130,2011-12-16,85.0,False,20310.2,False
10275130,2011-12-16,87.0,False,2533.46,False
10275130,2011-12-16,93.0,True,150.84,False
10275130,2011-12-16,40.0,False,890.88,False
10275130,2011-12-16,3.0,False,5332.93,False
10275130,2011-12-16,6.0,True,-97.43,False
10275130,2011-12-16,94.0,False,335.18,False
10275130,2011-12-16,81.0,False,-255.1,False
10275130,2011-12-16,81.0,False,57.64,False
10275130,2011-12-16,94.0,True,-174.08,False
10275130,2011-12-16,37.0,False,-109.85,False
10275130,2011-12-16,85.0,False,-179.09,False
10275130,2011-12-16,56.0,False,1010.38,False
10275130,2011-12-16,22.0,False,4963.62,False
10275130,2011-12-16,98.0,False,13773.33,False
10275130,2011-12-16,98.0,True,212.31,False
10275130,2011-12-16,98.0,False,-255.57,False
10275130,2011-12-16,83.0,True,4815.32,False
10275130,2011-12-16,59.0,False,-255.28,False
10275130,2011-12-16,72.0,False,4976.14,False
10275130,2011-12-16,16.0,False,11472.54,False
10275130,2011-12-16,9.0,False,76.86,False
10275130,2011-12-16,95.0,False,1341.18,False
10275130,2011-12-16,98.0,False,2271.77,False
10275130,2011-12-16,7.0,False,51900.72,False
10275130,2011-12-16,40.0,True,3595.95,False
10275130,2011-12-16,83.0,False,1033.34,False
10275130,2011-12-16,46.0,True,5099.06,False
10275130,2011-12-16,90.0,False,2000.69,False
10275130,2011-12-16,37.0,False,9465.95,False
10275130,2011-12-16,95.0,False,11996.7,False
10275130,2011-12-16,7.0,False,149.97,False
10275130,2011-12-16,42.0,False,7924.95,False
10275130,2011-12-16,71.0,True,952.31,False
10275130,2011-12-16,27.0,True,8579.72,False
10275130,2011-12-16,56.0,False,16844.47,False
10275130,2011-12-16,19.0,False,2308.06,False
10275130,2011-12-16,46.0,False,-112.45,False
10275130,2011-12-16,72.0,False,41.06,False
10275130,2011-12-16,93.0,True,164.8,False
10275130,2011-12-16,90.0,False,7010.36,False
10275130,2011-12-16,92.0,True,-253.37,False
10275130,2011-12-16,60.0,False,810.93,False
10275130,2011-12-16,17.0,False,728.41,False
10275130,2011-12-16,81.0,False,9813.26,False
10275130,2011-12-16,31.0,False,1295.11,False
10275130,2011-12-16,98.0,False,-50.12,False
10275130,2011-12-16,11.0,False,-24.98,False
10275130,2011-12-16,98.0,True,14495.27,False
10275130,2011-12-16,44.0,False,8377.43,False
10275130,2011-12-16,98.0,False,1498.46,False
10275130,2011-12-16,97.0,False,-103.31,False
10275130,2011-12-16,29.0,False,2507.98,False
10275130,2011-12-16,60.0,False,569.33,False
10275130,2011-12-16,91.0,False,7826.05,False
10275130,2011-12-16,24.0,False,-78.41,False
10275130,2011-12-16,59.0,False,9141.52,False
10275130,2011-12-23,46.0,False,-240.91,False
10275130,2011-12-23,97.0,False,-177.1,False
10275130,2011-12-23,98.0,False,2273.13,False
10275130,2011-12-23,82.0,False,39.39,False
10275130,2011-12-23,44.0,False,253.32,False
10275130,2011-12-23,8.0,False,12229.49,False
10275130,2011-12-23,80.0,True,557.56,False
10275130,2011-12-23,95.0,True,4687.17,False
10275130,2011-12-23,93.0,True,-201.69,False
10275130,2011-12-23,9.0,True,8456.69,False
10275130,2011-12-23,95.0,True,8814.93,False
10275130,2011-12-23,44.0,False,122.94,False
10275130,2011-12-23,56.0,False,1703.04,False
10275130,2011-12-23,97.0,False,10457.21,False
10275130,2011-12-23,90.0,False,-191.99,False
10275130,2011-12-23,31.0,True,12998.26,False
10275130,2011-12-23,29.0,True,3.19,False
10275130,2011-12-23,45.0,True,30725.97,False
10275130,2011-12-23,58.0,True,2320.62,False
10275130,2011-12-23,52.0,True,22939.9,False
10275130,2011-12-23,41.0,True,10440.81,False
10275130,2011-12-23,87.0,True,-242.44,False
10275130,2011-12-23,14.0,True,5195.12,False
10275130,2011-12-23,19.0,True,-81.76,False
10275130,2011-12-23,55.0,True,13671.42,False
10275130,2011-12-23,92.0,True,348.27,False
10275130,2011-12-23,40.0,True,-195.78,False
10275130,2011-12-23,23.0,True,6741.69,False
10275130,2011-12-23,44.0,True,1093.11,False
10275130,2011-12-23,96.0,True,30291.03,False
10275130,2011-12-23,67.0,True,419.06,False
10275130,2011-12-23,2.0,False,2275.95,False
10275130,2011-12-23,44.0,False,2384.09,False
10275130,2011-12-23,96.0,True,839.64,False
10275130,2011-12-23,6.0,True,897.39,False
10275130,2011-12-23,34.0,False,11342.43,False
10275130,2011-12-23,87.0,True,-234.65,False
10275130,2011-12-23,97.0,False,1045.89,False
10275130,2011-12-23,82.0,True,1083.37,False
10275130,2011-12-23,32.0,True,-161.78,False
10275130,2011-12-23,90.0,False,11946.61,False
10275130,2011-12-23,29.0,True,1426.2,False
10275130,2011-12-23,98.0,False,354.75,False
10275130,2011-12-23,72.0,False,623.72,False
10275130,2011-12-23,98.0,False,647.4,False
10275130,2011-12-23,30.0,False,3481.03,False
10275130,2011-12-23,20.0,True,3280.54,False
10275130,2011-12-23,60.0,False,-34.43,False
10275130,2011-12-23,25.0,False,769.73,False
10275130,2011-12-23,38.0,True,-244.12,False
10275130,2011-12-23,92.0,False,10601.19,False
10275130,2011-12-23,25.0,False,5257.3,False
10275130,2011-12-23,28.0,False,184.6,False
10275130,2011-12-23,35.0,False,1937.09,False
10275130,2011-12-23,97.0,False,955.23,False
10275130,2011-12-23,91.0,False,114.06,False
10275130,2011-12-23,98.0,True,2319.12,False
10275130,2011-12-23,98.0,False,322.47,False
10275130,2011-12-23,40.0,True,-230.05,False
10275130,2011-12-23,41.0,True,54.0,False
10275130,2011-12-23,95.0,False,3144.75,False
10275130,2011-12-23,94.0,True,-255.52,False
10275130,2011-12-23,81.0,False,-187.28,False
10275130,2011-12-23,92.0,True,2189.42,False
10275130,2011-12-23,98.0,False,715.53,False
10275130,2011-12-23,93.0,False,1576.42,False
10275130,2011-12-23,23.0,False,12161.07,False
10275130,2011-12-23,23.0,False,88.86,False
10275130,2011-12-23,72.0,False,3545.16,False
10275130,2011-12-23,14.0,False,1672.26,False
10275130,2011-12-23,34.0,False,595.88,False
10275130,2011-12-23,80.0,False,7934.43,False
10275130,2011-12-23,92.0,False,102.04,False
10275130,2011-12-23,23.0,False,661.09,False
10275130,2011-12-23,6.0,False,8062.07,False
10275130,2011-12-23,60.0,False,186.86,False
10275130,2011-12-23,34.0,False,4465.98,False
10275130,2011-12-23,94.0,False,4459.89,False
10275130,2011-12-23,40.0,False,668.36,False
10275130,2011-12-23,22.0,False,8026.22,False
10275130,2011-12-23,58.0,True,2443.88,False
10275130,2011-12-23,92.0,True,-134.56,False
10275130,2011-12-23,96.0,False,3809.06,False
10275130,2011-12-23,74.0,True,108.4,False
10275130,2011-12-23,87.0,False,23402.2,False
10275130,2011-12-23,98.0,True,4286.59,False
10275130,2011-12-30,98.0,True,,True
10563809,2011-12-02,93.0,False,29.02,False
10563809,2011-12-02,1.0,False,163.13,False
10563809,2011-12-02,40.0,False,362.89,False
10563809,2011-12-02,82.0,True,8935.39,False
10563809,2011-12-02,23.0,False,41825.71,False
10563809,2011-12-02,9.0,False,1154.34,False
10563809,2011-12-02,25.0,False,284.75,False
10563809,2011-12-02,71.0,False,743.29,False
10563809,2011-12-02,59.0,False,3160.45,False
10563809,2011-12-02,44.0,False,12029.79,False
10563809,2011-12-02,25.0,False,1070.02,False
10563809,2011-12-02,98.0,False,25573.27,False
10563809,2011-12-02,46.0,False,17696.04,False
10563809,2011-12-02,11.0,False,8466.4,False
10563809,2011-12-02,44.0,False,228.88,False
10563809,2011-12-02,27.0,False,1153.6,False
10563809,2011-12-02,33.0,True,52.71,False
10563809,2011-12-02,90.0,False,35318.0,False
10563809,2011-12-02,10.0,False,2380.06,False
10563809,2011-12-02,19.0,False,10728.18,False
10563809,2011-12-02,35.0,False,21.57,False
10563809,2011-12-02,19.0,False,9989.6,False
10563809,2011-12-02,7.0,True,192.78,False
10563809,2011-12-02,1.0,False,12942.2,False
10563809,2011-12-02,11.0,False,52.2,False
10563809,2011-12-02,1.0,False,30106.98,False
10563809,2011-12-02,38.0,False,14742.24,False
10563809,2011-12-02,90.0,False,238.04,False
10563809,2011-12-02,81.0,True,1472.29,False
10563809,2011-12-02,12.0,False,401.33,False
10563809,2011-12-02,3.0,False,31622.61,False
10563809,2011-12-02,79.0,False,31832.6,False
10563809,2011-12-02,1.0,False,14830.43,False
10563809,2011-12-02,81.0,False,33376.68,False
10563809,2011-12-02,35.0,False,2919.59,False
10563809,2011-12-02,85.0,False,4651.24,False
10563809,2011-12-02,95.0,False,147.92,False
10563809,2011-12-02,1.0,False,2051.58,False
10563809,2011-12-02,3.0,False,1031.77,False
10563809,2011-12-02,4.0,False,64778.1,False
10563809,2011-12-02,4.0,False,868.72,False
10563809,2011-12-02,79.0,False,6814.38,False
10563809,2011-12-02,80.0,False,577.54,False
10563809,2011-12-02,85.0,False,3643.56,False
10563809,2011-12-02,80.0,False,65941.6,False
10563809,2011-12-02,82.0,False,6985.37,False
10563809,2011-12-02,2.0,False,633.27,False
10563809,2011-12-02,13.0,False,9281.7,False
10563809,2011-12-02,98.0,False,14.63,False
10563809,2011-12-02,58.0,False,13.85,False
10563809,2011-12-02,18.0,False,18.96,False
10563809,2011-12-02,54.0,False,3206.76,False
10563809,2011-12-02,17.0,False,161.59,False
10563809,2011-12-02,59.0,True,17.84,False
10563809,2011-12-02,32.0,False,17241.64,False
10563809,2011-12-02,18.0,False,6284.61,False
10563809,2011-12-02,14.0,False,6651.93,False
10563809,2011-12-02,1.0,False,29505.92,False
10563809,2011-12-02,6.0,False,3050.53,False
10563809,2011-12-02,1.0,False,2948.02,False
10563809,2011-12-02,32.0,False,1840.11,False
10563809,2011-12-02,83.0,False,4703.23,False
10563809,2011-12-02,87.0,False,27568.45,False
10563809,2011-12-02,17.0,False,12266.1,False
10563809,2011-12-02,34.0,False,8951.41,False
10563809,2011-12-02,58.0,False,23028.65,False
10563809,2011-12-02,98.0,False,921.02,False
10563809,2011-12-02,28.0,False,1157.24,False
10563809,2011-12-02,42.0,False,141.85,False
10563809,2011-12-02,98.0,False,8283.23,False
10563809,2011-12-02,79.0,False,22308.54,False
10563809,2011-12-02,3.0,False,2003.69,False
10563809,2011-12-02,1.0,False,1581.87,False
10563809,2011-12-02,92.0,False,651.26,False
10563809,2011-12-09,94.0,False,766.52,False
10563809,2011-12-09,71.0,False,12140.55,False
10563809,2011-12-09,34.0,False,11841.41,False
10563809,2011-12-09,1.0,True,1548.32,False
10563809,2011-12-09,71.0,False,7786.05,False
10563809,2011-12-09,17.0,False,44355.99,False
10563809,2011-12-09,4.0,False,496.02,False
10563809,2011-12-09,94.0,False,4768.14,False
10563809,2011-12-09,12.0,False,12747.16,False
10563809,2011-12-09,81.0,False,2734.46,False
10563809,2011-12-09,1.0,False,6218.59,False
10563809,2011-12-09,7.0,False,1617.48,False
10563809,2011-12-09,4.0,False,1239.96,False
10563809,2011-12-09,14.0,False,1387.78,False
10563809,2011-12-09,21.0,False,186.59,False
10563809,2011-12-09,7.0,False,30.16,False
10563809,2011-12-09,82.0,False,17.28,False
10563809,2011-12-09,5.0,False,19326.28,False
10563809,2011-12-09,96.0,False,2500.35,False
10563809,2011-12-09,42.0,False,14.68,False
10563809,2011-12-09,80.0,False,574.0,False
10563809,2011-12-09,79.0,False,1830.09,False
10563809,2011-12-09,5.0,True,1507.29,False
10563809,2011-12-09,1.0,False,12510.3,False
10563809,2011-12-09,97.0,False,64.97,False
10563809,2011-12-09,92.0,True,302.21,False
10563809,2011-12-09,40.0,False,26459.23,False
10563809,2011-12-09,37.0,False,3569.39,False
10563809,2011-12-09,80.0,False,3501.2,False
10563809,2011-12-09,87.0,False,6751.25,False
10563809,2011-12-09,16.0,False,3402.03,False
10563809,2011-12-09,31.0,False,87.99,False
10563809,2011-12-09,87.0,False,9094.4,False
10563809,2011-12-09,9.0,True,2843.52,False
10563809,2011-12-09,93.0,False,1086.0,False
10563809,2011-12-09,40.0,False,10632.77,False
10563809,2011-12-09,95.0,False,15.97,False
10563809,2011-12-09,47.0,False,5756.74,False
10563809,2011-12-09,2.0,False,29467.29,False
10563809,2011-12-09,28.0,False,6714.93,False
10563809,2011-12-09,2.0,False,382.35,False
10563809,2011-12-09,96.0,False,16514.29,False
10563809,2011-12-09,71.0,False,828.55,False
10563809,2011-12-09,36.0,False,9679.13,False
10563809,2011-12-09,95.0,False,7505.48,False
10563809,2011-12-09,1.0,False,2784.08,False
10563809,2011-12-09,56.0,False,15073.21,False
10563809,2011-12-09,97.0,False,6045.81,False
10563809,2011-12-09,22.0,True,431.15,False
10563809,2011-12-09,46.0,False,24774.39,False
10563809,2011-12-09,82.0,False,23633.17,False
10563809,2011-12-09,18.0,False,12480.55,False
10563809,2011-12-09,30.0,False,12147.3,False
10563809,2011-12-09,4.0,False,63.54,False
10563809,2011-12-09,26.0,False,9723.11,False
10563809,2011-12-09,72.0,False,5329.93,False
10563809,2011-12-09,92.0,False,741.79,False
10563809,2011-12-09,80.0,False,13197.01,False
10563809,2011-12-09,42.0,False,236.16,False
10563809,2011-12-09,26.0,False,1723.17,False
10563809,2011-12-09,46.0,False,19855.49,False
10563809,2011-12-09,67.0,False,19.51,False
10563809,2011-12-09,5.0,False,25499.7,False
10563809,2011-12-09,19.0,False,6588.72,False
10563809,2011-12-09,96.0,False,3236.36,False
10563809,2011-12-09,4.0,False,275.68,False
10563809,2011-12-09,24.0,False,851.86,False
10563809,2011-12-09,56.0,False,5139.42,False
10563809,2011-12-09,30.0,False,12664.55,False
10563809,2011-12-09,27.0,False,311.46,False
10563809,2011-12-09,58.0,True,9069.16,False
10563809,2011-12-16,31.0,True,8763.34,False
10563809,2011-12-16,58.0,False,2609.31,False
10563809,2011-12-16,72.0,False,290.12,False
10563809,2011-12-16,4.0,True,13876.13,False
10563809,2011-12-16,34.0,False,362.93,False
10563809,2011-12-16,92.0,False,3177.79,False
10563809,2011-12-16,8.0,False,6489.15,False
10563809,2011-12-16,41.0,False,4612.35,False
10563809,2011-12-16,95.0,False,55.86,False
10563809,2011-12-16,67.0,False,4663.73,False
10563809,2011-12-16,5.0,False,7339.91,False
10563809,2011-12-16,13.0,False,13.44,False
10563809,2011-12-16,92.0,True,1421.77,False
10563809,2011-12-16,7.0,False,864.51,False
10563809,2011-12-16,20.0,True,3120.09,False
10563809,2011-12-16,5.0,True,852.88,False
10563809,2011-12-16,91.0,False,4091.72,False
10563809,2011-12-16,41.0,True,238.12,False
10563809,2011-12-16,1.0,False,23964.6,False
10563809,2011-12-16,98.0,False,2428.94,False
10563809,2011-12-16,93.0,False,25603.48,False
10563809,2011-12-16,4.0,False,25024.44,False
10563809,2011-12-16,98.0,False,2366.6,False
10563809,2011-12-16,28.0,True,6965.23,False
10563809,2011-12-16,40.0,False,173.01,False
10563809,2011-12-16,16.0,True,535.98,False
10563809,2011-12-16,5.0,False,3517.52,False
10563809,2011-12-16,6.0,False,7354.96,False
10563809,2011-12-16,95.0,False,551.85,False
10563809,2011-12-16,71.0,True,7192.44,False
10563809,2011-12-16,1.0,False,1563.49,False
10563809,2011-12-16,7.0,False,6374.34,False
10563809,2011-12-16,92.0,False,1288.8,False
10563809,2011-12-16,41.0,False,72.23,False
10563809,2011-12-16,23.0,True,422.18,False
10563809,2011-12-16,55.0,False,4235.38,False
10563809,2011-12-16,7.0,False,3613.97,False
10563809,2011-12-16,80.0,False,28.01,False
10563809,2011-12-16,59.0,True,53.62,False
10563809,2011-12-16,9.0,False,11162.62,False
10563809,2011-12-16,28.0,False,5231.21,False
10563809,2011-12-16,72.0,False,4068.52,False
10563809,2011-12-16,55.0,True,3819.21,False
10563809,2011-12-16,2.0,False,4490.16,False
10563809,2011-12-16,52.0,False,18971.82,False
10563809,2011-12-16,98.0,False,13.5,False
10563809,2011-12-16,7.0,False,20263.83,False
10563809,2011-12-16,27.0,False,109.66,False
10563809,2011-12-16,79.0,False,31.65,False
10563809,2011-12-16,9.0,True,15300.28,False
10563809,2011-12-16,22.0,False,10979.89,False
10563809,2011-12-16,72.0,False,12180.36,False
10563809,2011-12-16,34.0,True,5071.98,False
10563809,2011-12-16,5.0,True,9259.38,False
10563809,2011-12-16,5.0,False,754.68,False
10563809,2011-12-16,28.0,False,16300.84,False
10563809,2011-12-16,74.0,False,1250.55,False
10563809,2011-12-16,18.0,True,9424.68,False
10563809,2011-12-16,28.0,False,2013.01,False
10563809,2011-12-16,96.0,False,969.48,False
10563809,2011-12-16,4.0,False,5716.73,False
10563809,2011-12-16,80.0,True,15081.02,False
10563809,2011-12-16,98.0,False,4709.46,False
10563809,2011-12-16,26.0,False,1524.13,False
10563809,2011-12-23,5.0,False,538.15,False
10563809,2011-12-23,93.0,False,6675.73,False
10563809,2011-12-23,94.0,True,1419.98,False
10563809,2011-12-23,87.0,False,503.69,False
10563809,2011-12-23,87.0,True,9235.98,False
10563809,2011-12-23,4.0,True,6170.11,False
10563809,2011-12-23,3.0,True,8912.8,False
10563809,2011-12-23,3.0,True,3995.2,False
10563809,2011-12-23,25.0,True,751.27,False
10563809,2011-12-23,1.0,True,5317.68,False
10563809,2011-12-23,81.0,False,631.18,False
10563809,2011-12-23,42.0,True,306.69,False
10563809,2011-12-23,5.0,False,10970.65,False
10563809,2011-12-23,35.0,False,2619.63,False
10563809,2011-12-23,82.0,False,28957.17,False
10563809,2011-12-23,56.0,False,471.46,False
10563809,2011-12-23,7.0,True,24837.2,False
10563809,2011-12-23,11.0,False,115.08,False
10563809,2011-12-23,72.0,False,24321.94,False
10563809,2011-12-23,98.0,True,529.4,False
10563809,2011-12-23,95.0,True,1351.28,False
10563809,2011-12-23,40.0,True,31104.48,False
10563809,2011-12-23,2.0,False,13.81,False
10563809,2011-12-23,96.0,False,8864.77,False
10563809,2011-12-23,82.0,True,727.49,False
10563809,2011-12-23,95.0,True,6763.88,False
10563809,2011-12-23,44.0,True,2086.18,False
10563809,2011-12-23,67.0,False,5739.41,False
10563809,2011-12-23,97.0,False,743.35,False
10563809,2011-12-23,54.0,False,14.42,False
10563809,2011-12-23,60.0,True,2418.41,False
10563809,2011-12-23,37.0,False,28070.43,False
10563809,2011-12-23,52.0,True,3368.2,False
10563809,2011-12-23,1.0,True,5034.34,False
10563809,2011-12-23,6.0,False,9842.2,False
10563809,2011-12-23,90.0,True,2038.44,False
10563809,2011-12-23,7.0,False,507.75,False
10563809,2011-12-23,72.0,False,6799.81,False
10563809,2011-12-23,81.0,False,3714.8,False
10563809,2011-12-23,95.0,True,6280.46,False
10563809,2011-12-23,6.0,False,16379.56,False
10563809,2011-12-23,79.0,True,2147.32,False
10563809,2011-12-23,41.0,False,1238.5,False
10563809,2011-12-23,42.0,False,3632.56,False
10563809,2011-12-23,20.0,True,10132.6,False
10563809,2011-12-23,1.0,False,1319.93,False
10563809,2011-12-23,72.0,False,15940.4,False
10563809,2011-12-23,13.0,True,12458.39,False
10563809,2011-12-23,38.0,False,1730.46,False
10563809,2011-12-23,98.0,False,96.74,False
10563809,2011-12-23,90.0,False,1076.13,False
10563809,2011-12-23,13.0,False,1558.0,False
10563809,2011-12-23,13.0,False,13376.78,False
10563809,2011-12-23,44.0,False,1507.66,False
10563809,2011-12-23,6.0,True,363.95,False
10563809,2011-12-23,4.0,True,26324.0,False
10563809,2011-12-23,24.0,True,3890.5,False
10563809,2011-12-23,23.0,True,13.53,False
10563809,2011-12-23,31.0,True,18935.54,False
10563809,2011-12-23,90.0,False,1592.68,False
10563809,2011-12-23,17.0,False,6331.95,False
10563809,2011-12-23,28.0,True,55914.47,False
10563809,2011-12-23,45.0,False,16529.72,False
10563809,2011-12-23,12.0,False,5246.98,False
10563809,2011-12-23,2.0,False,18924.19,False
10563809,2011-12-23,60.0,False,668.08,False
10563809,2011-12-23,1.0,True,219.1,False
10563809,2011-12-23,49.0,True,8810.8,False
10563809,2011-12-23,97.0,False,18734.24,False
10563809,2011-12-30,87.0,True,444.95,False
10563809,2011-12-30,31.0,True,1461.29,False
10563809,2011-12-30,8.0,True,14822.21,False
10563809,2011-12-30,23.0,True,3597.92,False
10563809,2011-12-30,74.0,True,9679.37,False
10563809,2011-12-30,87.0,True,5636.8,False
10563809,2011-12-30,52.0,True,678.95,False
10563809,2011-12-30,28.0,True,8682.36,False
10563809,2011-12-30,10.0,True,210.22,False
10563809,2011-12-30,85.0,False,1798.02,False
10563809,2011-12-30,81.0,True,15429.16,False
10563809,2011-12-30,17.0,True,12986.63,False
10742985,2011-12-02,22.0,False,945.82,False
10742985,2011-12-02,55.0,False,106.88,False
10742985,2011-12-02,8.0,False,17164.09,False
10742985,2011-12-02,60.0,False,13753.11,False
10742985,2011-12-02,94.0,False,1156.24,False
10742985,2011-12-02,30.0,False,23623.69,False
10742985,2011-12-02,18.0,False,26238.77,False
10742985,2011-12-02,59.0,False,66958.13,False
10742985,2011-12-02,92.0,False,108.1,False
10742985,2011-12-02,20.0,False,19035.56,False
10742985,2011-12-02,36.0,True,42292.71,False
10742985,2011-12-02,93.0,False,48692.22,False
10742985,2011-12-02,1.0,False,59350.46,False
10742985,2011-12-02,8.0,False,1766.66,False
10742985,2011-12-02,91.0,False,41359.95,False
10742985,2011-12-02,72.0,False,64429.68,False
10742985,2011-12-02,81.0,False,15635.82,False
10742985,2011-12-02,80.0,False,28521.58,False
10742985,2011-12-02,5.0,False,62498.44,False
10742985,2011-12-02,6.0,False,40847.85,False
10742985,2011-12-02,91.0,True,89114.74,False
10742985,2011-12-02,17.0,False,9628.54,False
10742985,2011-12-02,30.0,False,5632.12,False
10742985,2011-12-02,20.0,False,23362.33,False
10742985,2011-12-02,31.0,False,124588.19,False
10742985,2011-12-02,93.0,True,7724.88,False
10742985,2011-12-02,96.0,False,33076.78,False
10742985,2011-12-02,40.0,False,69216.74,False
10742985,2011-12-02,81.0,False,2987.74,False
10742985,2011-12-02,95.0,False,30399.01,False
10742985,2011-12-02,79.0,False,20339.79,False
10742985,2011-12-02,6.0,False,4806.46,False
10742985,2011-12-02,3.0,False,41295.59,False
10742985,2011-12-02,98.0,False,1252.18,False
10742985,2011-12-02,83.0,False,26352.67,False
10742985,2011-12-02,81.0,False,59677.17,False
10742985,2011-12-02,44.0,False,43151.3,False
10742985,2011-12-02,59.0,False,5221.5,False
10742985,2011-12-02,2.0,True,6040.3,False
10742985,2011-12-02,95.0,False,13825.44,False
10742985,2011-12-02,40.0,True,18554.57,False
10742985,2011-12-02,87.0,False,3958.11,False
10742985,2011-12-02,42.0,False,862.59,False
10742985,2011-12-02,97.0,False,45016.65,False
10742985,2011-12-02,19.0,False,64478.92,False
10742985,2011-12-02,52.0,False,54629.55,False
10742985,2011-12-02,83.0,False,50416.09,False
10742985,2011-12-02,74.0,False,6548.66,False
10742985,2011-12-02,58.0,False,10964.15,False
10742985,2011-12-02,44.0,True,4040.91,False
10742985,2011-12-02,44.0,False,43351.09,False
10742985,2011-12-02,8.0,False,8483.26,False
10742985,2011-12-02,71.0,False,29635.29,False
10742985,2011-12-02,71.0,False,17385.58,False
10742985,2011-12-02,26.0,False,49120.66,False
10742985,2011-12-02,5.0,False,173251.13,False
10742985,2011-12-02,42.0,False,45740.87,False
10742985,2011-12-02,22.0,True,28251.51,False
10742985,2011-12-02,95.0,False,6224.45,False
10742985,2011-12-02,1.0,False,33669.16,False
10742985,2011-12-02,42.0,False,57267.7,False
10742985,2011-12-02,6.0,False,13153.7,False
10742985,2011-12-02,18.0,False,22128.85,False
10742985,2011-12-02,26.0,True,4011.53,False
10742985,2011-12-02,95.0,False,4116.62,False
10742985,2011-12-02,36.0,False,19135.11,False
10742985,2011-12-02,7.0,False,3312.4,False
10742985,2011-12-02,82.0,False,2610.43,False
10742985,2011-12-02,36.0,False,6639.46,False
10742985,2011-12-02,42.0,False,6274.7,False
10742985,2011-12-02,92.0,False,16081.93,False
10742985,2011-12-02,82.0,False,17953.34,False
10742985,2011-12-02,21.0,True,75791.0,False
10742985,2011-12-02,32.0,True,33153.67,False
10742985,2011-12-02,23.0,False,14976.91,False
10742985,2011-12-02,21.0,True,130225.28,False
10742985,2011-12-02,8.0,False,93831.09,False
10742985,2011-12-02,56.0,False,5063.48,False
10742985,2011-12-02,9.0,True,10918.74,False
10742985,2011-12-02,6.0,False,93503.42,False
10742985,2011-12-02,80.0,False,8859.31,False
10742985,2011-12-02,24.0,False,66023.21,False
10742985,2011-12-02,25.0,False,24075.03,False
10742985,2011-12-02,74.0,False,44244.1,False
10742985,2011-12-02,60.0,False,46592.73,False
10742985,2011-12-02,82.0,False,11164.84,False
10742985,2011-12-02,87.0,False,36230.07,False
10742985,2011-12-02,77.0,False,134.88,False
10742985,2011-12-02,41.0,False,208.86,False
10742985,2011-12-02,29.0,False,843.25,False
10742985,2011-12-02,17.0,False,91501.0,False
10742985,2011-12-02,91.0,False,1690.59,False
10742985,2011-12-02,30.0,False,6972.55,False
10742985,2011-12-02,44.0,False,7945.0,False
10742985,2011-12-02,85.0,False,13532.55,False
10742985,2011-12-02,20.0,False,3700.3,False
10742985,2011-12-02,60.0,True,284.14,False
10742985,2011-12-02,23.0,False,62002.5,False
10742985,2011-12-02,10.0,False,41185.91,False
10742985,2011-12-02,10.0,False,137453.29,False
10742985,2011-12-02,24.0,False,3102.95,False
10742985,2011-12-02,25.0,False,109.6,False
10742985,2011-12-02,49.0,False,79853.22,False
10742985,2011-12-02,20.0,True,8083.12,False
10742985,2011-12-02,1.0,False,11408.31,False
10742985,2011-12-02,60.0,False,45678.91,False
10742985,2011-12-02,95.0,False,1102.33,False
10742985,2011-12-02,8.0,False,64442.33,False
10742985,2011-12-02,27.0,False,34517.83,False
10742985,2011-12-02,9.0,False,69630.06,False
10742985,2011-12-02,85.0,False,22568.49,False
10742985,2011-12-02,48.0,False,519.08,False
10742985,2011-12-02,54.0,True,10900.09,False
10742985,2011-12-02,79.0,False,6931.7,False
10742985,2011-12-02,96.0,False,1796.62,False
10742985,2011-12-02,85.0,False,30.91,False
10742985,2011-12-02,55.0,False,98.47,False
10742985,2011-12-02,17.0,False,68853.88,False
10742985,2011-12-02,34.0,False,53345.3,False
10742985,2011-12-02,52.0,False,72807.0,False
10742985,2011-12-02,98.0,False,9780.55,False
10742985,2011-12-02,1.0,False,128938.09,False
10742985,2011-12-02,42.0,False,137905.11,False
10742985,2011-12-02,93.0,False,2066.47,False
10742985,2011-12-02,29.0,True,25748.19,False
10742985,2011-12-02,11.0,False,21741.79,False
10742985,2011-12-02,37.0,False,24944.07,False
10742985,2011-12-02,5.0,False,40902.89,False
10742985,2011-12-02,91.0,True,15824.48,False
10742985,2011-12-02,83.0,False,356.51,False
10742985,2011-12-02,92.0,False,25.27,False
10742985,2011-12-02,67.0,False,460.01,False
10742985,2011-12-02,13.0,False,1079.32,False
10742985,2011-12-02,11.0,False,11751.48,False
10742985,2011-12-02,90.0,False,28800.02,False
10742985,2011-12-02,30.0,False,7990.93,False
10742985,2011-12-02,34.0,False,35203.23,False
10742985,2011-12-02,72.0,False,5878.33,False
10742985,2011-12-02,38.0,False,18791.17,False
10742985,2011-12-02,4.0,False,81120.78,False
10742985,2011-12-02,97.0,False,5816.82,False
10742985,2011-12-09,23.0,False,121387.97,False
10742985,2011-12-09,19.0,False,6508.7,False
10742985,2011-12-09,80.0,False,25203.18,False
10742985,2011-12-09,21.0,True,9699.52,False
10742985,2011-12-09,82.0,False,21644.62,False
10742985,2011-12-09,16.0,False,42965.77,False
10742985,2011-12-09,1.0,False,51862.86,False
10742985,2011-12-09,97.0,False,12855.73,False
10742985,2011-12-09,67.0,False,24565.42,False
10742985,2011-12-09,23.0,False,93002.3,False
10742985,2011-12-09,98.0,True,69.17,False
10742985,2011-12-09,95.0,False,12735.8,False
10742985,2011-12-09,82.0,False,1306.69,False
10742985,2011-12-09,40.0,False,18021.9,False
10742985,2011-12-09,16.0,True,24404.11,False
10742985,2011-12-09,71.0,False,124.61,False
10742985,2011-12-09,30.0,False,13062.71,False
10742985,2011-12-09,93.0,False,25.66,False
10742985,2011-12-09,98.0,False,6376.96,False
10742985,2011-12-09,83.0,False,3191.76,False
10742985,2011-12-09,27.0,False,20298.58,False
10742985,2011-12-09,97.0,False,32624.53,False
10742985,2011-12-09,90.0,False,13747.96,False
10742985,2011-12-09,11.0,True,4893.35,False
10742985,2011-12-09,29.0,True,226.25,False
10742985,2011-12-09,98.0,False,2752.95,False
10742985,2011-12-09,97.0,False,643.12,False
10742985,2011-12-09,9.0,True,86272.17,False
10742985,2011-12-09,93.0,False,30523.36,False
10742985,2011-12-09,38.0,False,429.47,False
10742985,2011-12-09,41.0,False,32388.61,False
10742985,2011-12-09,71.0,False,21346.13,False
10742985,2011-12-09,32.0,False,69301.54,False
10742985,2011-12-09,14.0,False,15945.17,False
10742985,2011-12-09,49.0,False,5440.08,False
10742985,2011-12-09,79.0,False,22313.62,False
10742985,2011-12-09,92.0,False,15031.36,False
10742985,2011-12-09,46.0,False,7018.47,False
10742985,2011-12-09,52.0,True,51768.33,False
10742985,2011-12-09,49.0,True,1354.05,False
10742985,2011-12-09,85.0,False,662.76,False
10742985,2011-12-09,38.0,False,125008.31,False
10742985,2011-12-09,72.0,False,63163.64,False
10742985,2011-12-09,49.0,True,18574.35,False
10742985,2011-12-09,81.0,False,7591.49,False
10742985,2011-12-09,60.0,False,20278.66,False
10742985,2011-12-09,42.0,False,71813.31,False
10742985,2011-12-09,30.0,False,7967.25,False
10742985,2011-12-09,12.0,False,35901.74,False
10742985,2011-12-09,10.0,False,22710.0,False
10742985,2011-12-09,91.0,False,63298.29,False
10742985,2011-12-09,87.0,False,17376.75,False
10742985,2011-12-09,85.0,False,2260.81,False
10742985,2011-12-09,56.0,False,27.66,False
10742985,2011-12-09,92.0,False,43020.1,False
10742985,2011-12-09,12.0,True,75444.86,False
10742985,2011-12-09,99.0,False,176.6,False
10742985,2011-12-09,56.0,False,21764.72,False
10742985,2011-12-09,31.0,False,3513.11,False
10742985,2011-12-09,30.0,False,165.47,False
10742985,2011-12-09,92.0,True,115.79,False
10742985,2011-12-09,28.0,False,14385.94,False
10742985,2011-12-09,91.0,False,8793.15,False
10742985,2011-12-09,35.0,False,3434.99,False
10742985,2011-12-09,25.0,False,107631.41,False
10742985,2011-12-09,49.0,False,12056.0,False
10742985,2011-12-09,83.0,False,31742.06,False
10742985,2011-12-09,91.0,False,26868.79,False
10742985,2011-12-09,18.0,False,19985.17,False
10742985,2011-12-09,28.0,False,23781.79,False
10742985,2011-12-09,59.0,False,48887.66,False
10742985,2011-12-09,23.0,True,6583.6,False
10742985,2011-12-09,87.0,False,8519.06,False
10742985,2011-12-09,56.0,False,253.84,False
10742985,2011-12-09,46.0,False,31974.14,False
10742985,2011-12-09,97.0,False,884.94,False
10742985,2011-12-09,97.0,False,7948.98,False
10742985,2011-12-09,47.0,True,55069.33,False
10742985,2011-12-09,9.0,False,41358.27,False
10742985,2011-12-09,46.0,False,16713.32,False
10742985,2011-12-09,13.0,False,24055.42,False
10742985,2011-12-09,81.0,False,3726.05,False
10742985,2011-12-09,24.0,False,58305.34,False
10742985,2011-12-16,47.0,False,1628.43,False
10742985,2011-12-16,97.0,True,9858.72,False
10742985,2011-12-16,5.0,False,32398.37,False
10742985,2011-12-16,81.0,True,9074.19,False
10742985,2011-12-16,47.0,False,2912.89,False
10742985,2011-12-16,5.0,False,190847.33,False
10742985,2011-12-16,42.0,False,3382.35,False
10742985,2011-12-16,60.0,False,40272.92,False
10742985,2011-12-16,5.0,False,91269.25,False
10742985,2011-12-16,32.0,True,134469.55,False
10742985,2011-12-16,11.0,True,34717.88,False
10742985,2011-12-16,30.0,False,529.53,False
10742985,2011-12-16,12.0,False,121040.23,False
10742985,2011-12-16,44.0,False,46171.96,False
10742985,2011-12-16,93.0,False,236.03,False
10742985,2011-12-16,92.0,False,9740.55,False
10742985,2011-12-16,81.0,False,15728.31,False
10742985,2011-12-16,85.0,False,323.77,False
10742985,2011-12-16,16.0,False,19067.44,False
10742985,2011-12-16,31.0,False,13531.85,False
10742985,2011-12-16,60.0,False,40083.79,False
10742985,2011-12-16,56.0,True,29256.04,False
10742985,2011-12-16,20.0,True,67498.71,False
10742985,2011-12-16,6.0,False,1234.46,False
10742985,2011-12-16,60.0,False,17937.99,False
10742985,2011-12-16,5.0,False,71362.49,False
10742985,2011-12-16,59.0,True,11233.22,False
10742985,2011-12-16,32.0,False,8698.08,False
10742985,2011-12-16,60.0,True,13116.72,False
10742985,2011-12-16,26.0,False,75983.47,False
10742985,2011-12-16,38.0,True,15741.5,False
10742985,2011-12-16,30.0,False,7055.49,False
10742985,2011-12-16,26.0,False,11340.88,False
10742985,2011-12-16,1.0,True,64103.94,False
10742985,2011-12-16,3.0,False,10946.94,False
10742985,2011-12-16,9.0,True,145257.14,False
10742985,2011-12-16,56.0,True,19311.04,False
10742985,2011-12-16,27.0,True,26422.46,False
10742985,2011-12-16,17.0,False,79140.64,False
10742985,2011-12-16,67.0,False,204.45,False
10742985,2011-12-16,82.0,True,571.1,False
10742985,2011-12-16,32.0,True,27219.7,False
10742985,2011-12-16,23.0,True,1965.32,False
10742985,2011-12-16,97.0,True,41.46,False
10742985,2011-12-16,16.0,False,69923.1,False
10742985,2011-12-16,92.0,True,4695.8,False
10742985,2011-12-16,18.0,False,31870.3,False
10742985,2011-12-16,32.0,False,10315.56,False
10742985,2011-12-16,52.0,True,83347.59,False
10742985,2011-12-16,10.0,False,48460.97,False
10742985,2011-12-16,41.0,True,4549.87,False
10742985,2011-12-16,12.0,False,3776.88,False
10742985,2011-12-16,1.0,True,3021.5,False
10742985,2011-12-16,30.0,False,43062.67,False
10742985,2011-12-16,22.0,False,23021.94,False
10742985,2011-12-16,25.0,True,96789.09,False
10742985,2011-12-16,23.0,False,5143.72,False
10742985,2011-12-16,35.0,False,1559.17,False
10742985,2011-12-16,49.0,False,997.31,False
10742985,2011-12-16,72.0,False,50075.28,False
10742985,2011-12-16,72.0,True,21591.14,False
10742985,2011-12-16,82.0,False,62237.68,False
10742985,2011-12-16,29.0,False,23158.29,False
10742985,2011-12-16,10.0,True,21619.17,False
10742985,2011-12-16,7.0,False,34282.86,False
10742985,2011-12-16,54.0,True,55949.71,False
10742985,2011-12-16,85.0,True,11722.87,False
10742985,2011-12-16,67.0,False,2496.13,False
10742985,2011-12-16,28.0,False,60498.69,False
10742985,2011-12-16,7.0,False,70245.68,False
10742985,2011-12-16,74.0,True,15767.19,False
10742985,2011-12-16,81.0,False,120.62,False
10742985,2011-12-16,85.0,False,26697.55,False
10742985,2011-12-16,20.0,True,14400.32,False
10742985,2011-12-16,59.0,False,16010.74,False
10742985,2011-12-16,31.0,False,30607.65,False
10742985,2011-12-16,26.0,True,4422.2,False
10742985,2011-12-16,48.0,False,4396.84,False
10742985,2011-12-16,97.0,False,179.39,False
10742985,2011-12-16,14.0,False,8969.43,False
10742985,2011-12-23,67.0,False,30423.46,False
10742985,2011-12-23,20.0,True,33323.95,False
10742985,2011-12-23,67.0,False,201.08,False
10742985,2011-12-23,67.0,False,19657.64,False
10742985,2011-12-23,48.0,True,20853.03,False
10742985,2011-12-23,98.0,True,6868.27,False
10742985,2011-12-23,85.0,False,484.39,False
10742985,2011-12-23,26.0,True,73956.87,False
10742985,2011-12-23,85.0,False,27.63,False
10742985,2011-12-23,21.0,True,503.3,False
10742985,2011-12-23,5.0,True,58596.54,False
10742985,2011-12-23,8.0,True,116563.31,False
10742985,2011-12-23,79.0,True,57049.41,False
10742985,2011-12-23,36.0,False,1224.02,False
10742985,2011-12-23,72.0,False,38506.29,False
10742985,2011-12-23,96.0,True,35482.26,False
10742985,2011-12-23,79.0,True,11219.83,False
10742985,2011-12-23,98.0,False,27991.79,False
10742985,2011-12-23,59.0,True,21065.6,False
10742985,2011-12-23,31.0,True,138401.41,False
10742985,2011-12-23,13.0,True,61053.1,False
10742985,2011-12-23,30.0,True,15188.66,False
10742985,2011-12-23,23.0,False,51631.38,False
10742985,2011-12-23,5.0,False,37837.96,False
10742985,2011-12-23,2.0,False,90073.66,False
10742985,2011-12-23,34.0,True,1862.5,False
10742985,2011-12-23,31.0,True,17332.04,False
10742985,2011-12-23,79.0,False,35230.7,False
10742985,2011-12-23,12.0,False,53767.76,False
10742985,2011-12-23,55.0,False,56768.87,False
10742985,2011-12-23,12.0,True,61255.41,False
10742985,2011-12-23,34.0,True,102132.73,False
10742985,2011-12-23,81.0,False,24389.92,False
10742985,2011-12-23,30.0,True,60422.96,False
10742985,2011-12-23,35.0,False,34134.07,False
10742985,2011-12-23,93.0,True,8122.42,False
10742985,2011-12-23,95.0,False,38.89,False
10742985,2011-12-23,71.0,False,18725.94,False
10742985,2011-12-23,5.0,False,47071.08,False
10742985,2011-12-23,2.0,True,34307.73,False
10742985,2011-12-23,46.0,False,5098.67,False
10742985,2011-12-23,41.0,False,2817.67,False
10742985,2011-12-23,87.0,True,10636.58,False
10742985,2011-12-23,24.0,True,9794.63,False
10742985,2011-12-23,5.0,True,124819.73,False
10742985,2011-12-23,67.0,False,1968.69,False
10742985,2011-12-23,19.0,False,45166.34,False
10742985,2011-12-23,22.0,False,88476.98,False
10742985,2011-12-23,17.0,True,51528.33,False
10742985,2011-12-23,71.0,True,32350.62,False
10742985,2011-12-23,42.0,True,8569.92,False
10742985,2011-12-23,37.0,False,5487.94,False
10742985,2011-12-30,37.0,False,,True
11712778,2011-12-02,74.0,False,3932.85,False
11712778,2011-12-02,71.0,False,18353.47,False
11712778,2011-12-02,98.0,False,883.47,False
11712778,2011-12-02,72.0,False,4377.26,False
11712778,2011-12-02,97.0,False,3987.33,False
11712778,2011-12-02,90.0,False,12280.47,False
11712778,2011-12-02,6.0,False,10549.79,False
11712778,2011-12-02,25.0,False,1840.77,False
11712778,2011-12-02,2.0,False,547.9,False
11712778,2011-12-02,25.0,False,461.53,False
11712778,2011-12-02,4.0,False,5768.47,False
11712778,2011-12-02,13.0,False,9.31,False
11712778,2011-12-02,82.0,False,6641.29,False
11712778,2011-12-02,32.0,False,4856.97,False
11712778,2011-12-02,23.0,False,97.15,False
11712778,2011-12-02,90.0,False,19.31,False
11712778,2011-12-02,16.0,False,2007.85,False
11712778,2011-12-02,13.0,False,1425.19,False
11712778,2011-12-02,13.0,False,9.91,False
11712778,2011-12-02,36.0,False,1037.85,False
11712778,2011-12-02,11.0,False,4527.09,False
11712778,2011-12-02,4.0,False,1784.83,False
11712778,2011-12-02,95.0,False,9.67,False
11712778,2011-12-02,98.0,False,44273.46,False
11712778,2011-12-02,5.0,False,10.18,False
11712778,2011-12-02,6.0,False,2526.76,False
11712778,2011-12-02,93.0,False,7683.07,False
11712778,2011-12-02,22.0,False,488.32,False
11712778,2011-12-02,72.0,False,20.59,False
11712778,2011-12-02,98.0,False,2604.95,False
11712778,2011-12-02,4.0,False,20.42,False
11712778,2011-12-02,83.0,False,1935.75,False
11712778,2011-12-02,90.0,False,13830.45,False
11712778,2011-12-02,90.0,False,1590.42,False
11712778,2011-12-02,79.0,False,10.98,False
11712778,2011-12-02,41.0,False,17140.3,False
11712778,2011-12-02,79.0,False,1056.67,False
11712778,2011-12-02,83.0,False,1906.78,False
11712778,2011-12-02,48.0,False,21182.59,False
11712778,2011-12-02,93.0,False,42.97,False
11712778,2011-12-02,44.0,False,6767.56,False
11712778,2011-12-02,94.0,False,13227.66,False
11712778,2011-12-02,81.0,False,9917.32,False
11712778,2011-12-02,1.0,False,5671.46,False
11712778,2011-12-02,5.0,False,31.74,False
11712778,2011-12-02,46.0,False,4664.42,False
11712778,2011-12-02,45.0,False,458.35,False
11712778,2011-12-02,32.0,False,303.65,False
11712778,2011-12-02,96.0,False,2752.59,False
11712778,2011-12-02,11.0,True,1978.32,False
11712778,2011-12-02,38.0,False,328.41,False
11712778,2011-12-02,83.0,False,24.74,False
11712778,2011-12-02,6.0,False,11152.42,False
11712778,2011-12-02,1.0,False,25.13,False
11712778,2011-12-02,72.0,False,84.49,False
11712778,2011-12-02,91.0,False,13.87,False
11712778,2011-12-02,92.0,False,9.42,False
11712778,2011-12-02,52.0,False,69.06,False
11712778,2011-12-02,58.0,False,9536.65,False
11712778,2011-12-02,25.0,False,493.81,False
11712778,2011-12-02,38.0,False,1930.16,False
11712778,2011-12-02,23.0,False,384.66,False
11712778,2011-12-02,49.0,False,9.31,False
11712778,2011-12-02,3.0,False,9.31,False
11712778,2011-12-02,21.0,False,512.77,False
11712778,2011-12-02,95.0,False,14231.5,False
11712778,2011-12-02,8.0,False,46.19,False
11712778,2011-12-02,98.0,False,270.26,False
11712778,2011-12-02,54.0,False,25290.72,False
11712778,2011-12-02,10.0,False,6198.61,False
11712778,2011-12-02,11.0,False,4099.14,False
11712778,2011-12-02,71.0,False,11626.7,False
11712778,2011-12-02,25.0,False,890.92,False
11712778,2011-12-09,67.0,False,90.13,False
11712778,2011-12-09,82.0,False,10712.97,False
11712778,2011-12-09,44.0,False,14371.07,False
11712778,2011-12-09,92.0,False,16.71,False
11712778,2011-12-09,87.0,False,19253.0,False
11712778,2011-12-09,3.0,False,6519.44,False
11712778,2011-12-09,56.0,False,182.34,False
11712778,2011-12-09,44.0,False,11119.5,False
11712778,2011-12-09,13.0,False,17486.47,False
11712778,2011-12-09,58.0,True,7640.33,False
11712778,2011-12-09,90.0,False,15981.38,False
11712778,2011-12-09,46.0,False,2036.77,False
11712778,2011-12-09,97.0,False,20716.57,False
11712778,2011-12-09,59.0,False,1153.1,False
11712778,2011-12-09,87.0,True,7058.79,False
11712778,2011-12-09,95.0,False,748.5,False
11712778,2011-12-09,92.0,False,304.46,False
11712778,2011-12-09,44.0,False,9423.21,False
11712778,2011-12-09,2.0,False,9.3,False
11712778,2011-12-09,67.0,False,25378.74,False
11712778,2011-12-09,24.0,False,55.48,False
11712778,2011-12-09,35.0,False,8830.75,False
11712778,2011-12-09,5.0,False,9365.68,False
11712778,2011-12-09,7.0,False,37.98,False
11712778,2011-12-09,17.0,False,4987.92,False
11712778,2011-12-09,96.0,False,733.17,False
11712778,2011-12-09,16.0,False,6518.26,False
11712778,2011-12-09,94.0,False,32.9,False
11712778,2011-12-09,80.0,False,301.33,False
11712778,2011-12-09,27.0,False,9.49,False
11712778,2011-12-09,40.0,False,5537.91,False
11712778,2011-12-09,12.0,False,9.41,False
11712778,2011-12-09,24.0,True,16843.89,False
11712778,2011-12-09,3.0,False,16.18,False
11712778,2011-12-09,14.0,False,191.39,False
11712778,2011-12-09,97.0,False,2849.2,False
11712778,2011-12-09,17.0,False,1198.66,False
11712778,2011-12-09,92.0,False,6382.05,False
11712778,2011-12-09,3.0,False,9.32,False
11712778,2011-12-09,95.0,False,1189.73,False
11712778,2011-12-09,6.0,False,7165.5,False
11712778,2011-12-09,12.0,True,28.09,False
11712778,2011-12-09,8.0,False,2601.75,False
11712778,2011-12-09,36.0,False,3108.35,False
11712778,2011-12-09,97.0,False,1720.53,False
11712778,2011-12-09,83.0,True,31.05,False
11712778,2011-12-09,9.0,True,17596.78,False
11712778,2011-12-09,28.0,False,21.3,False
11712778,2011-12-16,95.0,False,11829.61,False
11712778,2011-12-16,91.0,False,34669.14,False
11712778,2011-12-16,91.0,False,1879.02,False
11712778,2011-12-16,40.0,False,359.74,False
11712778,2011-12-16,98.0,False,6779.89,False
11712778,2011-12-16,83.0,True,20349.29,False
11712778,2011-12-16,98.0,False,497.51,False
11712778,2011-12-16,74.0,False,82.77,False
11712778,2011-12-16,8.0,False,183.13,False
11712778,2011-12-16,5.0,False,33.77,False
11712778,2011-12-16,59.0,False,2569.88,False
11712778,2011-12-16,98.0,False,9907.32,False
11712778,2011-12-16,21.0,False,9778.43,False
11712778,2011-12-16,96.0,False,3688.92,False
11712778,2011-12-16,95.0,False,1280.2,False
11712778,2011-12-16,24.0,True,12640.53,False
11712778,2011-12-16,31.0,False,2293.47,False
11712778,2011-12-16,10.0,False,3773.93,False
11712778,2011-12-16,52.0,False,7590.16,False
11712778,2011-12-16,74.0,False,187.34,False
11712778,2011-12-16,58.0,False,27893.2,False
11712778,2011-12-16,98.0,False,20254.99,False
11712778,2011-12-16,28.0,False,533.42,False
11712778,2011-12-16,8.0,False,851.52,False
11712778,2011-12-16,98.0,False,25611.15,False
11712778,2011-12-16,59.0,False,1998.3,False
11712778,2011-12-16,13.0,False,35.2,False
11712778,2011-12-16,54.0,False,9.39,False
11712778,2011-12-16,93.0,False,1329.68,False
11712778,2011-12-16,4.0,True,4049.33,False
11712778,2011-12-16,98.0,False,8264.58,False
11712778,2011-12-16,30.0,False,9738.26,False
11712778,2011-12-16,2.0,True,5863.81,False
11712778,2011-12-16,30.0,False,12.66,False
11712778,2011-12-16,7.0,False,2778.62,False
11712778,2011-12-16,44.0,True,1496.86,False
11712778,2011-12-16,98.0,False,8029.55,False
11712778,2011-12-16,23.0,True,302.89,False
11712778,2011-12-16,26.0,True,151.31,False
11712778,2011-12-16,2.0,True,1187.13,False
11712778,2011-12-16,14.0,False,1194.75,False
11712778,2011-12-16,85.0,False,1600.81,False
11712778,2011-12-16,83.0,False,63.58,False
11712778,2011-12-16,40.0,False,2291.62,False
11712778,2011-12-16,23.0,False,72.13,False
11712778,2011-12-16,98.0,False,36191.21,False
11712778,2011-12-16,93.0,False,8926.97,False
11712778,2011-12-16,46.0,False,7304.25,False
11712778,2011-12-16,38.0,False,3704.17,False
11712778,2011-12-23,59.0,False,12993.54,False
11712778,2011-12-23,17.0,False,4877.55,False
11712778,2011-12-23,80.0,True,8552.52,False
11712778,2011-12-23,11.0,True,8639.23,False
11712778,2011-12-23,46.0,False,43.9,False
11712778,2011-12-23,10.0,True,4524.29,False
11712778,2011-12-23,36.0,True,2326.24,False
11712778,2011-12-23,71.0,False,8631.98,False
11712778,2011-12-23,80.0,False,364.31,False
11712778,2011-12-23,98.0,False,6862.7,False
11712778,2011-12-23,96.0,False,5573.36,False
11712778,2011-12-23,98.0,True,992.88,False
11712778,2011-12-23,9.0,True,15.22,False
11712778,2011-12-23,35.0,False,135.46,False
11712778,2011-12-23,54.0,True,14464.74,False
11712778,2011-12-23,20.0,True,13.36,False
11712778,2011-12-23,10.0,False,34.61,False
11712778,2011-12-23,3.0,True,5444.62,False
11712778,2011-12-23,1.0,True,1417.61,False
11712778,2011-12-23,81.0,True,2569.74,False
11712778,2011-12-23,91.0,False,112.0,False
11712778,2011-12-23,87.0,False,2641.13,False
11712778,2011-12-23,36.0,True,1035.63,False
11712778,2011-12-23,12.0,True,23.97,False
11712778,2011-12-23,2.0,True,36.35,False
11712778,2011-12-23,22.0,True,547.75,False
11712778,2011-12-23,2.0,False,18.27,False
11712778,2011-12-23,11.0,True,9.61,False
11712778,2011-12-23,90.0,False,14090.32,False
11712778,2011-12-23,96.0,False,2392.74,False
11712778,2011-12-23,40.0,False,6502.5,False
11712778,2011-12-23,44.0,True,2909.6,False
11712778,2011-12-23,13.0,True,7297.47,False
11712778,2011-12-23,19.0,True,16115.38,False
11712778,2011-12-23,80.0,True,118.47,False
11712778,2011-12-23,18.0,False,8530.13,False
11712778,2011-12-23,24.0,False,1656.68,False
11712778,2011-12-23,10.0,True,700.98,False
11712778,2011-12-23,14.0,False,2696.75,False
11712778,2011-12-23,74.0,True,7168.73,False
11712778,2011-12-23,97.0,False,17497.18,False
11712778,2011-12-23,97.0,False,106.63,False
11712778,2011-12-23,97.0,True,41409.15,False
11712778,2011-12-23,98.0,False,16772.67,False
11712778,2011-12-23,16.0,False,1137.75,False
11712778,2011-12-23,52.0,False,224.21,False
11712778,2011-12-23,81.0,True,4679.45,False
11712778,2011-12-23,22.0,True,14560.07,False
11712778,2011-12-23,59.0,False,976.14,False
11712778,2011-12-23,83.0,False,6127.75,False
11712778,2011-12-23,52.0,False,10.1,False
11712778,2011-12-23,74.0,False,38.61,False
11712778,2011-12-23,59.0,True,10131.67,False
11712778,2011-12-23,9.0,False,176.04,False
11712778,2011-12-23,23.0,True,4060.56,False
11712778,2011-12-23,14.0,False,999.4,False
11712778,2011-12-23,12.0,False,5137.77,False
11712778,2011-12-23,85.0,True,9514.09,False
11712778,2011-12-23,35.0,False,6754.01,False
11712778,2011-12-23,72.0,False,6243.82,False
11712778,2011-12-23,98.0,False,6686.91,False
11712778,2011-12-23,67.0,False,39.31,False
11712778,2011-12-23,87.0,False,948.41,False
11712778,2011-12-23,98.0,True,4033.42,False
11712778,2011-12-23,38.0,True,3961.37,False
11712778,2011-12-23,13.0,False,372.92,False
11712778,2011-12-23,93.0,False,2535.25,False
11712778,2011-12-23,29.0,True,670.35,False
11712778,2011-12-23,4.0,False,991.87,False
11712778,2011-12-23,85.0,False,890.71,False
11712778,2011-12-23,96.0,False,40.58,False
11712778,2011-12-23,52.0,True,10348.47,False
11712778,2011-12-23,19.0,False,4205.6,False
11712778,2011-12-23,6.0,False,89.37,False
11712778,2011-12-23,12.0,False,431.3,False
11712778,2011-12-23,6.0,True,199.59,False
11712778,2011-12-23,98.0,True,12.38,False
11712778,2011-12-23,33.0,False,500.33,False
11712778,2011-12-23,46.0,True,15600.02,False
11712778,2011-12-30,46.0,True,,True
11845276,2011-12-02,33.0,False,2342.62,False
11845276,2011-12-02,25.0,False,-124.05,False
11845276,2011-12-02,98.0,False,-268.72,False
11845276,2011-12-02,7.0,False,3339.65,False
11845276,2011-12-02,46.0,False,4026.57,False
11845276,2011-12-02,71.0,False,-78.02,False
11845276,2011-12-02,44.0,False,1648.57,False
11845276,2011-12-02,49.0,False,51957.75,False
11845276,2011-12-02,17.0,False,24737.02,False
11845276,2011-12-02,67.0,False,15291.23,False
11845276,2011-12-02,6.0,False,28285.15,False
11845276,2011-12-02,1.0,False,51105.92,False
11845276,2011-12-02,4.0,False,34698.38,False
11845276,2011-12-02,26.0,False,2004.79,False
11845276,2011-12-02,87.0,False,75937.41,False
11845276,2011-12-02,37.0,False,112803.38,False
11845276,2011-12-02,13.0,False,12700.09,False
11845276,2011-12-02,33.0,False,2346.3,False
11845276,2011-12-02,55.0,False,13095.83,False
11845276,2011-12-02,48.0,False,4204.21,False
11845276,2011-12-02,60.0,False,13121.21,False
11845276,2011-12-02,72.0,False,1398.82,False
11845276,2011-12-02,91.0,False,4724.84,False
11845276,2011-12-02,3.0,False,2760.17,False
11845276,2011-12-02,19.0,False,1485.85,False
11845276,2011-12-02,58.0,False,293.39,False
11845276,2011-12-02,4.0,False,95995.3,False
11845276,2011-12-02,6.0,False,2953.38,False
11845276,2011-12-02,12.0,False,60208.94,False
11845276,2011-12-02,42.0,False,7294.13,False
11845276,2011-12-02,82.0,False,40239.18,False
11845276,2011-12-02,30.0,False,31812.57,False
11845276,2011-12-02,27.0,False,3986.14,False
11845276,2011-12-02,17.0,False,17826.58,False
11845276,2011-12-02,26.0,False,25327.2,False
11845276,2011-12-02,35.0,False,12435.18,False
11845276,2011-12-02,17.0,False,12432.19,False
11845276,2011-12-02,71.0,False,18295.21,False
11845276,2011-12-02,32.0,False,205.59,False
11845276,2011-12-02,55.0,False,100268.76,False
11845276,2011-12-02,30.0,False,27198.25,False
11845276,2011-12-02,40.0,False,39163.48,False
11845276,2011-12-02,72.0,False,49758.68,False
11845276,2011-12-02,24.0,False,2857.01,False
11845276,2011-12-02,67.0,False,398.7,False
11845276,2011-12-02,35.0,False,1800.57,False
11845276,2011-12-02,1.0,False,3119.15,False
11845276,2011-12-02,20.0,False,14172.08,False
11845276,2011-12-02,74.0,False,58057.91,False
11845276,2011-12-02,21.0,False,28157.5,False
11845276,2011-12-02,80.0,False,6548.76,False
11845276,2011-12-02,93.0,False,2842.72,False
11845276,2011-12-02,52.0,False,39147.59,False
11845276,2011-12-02,21.0,False,-162.5,False
11845276,2011-12-02,93.0,False,23003.79,False
11845276,2011-12-02,97.0,False,21597.15,False
11845276,2011-12-02,6.0,False,5621.0,False
11845276,2011-12-02,74.0,False,670.93,False
11845276,2011-12-02,9.0,False,6826.34,False
11845276,2011-12-02,96.0,False,7958.69,False
11845276,2011-12-02,87.0,False,8175.62,False
11845276,2011-12-02,48.0,False,175.8,False
11845276,2011-12-02,3.0,False,1811.03,False
11845276,2011-12-02,59.0,False,52744.77,False
11845276,2011-12-02,5.0,False,-237.99,False
11845276,2011-12-02,12.0,False,22491.57,False
11845276,2011-12-02,40.0,False,70509.34,False
11845276,2011-12-02,21.0,False,19.91,False
11845276,2011-12-02,34.0,False,7576.57,False
11845276,2011-12-02,21.0,False,11686.28,False
11845276,2011-12-02,12.0,False,17154.04,False
11845276,2011-12-02,10.0,False,106593.54,False
11845276,2011-12-09,3.0,False,50587.76,False
11845276,2011-12-09,4.0,False,98802.21,False
11845276,2011-12-09,98.0,False,5559.6,False
11845276,2011-12-09,52.0,False,29519.93,False
11845276,2011-12-09,13.0,False,11099.02,False
11845276,2011-12-09,82.0,False,23873.9,False
11845276,2011-12-09,11.0,True,26402.47,False
11845276,2011-12-09,12.0,False,22177.92,False
11845276,2011-12-09,93.0,False,572.74,False
11845276,2011-12-09,59.0,False,-125.47,False
11845276,2011-12-09,95.0,False,1479.8,False
11845276,2011-12-09,14.0,True,-208.98,False
11845276,2011-12-09,95.0,False,1644.3,False
11845276,2011-12-09,87.0,False,14682.29,False
11845276,2011-12-09,60.0,True,731.89,False
11845276,2011-12-09,93.0,False,-213.7,False
11845276,2011-12-09,47.0,False,73117.06,False
11845276,2011-12-09,98.0,False,-266.46,False
11845276,2011-12-09,85.0,False,6531.13,False
11845276,2011-12-09,7.0,False,6102.6,False
11845276,2011-12-09,44.0,False,9634.34,False
11845276,2011-12-09,34.0,False,7453.33,False
11845276,2011-12-09,97.0,False,-24.31,False
11845276,2011-12-09,55.0,False,361.43,False
11845276,2011-12-09,30.0,False,310.55,False
11845276,2011-12-09,45.0,False,27927.52,False
11845276,2011-12-09,83.0,False,11672.32,False
11845276,2011-12-09,71.0,False,132.38,False
11845276,2011-12-09,8.0,False,5840.94,False
11845276,2011-12-09,20.0,False,32373.98,False
11845276,2011-12-09,21.0,False,2733.72,False
11845276,2011-12-09,26.0,False,2288.92,False
11845276,2011-12-09,4.0,False,6668.8,False
11845276,2011-12-09,24.0,False,72544.84,False
11845276,2011-12-09,5.0,False,6616.24,False
11845276,2011-12-09,35.0,False,-34.94,False
11845276,2011-12-09,27.0,False,5884.97,False
11845276,2011-12-09,17.0,False,8093.88,False
11845276,2011-12-09,10.0,False,12181.15,False
11845276,2011-12-09,85.0,False,14353.09,False
11845276,2011-12-09,4.0,False,132.37,False
11845276,2011-12-09,2.0,False,16807.81,False
11845276,2011-12-09,48.0,False,11755.29,False
11845276,2011-12-09,30.0,False,2210.56,False
11845276,2011-12-09,81.0,False,1791.9,False
11845276,2011-12-09,23.0,False,932.98,False
11845276,2011-12-09,11.0,False,8316.23,False
11845276,2011-12-09,74.0,False,3486.78,False
11845276,2011-12-09,91.0,False,8790.23,False
11845276,2011-12-09,17.0,False,18364.66,False
11845276,2011-12-09,52.0,False,19238.7,False
11845276,2011-12-09,4.0,False,33956.91,False
11845276,2011-12-09,59.0,True,26348.58,False
11845276,2011-12-09,41.0,False,11374.08,False
11845276,2011-12-09,13.0,False,81225.98,False
11845276,2011-12-09,8.0,False,1895.73,False
11845276,2011-12-09,28.0,False,2784.93,False
11845276,2011-12-09,98.0,False,16320.24,False
11845276,2011-12-09,41.0,False,5148.26,False
11845276,2011-12-09,24.0,False,38896.48,False
11845276,2011-12-09,92.0,False,23948.2,False
11845276,2011-12-09,6.0,True,47265.5,False
11845276,2011-12-09,24.0,False,11744.57,False
11845276,2011-12-09,81.0,False,51721.68,False
11845276,2011-12-09,26.0,False,9966.6,False
11845276,2011-12-09,4.0,False,62161.42,False
11845276,2011-12-16,32.0,False,4307.26,False
11845276,2011-12-16,59.0,True,-230.66,False
11845276,2011-12-16,58.0,False,25087.86,False
11845276,2011-12-16,24.0,False,31500.6,False
11845276,2011-12-16,97.0,False,1350.44,False
11845276,2011-12-16,98.0,True,41003.43,False
11845276,2011-12-16,92.0,False,9097.58,False
11845276,2011-12-16,25.0,True,18090.58,False
11845276,2011-12-16,59.0,False,26420.26,False
11845276,2011-12-16,16.0,False,11995.31,False
11845276,2011-12-16,71.0,True,1945.78,False
11845276,2011-12-16,36.0,False,1873.19,False
11845276,2011-12-16,87.0,False,1143.36,False
11845276,2011-12-16,4.0,False,1686.12,False
11845276,2011-12-16,5.0,False,1761.31,False
11845276,2011-12-16,98.0,False,5841.87,False
11845276,2011-12-16,17.0,False,7233.29,False
11845276,2011-12-16,96.0,False,657.47,False
11845276,2011-12-16,8.0,False,4928.71,False
11845276,2011-12-16,95.0,False,31317.11,False
11845276,2011-12-16,49.0,False,4317.59,False
11845276,2011-12-16,9.0,False,10484.04,False
11845276,2011-12-16,67.0,False,30838.39,False
11845276,2011-12-16,74.0,False,-254.33,False
11845276,2011-12-16,85.0,True,15917.11,False
11845276,2011-12-16,16.0,False,9292.88,False
11845276,2011-12-16,32.0,False,4884.05,False
11845276,2011-12-16,36.0,False,19452.52,False
11845276,2011-12-16,3.0,False,2683.93,False
11845276,2011-12-16,74.0,False,18263.59,False
11845276,2011-12-16,81.0,False,6989.4,False
11845276,2011-12-16,24.0,False,974.43,False
11845276,2011-12-16,13.0,False,2808.2,False
11845276,2011-12-16,6.0,False,-185.71,False
11845276,2011-12-16,49.0,False,88022.08,False
11845276,2011-12-16,8.0,False,27535.74,False
11845276,2011-12-16,6.0,False,1697.8,False
11845276,2011-12-16,36.0,True,164.54,False
11845276,2011-12-16,30.0,False,263.34,False
11845276,2011-12-16,42.0,False,-36.49,False
11845276,2011-12-16,13.0,False,2164.36,False
11845276,2011-12-16,33.0,False,1737.96,False
11845276,2011-12-16,82.0,False,3912.78,False
11845276,2011-12-16,30.0,False,50524.94,False
11845276,2011-12-16,72.0,True,26308.95,False
11845276,2011-12-16,22.0,False,27563.0,False
11845276,2011-12-16,91.0,False,10456.85,False
11845276,2011-12-16,40.0,False,-241.58,False
11845276,2011-12-16,23.0,False,26899.88,False
11845276,2011-12-16,4.0,False,128272.63,False
11845276,2011-12-16,22.0,True,13692.43,False
11845276,2011-12-16,46.0,False,5724.68,False
11845276,2011-12-16,14.0,True,27478.31,False
11845276,2011-12-16,34.0,True,4972.18,False
11845276,2011-12-16,55.0,False,9917.46,False
11845276,2011-12-16,20.0,False,30764.85,False
11845276,2011-12-16,80.0,False,38971.58,False
11845276,2011-12-16,10.0,False,65.2,False
11845276,2011-12-16,12.0,False,685.39,False
11845276,2011-12-23,31.0,True,10401.5,False
11845276,2011-12-23,11.0,False,28238.76,False
11845276,2011-12-23,22.0,False,5181.06,False
11845276,2011-12-23,17.0,False,14071.09,False
11845276,2011-12-23,10.0,True,11942.25,False
11845276,2011-12-23,94.0,False,3445.41,False
11845276,2011-12-23,58.0,False,2174.53,False
11845276,2011-12-23,21.0,True,-127.88,False
11845276,2011-12-23,83.0,False,16715.57,False
11845276,2011-12-23,20.0,False,9257.34,False
11845276,2011-12-23,42.0,False,337.85,False
11845276,2011-12-23,79.0,False,17162.96,False
11845276,2011-12-23,33.0,False,1275.83,False
11845276,2011-12-23,59.0,True,567.87,False
11845276,2011-12-23,33.0,False,2889.09,False
11845276,2011-12-23,71.0,True,135.11,False
11845276,2011-12-23,60.0,False,2507.95,False
11845276,2011-12-23,12.0,False,39087.1,False
11845276,2011-12-23,4.0,True,27535.35,False
11845276,2011-12-23,13.0,False,5640.72,False
11845276,2011-12-23,18.0,True,39577.48,False
11845276,2011-12-23,7.0,False,7982.64,False
11845276,2011-12-23,16.0,True,6277.32,False
11845276,2011-12-23,37.0,True,1740.76,False
11845276,2011-12-23,67.0,True,9499.72,False
11845276,2011-12-23,56.0,False,68000.4,False
11845276,2011-12-23,11.0,False,2138.6,False
11845276,2011-12-23,19.0,False,17783.53,False
11845276,2011-12-23,37.0,False,14417.02,False
11845276,2011-12-23,19.0,False,4106.61,False
11845276,2011-12-23,42.0,False,28468.12,False
11845276,2011-12-23,36.0,False,4688.98,False
11845276,2011-12-23,67.0,False,34306.77,False
11845276,2011-12-23,14.0,False,2541.6,False
11845276,2011-12-23,21.0,True,5.07,False
11845276,2011-12-23,12.0,False,19305.25,False
11845276,2011-12-23,94.0,False,44881.2,False
11845276,2011-12-23,93.0,False,-3.19,False
11845276,2011-12-23,30.0,False,23013.3,False
11845276,2011-12-23,71.0,False,35796.32,False
11845276,2011-12-23,54.0,True,57882.34,False
11845276,2011-12-23,3.0,True,819.23,False
11845276,2011-12-23,67.0,True,2083.42,False
11845276,2011-12-23,3.0,True,4989.21,False
11845276,2011-12-23,97.0,True,2144.64,False
11845276,2011-12-23,30.0,False,5932.8,False
11845276,2011-12-23,8.0,False,37902.29,False
11845276,2011-12-23,97.0,False,3454.41,False
11845276,2011-12-23,98.0,True,9813.78,False
11845276,2011-12-23,42.0,False,2032.3,False
11845276,2011-12-23,18.0,False,9375.66,False
11845276,2011-12-23,74.0,False,3570.73,False
11845276,2011-12-23,22.0,True,1474.04,False
11845276,2011-12-23,42.0,False,-253.17,False
11845276,2011-12-23,81.0,False,13675.21,False
11845276,2011-12-23,22.0,False,6391.69,False
11845276,2011-12-23,2.0,False,20896.29,False
11845276,2011-12-23,97.0,False,5553.16,False
11845276,2011-12-23,72.0,True,393.96,False
11845276,2011-12-23,87.0,False,5574.21,False
11845276,2011-12-23,20.0,False,1016.88,False
11845276,2011-12-23,48.0,False,395.35,False
11845276,2011-12-23,11.0,False,18264.97,False
11845276,2011-12-23,91.0,False,-269.07,False
11845276,2011-12-23,48.0,True,17632.73,False
11845276,2011-12-23,31.0,False,-256.84,False
11845276,2011-12-23,54.0,False,11350.72,False
11845276,2011-12-30,8.0,True,16152.34,False
11845276,2011-12-30,95.0,False,11932.26,False
11845276,2011-12-30,87.0,False,595.22,False
11845276,2011-12-30,30.0,True,64688.69,False
11845276,2011-12-30,10.0,True,886.69,False
11845276,2011-12-30,32.0,True,9591.47,False
11845276,2011-12-30,46.0,False,1753.46,False
11845276,2011-12-30,24.0,True,32782.74,False
11845276,2011-12-30,55.0,True,-99.62,False
11845276,2011-12-30,46.0,True,5128.84,False
11845276,2011-12-30,87.0,False,6162.16,False
11845276,2011-12-30,3.0,True,5014.02,False
11845276,2011-12-30,83.0,True,5097.33,False
11845276,2011-12-30,25.0,False,11050.07,False
11845276,2011-12-30,1.0,False,10166.0,False
11845276,2011-12-30,71.0,True,2774.84,False
11845276,2011-12-30,18.0,True,506.92,False
11845276,2011-12-30,25.0,False,2898.13,False
11845276,2011-12-30,41.0,True,3629.77,False
11845276,2011-12-30,26.0,False,-64.45,False
11845276,2011-12-30,74.0,True,-266.96,False
11845276,2011-12-30,4.0,False,38496.39,False
11845276,2011-12-30,30.0,True,40701.02,False
11845276,2011-12-30,16.0,True,1279.75,False
11845276,2011-12-30,58.0,False,39605.24,False
11845276,2011-12-30,58.0,False,404.48,False
11845276,2011-12-30,54.0,True,-21.38,False
11845276,2011-12-30,22.0,True,164.54,False
11845276,2011-12-30,20.0,False,37300.89,False
11845276,2011-12-30,31.0,False,8816.12,False
11845276,2011-12-30,25.0,False,2763.0,False
11845276,2011-12-30,81.0,True,28928.41,False
11845276,2011-12-30,34.0,True,3210.08,False
11845276,2011-12-30,85.0,True,80957.55,False
11845276,2011-12-30,26.0,True,80786.4,False
11845276,2011-12-30,82.0,True,15704.29,False
11845276,2011-12-30,91.0,False,36738.95,False
11845276,2011-12-30,25.0,True,5879.61,False
12011041,2011-12-02,80.0,False,5685.2,False
12011041,2011-12-02,91.0,False,502.45,False
12011041,2011-12-02,5.0,False,1553.02,False
12011041,2011-12-02,44.0,False,454.39,False
12011041,2011-12-02,27.0,False,8469.42,False
12011041,2011-12-02,83.0,False,3966.01,False
12011041,2011-12-02,56.0,False,32.51,False
12011041,2011-12-02,98.0,False,478.77,False
12011041,2011-12-02,95.0,False,17742.65,False
12011041,2011-12-02,10.0,False,18205.02,False
12011041,2011-12-02,40.0,False,27164.1,False
12011041,2011-12-02,19.0,False,749.44,False
12011041,2011-12-02,74.0,False,4944.71,False
12011041,2011-12-02,44.0,False,1454.02,False
12011041,2011-12-02,20.0,False,4787.96,False
12011041,2011-12-02,13.0,False,312.81,False
12011041,2011-12-02,17.0,False,4209.38,False
12011041,2011-12-02,95.0,False,12307.04,False
12011041,2011-12-02,18.0,False,202.25,False
12011041,2011-12-02,90.0,False,12038.47,False
12011041,2011-12-02,28.0,False,8076.54,False
12011041,2011-12-02,42.0,False,4103.43,False
12011041,2011-12-02,5.0,False,7728.36,False
12011041,2011-12-02,20.0,False,30836.89,False
12011041,2011-12-02,11.0,False,3838.93,False
12011041,2011-12-02,17.0,False,113.82,False
12011041,2011-12-02,18.0,True,2557.14,False
12011041,2011-12-02,38.0,False,9667.32,False
12011041,2011-12-02,97.0,False,19684.31,False
12011041,2011-12-02,10.0,False,36973.88,False
12011041,2011-12-02,30.0,False,2661.69,False
12011041,2011-12-02,94.0,False,288.09,False
12011041,2011-12-02,30.0,True,46376.48,False
12011041,2011-12-02,98.0,False,2440.32,False
12011041,2011-12-02,31.0,False,63432.19,False
12011041,2011-12-02,1.0,False,12691.23,False
12011041,2011-12-02,60.0,False,2585.95,False
12011041,2011-12-02,54.0,False,16364.87,False
12011041,2011-12-02,2.0,False,4157.01,False
12011041,2011-12-02,98.0,False,21107.66,False
12011041,2011-12-02,91.0,False,11049.59,False
12011041,2011-12-02,92.0,False,-83.2,False
12011041,2011-12-02,22.0,False,19181.85,False
12011041,2011-12-02,26.0,False,910.44,False
12011041,2011-12-02,14.0,False,8807.98,False
12011041,2011-12-02,81.0,False,4619.35,False
12011041,2011-12-02,1.0,False,54562.12,False
12011041,2011-12-02,79.0,False,52221.76,False
12011041,2011-12-02,31.0,False,9535.28,False
12011041,2011-12-02,79.0,False,29476.9,False
12011041,2011-12-02,8.0,False,5518.82,False
12011041,2011-12-02,17.0,False,-107.58,False
12011041,2011-12-02,41.0,False,4653.58,False
12011041,2011-12-02,94.0,False,21045.49,False
12011041,2011-12-02,16.0,False,6906.96,False
12011041,2011-12-02,83.0,False,11624.22,False
12011041,2011-12-02,72.0,False,3371.73,False
12011041,2011-12-02,4.0,False,23988.92,False
12011041,2011-12-02,94.0,False,4451.65,False
12011041,2011-12-02,38.0,False,9008.29,False
12011041,2011-12-02,22.0,False,10675.8,False
12011041,2011-12-02,58.0,False,18633.79,False
12011041,2011-12-02,1.0,False,536.06,False
12011041,2011-12-02,35.0,False,2332.77,False
12011041,2011-12-02,35.0,False,27845.3,False
12011041,2011-12-02,58.0,False,16090.89,False
12011041,2011-12-02,11.0,False,298.19,False
12011041,2011-12-02,7.0,False,29102.49,False
12011041,2011-12-02,97.0,False,12683.92,False
12011041,2011-12-02,47.0,False,13056.3,False
12011041,2011-12-02,31.0,False,1477.77,False
12011041,2011-12-09,95.0,False,31393.68,False
12011041,2011-12-09,22.0,False,4613.26,False
12011041,2011-12-09,5.0,False,7245.45,False
12011041,2011-12-09,34.0,False,277.37,False
12011041,2011-12-09,58.0,False,14758.41,False
12011041,2011-12-09,96.0,False,20817.22,False
12011041,2011-12-09,92.0,True,22536.5,False
12011041,2011-12-09,10.0,False,14835.99,False
12011041,2011-12-09,98.0,False,10190.74,False
12011041,2011-12-09,5.0,False,6511.3,False
12011041,2011-12-09,31.0,False,921.76,False
12011041,2011-12-09,72.0,False,-51.84,False
12011041,2011-12-09,42.0,False,43489.07,False
12011041,2011-12-09,25.0,False,13312.92,False
12011041,2011-12-09,16.0,False,392.82,False
12011041,2011-12-09,92.0,False,766.02,False
12011041,2011-12-09,83.0,False,35313.59,False
12011041,2011-12-09,67.0,True,17518.4,False
12011041,2011-12-09,9.0,False,11965.83,False
12011041,2011-12-09,46.0,False,10478.16,False
12011041,2011-12-09,80.0,False,1826.05,False
12011041,2011-12-09,14.0,False,20468.86,False
12011041,2011-12-09,95.0,False,14396.15,False
12011041,2011-12-09,3.0,False,4224.21,False
12011041,2011-12-09,37.0,False,21047.14,False
12011041,2011-12-09,19.0,False,6735.03,False
12011041,2011-12-09,12.0,False,3189.78,False
12011041,2011-12-09,12.0,False,2120.13,False
12011041,2011-12-09,98.0,False,4885.39,False
12011041,2011-12-09,8.0,False,4559.02,False
12011041,2011-12-09,55.0,False,19808.01,False
12011041,2011-12-09,94.0,False,22284.69,False
12011041,2011-12-09,8.0,False,13191.19,False
12011041,2011-12-09,45.0,False,4560.26,False
12011041,2011-12-09,95.0,False,68.42,False
12011041,2011-12-09,41.0,True,12507.13,False
12011041,2011-12-09,42.0,False,1730.2,False
12011041,2011-12-09,22.0,False,2986.86,False
12011041,2011-12-09,55.0,False,10539.16,False
12011041,2011-12-09,22.0,False,1612.14,False
12011041,2011-12-09,91.0,False,513.24,False
12011041,2011-12-09,38.0,False,2764.9,False
12011041,2011-12-09,18.0,False,1461.47,False
12011041,2011-12-09,98.0,False,2390.02,False
12011041,2011-12-09,4.0,False,4175.82,False
12011041,2011-12-09,85.0,False,9554.96,False
12011041,2011-12-09,98.0,False,11369.99,False
12011041,2011-12-09,20.0,True,10154.36,False
12011041,2011-12-09,36.0,False,21415.3,False
12011041,2011-12-09,8.0,False,3052.36,False
12011041,2011-12-09,5.0,False,958.64,False
12011041,2011-12-09,46.0,False,1901.17,False
12011041,2011-12-09,67.0,False,3046.93,False
12011041,2011-12-09,58.0,False,22721.26,False
12011041,2011-12-09,67.0,False,2731.16,False
12011041,2011-12-09,98.0,False,398.36,False
12011041,2011-12-09,24.0,False,15811.32,False
12011041,2011-12-09,36.0,False,1594.54,False
12011041,2011-12-09,16.0,False,5442.43,False
12011041,2011-12-09,31.0,False,452.8,False
12011041,2011-12-09,52.0,True,30050.59,False
12011041,2011-12-09,87.0,False,13519.69,False
12011041,2011-12-09,28.0,False,1198.31,False
12011041,2011-12-09,97.0,False,370.7,False
12011041,2011-12-09,5.0,False,3472.59,False
12011041,2011-12-09,67.0,False,2354.25,False
12011041,2011-12-09,82.0,False,19520.14,False
12011041,2011-12-09,42.0,False,1381.43,False
12011041,2011-12-09,54.0,False,6465.35,False
12011041,2011-12-09,81.0,False,2698.14,False
12011041,2011-12-09,21.0,True,4480.9,False
12011041,2011-12-09,56.0,False,9316.18,False
12011041,2011-12-09,27.0,False,5188.19,False
12011041,2011-12-09,49.0,False,4253.36,False
12011041,2011-12-09,60.0,False,4844.11,False
12011041,2011-12-09,28.0,True,2479.87,False
12011041,2011-12-09,31.0,False,734.84,False
12011041,2011-12-09,2.0,False,15455.49,False
12011041,2011-12-09,32.0,False,4541.85,False
12011041,2011-12-09,98.0,False,28229.78,False
12011041,2011-12-09,95.0,False,59828.58,False
12011041,2011-12-09,48.0,False,1872.42,False
12011041,2011-12-09,52.0,False,2905.55,False
12011041,2011-12-16,85.0,False,69.67,False
12011041,2011-12-16,55.0,False,24104.18,False
12011041,2011-12-16,9.0,False,6041.76,False
12011041,2011-12-16,35.0,False,4182.51,False
12011041,2011-12-16,12.0,False,24069.69,False
12011041,2011-12-16,93.0,True,2080.77,False
12011041,2011-12-16,54.0,False,2431.51,False
12011041,2011-12-16,20.0,False,34273.03,False
12011041,2011-12-16,21.0,False,33296.35,False
12011041,2011-12-16,49.0,False,829.6,False
12011041,2011-12-16,5.0,False,10830.42,False
12011041,2011-12-16,94.0,False,4415.22,False
12011041,2011-12-16,92.0,False,35585.8,False
12011041,2011-12-16,60.0,True,16141.07,False
12011041,2011-12-16,85.0,False,11482.25,False
12011041,2011-12-16,1.0,False,3531.43,False
12011041,2011-12-16,72.0,True,2078.79,False
12011041,2011-12-16,28.0,True,27345.48,False
12011041,2011-12-16,49.0,False,8361.27,False
12011041,2011-12-16,7.0,False,189.94,False
12011041,2011-12-16,81.0,False,4979.5,False
12011041,2011-12-16,56.0,False,9178.17,False
12011041,2011-12-16,18.0,False,41700.58,False
12011041,2011-12-16,81.0,False,29836.52,False
12011041,2011-12-16,6.0,False,14170.54,False
12011041,2011-12-16,98.0,False,10790.4,False
12011041,2011-12-16,92.0,False,331.23,False
12011041,2011-12-16,22.0,True,9412.04,False
12011041,2011-12-16,98.0,False,502.08,False
12011041,2011-12-16,93.0,False,13358.43,False
12011041,2011-12-16,44.0,True,3679.88,False
12011041,2011-12-16,87.0,False,3439.47,False
12011041,2011-12-16,46.0,True,2040.11,False
12011041,2011-12-16,25.0,False,7299.96,False
12011041,2011-12-16,2.0,False,3659.58,False
12011041,2011-12-16,14.0,False,1074.6,False
12011041,2011-12-16,91.0,False,5512.27,False
12011041,2011-12-16,93.0,True,1156.31,False
12011041,2011-12-16,38.0,False,48600.46,False
12011041,2011-12-16,9.0,False,10373.33,False
12011041,2011-12-16,22.0,False,4583.96,False
12011041,2011-12-16,22.0,False,1251.13,False
12011041,2011-12-16,97.0,False,1961.76,False
12011041,2011-12-16,11.0,True,15864.92,False
12011041,2011-12-16,6.0,False,44392.69,False
12011041,2011-12-16,87.0,False,771.9,False
12011041,2011-12-16,29.0,False,4933.52,False
12011041,2011-12-16,87.0,True,6899.66,False
12011041,2011-12-16,80.0,False,11482.54,False
12011041,2011-12-16,30.0,False,597.86,False
12011041,2011-12-16,71.0,False,-121.3,False
12011041,2011-12-16,40.0,False,2600.76,False
12011041,2011-12-16,82.0,False,2377.87,False
12011041,2011-12-16,33.0,False,6900.93,False
12011041,2011-12-16,40.0,False,6158.39,False
12011041,2011-12-16,18.0,False,5766.54,False
12011041,2011-12-16,79.0,False,6425.05,False
12011041,2011-12-16,97.0,False,2073.17,False
12011041,2011-12-16,27.0,True,40176.86,False
12011041,2011-12-16,7.0,False,12809.54,False
12011041,2011-12-16,3.0,False,26120.52,False
12011041,2011-12-16,94.0,False,13539.07,False
12011041,2011-12-16,36.0,False,1934.16,False
12011041,2011-12-16,19.0,False,9366.85,False
12011041,2011-12-16,90.0,False,10664.96,False
12011041,2011-12-16,67.0,False,22779.57,False
12011041,2011-12-16,49.0,False,4594.77,False
12011041,2011-12-16,34.0,False,18447.67,False
12011041,2011-12-16,72.0,False,4553.53,False
12011041,2011-12-16,17.0,False,-127.18,False
12011041,2011-12-16,28.0,False,34245.13,False
12011041,2011-12-16,30.0,True,4995.57,False
12011041,2011-12-16,19.0,True,843.42,False
12011041,2011-12-16,18.0,False,15131.74,False
12011041,2011-12-16,85.0,True,1031.01,False
12011041,2011-12-16,96.0,False,5426.7,False
12011041,2011-12-16,48.0,False,27296.68,False
12011041,2011-12-16,93.0,True,9804.59,False
12011041,2011-12-16,87.0,False,6965.6,False
12011041,2011-12-16,24.0,False,22720.8,False
12011041,2011-12-16,21.0,False,5396.37,False
12011041,2011-12-16,97.0,True,10722.76,False
12011041,2011-12-16,58.0,False,2080.06,False
12011041,2011-12-16,94.0,False,17260.63,False
12011041,2011-12-23,20.0,False,131.34,False
12011041,2011-12-23,91.0,False,1760.12,False
12011041,2011-12-23,81.0,False,3514.9,False
12011041,2011-12-23,6.0,True,1916.11,False
12011041,2011-12-23,80.0,False,8211.78,False
12011041,2011-12-23,59.0,False,4812.06,False
12011041,2011-12-23,91.0,False,14674.35,False
12011041,2011-12-23,82.0,False,82292.64,False
12011041,2011-12-23,34.0,False,8053.9,False
12011041,2011-12-23,21.0,True,5739.33,False
12011041,2011-12-23,29.0,False,692.54,False
12011041,2011-12-23,96.0,False,635.57,False
12011041,2011-12-23,34.0,False,9954.4,False
12011041,2011-12-23,46.0,True,-120.12,False
12011041,2011-12-23,71.0,False,2876.52,False
12011041,2011-12-23,79.0,True,13580.96,False
12011041,2011-12-23,44.0,True,368.41,False
12011041,2011-12-23,12.0,False,7074.24,False
12011041,2011-12-23,7.0,False,1978.05,False
12011041,2011-12-23,14.0,False,14.35,False
12011041,2011-12-23,93.0,True,501.62,False
12011041,2011-12-23,97.0,True,51089.14,False
12011041,2011-12-23,85.0,True,887.28,False
12011041,2011-12-23,98.0,True,3450.37,False
12011041,2011-12-23,98.0,True,18407.71,False
12011041,2011-12-23,90.0,True,127.46,False
12011041,2011-12-23,92.0,True,14338.52,False
12011041,2011-12-23,17.0,False,11391.67,False
12011041,2011-12-23,91.0,False,1450.56,False
12011041,2011-12-23,94.0,True,1767.47,False
12011041,2011-12-23,98.0,True,3196.9,False
12011041,2011-12-23,35.0,False,28.59,False
12011041,2011-12-23,25.0,False,11026.36,False
12011041,2011-12-23,11.0,True,5822.1,False
12011041,2011-12-23,59.0,False,-126.56,False
12011041,2011-12-23,40.0,True,72282.28,False
12011041,2011-12-23,14.0,False,1184.06,False
12011041,2011-12-23,56.0,True,4101.29,False
12011041,2011-12-23,97.0,False,10156.8,False
12011041,2011-12-23,38.0,True,19166.24,False
12011041,2011-12-23,40.0,True,16400.54,False
12011041,2011-12-23,2.0,False,5580.26,False
12011041,2011-12-23,60.0,True,1648.31,False
12011041,2011-12-23,90.0,False,3403.15,False
12011041,2011-12-23,42.0,False,16227.87,False
12011041,2011-12-23,7.0,False,25588.73,False
12011041,2011-12-23,80.0,False,1210.27,False
12011041,2011-12-23,92.0,False,3107.41,False
12011041,2011-12-23,54.0,True,2388.43,False
12011041,2011-12-23,91.0,False,2962.74,False
12011041,2011-12-23,2.0,False,5888.36,False
12011041,2011-12-23,10.0,True,7994.29,False
12011041,2011-12-23,10.0,False,4406.12,False
12011041,2011-12-23,21.0,False,786.24,False
12011041,2011-12-23,1.0,False,61558.2,False
12011041,2011-12-23,24.0,True,2175.83,False
12011041,2011-12-23,18.0,True,4182.48,False
12011041,2011-12-23,36.0,False,27028.26,False
12011041,2011-12-23,92.0,False,6242.25,False
12011041,2011-12-23,22.0,False,17817.92,False
12011041,2011-12-23,90.0,False,12114.85,False
12011041,2011-12-23,31.0,True,1680.72,False
12011041,2011-12-23,27.0,False,4710.87,False
12011041,2011-12-23,1.0,False,19333.08,False
12011041,2011-12-23,79.0,False,13211.21,False
12011041,2011-12-23,46.0,False,12191.75,False
12011041,2011-12-23,31.0,True,834.5,False
12011041,2011-12-23,38.0,False,446.51,False
12011041,2011-12-23,34.0,False,4904.58,False
12011041,2011-12-23,11.0,False,9902.24,False
12011041,2011-12-23,92.0,False,8218.62,False
12011041,2011-12-23,67.0,True,5398.42,False
12011041,2011-12-23,93.0,True,135.12,False
12011041,2011-12-23,90.0,False,814.2,False
12011041,2011-12-23,38.0,False,8021.97,False
12011041,2011-12-23,4.0,False,370.2,False
12011041,2011-12-23,79.0,False,1057.81,False
12011041,2011-12-23,20.0,False,2800.54,False
12011041,2011-12-23,93.0,True,11913.35,False
12011041,2011-12-30,46.0,True,1126.48,False
12011041,2011-12-30,6.0,True,5748.67,False
12011041,2011-12-30,92.0,False,13361.99,False
12011041,2011-12-30,1.0,True,8326.22,False
12011041,2011-12-30,27.0,False,12074.13,False
12011041,2011-12-30,25.0,True,8639.37,False
12011041,2011-12-30,8.0,False,-122.79,False
12011041,2011-12-30,83.0,True,13277.67,False
12011041,2011-12-30,31.0,True,41340.46,False
12011041,2011-12-30,12.0,False,5469.49,False
12011041,2011-12-30,32.0,True,7339.82,False
12011041,2011-12-30,18.0,True,174.57,False
12011041,2011-12-30,85.0,True,98.11,False
12011041,2011-12-30,45.0,True,5344.26,False
12011041,2011-12-30,13.0,True,9302.44,False
12011041,2011-12-30,97.0,False,49755.81,False
12011041,2011-12-30,82.0,False,19269.38,False
12011041,2011-12-30,71.0,True,657.94,False
12011041,2011-12-30,12.0,True,1250.15,False
12011041,2011-12-30,17.0,True,8837.13,False
12011041,2011-12-30,40.0,False,5346.13,False
12011041,2011-12-30,21.0,True,926.75,False
12011041,2011-12-30,83.0,True,30118.99,False
12011041,2011-12-30,95.0,True,3827.58,False
12011041,2011-12-30,93.0,True,2408.61,False
12011041,2011-12-30,12.0,True,1105.54,False
12011041,2011-12-30,13.0,False,11504.29,False
12011041,2011-12-30,4.0,False,1364.7,False
12011041,2011-12-30,7.0,True,6320.16,False
12011041,2011-12-30,67.0,True,57229.58,False
12011041,2011-12-30,34.0,True,-45.91,False
12011041,2011-12-30,38.0,True,13548.7,False
12011041,2011-12-30,30.0,True,3734.72,False
12011041,2011-12-30,56.0,True,10412.29,False
12011041,2011-12-30,40.0,True,2203.21,False
12011041,2011-12-30,97.0,False,5608.43,False
12011041,2011-12-30,25.0,True,4706.83,False
12011041,2011-12-30,3.0,False,8960.12,False
12011041,2011-12-30,22.0,False,2221.39,False
12011041,2011-12-30,33.0,True,5099.25,False
12011041,2011-12-30,6.0,True,1697.64,False
12011041,2011-12-30,58.0,True,3251.51,False
12011041,2011-12-30,56.0,False,54.25,False
12174865,2011-12-02,56.0,False,10697.98,False
12174865,2011-12-02,16.0,False,58689.32,False
12174865,2011-12-02,2.0,False,25158.22,False
12174865,2011-12-02,59.0,False,6544.47,False
12174865,2011-12-02,59.0,False,836.43,False
12174865,2011-12-02,1.0,False,137.04,False
12174865,2011-12-02,1.0,False,11130.51,False
12174865,2011-12-02,22.0,False,2306.93,False
12174865,2011-12-02,67.0,False,14280.56,False
12174865,2011-12-02,59.0,False,132.11,False
12174865,2011-12-02,33.0,False,52935.62,False
12174865,2011-12-02,1.0,False,34387.95,False
12174865,2011-12-02,94.0,False,6914.14,False
12174865,2011-12-02,24.0,False,3537.66,False
12174865,2011-12-02,23.0,False,23408.51,False
12174865,2011-12-02,71.0,False,10725.6,False
12174865,2011-12-02,90.0,False,150.92,False
12174865,2011-12-02,26.0,False,18902.32,False
12174865,2011-12-02,60.0,False,3787.57,False
12174865,2011-12-02,20.0,False,-86.61,False
12174865,2011-12-02,48.0,False,7440.87,False
12174865,2011-12-02,6.0,False,7480.43,False
12174865,2011-12-02,40.0,False,14245.34,False
12174865,2011-12-02,32.0,False,3485.28,False
12174865,2011-12-02,27.0,False,1605.69,False
12174865,2011-12-02,2.0,False,1770.89,False
12174865,2011-12-02,3.0,False,15764.98,False
12174865,2011-12-02,87.0,False,19087.24,False
12174865,2011-12-02,6.0,False,113.79,False
12174865,2011-12-02,72.0,False,23005.7,False
12174865,2011-12-02,44.0,False,651.95,False
12174865,2011-12-02,12.0,False,7325.14,False
12174865,2011-12-02,18.0,False,3618.12,False
12174865,2011-12-02,87.0,False,16463.56,False
12174865,2011-12-02,5.0,False,17513.9,False
12174865,2011-12-02,37.0,False,30434.08,False
12174865,2011-12-02,11.0,False,5772.52,False
12174865,2011-12-02,36.0,False,38428.79,False
12174865,2011-12-02,6.0,False,288.62,False
12174865,2011-12-02,59.0,False,-181.74,False
12174865,2011-12-02,74.0,False,13803.66,False
12174865,2011-12-02,85.0,False,23297.99,False
12174865,2011-12-02,59.0,False,7073.24,False
12174865,2011-12-02,4.0,False,27578.51,False
12174865,2011-12-02,4.0,False,-176.73,False
12174865,2011-12-02,6.0,False,14600.31,False
12174865,2011-12-02,9.0,False,8731.84,False
12174865,2011-12-02,1.0,False,25912.62,False
12174865,2011-12-02,87.0,False,9462.17,False
12174865,2011-12-02,21.0,False,6181.09,False
12174865,2011-12-02,12.0,False,44202.07,False
12174865,2011-12-02,96.0,False,7107.9,False
12174865,2011-12-02,79.0,False,289.35,False
12174865,2011-12-02,3.0,False,22956.48,False
12174865,2011-12-02,11.0,False,2499.61,False
12174865,2011-12-02,2.0,False,15804.04,False
12174865,2011-12-02,92.0,False,5510.35,False
12174865,2011-12-02,34.0,False,13912.78,False
12174865,2011-12-02,1.0,False,1892.6,False
12174865,2011-12-02,29.0,False,6329.98,False
12174865,2011-12-02,18.0,False,2641.09,False
12174865,2011-12-02,44.0,False,1006.15,False
12174865,2011-12-02,85.0,False,28170.65,False
12174865,2011-12-02,14.0,False,4096.77,False
12174865,2011-12-02,8.0,False,555.04,False
12174865,2011-12-09,55.0,False,2018.43,False
12174865,2011-12-09,56.0,False,4109.45,False
12174865,2011-12-09,38.0,False,728.49,False
12174865,2011-12-09,40.0,False,6315.87,False
12174865,2011-12-09,8.0,True,1254.01,False
12174865,2011-12-09,5.0,False,4925.32,False
12174865,2011-12-09,95.0,True,1964.71,False
12174865,2011-12-09,94.0,False,438.9,False
12174865,2011-12-09,29.0,False,37027.86,False
12174865,2011-12-09,3.0,False,26707.55,False
12174865,2011-12-09,8.0,False,587.94,False
12174865,2011-12-09,10.0,False,12729.44,False
12174865,2011-12-09,85.0,False,6737.82,False
12174865,2011-12-09,71.0,False,377.21,False
12174865,2011-12-09,94.0,False,17832.28,False
12174865,2011-12-09,20.0,False,31152.31,False
12174865,2011-12-09,1.0,False,12668.29,False
12174865,2011-12-09,8.0,False,14049.5,False
12174865,2011-12-09,33.0,False,8616.54,False
12174865,2011-12-09,90.0,False,42244.47,False
12174865,2011-12-09,77.0,True,17402.41,False
12174865,2011-12-09,83.0,False,15558.04,False
12174865,2011-12-09,1.0,False,150.92,False
12174865,2011-12-09,67.0,False,6290.71,False
12174865,2011-12-09,14.0,False,38866.46,False
12174865,2011-12-09,17.0,False,3189.33,False
12174865,2011-12-09,3.0,False,73.39,False
12174865,2011-12-09,12.0,False,1868.77,False
12174865,2011-12-09,5.0,False,28911.4,False
12174865,2011-12-09,3.0,True,331.61,False
12174865,2011-12-09,98.0,False,65729.13,False
12174865,2011-12-09,93.0,False,10727.89,False
12174865,2011-12-09,33.0,False,1839.64,False
12174865,2011-12-09,25.0,False,5549.1,False
12174865,2011-12-09,23.0,False,20827.66,False
12174865,2011-12-09,2.0,False,115.77,False
12174865,2011-12-09,59.0,False,7910.95,False
12174865,2011-12-09,14.0,False,15665.21,False
12174865,2011-12-09,25.0,False,14875.85,False
12174865,2011-12-09,22.0,False,31408.05,False
12174865,2011-12-09,7.0,True,17340.61,False
12174865,2011-12-09,1.0,False,5046.5,False
12174865,2011-12-09,1.0,False,2032.46,False
12174865,2011-12-09,59.0,False,844.98,False
12174865,2011-12-09,55.0,False,23782.8,False
12174865,2011-12-09,56.0,False,6678.91,False
12174865,2011-12-09,26.0,False,2183.92,False
12174865,2011-12-09,35.0,False,169.21,False
12174865,2011-12-09,37.0,False,382.73,False
12174865,2011-12-09,40.0,False,37134.43,False
12174865,2011-12-09,27.0,False,6025.81,False
12174865,2011-12-16,35.0,False,11427.83,False
12174865,2011-12-16,35.0,True,7247.18,False
12174865,2011-12-16,18.0,True,3300.44,False
12174865,2011-12-16,80.0,False,4682.59,False
12174865,2011-12-16,38.0,False,6741.05,False
12174865,2011-12-16,5.0,False,22673.01,False
12174865,2011-12-16,9.0,False,4754.34,False
12174865,2011-12-16,13.0,True,4060.89,False
12174865,2011-12-16,41.0,False,561.65,False
12174865,2011-12-16,59.0,True,38.39,False
12174865,2011-12-16,21.0,False,23038.53,False
12174865,2011-12-16,25.0,False,2143.31,False
12174865,2011-12-16,80.0,False,30853.29,False
12174865,2011-12-16,74.0,True,-73.52,False
12174865,2011-12-16,8.0,False,16032.16,False
12174865,2011-12-16,44.0,False,6987.3,False
12174865,2011-12-16,25.0,False,760.76,False
12174865,2011-12-16,14.0,False,8407.09,False
12174865,2011-12-16,33.0,False,37565.55,False
12174865,2011-12-16,25.0,False,33097.31,False
12174865,2011-12-16,32.0,False,23280.44,False
12174865,2011-12-16,35.0,True,-83.19,False
12174865,2011-12-16,95.0,True,14898.31,False
12174865,2011-12-16,74.0,False,296.68,False
12174865,2011-12-16,67.0,False,8668.78,False
12174865,2011-12-16,97.0,False,10118.0,False
12174865,2011-12-16,36.0,False,30035.7,False
12174865,2011-12-16,9.0,False,3846.62,False
12174865,2011-12-16,92.0,False,56179.51,False
12174865,2011-12-16,12.0,False,26572.51,False
12174865,2011-12-16,91.0,False,20581.52,False
12174865,2011-12-16,1.0,False,13412.33,False
12174865,2011-12-16,60.0,False,1855.03,False
12174865,2011-12-16,25.0,False,27813.11,False
12174865,2011-12-16,1.0,False,55.44,False
12174865,2011-12-16,82.0,True,8193.26,False
12174865,2011-12-16,87.0,False,7192.84,False
12174865,2011-12-16,92.0,False,1337.33,False
12174865,2011-12-16,27.0,False,11686.34,False
12174865,2011-12-16,67.0,False,44912.1,False
12174865,2011-12-16,71.0,False,45909.5,False
12174865,2011-12-16,72.0,False,8330.21,False
12174865,2011-12-16,56.0,False,28797.44,False
12174865,2011-12-16,16.0,True,73398.48,False
12174865,2011-12-16,96.0,False,39402.91,False
12174865,2011-12-16,7.0,True,1630.04,False
12174865,2011-12-16,44.0,False,66763.31,False
12174865,2011-12-16,7.0,False,3129.9,False
12174865,2011-12-16,3.0,False,6092.35,False
12174865,2011-12-16,8.0,True,19432.25,False
12174865,2011-12-16,59.0,False,36.06,False
12174865,2011-12-16,8.0,False,3756.93,False
12174865,2011-12-16,98.0,False,68421.28,False
12174865,2011-12-23,52.0,False,51064.44,False
12174865,2011-12-23,8.0,False,862.17,False
12174865,2011-12-23,23.0,True,61902.98,False
12174865,2011-12-23,92.0,True,2442.45,False
12174865,2011-12-23,23.0,True,5176.07,False
12174865,2011-12-23,5.0,False,15466.92,False
12174865,2011-12-23,58.0,False,14285.44,False
12174865,2011-12-23,35.0,False,27433.85,False
12174865,2011-12-23,55.0,False,1501.92,False
12174865,2011-12-23,18.0,True,489.98,False
12174865,2011-12-23,71.0,False,6079.27,False
12174865,2011-12-23,42.0,False,3265.38,False
12174865,2011-12-23,82.0,True,8989.88,False
12174865,2011-12-23,44.0,False,56103.39,False
12174865,2011-12-23,28.0,True,1100.45,False
12174865,2011-12-23,59.0,False,960.82,False
12174865,2011-12-23,7.0,True,-40.19,False
12174865,2011-12-23,49.0,False,38157.33,False
12174865,2011-12-23,4.0,True,1546.78,False
12174865,2011-12-23,81.0,True,17876.09,False
12174865,2011-12-23,2.0,False,12994.58,False
12174865,2011-12-23,16.0,False,18682.12,False
12174865,2011-12-23,16.0,False,2263.09,False
12174865,2011-12-23,18.0,False,6991.97,False
12174865,2011-12-23,41.0,False,1996.17,False
12174865,2011-12-23,79.0,True,13481.7,False
12174865,2011-12-23,9.0,False,8813.47,False
12174865,2011-12-23,19.0,False,24592.77,False
12174865,2011-12-23,59.0,False,15742.14,False
12174865,2011-12-23,55.0,True,6643.61,False
12174865,2011-12-23,28.0,False,244.25,False
12174865,2011-12-23,21.0,False,22687.87,False
12174865,2011-12-23,19.0,False,1718.2,False
12174865,2011-12-23,98.0,False,32973.92,False
12174865,2011-12-23,52.0,True,51479.66,False
12174865,2011-12-23,40.0,False,11602.75,False
12174865,2011-12-23,5.0,False,535.57,False
12174865,2011-12-23,14.0,False,6369.06,False
12174865,2011-12-23,3.0,True,54562.66,False
12174865,2011-12-23,9.0,False,18335.66,False
12174865,2011-12-23,98.0,False,22306.67,False
12174865,2011-12-23,7.0,False,43949.83,False
12174865,2011-12-23,13.0,False,931.32,False
12174865,2011-12-23,35.0,False,5646.7,False
12174865,2011-12-23,79.0,False,2974.09,False
12174865,2011-12-23,5.0,False,17446.94,False
12174865,2011-12-23,2.0,False,12192.91,False
12174865,2011-12-23,60.0,False,10243.72,False
12174865,2011-12-23,24.0,False,12820.4,False
12174865,2011-12-23,72.0,False,52835.53,False
12174865,2011-12-23,36.0,False,57072.22,False
12174865,2011-12-23,27.0,False,2359.92,False
12174865,2011-12-23,97.0,False,6200.5,False
12174865,2011-12-23,52.0,False,20149.59,False
12174865,2011-12-23,97.0,False,9741.31,False
12174865,2011-12-23,41.0,False,1383.3,False
12174865,2011-12-23,91.0,False,37841.03,False
12174865,2011-12-23,13.0,False,1105.96,False
12174865,2011-12-23,82.0,True,11002.4,False
12174865,2011-12-23,90.0,True,2837.93,False
12174865,2011-12-23,58.0,True,2856.05,False
12174865,2011-12-23,4.0,False,39273.74,False
12174865,2011-12-23,85.0,False,49595.58,False
12174865,2011-12-23,14.0,True,10837.97,False
12174865,2011-12-23,55.0,True,16494.0,False
12174865,2011-12-30,1.0,True,3008.98,False
12174865,2011-12-30,42.0,True,10547.27,False
12174865,2011-12-30,59.0,False,8534.06,False
12174865,2011-12-30,25.0,False,40314.52,False
12174865,2011-12-30,82.0,False,24848.15,False
12174865,2011-12-30,81.0,True,1553.17,False
12174865,2011-12-30,67.0,True,94.2,False
12174865,2011-12-30,35.0,True,19727.84,False
12174865,2011-12-30,10.0,True,-62.71,False
12174865,2011-12-30,80.0,True,1382.31,False
12174865,2011-12-30,31.0,True,7103.98,False
12174865,2011-12-30,34.0,False,23756.93,False
12174865,2011-12-30,34.0,True,-142.26,False
12174865,2011-12-30,24.0,False,2819.4,False
12174865,2011-12-30,92.0,True,2843.15,False
12174865,2011-12-30,22.0,True,3911.05,False
12174865,2011-12-30,12.0,True,17738.17,False
12174865,2011-12-30,3.0,True,4014.95,False
12174865,2011-12-30,7.0,True,18910.5,False
12174865,2011-12-30,92.0,True,9225.76,False
12174865,2011-12-30,4.0,False,-42.46,False
12174865,2011-12-30,52.0,False,2840.6,False
12174865,2011-12-30,40.0,True,7027.99,False
12174865,2011-12-30,59.0,True,1027.86,False
12174865,2011-12-30,5.0,False,12584.17,False
12174865,2011-12-30,5.0,True,2362.02,False
12174865,2011-12-30,82.0,True,14351.76,False
12174865,2011-12-30,83.0,False,12740.07,False
12174865,2011-12-30,91.0,True,10103.21,False
12174865,2011-12-30,5.0,False,2013.03,False
12174865,2011-12-30,6.0,False,29818.54,False
12174865,2011-12-30,28.0,False,4794.58,False
12174865,2011-12-30,59.0,False,3616.57,False
12174865,2011-12-30,24.0,False,-191.43,False
12174865,2011-12-30,44.0,True,5038.6,False
12174865,2011-12-30,98.0,True,14817.91,False
12396579,2011-12-02,91.0,False,5423.0,False
12396579,2011-12-02,81.0,False,4350.94,False
12396579,2011-12-02,7.0,False,28969.46,False
12396579,2011-12-02,32.0,False,1599.36,False
12396579,2011-12-02,52.0,False,4168.04,False
12396579,2011-12-02,31.0,False,7966.42,False
12396579,2011-12-02,28.0,False,805.71,False
12396579,2011-12-02,27.0,False,24968.6,False
12396579,2011-12-02,12.0,False,37546.41,False
12396579,2011-12-02,35.0,False,19107.24,False
12396579,2011-12-02,49.0,False,19335.57,False
12396579,2011-12-02,20.0,False,15766.51,False
12396579,2011-12-02,3.0,True,13380.0,False
12396579,2011-12-02,9.0,False,21106.91,False
12396579,2011-12-02,24.0,False,6331.76,False
12396579,2011-12-02,79.0,False,2459.16,False
12396579,2011-12-02,46.0,False,6580.04,False
12396579,2011-12-02,60.0,False,270.6,False
12396579,2011-12-02,67.0,False,22458.41,False
12396579,2011-12-02,95.0,False,15.79,False
12396579,2011-12-02,60.0,False,1344.89,False
12396579,2011-12-02,80.0,False,5774.29,False
12396579,2011-12-02,81.0,False,34339.59,False
12396579,2011-12-02,18.0,False,3899.45,False
12396579,2011-12-02,72.0,False,6142.75,False
12396579,2011-12-02,6.0,False,13300.4,False
12396579,2011-12-02,31.0,False,8898.93,False
12396579,2011-12-02,26.0,False,10885.57,False
12396579,2011-12-02,44.0,True,11390.68,False
12396579,2011-12-02,33.0,False,6260.94,False
12396579,2011-12-02,60.0,False,7637.85,False
12396579,2011-12-02,92.0,False,3566.09,False
12396579,2011-12-02,2.0,False,818.46,False
12396579,2011-12-02,44.0,False,15185.27,False
12396579,2011-12-02,11.0,False,6238.03,False
12396579,2011-12-02,9.0,True,660.47,False
12396579,2011-12-02,59.0,False,4676.05,False
12396579,2011-12-02,92.0,False,373.24,False
12396579,2011-12-02,14.0,False,18088.7,False
12396579,2011-12-02,42.0,False,9519.91,False
12396579,2011-12-02,91.0,False,447.86,False
12396579,2011-12-02,3.0,True,12135.04,False
12396579,2011-12-02,80.0,False,1324.53,False
12396579,2011-12-02,14.0,False,4356.14,False
12396579,2011-12-02,27.0,False,3637.0,False
12396579,2011-12-02,36.0,True,53.85,False
12396579,2011-12-02,27.0,False,24752.15,False
12396579,2011-12-02,79.0,False,4367.09,False
12396579,2011-12-02,48.0,False,4441.55,False
12396579,2011-12-02,26.0,False,339.58,False
12396579,2011-12-02,16.0,True,680.64,False
12396579,2011-12-02,21.0,False,3417.43,False
12396579,2011-12-02,29.0,False,23518.3,False
12396579,2011-12-02,30.0,False,2965.26,False
12396579,2011-12-02,83.0,False,5640.74,False
12396579,2011-12-02,60.0,False,3062.96,False
12396579,2011-12-02,42.0,False,-80.15,False
12396579,2011-12-02,42.0,False,21531.13,False
12396579,2011-12-02,20.0,False,10751.17,False
12396579,2011-12-02,85.0,False,5646.39,False
12396579,2011-12-02,18.0,False,261.78,False
12396579,2011-12-02,97.0,False,1417.02,False
12396579,2011-12-02,24.0,True,6150.15,False
12396579,2011-12-02,72.0,False,1197.04,False
12396579,2011-12-02,40.0,False,3476.9,False
12396579,2011-12-02,74.0,False,10413.24,False
12396579,2011-12-02,6.0,False,1821.34,False
12396579,2011-12-02,90.0,False,10846.15,False
12396579,2011-12-02,3.0,False,6476.48,False
12396579,2011-12-02,40.0,False,7751.78,False
12396579,2011-12-02,52.0,False,3569.01,False
12396579,2011-12-02,59.0,True,12867.62,False
12396579,2011-12-02,93.0,False,515.55,False
12396579,2011-12-02,22.0,False,4422.79,False
12396579,2011-12-02,28.0,False,13551.05,False
12396579,2011-12-02,10.0,False,17208.31,False
12396579,2011-12-02,38.0,False,13715.25,False
12396579,2011-12-02,14.0,False,13327.71,False
12396579,2011-12-02,42.0,False,10379.48,False
12396579,2011-12-02,19.0,False,506.41,False
12396579,2011-12-02,98.0,False,8167.3,False
12396579,2011-12-02,37.0,False,26353.57,False
12396579,2011-12-02,98.0,False,220.5,False
12396579,2011-12-02,81.0,False,3808.84,False
12396579,2011-12-02,17.0,False,10697.29,False
12396579,2011-12-02,54.0,False,2374.68,False
12396579,2011-12-02,96.0,False,-83.16,False
12396579,2011-12-02,33.0,False,780.27,False
12396579,2011-12-02,79.0,False,4800.13,False
12396579,2011-12-02,46.0,False,12781.21,False
12396579,2011-12-02,79.0,False,3703.86,False
12396579,2011-12-02,8.0,False,7635.63,False
12396579,2011-12-02,4.0,False,23090.75,False
12396579,2011-12-02,49.0,False,1700.72,False
12396579,2011-12-02,17.0,False,1931.56,False
12396579,2011-12-02,9.0,False,2972.76,False
12396579,2011-12-02,30.0,False,7844.6,False
12396579,2011-12-02,3.0,False,3392.47,False
12396579,2011-12-02,1.0,False,11934.33,False
12396579,2011-12-02,1.0,False,75306.83,False
12396579,2011-12-02,13.0,False,1.78,False
12396579,2011-12-02,26.0,True,13490.44,False
12396579,2011-12-02,56.0,False,1554.79,False
12396579,2011-12-02,38.0,False,-42.77,False
12396579,2011-12-02,21.0,False,171.12,False
12396579,2011-12-02,8.0,True,6471.89,False
12396579,2011-12-02,18.0,True,3674.59,False
12396579,2011-12-02,95.0,False,-71.56,False
12396579,2011-12-02,24.0,False,-51.82,False
12396579,2011-12-02,34.0,False,1376.04,False
12396579,2011-12-02,83.0,False,9462.72,False
12396579,2011-12-02,25.0,False,4824.52,False
12396579,2011-12-02,16.0,True,1216.92,False
12396579,2011-12-02,33.0,False,47.16,False
12396579,2011-12-02,14.0,False,47817.61,False
12396579,2011-12-02,85.0,False,-79.49,False
12396579,2011-12-02,92.0,False,8917.43,False
12396579,2011-12-02,60.0,False,2095.34,False
12396579,2011-12-02,23.0,False,261.64,False
12396579,2011-12-02,3.0,True,12067.85,False
12396579,2011-12-02,95.0,False,167.44,False
12396579,2011-12-02,79.0,False,21866.96,False
12396579,2011-12-02,96.0,False,2074.61,False
12396579,2011-12-02,6.0,False,26409.94,False
12396579,2011-12-02,91.0,False,13079.14,False
12396579,2011-12-02,31.0,False,289.6,False
12396579,2011-12-02,27.0,False,1451.32,False
12396579,2011-12-02,93.0,False,9880.33,False
12396579,2011-12-02,60.0,True,8030.89,False
12396579,2011-12-02,34.0,False,13317.61,False
12396579,2011-12-02,38.0,False,30385.77,False
12396579,2011-12-02,28.0,False,4680.55,False
12396579,2011-12-02,71.0,False,2173.16,False
12396579,2011-12-02,83.0,False,-45.54,False
12396579,2011-12-02,74.0,False,3632.01,False
12396579,2011-12-02,81.0,False,7320.82,False
12396579,2011-12-02,9.0,False,7758.76,False
12396579,2011-12-02,20.0,False,4329.93,False
12396579,2011-12-02,12.0,False,3954.03,False
12396579,2011-12-02,12.0,False,18701.32,False
12396579,2011-12-02,83.0,False,6989.52,False
12396579,2011-12-02,72.0,False,1840.69,False
12396579,2011-12-02,52.0,False,4469.54,False
12396579,2011-12-02,67.0,False,2012.33,False
12396579,2011-12-02,91.0,False,12869.26,False
12396579,2011-12-09,54.0,True,4911.45,False
12396579,2011-12-09,49.0,False,1976.39,False
12396579,2011-12-09,36.0,False,9616.99,False
12396579,2011-12-09,85.0,False,3132.93,False
12396579,2011-12-09,3.0,False,15901.08,False
12396579,2011-12-09,46.0,False,3544.13,False
12396579,2011-12-09,25.0,False,10965.66,False
12396579,2011-12-09,5.0,False,34404.84,False
12396579,2011-12-09,81.0,True,528.12,False
12396579,2011-12-09,82.0,True,10399.63,False
12396579,2011-12-09,40.0,False,768.55,False
12396579,2011-12-09,54.0,False,146.94,False
12396579,2011-12-09,9.0,False,10584.2,False
12396579,2011-12-09,13.0,False,7506.3,False
12396579,2011-12-09,28.0,False,1373.13,False
12396579,2011-12-09,74.0,True,2084.89,False
12396579,2011-12-09,72.0,False,2305.92,False
12396579,2011-12-09,8.0,False,5143.54,False
12396579,2011-12-09,90.0,False,527.93,False
12396579,2011-12-09,7.0,True,10818.7,False
12396579,2011-12-09,30.0,False,3713.42,False
12396579,2011-12-09,56.0,False,322.76,False
12396579,2011-12-09,41.0,False,7622.66,False
12396579,2011-12-09,48.0,False,732.12,False
12396579,2011-12-09,4.0,False,9119.36,False
12396579,2011-12-09,31.0,False,3949.28,False
12396579,2011-12-09,25.0,False,11106.48,False
12396579,2011-12-09,4.0,False,13815.48,False
12396579,2011-12-09,10.0,False,4488.21,False
12396579,2011-12-09,26.0,False,622.47,False
12396579,2011-12-09,72.0,False,871.62,False
12396579,2011-12-09,46.0,False,5823.89,False
12396579,2011-12-09,98.0,False,7726.26,False
12396579,2011-12-09,96.0,False,692.46,False
12396579,2011-12-09,87.0,True,379.9,False
12396579,2011-12-09,2.0,False,8336.23,False
12396579,2011-12-09,36.0,False,39751.56,False
12396579,2011-12-09,16.0,False,12428.16,False
12396579,2011-12-09,4.0,False,13499.87,False
12396579,2011-12-09,79.0,False,9239.61,False
12396579,2011-12-09,67.0,False,3169.95,False
12396579,2011-12-09,6.0,False,1239.59,False
12396579,2011-12-09,87.0,False,6088.92,False
12396579,2011-12-09,16.0,False,517.59,False
12396579,2011-12-09,18.0,False,18850.61,False
12396579,2011-12-09,41.0,False,2060.51,False
12396579,2011-12-09,35.0,True,673.68,False
12396579,2011-12-09,92.0,False,4475.71,False
12396579,2011-12-09,31.0,False,967.84,False
12396579,2011-12-09,72.0,False,8779.01,False
12396579,2011-12-09,35.0,False,7299.84,False
12396579,2011-12-09,27.0,False,4709.5,False
12396579,2011-12-09,54.0,False,9222.67,False
12396579,2011-12-09,12.0,False,7024.59,False
12396579,2011-12-09,38.0,False,19193.59,False
12396579,2011-12-09,33.0,False,12246.39,False
12396579,2011-12-09,59.0,False,14285.2,False
12396579,2011-12-09,60.0,False,-29.24,False
12396579,2011-12-09,42.0,True,1259.67,False
12396579,2011-12-09,46.0,False,2080.23,False
12396579,2011-12-09,19.0,True,3630.22,False
12396579,2011-12-09,49.0,False,14222.66,False
12396579,2011-12-09,35.0,False,11800.0,False
12396579,2011-12-09,17.0,False,20612.98,False
12396579,2011-12-09,21.0,False,609.04,False
12396579,2011-12-09,38.0,False,5282.58,False
12396579,2011-12-09,72.0,False,2749.68,False
12396579,2011-12-09,67.0,False,48487.46,False
12396579,2011-12-09,35.0,False,30856.29,False
12396579,2011-12-09,96.0,False,51.84,False
12396579,2011-12-09,42.0,True,7955.12,False
12396579,2011-12-09,7.0,False,24442.75,False
12396579,2011-12-09,87.0,True,907.83,False
12396579,2011-12-09,2.0,False,27805.83,False
12396579,2011-12-09,12.0,False,3227.86,False
12396579,2011-12-09,14.0,True,20403.86,False
12396579,2011-12-09,82.0,False,6.45,False
12396579,2011-12-09,60.0,False,4763.58,False
12396579,2011-12-09,83.0,False,3.72,False
12396579,2011-12-09,98.0,False,1165.23,False
12396579,2011-12-09,72.0,False,5112.79,False
12396579,2011-12-09,17.0,False,21630.14,False
12396579,2011-12-09,27.0,False,1872.84,False
12396579,2011-12-09,26.0,False,373.01,False
12396579,2011-12-16,41.0,False,11624.06,False
12396579,2011-12-16,91.0,True,3557.96,False
12396579,2011-12-16,6.0,False,66969.81,False
12396579,2011-12-16,1.0,False,3088.09,False
12396579,2011-12-16,22.0,False,4487.72,False
12396579,2011-12-16,90.0,False,4005.61,False
12396579,2011-12-16,98.0,True,2497.91,False
12396579,2011-12-16,21.0,False,16014.71,False
12396579,2011-12-16,41.0,False,5865.09,False
12396579,2011-12-16,72.0,True,6454.15,False
12396579,2011-12-16,87.0,False,517.53,False
12396579,2011-12-16,35.0,True,11696.58,False
12396579,2011-12-16,40.0,False,7840.45,False
12396579,2011-12-16,82.0,True,6041.23,False
12396579,2011-12-16,36.0,False,621.82,False
12396579,2011-12-16,42.0,False,440.72,False
12396579,2011-12-16,52.0,False,8924.93,False
12396579,2011-12-16,12.0,False,6701.49,False
12396579,2011-12-16,22.0,False,874.07,False
12396579,2011-12-16,30.0,False,5530.2,False
12396579,2011-12-16,22.0,False,1790.72,False
12396579,2011-12-16,23.0,True,2323.53,False
12396579,2011-12-16,44.0,False,2595.72,False
12396579,2011-12-16,3.0,True,182.55,False
12396579,2011-12-16,1.0,True,9251.55,False
12396579,2011-12-16,24.0,False,5856.31,False
12396579,2011-12-16,49.0,True,3077.86,False
12396579,2011-12-16,81.0,True,242.99,False
12396579,2011-12-16,28.0,False,15666.77,False
12396579,2011-12-16,23.0,True,-40.93,False
12396579,2011-12-16,29.0,False,6500.13,False
12396579,2011-12-16,74.0,True,9.9,False
12396579,2011-12-16,82.0,False,22600.3,False
12396579,2011-12-16,80.0,False,524.97,False
12396579,2011-12-16,56.0,False,1338.48,False
12396579,2011-12-16,55.0,True,22335.3,False
12396579,2011-12-16,92.0,False,29.27,False
12396579,2011-12-16,33.0,False,1752.7,False
12396579,2011-12-16,29.0,False,6773.04,False
12396579,2011-12-16,59.0,False,1925.19,False
12396579,2011-12-16,28.0,False,37151.44,False
12396579,2011-12-16,26.0,False,1002.5,False
12396579,2011-12-16,27.0,False,33249.67,False
12396579,2011-12-16,28.0,True,647.32,False
12396579,2011-12-16,82.0,False,1391.01,False
12396579,2011-12-16,40.0,False,8636.8,False
12396579,2011-12-16,81.0,True,287.27,False
12396579,2011-12-16,36.0,False,32101.52,False
12396579,2011-12-16,8.0,False,2022.88,False
12396579,2011-12-16,20.0,False,17216.51,False
12396579,2011-12-16,93.0,False,269.3,False
12396579,2011-12-16,7.0,False,15833.91,False
12396579,2011-12-16,79.0,False,11674.65,False
12396579,2011-12-16,35.0,False,-33.88,False
12396579,2011-12-16,35.0,False,51.95,False
12396579,2011-12-16,18.0,False,25478.08,False
12396579,2011-12-16,27.0,True,18829.22,False
12396579,2011-12-16,59.0,False,832.49,False
12396579,2011-12-16,60.0,True,9357.0,False
12396579,2011-12-16,72.0,True,3872.63,False
12396579,2011-12-16,6.0,False,24529.21,False
12396579,2011-12-16,1.0,False,54308.11,False
12396579,2011-12-16,67.0,True,3755.68,False
12396579,2011-12-16,37.0,False,16039.1,False
12396579,2011-12-16,30.0,False,16311.04,False
12396579,2011-12-16,16.0,True,6992.31,False
12396579,2011-12-16,81.0,False,8299.59,False
12396579,2011-12-16,83.0,False,1412.73,False
12396579,2011-12-16,29.0,False,7795.2,False
12396579,2011-12-16,46.0,False,1222.11,False
12396579,2011-12-16,67.0,False,461.97,False
12396579,2011-12-16,13.0,False,22492.68,False
12396579,2011-12-16,95.0,True,272.51,False
12396579,2011-12-16,71.0,False,553.61,False
12396579,2011-12-16,7.0,False,6962.26,False
12396579,2011-12-16,44.0,True,2614.82,False
12396579,2011-12-16,79.0,False,2283.42,False
12396579,2011-12-16,90.0,False,15092.1,False
12396579,2011-12-16,59.0,False,712.35,False
12396579,2011-12-16,17.0,False,5479.53,False
12396579,2011-12-16,12.0,False,10801.66,False
12396579,2011-12-16,94.0,False,-80.8,False
12396579,2011-12-23,23.0,True,12863.91,False
12396579,2011-12-23,55.0,True,2964.16,False
12396579,2011-12-23,79.0,True,9185.46,False
12396579,2011-12-23,91.0,True,10629.32,False
12396579,2011-12-23,38.0,True,6434.1,False
12396579,2011-12-23,37.0,True,8639.75,False
12396579,2011-12-23,19.0,False,27895.78,False
12396579,2011-12-23,3.0,False,9582.93,False
12396579,2011-12-23,79.0,True,3241.72,False
12396579,2011-12-23,3.0,False,248.35,False
12396579,2011-12-23,46.0,True,7236.2,False
12396579,2011-12-23,55.0,False,8539.41,False
12396579,2011-12-23,85.0,False,1598.73,False
12396579,2011-12-23,29.0,True,7903.54,False
12396579,2011-12-23,18.0,True,46554.0,False
12396579,2011-12-23,19.0,False,8448.3,False
12396579,2011-12-23,13.0,False,1583.73,False
12396579,2011-12-23,25.0,False,8938.55,False
12396579,2011-12-23,98.0,False,12196.21,False
12396579,2011-12-23,56.0,True,1582.61,False
12396579,2011-12-23,21.0,True,1500.68,False
12396579,2011-12-23,60.0,True,13201.94,False
12396579,2011-12-23,94.0,True,724.69,False
12396579,2011-12-23,36.0,True,4338.42,False
12396579,2011-12-23,21.0,True,14921.34,False
12396579,2011-12-23,30.0,False,13076.52,False
12396579,2011-12-23,96.0,True,4402.43,False
12396579,2011-12-23,29.0,True,22701.13,False
12396579,2011-12-23,23.0,False,554.51,False
12396579,2011-12-23,7.0,True,2172.11,False
12396579,2011-12-23,55.0,False,20428.67,False
12396579,2011-12-23,31.0,True,15955.6,False
12396579,2011-12-23,21.0,False,9542.36,False
12396579,2011-12-23,82.0,False,5012.04,False
12396579,2011-12-23,92.0,False,7854.71,False
12396579,2011-12-23,19.0,True,7033.75,False
12396579,2011-12-23,94.0,False,9928.19,False
12396579,2011-12-23,23.0,True,888.51,False
12396579,2011-12-23,95.0,True,511.86,False
12396579,2011-12-23,74.0,True,-62.56,False
12396579,2011-12-23,72.0,False,11248.31,False
12396579,2011-12-23,87.0,True,905.56,False
12396579,2011-12-23,92.0,True,396.62,False
12396579,2011-12-23,98.0,False,1252.56,False
12396579,2011-12-23,59.0,True,213.35,False
12396579,2011-12-23,54.0,False,18098.5,False
12396579,2011-12-23,74.0,True,442.44,False
12396579,2011-12-23,74.0,True,13899.59,False
12396579,2011-12-23,18.0,False,15364.65,False
12396579,2011-12-23,28.0,True,21024.93,False
12396579,2011-12-23,2.0,True,4491.62,False
12396579,2011-12-23,81.0,False,434.99,False
12396579,2011-12-23,19.0,False,12274.56,False
12396579,2011-12-23,26.0,True,3646.82,False
12396579,2011-12-23,60.0,True,5033.8,False
12396579,2011-12-23,52.0,False,-11.02,False
12396579,2011-12-23,94.0,False,3846.27,False
12396579,2011-12-23,37.0,False,4776.4,False
12396579,2011-12-23,56.0,False,22441.56,False
12396579,2011-12-23,94.0,False,1685.91,False
12396579,2011-12-30,94.0,False,,True
12478429,2011-12-02,36.0,False,336.51,False
12478429,2011-12-02,98.0,False,1690.11,False
12478429,2011-12-02,32.0,False,17531.07,False
12478429,2011-12-02,5.0,False,4590.3,False
12478429,2011-12-02,56.0,False,2102.64,False
12478429,2011-12-02,97.0,False,17448.0,False
12478429,2011-12-02,7.0,False,24153.67,False
12478429,2011-12-02,8.0,False,10060.9,False
12478429,2011-12-02,95.0,False,3264.55,False
12478429,2011-12-02,7.0,False,2003.45,False
12478429,2011-12-02,52.0,False,349.05,False
12478429,2011-12-02,55.0,False,1750.1,False
12478429,2011-12-02,36.0,False,3839.08,False
12478429,2011-12-02,29.0,False,12012.73,False
12478429,2011-12-02,16.0,False,4182.43,False
12478429,2011-12-02,34.0,False,9798.47,False
12478429,2011-12-02,42.0,False,3346.79,False
12478429,2011-12-02,77.0,False,19432.32,False
12478429,2011-12-02,77.0,False,-174.2,False
12478429,2011-12-02,2.0,False,421.93,False
12478429,2011-12-02,36.0,False,1154.88,False
12478429,2011-12-02,90.0,False,4751.04,False
12478429,2011-12-02,97.0,False,69.89,False
12478429,2011-12-02,52.0,False,11257.58,False
12478429,2011-12-02,74.0,False,23249.71,False
12478429,2011-12-02,98.0,False,1106.57,False
12478429,2011-12-02,79.0,False,2482.3,False
12478429,2011-12-02,60.0,False,5996.15,False
12478429,2011-12-02,85.0,False,1995.55,False
12478429,2011-12-02,36.0,False,777.23,False
12478429,2011-12-02,32.0,False,16757.0,False
12478429,2011-12-02,94.0,True,27493.16,False
12478429,2011-12-02,47.0,False,6944.17,False
12478429,2011-12-02,21.0,False,24921.55,False
12478429,2011-12-02,80.0,True,21476.94,False
12478429,2011-12-02,23.0,False,1594.15,False
12478429,2011-12-02,46.0,False,2447.6,False
12478429,2011-12-02,59.0,False,3980.35,False
12478429,2011-12-02,8.0,False,3411.05,False
12478429,2011-12-02,19.0,False,336.87,False
12478429,2011-12-02,74.0,False,1458.82,False
12478429,2011-12-02,59.0,False,2376.79,False
12478429,2011-12-02,91.0,False,9881.02,False
12478429,2011-12-02,71.0,True,38624.16,False
12478429,2011-12-02,98.0,False,10663.84,False
12478429,2011-12-02,38.0,False,4800.98,False
12478429,2011-12-02,52.0,False,1721.93,False
12478429,2011-12-02,28.0,False,31410.41,False
12478429,2011-12-02,27.0,True,6493.5,False
12478429,2011-12-02,36.0,False,633.59,False
12478429,2011-12-02,24.0,True,4679.99,False
12478429,2011-12-02,48.0,False,28221.04,False
12478429,2011-12-02,92.0,False,272.35,False
12478429,2011-12-02,14.0,False,189.41,False
12478429,2011-12-02,98.0,False,183.02,False
12478429,2011-12-02,94.0,False,9976.0,False
12478429,2011-12-02,98.0,False,104.68,False
12478429,2011-12-02,82.0,False,6351.28,False
12478429,2011-12-02,54.0,False,1359.66,False
12478429,2011-12-02,93.0,False,-225.56,False
12478429,2011-12-02,42.0,False,1439.57,False
12478429,2011-12-02,96.0,False,19108.88,False
12478429,2011-12-02,25.0,False,4706.11,False
12478429,2011-12-02,30.0,False,24636.47,False
12478429,2011-12-02,21.0,False,6897.81,False
12478429,2011-12-02,21.0,False,8622.42,False
12478429,2011-12-02,20.0,False,-241.01,False
12478429,2011-12-02,22.0,False,5372.81,False
12478429,2011-12-02,85.0,False,4339.98,False
12478429,2011-12-02,74.0,False,20100.28,False
12478429,2011-12-02,1.0,False,60760.47,False
12478429,2011-12-02,45.0,False,65158.18,False
12478429,2011-12-02,87.0,False,50134.32,False
12478429,2011-12-02,40.0,False,10954.48,False
12478429,2011-12-02,87.0,False,31964.15,False
12478429,2011-12-02,83.0,False,5364.96,False
12478429,2011-12-02,18.0,False,44391.99,False
12478429,2011-12-02,98.0,False,15904.85,False
12478429,2011-12-02,97.0,False,11323.56,False
12478429,2011-12-02,26.0,True,14570.66,False
12478429,2011-12-02,4.0,False,4381.04,False
12478429,2011-12-02,23.0,False,647.68,False
12478429,2011-12-02,13.0,False,36786.02,False
12478429,2011-12-02,59.0,False,-127.92,False
12478429,2011-12-02,7.0,False,1267.24,False
12478429,2011-12-02,42.0,True,53697.21,False
12478429,2011-12-02,97.0,False,14975.88,False
12478429,2011-12-02,34.0,True,3579.35,False
12478429,2011-12-02,22.0,False,56.26,False
12478429,2011-12-02,2.0,False,18834.38,False
12478429,2011-12-02,98.0,False,9854.25,False
12478429,2011-12-02,59.0,False,14047.48,False
12478429,2011-12-02,92.0,False,15573.73,False
12478429,2011-12-02,95.0,False,75.13,False
12478429,2011-12-02,22.0,False,8080.95,False
12478429,2011-12-02,21.0,False,73.72,False
12478429,2011-12-02,34.0,True,1709.06,False
12478429,2011-12-02,79.0,False,2462.44,False
12478429,2011-12-02,71.0,False,17471.92,False
12478429,2011-12-02,16.0,False,18698.68,False
12478429,2011-12-02,54.0,False,32219.26,False
12478429,2011-12-02,52.0,False,4209.06,False
12478429,2011-12-02,81.0,False,3314.89,False
12478429,2011-12-02,17.0,False,426.43,False
12478429,2011-12-02,31.0,False,728.45,False
12478429,2011-12-09,91.0,False,31172.78,False
12478429,2011-12-09,96.0,False,20106.26,False
12478429,2011-12-09,95.0,True,11986.32,False
12478429,2011-12-09,38.0,False,45098.03,False
12478429,2011-12-09,35.0,False,5579.09,False
12478429,2011-12-09,17.0,True,23026.54,False
12478429,2011-12-09,11.0,False,14872.21,False
12478429,2011-12-09,95.0,False,-196.06,False
12478429,2011-12-09,58.0,False,41117.58,False
12478429,2011-12-09,98.0,True,11676.19,False
12478429,2011-12-09,49.0,False,22578.54,False
12478429,2011-12-09,90.0,True,1048.67,False
12478429,2011-12-09,48.0,False,6372.01,False
12478429,2011-12-09,13.0,False,12482.02,False
12478429,2011-12-09,92.0,False,10103.31,False
12478429,2011-12-09,82.0,False,6860.94,False
12478429,2011-12-09,36.0,True,6646.2,False
12478429,2011-12-09,97.0,False,1152.87,False
12478429,2011-12-09,94.0,True,2465.74,False
12478429,2011-12-09,26.0,False,1534.74,False
12478429,2011-12-09,98.0,False,3543.27,False
12478429,2011-12-09,80.0,False,4019.83,False
12478429,2011-12-09,94.0,True,1148.44,False
12478429,2011-12-09,80.0,False,22734.94,False
12478429,2011-12-09,58.0,False,4006.02,False
12478429,2011-12-09,25.0,False,8583.03,False
12478429,2011-12-09,54.0,True,5021.06,False
12478429,2011-12-09,90.0,False,226.09,False
12478429,2011-12-09,67.0,False,1348.33,False
12478429,2011-12-09,55.0,False,704.27,False
12478429,2011-12-09,83.0,False,10415.56,False
12478429,2011-12-09,95.0,False,10264.13,False
12478429,2011-12-09,87.0,True,-67.73,False
12478429,2011-12-09,27.0,False,5081.58,False
12478429,2011-12-09,95.0,False,17241.7,False
12478429,2011-12-09,80.0,True,2394.72,False
12478429,2011-12-09,11.0,False,47602.86,False
12478429,2011-12-09,91.0,True,8281.88,False
12478429,2011-12-09,2.0,False,5110.38,False
12478429,2011-12-09,72.0,False,2875.86,False
12478429,2011-12-09,17.0,False,3825.36,False
12478429,2011-12-09,17.0,False,2844.88,False
12478429,2011-12-09,38.0,False,85.3,False
12478429,2011-12-09,98.0,False,24631.58,False
12478429,2011-12-09,26.0,False,1612.04,False
12478429,2011-12-09,55.0,False,5116.39,False
12478429,2011-12-09,54.0,True,15710.6,False
12478429,2011-12-09,25.0,False,8650.58,False
12478429,2011-12-09,97.0,False,54935.16,False
12478429,2011-12-09,32.0,False,4837.31,False
12478429,2011-12-09,93.0,False,642.13,False
12478429,2011-12-09,28.0,False,4763.0,False
12478429,2011-12-09,92.0,False,97.89,False
12478429,2011-12-09,8.0,False,7119.87,False
12478429,2011-12-09,47.0,False,19017.81,False
12478429,2011-12-09,71.0,False,20813.32,False
12478429,2011-12-09,49.0,False,1916.98,False
12478429,2011-12-09,11.0,False,5445.18,False
12478429,2011-12-09,90.0,False,20155.55,False
12478429,2011-12-09,27.0,False,3081.6,False
12478429,2011-12-09,83.0,False,1432.53,False
12478429,2011-12-09,34.0,False,557.74,False
12478429,2011-12-09,41.0,False,8675.66,False
12478429,2011-12-09,4.0,False,4971.56,False
12478429,2011-12-09,18.0,False,-256.13,False
12478429,2011-12-09,58.0,False,11466.99,False
12478429,2011-12-09,23.0,True,1168.79,False
12478429,2011-12-09,72.0,False,14095.37,False
12478429,2011-12-09,42.0,False,2060.56,False
12478429,2011-12-09,97.0,False,19389.65,False
12478429,2011-12-09,24.0,False,6800.6,False
12478429,2011-12-09,98.0,False,7231.24,False
12478429,2011-12-09,14.0,False,14752.54,False
12478429,2011-12-09,96.0,False,33385.76,False
12478429,2011-12-09,67.0,False,7125.39,False
12478429,2011-12-09,8.0,False,8927.16,False
12478429,2011-12-09,67.0,False,10048.25,False
12478429,2011-12-16,9.0,False,13685.1,False
12478429,2011-12-16,81.0,False,850.7,False
12478429,2011-12-16,11.0,False,29656.82,False
12478429,2011-12-16,5.0,False,221.4,False
12478429,2011-12-16,30.0,False,5390.37,False
12478429,2011-12-16,93.0,False,2254.12,False
12478429,2011-12-16,93.0,False,2321.81,False
12478429,2011-12-16,82.0,False,1076.31,False
12478429,2011-12-16,13.0,False,9172.54,False
12478429,2011-12-16,3.0,False,7453.47,False
12478429,2011-12-16,79.0,True,6122.0,False
12478429,2011-12-16,92.0,False,2719.81,False
12478429,2011-12-16,28.0,False,35334.65,False
12478429,2011-12-16,98.0,False,-24.99,False
12478429,2011-12-16,27.0,False,3590.21,False
12478429,2011-12-16,98.0,False,8683.94,False
12478429,2011-12-16,49.0,True,297.92,False
12478429,2011-12-16,46.0,False,8068.5,False
12478429,2011-12-16,41.0,False,4811.47,False
12478429,2011-12-16,94.0,False,7521.12,False
12478429,2011-12-16,35.0,True,873.92,False
12478429,2011-12-16,87.0,False,26707.49,False
12478429,2011-12-16,94.0,False,4291.44,False
12478429,2011-12-16,16.0,False,10129.01,False
12478429,2011-12-16,46.0,False,25366.27,False
12478429,2011-12-16,83.0,True,14944.48,False
12478429,2011-12-16,55.0,False,16869.65,False
12478429,2011-12-16,23.0,False,4919.86,False
12478429,2011-12-16,2.0,False,62826.74,False
12478429,2011-12-16,95.0,False,12326.4,False
12478429,2011-12-16,91.0,False,368.94,False
12478429,2011-12-16,26.0,True,8153.66,False
12478429,2011-12-16,92.0,False,11560.08,False
12478429,2011-12-16,42.0,False,259.22,False
12478429,2011-12-16,29.0,False,17276.93,False
12478429,2011-12-16,52.0,True,20845.97,False
12478429,2011-12-16,36.0,False,29433.45,False
12478429,2011-12-16,35.0,True,1910.37,False
12478429,2011-12-16,29.0,False,34629.62,False
12478429,2011-12-16,9.0,False,-17.96,False
12478429,2011-12-16,37.0,True,32262.64,False
12478429,2011-12-16,14.0,True,11342.56,False
12478429,2011-12-16,60.0,False,26688.28,False
12478429,2011-12-16,42.0,False,4694.09,False
12478429,2011-12-16,29.0,True,3308.43,False
12478429,2011-12-16,55.0,True,2270.58,False
12478429,2011-12-16,95.0,False,3373.83,False
12478429,2011-12-16,44.0,False,19644.24,False
12478429,2011-12-16,91.0,False,11682.99,False
12478429,2011-12-16,24.0,False,14898.59,False
12478429,2011-12-16,85.0,False,1140.58,False
12478429,2011-12-16,91.0,False,4922.45,False
12478429,2011-12-16,5.0,False,29866.15,False
12478429,2011-12-16,79.0,False,18410.43,False
12478429,2011-12-16,55.0,False,50007.9,False
12478429,2011-12-16,18.0,False,1054.98,False
12478429,2011-12-16,59.0,True,3405.51,False
12478429,2011-12-16,97.0,False,4686.02,False
12478429,2011-12-16,27.0,False,44772.91,False
12478429,2011-12-16,72.0,False,1636.21,False
12478429,2011-12-16,3.0,False,7027.14,False
12478429,2011-12-16,72.0,False,25231.55,False
12478429,2011-12-16,95.0,False,13481.82,False
12478429,2011-12-16,13.0,False,4487.5,False
12478429,2011-12-16,59.0,False,8209.28,False
12478429,2011-12-16,12.0,False,5150.3,False
12478429,2011-12-16,94.0,True,19.55,False
12478429,2011-12-16,24.0,False,494.16,False
12478429,2011-12-16,49.0,True,-246.27,False
12478429,2011-12-16,71.0,False,10106.57,False
12478429,2011-12-16,93.0,False,-19.85,False
12478429,2011-12-16,7.0,False,12034.54,False
12478429,2011-12-16,28.0,False,11423.07,False
12478429,2011-12-16,91.0,False,2934.71,False
12478429,2011-12-16,94.0,False,36365.11,False
12478429,2011-12-16,93.0,False,5082.26,False
12478429,2011-12-23,29.0,True,4893.86,False
12478429,2011-12-23,52.0,True,890.53,False
12478429,2011-12-23,22.0,False,10770.21,False
12478429,2011-12-23,9.0,True,8383.8,False
12478429,2011-12-23,5.0,False,1004.06,False
12478429,2011-12-23,18.0,False,12723.21,False
12478429,2011-12-23,35.0,True,4537.08,False
12478429,2011-12-23,8.0,False,1865.39,False
12478429,2011-12-23,40.0,True,5830.05,False
12478429,2011-12-23,26.0,False,2050.9,False
12478429,2011-12-23,46.0,False,4656.7,False
12478429,2011-12-23,96.0,True,3631.18,False
12478429,2011-12-23,56.0,False,69568.3,False
12478429,2011-12-23,71.0,True,11270.59,False
12478429,2011-12-23,24.0,True,1007.38,False
12478429,2011-12-23,40.0,False,40591.8,False
12478429,2011-12-23,94.0,False,9965.08,False
12478429,2011-12-23,38.0,True,10314.12,False
12478429,2011-12-23,94.0,True,15601.24,False
12478429,2011-12-23,17.0,True,10003.76,False
12478429,2011-12-23,54.0,True,5696.57,False
12478429,2011-12-23,85.0,True,-13.73,False
12478429,2011-12-23,16.0,True,1493.44,False
12478429,2011-12-23,90.0,True,13419.01,False
12478429,2011-12-23,30.0,False,8556.05,False
12478429,2011-12-23,5.0,False,9620.43,False
12478429,2011-12-23,87.0,False,17286.16,False
12478429,2011-12-23,2.0,True,12732.68,False
12478429,2011-12-23,74.0,False,344.45,False
12478429,2011-12-23,17.0,False,4440.26,False
12478429,2011-12-23,81.0,False,54789.32,False
12478429,2011-12-23,21.0,True,9558.73,False
12478429,2011-12-23,67.0,True,3738.68,False
12478429,2011-12-23,21.0,True,330.1,False
12478429,2011-12-23,32.0,False,11442.96,False
12478429,2011-12-23,92.0,False,669.22,False
12478429,2011-12-23,67.0,True,4245.13,False
12478429,2011-12-23,10.0,True,8556.87,False
12478429,2011-12-23,98.0,True,3849.09,False
12478429,2011-12-23,92.0,False,1121.23,False
12478429,2011-12-23,32.0,False,198.14,False
12478429,2011-12-23,83.0,False,2856.24,False
12478429,2011-12-23,96.0,False,105.92,False
12478429,2011-12-23,83.0,False,8125.86,False
12478429,2011-12-23,56.0,False,11796.16,False
12478429,2011-12-23,49.0,False,21110.82,False
12478429,2011-12-23,17.0,False,-132.39,False
12478429,2011-12-23,24.0,False,2029.97,False
12478429,2011-12-23,98.0,False,9248.44,False
12478429,2011-12-23,23.0,False,-34.13,False
12478429,2011-12-23,1.0,False,25069.77,False
12478429,2011-12-23,8.0,True,3138.91,False
12478429,2011-12-23,97.0,False,42680.26,False
12478429,2011-12-23,79.0,False,2294.59,False
12478429,2011-12-23,41.0,False,8355.05,False
12478429,2011-12-23,17.0,False,8130.49,False
12478429,2011-12-23,95.0,True,1584.48,False
12478429,2011-12-23,94.0,True,2458.68,False
12478429,2011-12-23,91.0,False,71430.85,False
12478429,2011-12-23,87.0,True,831.51,False
12478429,2011-12-23,46.0,True,2759.98,False
12478429,2011-12-23,98.0,True,2959.43,False
12478429,2011-12-23,98.0,True,19082.32,False
12478429,2011-12-23,93.0,False,12998.77,False
12478429,2011-12-23,48.0,True,17443.0,False
12478429,2011-12-23,37.0,True,-149.63,False
12478429,2011-12-23,10.0,False,2174.53,False
12478429,2011-12-23,38.0,False,-141.04,False
12478429,2011-12-23,31.0,False,11900.29,False
12478429,2011-12-23,16.0,True,6941.86,False
12478429,2011-12-23,18.0,False,914.96,False
12478429,2011-12-23,41.0,False,8305.64,False
12478429,2011-12-23,91.0,True,-28.88,False
12478429,2011-12-23,16.0,True,1566.34,False
12478429,2011-12-23,90.0,True,32744.22,False
12478429,2011-12-30,90.0,True,,True
13237662,2011-12-02,47.0,False,2326.09,False
13237662,2011-12-02,71.0,False,477.06,False
13237662,2011-12-02,32.0,False,15648.52,False
13237662,2011-12-02,97.0,False,12952.15,False
13237662,2011-12-02,98.0,False,-120.0,False
13237662,2011-12-02,35.0,False,1934.24,False
13237662,2011-12-02,7.0,False,20837.6,False
13237662,2011-12-02,36.0,False,140.7,False
13237662,2011-12-02,1.0,False,31374.64,False
13237662,2011-12-02,38.0,False,16172.54,False
13237662,2011-12-02,9.0,False,17120.8,False
13237662,2011-12-02,22.0,False,15903.26,False
13237662,2011-12-02,58.0,False,1674.84,False
13237662,2011-12-02,97.0,False,5348.44,False
13237662,2011-12-02,58.0,False,3552.39,False
13237662,2011-12-02,95.0,False,2135.85,False
13237662,2011-12-02,52.0,False,5456.65,False
13237662,2011-12-02,12.0,False,2855.6,False
13237662,2011-12-02,80.0,False,31821.06,False
13237662,2011-12-02,23.0,False,8325.14,False
13237662,2011-12-02,11.0,False,2878.43,False
13237662,2011-12-02,79.0,False,9962.52,False
13237662,2011-12-02,77.0,False,534.92,False
13237662,2011-12-02,42.0,False,2337.05,False
13237662,2011-12-02,60.0,False,8752.9,False
13237662,2011-12-02,6.0,False,2753.39,False
13237662,2011-12-02,23.0,False,11378.23,False
13237662,2011-12-02,36.0,False,3316.04,False
13237662,2011-12-02,13.0,False,62049.11,False
13237662,2011-12-02,31.0,False,353.78,False
13237662,2011-12-02,82.0,False,160.35,False
13237662,2011-12-02,95.0,False,13750.89,False
13237662,2011-12-02,11.0,False,5079.04,False
13237662,2011-12-02,87.0,False,5295.61,False
13237662,2011-12-02,29.0,False,10613.48,False
13237662,2011-12-02,1.0,False,3532.84,False
13237662,2011-12-02,49.0,False,2297.97,False
13237662,2011-12-02,80.0,False,29846.43,False
13237662,2011-12-02,47.0,False,23612.43,False
13237662,2011-12-02,60.0,False,63665.7,False
13237662,2011-12-02,83.0,False,1091.04,False
13237662,2011-12-02,18.0,False,11830.61,False
13237662,2011-12-02,28.0,False,9086.87,False
13237662,2011-12-02,48.0,False,6833.5,False
13237662,2011-12-02,46.0,False,42441.3,False
13237662,2011-12-02,19.0,False,14642.62,False
13237662,2011-12-02,33.0,False,173.39,False
13237662,2011-12-02,72.0,False,30651.34,False
13237662,2011-12-02,33.0,False,2857.4,False
13237662,2011-12-02,81.0,False,702.05,False
13237662,2011-12-02,26.0,False,17779.57,False
13237662,2011-12-02,59.0,False,22498.51,False
13237662,2011-12-02,3.0,False,28100.86,False
13237662,2011-12-02,48.0,False,9072.85,False
13237662,2011-12-02,46.0,False,506.83,False
13237662,2011-12-02,80.0,False,12284.84,False
13237662,2011-12-02,11.0,False,8.4,False
13237662,2011-12-02,14.0,False,5806.61,False
13237662,2011-12-02,92.0,False,6312.13,False
13237662,2011-12-02,6.0,False,2528.08,False
13237662,2011-12-02,95.0,False,2681.93,False
13237662,2011-12-09,34.0,False,4095.04,False
13237662,2011-12-09,8.0,True,25136.9,False
13237662,2011-12-09,8.0,False,8029.65,False
13237662,2011-12-09,5.0,False,34287.27,False
13237662,2011-12-09,94.0,False,731.17,False
13237662,2011-12-09,24.0,True,-25.53,False
13237662,2011-12-09,19.0,False,7160.43,False
13237662,2011-12-09,7.0,False,4785.15,False
13237662,2011-12-09,27.0,False,38442.29,False
13237662,2011-12-09,93.0,False,13471.95,False
13237662,2011-12-09,9.0,False,4824.73,False
13237662,2011-12-09,49.0,False,7498.86,False
13237662,2011-12-09,33.0,False,6374.83,False
13237662,2011-12-09,13.0,False,1706.68,False
13237662,2011-12-09,33.0,False,1998.18,False
13237662,2011-12-09,28.0,False,2201.75,False
13237662,2011-12-09,16.0,False,43626.1,False
13237662,2011-12-09,74.0,True,13596.13,False
13237662,2011-12-09,79.0,False,66.48,False
13237662,2011-12-09,18.0,False,12773.83,False
13237662,2011-12-09,82.0,False,26814.28,False
13237662,2011-12-09,13.0,False,4220.85,False
13237662,2011-12-09,12.0,False,10.78,False
13237662,2011-12-09,40.0,False,455.24,False
13237662,2011-12-09,29.0,False,20563.62,False
13237662,2011-12-09,5.0,False,27901.25,False
13237662,2011-12-09,11.0,False,4356.43,False
13237662,2011-12-09,72.0,False,466.55,False
13237662,2011-12-09,91.0,False,8173.4,False
13237662,2011-12-09,6.0,False,19029.82,False
13237662,2011-12-09,98.0,False,-116.63,False
13237662,2011-12-09,93.0,False,5357.33,False
13237662,2011-12-09,94.0,False,10229.17,False
13237662,2011-12-09,59.0,False,11033.13,False
13237662,2011-12-09,35.0,False,2303.51,False
13237662,2011-12-09,49.0,False,220.75,False
13237662,2011-12-09,40.0,False,62529.78,False
13237662,2011-12-09,20.0,False,8325.18,False
13237662,2011-12-09,8.0,False,433.86,False
13237662,2011-12-09,28.0,False,1468.54,False
13237662,2011-12-09,3.0,False,11216.91,False
13237662,2011-12-09,82.0,False,1358.38,False
13237662,2011-12-09,32.0,False,1154.19,False
13237662,2011-12-09,24.0,False,5725.34,False
13237662,2011-12-09,14.0,False,8328.6,False
13237662,2011-12-09,55.0,False,28532.89,False
13237662,2011-12-09,94.0,False,3217.22,False
13237662,2011-12-09,79.0,False,8103.0,False
13237662,2011-12-09,36.0,False,17590.69,False
13237662,2011-12-09,90.0,False,40335.51,False
13237662,2011-12-09,60.0,False,3074.72,False
13237662,2011-12-09,40.0,False,1955.71,False
13237662,2011-12-09,52.0,False,3870.3,False
13237662,2011-12-09,87.0,False,1501.12,False
13237662,2011-12-09,30.0,False,7600.1,False
13237662,2011-12-09,58.0,False,7361.15,False
13237662,2011-12-09,6.0,False,52599.18,False
13237662,2011-12-09,90.0,False,8645.51,False
13237662,2011-12-09,98.0,False,22333.25,False
13237662,2011-12-09,16.0,False,32682.42,False
13237662,2011-12-09,81.0,False,2706.83,False
13237662,2011-12-09,17.0,False,5904.08,False
13237662,2011-12-09,85.0,False,21392.76,False
13237662,2011-12-09,20.0,False,447.78,False
13237662,2011-12-09,22.0,False,11257.27,False
13237662,2011-12-16,93.0,False,5232.37,False
13237662,2011-12-16,27.0,False,13900.77,False
13237662,2011-12-16,27.0,True,7390.42,False
13237662,2011-12-16,91.0,False,924.61,False
13237662,2011-12-16,20.0,False,7000.75,False
13237662,2011-12-16,40.0,False,2790.22,False
13237662,2011-12-16,56.0,False,3396.86,False
13237662,2011-12-16,33.0,False,25328.26,False
13237662,2011-12-16,19.0,True,14069.06,False
13237662,2011-12-16,60.0,False,5726.04,False
13237662,2011-12-16,44.0,False,1455.83,False
13237662,2011-12-16,27.0,False,14279.34,False
13237662,2011-12-16,79.0,True,13201.97,False
13237662,2011-12-16,83.0,False,3934.92,False
13237662,2011-12-16,42.0,True,2956.85,False
13237662,2011-12-16,83.0,False,-94.26,False
13237662,2011-12-16,60.0,False,12692.04,False
13237662,2011-12-16,40.0,False,3042.46,False
13237662,2011-12-16,8.0,False,1625.73,False
13237662,2011-12-16,22.0,False,5748.72,False
13237662,2011-12-16,92.0,False,5529.48,False
13237662,2011-12-16,4.0,False,70354.3,False
13237662,2011-12-16,7.0,False,1331.44,False
13237662,2011-12-16,79.0,True,-75.4,False
13237662,2011-12-16,97.0,False,945.18,False
13237662,2011-12-16,11.0,False,3250.11,False
13237662,2011-12-16,1.0,False,1665.61,False
13237662,2011-12-16,22.0,False,4454.85,False
13237662,2011-12-16,81.0,True,1277.97,False
13237662,2011-12-16,27.0,False,16824.87,False
13237662,2011-12-16,25.0,False,15809.2,False
13237662,2011-12-16,81.0,False,19257.82,False
13237662,2011-12-16,30.0,True,9358.93,False
13237662,2011-12-16,32.0,False,924.21,False
13237662,2011-12-16,79.0,False,10421.56,False
13237662,2011-12-16,20.0,False,703.19,False
13237662,2011-12-16,56.0,False,161.95,False
13237662,2011-12-16,79.0,True,680.92,False
13237662,2011-12-16,96.0,False,1246.01,False
13237662,2011-12-16,17.0,False,293.99,False
13237662,2011-12-16,40.0,False,437.78,False
13237662,2011-12-16,9.0,False,1599.41,False
13237662,2011-12-16,83.0,False,12714.48,False
13237662,2011-12-16,96.0,False,1145.79,False
13237662,2011-12-16,5.0,False,54093.11,False
13237662,2011-12-16,95.0,False,-44.43,False
13237662,2011-12-16,98.0,False,3439.07,False
13237662,2011-12-16,81.0,False,293.22,False
13237662,2011-12-16,20.0,False,2238.44,False
13237662,2011-12-16,49.0,False,45345.99,False
13237662,2011-12-16,98.0,False,124.21,False
13237662,2011-12-16,56.0,False,15535.38,False
13237662,2011-12-16,17.0,True,14084.54,False
13237662,2011-12-16,20.0,False,1828.29,False
13237662,2011-12-16,98.0,False,7966.09,False
13237662,2011-12-16,6.0,False,2281.04,False
13237662,2011-12-16,52.0,True,259.68,False
13237662,2011-12-16,55.0,False,-75.96,False
13237662,2011-12-16,25.0,False,17058.53,False
13237662,2011-12-16,90.0,False,4021.29,False
13237662,2011-12-16,11.0,False,14701.51,False
13237662,2011-12-16,42.0,False,4704.68,False
13237662,2011-12-16,87.0,False,2814.55,False
13237662,2011-12-16,41.0,False,1504.6,False
13237662,2011-12-16,52.0,False,15026.24,False
13237662,2011-12-16,87.0,False,6644.36,False
13237662,2011-12-16,54.0,False,5668.95,False
13237662,2011-12-16,52.0,False,36927.96,False
13237662,2011-12-23,85.0,False,8074.85,False
13237662,2011-12-23,91.0,False,2906.82,False
13237662,2011-12-23,24.0,False,4893.77,False
13237662,2011-12-23,55.0,False,304.78,False
13237662,2011-12-23,79.0,False,4601.82,False
13237662,2011-12-23,38.0,False,1851.96,False
13237662,2011-12-23,83.0,False,6707.37,False
13237662,2011-12-23,55.0,True,27170.02,False
13237662,2011-12-23,71.0,False,1375.0,False
13237662,2011-12-23,41.0,False,883.12,False
13237662,2011-12-23,28.0,True,8.04,False
13237662,2011-12-23,29.0,True,966.36,False
13237662,2011-12-23,17.0,False,9619.21,False
13237662,2011-12-23,20.0,False,1693.53,False
13237662,2011-12-23,98.0,True,4348.74,False
13237662,2011-12-23,17.0,False,1425.95,False
13237662,2011-12-23,26.0,False,3085.98,False
13237662,2011-12-23,41.0,False,2607.37,False
13237662,2011-12-23,98.0,True,1110.84,False
13237662,2011-12-23,23.0,False,8783.52,False
13237662,2011-12-23,80.0,False,7921.74,False
13237662,2011-12-23,13.0,False,13805.8,False
13237662,2011-12-23,13.0,True,5838.27,False
13237662,2011-12-23,36.0,True,5134.26,False
13237662,2011-12-23,95.0,False,1806.87,False
13237662,2011-12-23,24.0,False,2292.64,False
13237662,2011-12-23,74.0,True,384.44,False
13237662,2011-12-23,71.0,False,15692.26,False
13237662,2011-12-23,72.0,False,1540.56,False
13237662,2011-12-23,46.0,True,1012.85,False
13237662,2011-12-23,5.0,False,14005.86,False
13237662,2011-12-23,98.0,False,2141.81,False
13237662,2011-12-23,21.0,False,7147.66,False
13237662,2011-12-23,55.0,True,8516.15,False
13237662,2011-12-23,98.0,False,3006.42,False
13237662,2011-12-23,72.0,False,16962.31,False
13237662,2011-12-23,56.0,False,-97.8,False
13237662,2011-12-23,72.0,False,15457.53,False
13237662,2011-12-23,33.0,False,12206.3,False
13237662,2011-12-23,58.0,False,2524.22,False
13237662,2011-12-23,95.0,False,101.72,False
13237662,2011-12-23,94.0,False,-122.43,False
13237662,2011-12-23,5.0,True,3059.02,False
13237662,2011-12-23,20.0,False,5475.86,False
13237662,2011-12-23,41.0,False,-100.55,False
13237662,2011-12-23,41.0,False,10158.62,False
13237662,2011-12-23,13.0,False,6031.65,False
13237662,2011-12-23,97.0,False,571.56,False
13237662,2011-12-23,71.0,False,12973.0,False
13237662,2011-12-23,59.0,False,5894.05,False
13237662,2011-12-23,98.0,False,3105.27,False
13237662,2011-12-23,96.0,False,14619.84,False
13237662,2011-12-23,6.0,False,771.76,False
13237662,2011-12-23,10.0,False,19190.09,False
13237662,2011-12-23,17.0,False,3471.14,False
13237662,2011-12-23,36.0,False,3416.36,False
13237662,2011-12-23,81.0,True,336.8,False
13237662,2011-12-23,97.0,False,1933.9,False
13237662,2011-12-23,16.0,False,9306.14,False
13237662,2011-12-23,29.0,True,120.76,False
13237662,2011-12-23,94.0,False,21041.54,False
13237662,2011-12-23,59.0,False,366.86,False
13237662,2011-12-23,26.0,False,3944.52,False
13237662,2011-12-23,3.0,False,11504.95,False
13237662,2011-12-23,90.0,True,7421.41,False
13237662,2011-12-23,26.0,False,865.3,False
13237662,2011-12-23,80.0,False,2223.85,False
13237662,2011-12-23,98.0,True,17966.38,False
13237662,2011-12-23,79.0,True,1275.78,False
13237662,2011-12-23,52.0,False,1421.99,False
13237662,2011-12-30,90.0,False,2679.77,False
13237662,2011-12-30,54.0,True,2095.92,False
13237662,2011-12-30,23.0,True,323.43,False
13237662,2011-12-30,26.0,True,13858.71,False
13237662,2011-12-30,29.0,True,26514.74,False
13237662,2011-12-30,90.0,False,351.81,False
13237662,2011-12-30,95.0,False,5163.62,False
13237662,2011-12-30,4.0,True,2419.54,False
13237662,2011-12-30,54.0,False,888.2,False
13237662,2011-12-30,35.0,True,3938.55,False
13237662,2011-12-30,85.0,True,2067.17,False
13237662,2011-12-30,83.0,True,35101.23,False
13237662,2011-12-30,60.0,True,-28.34,False
13237662,2011-12-30,1.0,False,5097.95,False
13237662,2011-12-30,81.0,True,12098.72,False
13237662,2011-12-30,40.0,True,1553.77,False
13237662,2011-12-30,82.0,True,-120.79,False
13237662,2011-12-30,29.0,True,2680.05,False
13237662,2011-12-30,96.0,True,4994.48,False
13237662,2011-12-30,16.0,True,10150.06,False
13237662,2011-12-30,72.0,True,883.23,False
13237662,2011-12-30,29.0,False,1496.59,False
13237662,2011-12-30,28.0,False,4922.28,False
13237662,2011-12-30,28.0,True,80.86,False
13237662,2011-12-30,6.0,True,17534.31,False
13237662,2011-12-30,31.0,False,13.4,False
13237662,2011-12-30,12.0,True,317.13,False
13237662,2011-12-30,45.0,False,13234.75,False
13237662,2011-12-30,10.0,False,4155.54,False
13237662,2011-12-30,41.0,False,6868.72,False
13237662,2011-12-30,56.0,False,31665.74,False
13237662,2011-12-30,14.0,False,18281.54,False
13237662,2011-12-30,72.0,True,4418.97,False
13237662,2011-12-30,21.0,True,3001.32,False
13237662,2011-12-30,49.0,True,1707.7,False
13237662,2011-12-30,21.0,True,711.92,False
13237662,2011-12-30,32.0,True,17522.89,False
13237662,2011-12-30,58.0,False,17474.79,False
13237662,2011-12-30,80.0,True,109.31,False
13237662,2011-12-30,71.0,False,308.51,False
13237662,2011-12-30,60.0,True,36.55,False
13237662,2011-12-30,22.0,False,16764.76,False
13237662,2011-12-30,91.0,False,16143.97,False
13237662,2011-12-30,34.0,False,4256.45,False
13237662,2011-12-30,28.0,False,1675.79,False
13237662,2011-12-30,6.0,True,12750.89,False
13237662,2011-12-30,27.0,True,36666.94,False
13237662,2011-12-30,83.0,True,6012.09,False
13237662,2011-12-30,20.0,True,17681.25,False
13237662,2011-12-30,9.0,True,5204.35,False
13339386,2011-12-02,72.0,False,5226.0,False
13339386,2011-12-02,10.0,False,40192.76,False
13339386,2011-12-02,36.0,False,647.07,False
13339386,2011-12-02,7.0,False,10481.11,False
13339386,2011-12-02,33.0,False,3036.34,False
13339386,2011-12-02,23.0,True,3187.57,False
13339386,2011-12-02,93.0,False,210.02,False
13339386,2011-12-02,25.0,True,45785.05,False
13339386,2011-12-02,25.0,False,451.48,False
13339386,2011-12-02,18.0,False,6702.86,False
13339386,2011-12-02,2.0,False,18289.69,False
13339386,2011-12-02,92.0,False,9565.41,False
13339386,2011-12-02,24.0,False,62443.78,False
13339386,2011-12-02,11.0,False,7689.44,False
13339386,2011-12-02,59.0,False,2700.72,False
13339386,2011-12-02,79.0,False,10581.98,False
13339386,2011-12-02,5.0,False,30070.59,False
13339386,2011-12-02,87.0,False,429.02,False
13339386,2011-12-02,91.0,False,3483.07,False
13339386,2011-12-02,25.0,False,314.52,False
13339386,2011-12-02,9.0,False,2742.24,False
13339386,2011-12-02,40.0,False,1847.83,False
13339386,2011-12-02,60.0,False,2612.92,False
13339386,2011-12-02,4.0,False,20254.83,False
13339386,2011-12-02,95.0,False,226.91,False
13339386,2011-12-02,9.0,False,1795.01,False
13339386,2011-12-02,59.0,False,2932.37,False
13339386,2011-12-02,80.0,False,11359.33,False
13339386,2011-12-02,35.0,False,10328.69,False
13339386,2011-12-02,33.0,False,1464.52,False
13339386,2011-12-02,46.0,False,21456.14,False
13339386,2011-12-02,98.0,False,110.66,False
13339386,2011-12-02,97.0,False,1362.36,False
13339386,2011-12-02,6.0,False,6501.89,False
13339386,2011-12-02,93.0,False,15244.54,False
13339386,2011-12-02,11.0,False,4415.61,False
13339386,2011-12-02,81.0,False,10492.08,False
13339386,2011-12-02,28.0,False,8900.65,False
13339386,2011-12-02,18.0,False,32908.21,False
13339386,2011-12-02,14.0,False,5216.91,False
13339386,2011-12-02,98.0,False,1238.85,False
13339386,2011-12-02,23.0,False,17062.22,False
13339386,2011-12-02,49.0,False,583.23,False
13339386,2011-12-02,41.0,False,4420.45,False
13339386,2011-12-02,23.0,False,12236.26,False
13339386,2011-12-02,4.0,False,7052.17,False
13339386,2011-12-02,24.0,False,1186.6,False
13339386,2011-12-02,97.0,False,15735.67,False
13339386,2011-12-02,98.0,False,207.19,False
13339386,2011-12-02,83.0,False,9446.66,False
13339386,2011-12-02,71.0,False,4453.51,False
13339386,2011-12-02,46.0,False,1637.7,False
13339386,2011-12-02,93.0,False,-29.22,False
13339386,2011-12-02,90.0,False,17708.1,False
13339386,2011-12-02,22.0,False,5963.42,False
13339386,2011-12-02,21.0,False,20807.79,False
13339386,2011-12-02,17.0,False,10987.26,False
13339386,2011-12-02,26.0,False,-16.85,False
13339386,2011-12-02,20.0,False,5323.8,False
13339386,2011-12-02,74.0,False,4284.6,False
13339386,2011-12-02,1.0,False,69339.11,False
13339386,2011-12-02,38.0,False,9430.04,False
13339386,2011-12-02,31.0,False,10407.1,False
13339386,2011-12-02,59.0,False,26932.34,False
13339386,2011-12-02,33.0,False,26689.34,False
13339386,2011-12-02,45.0,False,16039.7,False
13339386,2011-12-02,54.0,False,48231.98,False
13339386,2011-12-02,30.0,False,1318.01,False
13339386,2011-12-02,11.0,False,21759.19,False
13339386,2011-12-02,27.0,False,9394.55,False
13339386,2011-12-02,48.0,False,18218.18,False
13339386,2011-12-02,3.0,False,1596.62,False
13339386,2011-12-02,34.0,False,1894.77,False
13339386,2011-12-02,81.0,False,3370.61,False
13339386,2011-12-02,30.0,False,28517.33,False
13339386,2011-12-02,49.0,False,15383.03,False
13339386,2011-12-02,18.0,False,721.21,False
13339386,2011-12-02,38.0,False,2608.3,False
13339386,2011-12-02,60.0,False,110.66,False
13339386,2011-12-02,92.0,False,14233.28,False
13339386,2011-12-02,95.0,False,9626.97,False
13339386,2011-12-02,42.0,False,13086.92,False
13339386,2011-12-02,19.0,False,8552.98,False
13339386,2011-12-02,20.0,False,638.53,False
13339386,2011-12-02,71.0,False,3273.01,False
13339386,2011-12-02,8.0,False,33763.35,False
13339386,2011-12-02,41.0,False,5110.83,False
13339386,2011-12-09,9.0,False,16051.99,False
13339386,2011-12-09,94.0,False,64.12,False
13339386,2011-12-09,25.0,False,3634.99,False
13339386,2011-12-09,48.0,False,13955.86,False
13339386,2011-12-09,46.0,False,10137.03,False
13339386,2011-12-09,17.0,False,4183.92,False
13339386,2011-12-09,10.0,False,14653.81,False
13339386,2011-12-09,26.0,False,2080.76,False
13339386,2011-12-09,40.0,False,419.27,False
13339386,2011-12-09,90.0,False,25174.06,False
13339386,2011-12-09,44.0,False,4542.99,False
13339386,2011-12-09,38.0,True,12145.64,False
13339386,2011-12-09,44.0,False,1831.48,False
13339386,2011-12-09,7.0,False,9822.03,False
13339386,2011-12-09,32.0,False,42142.32,False
13339386,2011-12-09,44.0,False,18655.7,False
13339386,2011-12-09,90.0,False,559.25,False
13339386,2011-12-09,96.0,False,3036.35,False
13339386,2011-12-09,79.0,False,-56.46,False
13339386,2011-12-09,21.0,False,7707.25,False
13339386,2011-12-09,92.0,False,16135.84,False
13339386,2011-12-09,41.0,False,2717.95,False
13339386,2011-12-09,67.0,False,5623.82,False
13339386,2011-12-09,95.0,False,1296.86,False
13339386,2011-12-09,23.0,True,39941.09,False
13339386,2011-12-09,34.0,False,786.91,False
13339386,2011-12-09,9.0,False,15613.63,False
13339386,2011-12-09,87.0,False,10876.62,False
13339386,2011-12-09,87.0,False,18053.17,False
13339386,2011-12-09,92.0,False,10976.13,False
13339386,2011-12-09,32.0,False,7130.06,False
13339386,2011-12-09,4.0,False,6696.36,False
13339386,2011-12-09,42.0,False,10140.94,False
13339386,2011-12-09,40.0,False,2105.08,False
13339386,2011-12-09,32.0,False,20813.65,False
13339386,2011-12-09,38.0,False,6286.54,False
13339386,2011-12-09,21.0,False,6752.67,False
13339386,2011-12-09,17.0,False,2881.02,False
13339386,2011-12-09,77.0,False,1620.25,False
13339386,2011-12-09,79.0,False,5.47,False
13339386,2011-12-09,83.0,True,18204.52,False
13339386,2011-12-09,28.0,False,5940.14,False
13339386,2011-12-09,22.0,False,712.09,False
13339386,2011-12-09,49.0,False,2966.05,False
13339386,2011-12-09,40.0,False,3026.53,False
13339386,2011-12-09,31.0,False,21862.18,False
13339386,2011-12-09,46.0,False,4282.47,False
13339386,2011-12-09,35.0,False,958.13,False
13339386,2011-12-09,24.0,True,5208.14,False
13339386,2011-12-09,31.0,True,2829.49,False
13339386,2011-12-09,59.0,False,2328.02,False
13339386,2011-12-09,46.0,False,2014.26,False
13339386,2011-12-09,49.0,False,1921.31,False
13339386,2011-12-09,79.0,False,8146.49,False
13339386,2011-12-09,97.0,False,7308.63,False
13339386,2011-12-09,21.0,True,11232.08,False
13339386,2011-12-09,11.0,False,6211.05,False
13339386,2011-12-09,8.0,False,5336.95,False
13339386,2011-12-09,85.0,False,50632.28,False
13339386,2011-12-09,33.0,False,4975.32,False
13339386,2011-12-09,47.0,False,6374.54,False
13339386,2011-12-09,98.0,False,5868.51,False
13339386,2011-12-09,79.0,False,2395.62,False
13339386,2011-12-09,24.0,False,5444.26,False
13339386,2011-12-09,11.0,False,17807.14,False
13339386,2011-12-09,55.0,False,4793.7,False
13339386,2011-12-09,47.0,False,9184.62,False
13339386,2011-12-09,35.0,False,1164.7,False
13339386,2011-12-09,25.0,False,14074.34,False
13339386,2011-12-09,14.0,False,22607.47,False
13339386,2011-12-09,67.0,False,31598.36,False
13339386,2011-12-09,55.0,True,15790.31,False
13339386,2011-12-09,41.0,True,27761.88,False
13339386,2011-12-09,23.0,False,1995.69,False
13339386,2011-12-09,96.0,False,20870.5,False
13339386,2011-12-09,7.0,False,9066.07,False
13339386,2011-12-09,71.0,False,17089.58,False
13339386,2011-12-09,46.0,False,1473.6,False
13339386,2011-12-09,87.0,False,427.87,False
13339386,2011-12-16,24.0,False,8240.08,False
13339386,2011-12-16,83.0,False,4300.87,False
13339386,2011-12-16,29.0,False,46381.58,False
13339386,2011-12-16,18.0,False,34474.89,False
13339386,2011-12-16,10.0,False,12872.68,False
13339386,2011-12-16,49.0,False,8474.39,False
13339386,2011-12-16,25.0,True,27176.14,False
13339386,2011-12-16,23.0,True,10170.87,False
13339386,2011-12-16,12.0,False,26913.3,False
13339386,2011-12-16,11.0,False,7920.19,False
13339386,2011-12-16,36.0,False,4302.52,False
13339386,2011-12-16,4.0,False,6038.02,False
13339386,2011-12-16,20.0,False,1559.77,False
13339386,2011-12-16,91.0,True,778.48,False
13339386,2011-12-16,16.0,False,42887.18,False
13339386,2011-12-16,44.0,False,8017.3,False
13339386,2011-12-16,46.0,True,2008.16,False
13339386,2011-12-16,17.0,False,35516.46,False
13339386,2011-12-16,23.0,False,5417.28,False
13339386,2011-12-16,59.0,False,26417.33,False
13339386,2011-12-16,82.0,False,2722.56,False
13339386,2011-12-16,6.0,False,13990.66,False
13339386,2011-12-16,87.0,False,2340.3,False
13339386,2011-12-16,21.0,False,18977.68,False
13339386,2011-12-16,85.0,False,2239.3,False
13339386,2011-12-16,97.0,False,6976.94,False
13339386,2011-12-16,52.0,True,2191.47,False
13339386,2011-12-16,3.0,False,8525.04,False
13339386,2011-12-16,4.0,False,8803.21,False
13339386,2011-12-16,25.0,False,1127.61,False
13339386,2011-12-16,98.0,False,186.88,False
13339386,2011-12-16,12.0,False,5758.93,False
13339386,2011-12-16,1.0,False,71716.86,False
13339386,2011-12-16,28.0,True,2472.88,False
13339386,2011-12-16,74.0,False,4299.95,False
13339386,2011-12-16,7.0,False,17602.76,False
13339386,2011-12-16,90.0,False,256.4,False
13339386,2011-12-16,42.0,False,22338.51,False
13339386,2011-12-16,12.0,True,9499.49,False
13339386,2011-12-16,87.0,False,10342.91,False
13339386,2011-12-16,91.0,False,3264.22,False
13339386,2011-12-16,24.0,True,1172.83,False
13339386,2011-12-16,12.0,False,524.12,False
13339386,2011-12-16,96.0,False,1156.93,False
13339386,2011-12-16,27.0,False,-59.36,False
13339386,2011-12-16,31.0,True,5286.11,False
13339386,2011-12-16,23.0,False,6315.19,False
13339386,2011-12-16,96.0,True,7109.83,False
13339386,2011-12-16,87.0,False,13665.62,False
13339386,2011-12-16,52.0,False,20829.57,False
13339386,2011-12-16,46.0,False,4559.02,False
13339386,2011-12-16,83.0,True,807.26,False
13339386,2011-12-16,20.0,False,10781.61,False
13339386,2011-12-16,79.0,False,2111.11,False
13339386,2011-12-16,6.0,False,48965.61,False
13339386,2011-12-16,83.0,False,653.06,False
13339386,2011-12-16,30.0,False,5357.06,False
13339386,2011-12-16,81.0,True,5513.2,False
13339386,2011-12-16,67.0,False,10202.84,False
13339386,2011-12-16,44.0,True,3555.65,False
13339386,2011-12-16,12.0,True,17674.16,False
13339386,2011-12-16,81.0,False,5842.36,False
13339386,2011-12-16,81.0,False,8775.59,False
13339386,2011-12-16,55.0,False,2059.88,False
13339386,2011-12-16,90.0,True,7324.61,False
13339386,2011-12-16,91.0,True,1439.54,False
13339386,2011-12-16,81.0,False,29672.03,False
13339386,2011-12-16,52.0,True,14575.34,False
13339386,2011-12-16,52.0,False,2351.26,False
13339386,2011-12-16,30.0,False,18445.07,False
13339386,2011-12-16,85.0,False,79.87,False
13339386,2011-12-16,22.0,False,35210.85,False
13339386,2011-12-16,3.0,False,6031.65,False
13339386,2011-12-16,79.0,False,9601.08,False
13339386,2011-12-16,26.0,False,1601.56,False
13339386,2011-12-16,38.0,False,26059.51,False
13339386,2011-12-16,52.0,False,873.95,False
13339386,2011-12-16,4.0,False,31644.86,False
13339386,2011-12-16,93.0,False,3732.3,False
13339386,2011-12-16,60.0,False,4103.0,False
13339386,2011-12-16,18.0,False,16813.63,False
13339386,2011-12-16,71.0,True,1816.73,False
13339386,2011-12-23,19.0,False,1674.54,False
13339386,2011-12-23,18.0,True,1516.04,False
13339386,2011-12-23,11.0,False,2859.16,False
13339386,2011-12-23,96.0,True,1688.11,False
13339386,2011-12-23,41.0,False,110.84,False
13339386,2011-12-23,24.0,False,11467.98,False
13339386,2011-12-23,87.0,True,102.42,False
13339386,2011-12-23,9.0,True,2803.93,False
13339386,2011-12-23,54.0,True,3706.83,False
13339386,2011-12-23,92.0,True,1115.82,False
13339386,2011-12-23,14.0,False,8369.77,False
13339386,2011-12-23,85.0,False,1310.99,False
13339386,2011-12-23,54.0,False,73113.86,False
13339386,2011-12-23,74.0,False,2923.29,False
13339386,2011-12-23,34.0,True,12710.48,False
13339386,2011-12-23,71.0,False,6886.47,False
13339386,2011-12-23,22.0,False,160.42,False
13339386,2011-12-23,85.0,False,1081.59,False
13339386,2011-12-23,91.0,True,313.28,False
13339386,2011-12-23,83.0,True,11014.79,False
13339386,2011-12-23,94.0,True,39191.17,False
13339386,2011-12-23,14.0,True,6993.25,False
13339386,2011-12-23,96.0,False,3444.22,False
13339386,2011-12-23,31.0,True,3820.11,False
13339386,2011-12-23,42.0,True,24.73,False
13339386,2011-12-23,10.0,True,7791.76,False
13339386,2011-12-23,6.0,False,2381.3,False
13339386,2011-12-23,14.0,True,12879.14,False
13339386,2011-12-23,17.0,False,12630.74,False
13339386,2011-12-23,91.0,True,1595.59,False
13339386,2011-12-23,36.0,False,5285.32,False
13339386,2011-12-23,93.0,True,2447.2,False
13339386,2011-12-23,82.0,True,655.91,False
13339386,2011-12-23,27.0,True,67771.78,False
13339386,2011-12-23,41.0,True,2149.06,False
13339386,2011-12-23,48.0,True,9320.93,False
13339386,2011-12-23,98.0,True,1697.68,False
13339386,2011-12-23,97.0,True,11592.76,False
13339386,2011-12-23,9.0,True,2583.64,False
13339386,2011-12-23,55.0,False,4373.24,False
13339386,2011-12-23,59.0,False,11816.58,False
13339386,2011-12-23,32.0,False,8108.68,False
13339386,2011-12-23,74.0,False,904.44,False
13339386,2011-12-23,87.0,True,9097.43,False
13339386,2011-12-23,35.0,False,7967.78,False
13339386,2011-12-23,85.0,False,627.03,False
13339386,2011-12-23,7.0,False,904.25,False
13339386,2011-12-23,92.0,True,89.6,False
13339386,2011-12-23,81.0,False,9796.73,False
13339386,2011-12-23,28.0,False,5152.91,False
13339386,2011-12-23,34.0,True,991.5,False
13339386,2011-12-23,85.0,False,4866.77,False
13339386,2011-12-23,29.0,False,26660.72,False
13339386,2011-12-23,59.0,True,4713.64,False
13339386,2011-12-23,81.0,False,11886.03,False
13339386,2011-12-23,83.0,False,2653.09,False
13339386,2011-12-23,36.0,False,15571.69,False
13339386,2011-12-23,8.0,False,28911.03,False
13339386,2011-12-23,77.0,False,1015.44,False
13339386,2011-12-23,22.0,False,3471.0,False
13339386,2011-12-23,12.0,False,11734.38,False
13339386,2011-12-23,59.0,False,1486.95,False
13339386,2011-12-23,59.0,True,-54.6,False
13339386,2011-12-23,34.0,False,5076.77,False
13339386,2011-12-23,60.0,False,2542.19,False
13339386,2011-12-23,26.0,False,291.19,False
13339386,2011-12-23,94.0,False,384.01,False
13339386,2011-12-23,40.0,False,11628.97,False
13339386,2011-12-23,31.0,False,10196.66,False
13339386,2011-12-23,60.0,True,11610.01,False
13339386,2011-12-23,33.0,True,18410.98,False
13339386,2011-12-23,32.0,False,913.36,False
13339386,2011-12-23,21.0,True,4881.39,False
13339386,2011-12-23,35.0,True,15470.88,False
13339386,2011-12-23,48.0,True,422.19,False
13339386,2011-12-23,33.0,True,1851.95,False
13339386,2011-12-23,23.0,True,6249.21,False
13339386,2011-12-23,1.0,True,27713.04,False
13339386,2011-12-23,85.0,False,6327.82,False
13339386,2011-12-23,95.0,False,6773.27,False
13339386,2011-12-23,42.0,False,543.97,False
13339386,2011-12-30,47.0,True,1067.01,False
13339386,2011-12-30,24.0,True,39774.31,False
13339386,2011-12-30,17.0,True,1581.07,False
13339386,2011-12-30,31.0,True,6875.5,False
13339386,2011-12-30,24.0,True,297.54,False
13339386,2011-12-30,91.0,False,38809.73,False
13339386,2011-12-30,41.0,True,4795.12,False
13339386,2011-12-30,14.0,True,10259.97,False
13339386,2011-12-30,14.0,False,6530.41,False
13339386,2011-12-30,71.0,False,16081.28,False
13339386,2011-12-30,74.0,True,10449.07,False
13339386,2011-12-30,83.0,True,62.25,False
13339386,2011-12-30,14.0,False,-48.03,False
13339386,2011-12-30,25.0,True,1155.88,False
13339386,2011-12-30,25.0,False,12391.7,False
13339386,2011-12-30,2.0,True,11914.66,False
13339386,2011-12-30,9.0,True,7139.13,False
13339386,2011-12-30,83.0,False,10552.79,False
13339386,2011-12-30,67.0,True,574.68,False
13339386,2011-12-30,42.0,True,51308.42,False
13339386,2011-12-30,18.0,True,9672.31,False
13339386,2011-12-30,55.0,True,2776.14,False
13339386,2011-12-30,33.0,True,5006.49,False
13339386,2011-12-30,25.0,False,2564.06,False
13339386,2011-12-30,5.0,False,11784.92,False
13339386,2011-12-30,26.0,True,5029.68,False
13339386,2011-12-30,67.0,True,24504.68,False
13339386,2011-12-30,24.0,False,8973.71,False
13339386,2011-12-30,58.0,False,102.88,False
13849251,2011-12-02,82.0,False,12826.03,False
13849251,2011-12-02,85.0,False,4261.97,False
13849251,2011-12-02,46.0,False,40403.5,False
13849251,2011-12-02,96.0,False,1744.18,False
13849251,2011-12-02,11.0,False,9281.61,False
13849251,2011-12-02,10.0,False,315.74,False
13849251,2011-12-02,16.0,False,6107.6,False
13849251,2011-12-02,38.0,False,4463.84,False
13849251,2011-12-02,17.0,False,766.27,False
13849251,2011-12-02,91.0,False,2464.28,False
13849251,2011-12-02,16.0,False,40952.75,False
13849251,2011-12-02,27.0,False,2382.49,False
13849251,2011-12-02,10.0,False,11716.33,False
13849251,2011-12-02,24.0,False,13148.09,False
13849251,2011-12-02,37.0,False,36201.34,False
13849251,2011-12-02,9.0,False,4734.87,False
13849251,2011-12-02,79.0,False,18.3,False
13849251,2011-12-02,18.0,False,19174.24,False
13849251,2011-12-02,59.0,False,1606.64,False
13849251,2011-12-02,38.0,False,5289.18,False
13849251,2011-12-02,22.0,False,11748.57,False
13849251,2011-12-02,4.0,False,31864.03,False
13849251,2011-12-02,46.0,False,431.46,False
13849251,2011-12-02,6.0,False,11784.21,False
13849251,2011-12-02,27.0,False,4317.4,False
13849251,2011-12-02,20.0,False,4283.25,False
13849251,2011-12-02,7.0,False,2264.06,False
13849251,2011-12-02,80.0,False,10023.02,False
13849251,2011-12-02,71.0,False,3145.06,False
13849251,2011-12-02,56.0,False,40772.22,False
13849251,2011-12-02,38.0,False,30568.87,False
13849251,2011-12-02,96.0,False,23894.08,False
13849251,2011-12-02,40.0,False,12406.9,False
13849251,2011-12-02,1.0,False,6972.25,False
13849251,2011-12-02,80.0,False,7978.3,False
13849251,2011-12-02,95.0,False,375.46,False
13849251,2011-12-02,22.0,False,20341.58,False
13849251,2011-12-02,36.0,False,5908.89,False
13849251,2011-12-02,95.0,False,12708.54,False
13849251,2011-12-02,98.0,False,2247.49,False
13849251,2011-12-02,98.0,False,2.97,False
13849251,2011-12-02,17.0,False,22604.87,False
13849251,2011-12-02,37.0,False,3337.01,False
13849251,2011-12-02,49.0,False,35963.72,False
13849251,2011-12-02,1.0,False,44711.5,False
13849251,2011-12-02,31.0,False,30014.7,False
13849251,2011-12-02,33.0,False,81397.43,False
13849251,2011-12-02,27.0,False,476.42,False
13849251,2011-12-02,52.0,False,10827.42,False
13849251,2011-12-02,74.0,False,1511.91,False
13849251,2011-12-02,8.0,False,7829.36,False
13849251,2011-12-02,72.0,False,2086.85,False
13849251,2011-12-02,13.0,False,19802.49,False
13849251,2011-12-02,31.0,False,1397.31,False
13849251,2011-12-02,20.0,False,12450.97,False
13849251,2011-12-02,9.0,False,19556.17,False
13849251,2011-12-02,29.0,False,23035.39,False
13849251,2011-12-02,85.0,False,517.15,False
13849251,2011-12-02,41.0,False,3960.82,False
13849251,2011-12-02,52.0,False,13088.67,False
13849251,2011-12-02,32.0,False,7246.67,False
13849251,2011-12-02,52.0,False,9113.13,False
13849251,2011-12-02,4.0,False,3974.0,False
13849251,2011-12-02,87.0,False,412.06,False
13849251,2011-12-02,29.0,False,56292.2,False
13849251,2011-12-02,44.0,False,9792.04,False
13849251,2011-12-02,32.0,False,2742.59,False
13849251,2011-12-02,81.0,False,6725.21,False
13849251,2011-12-09,4.0,False,51120.91,False
13849251,2011-12-09,3.0,False,95709.41,False
13849251,2011-12-09,52.0,False,380.32,False
13849251,2011-12-09,83.0,False,4749.14,False
13849251,2011-12-09,49.0,False,10556.91,False
13849251,2011-12-09,22.0,False,3561.62,False
13849251,2011-12-09,71.0,False,1023.07,False
13849251,2011-12-09,28.0,False,86518.0,False
13849251,2011-12-09,32.0,False,3673.15,False
13849251,2011-12-09,59.0,False,11199.25,False
13849251,2011-12-09,80.0,False,7983.89,False
13849251,2011-12-09,25.0,False,19935.05,False
13849251,2011-12-09,79.0,False,28344.35,False
13849251,2011-12-09,74.0,False,714.81,False
13849251,2011-12-09,32.0,False,1995.23,False
13849251,2011-12-09,32.0,False,5457.55,False
13849251,2011-12-09,59.0,False,4699.24,False
13849251,2011-12-09,71.0,False,2258.26,False
13849251,2011-12-09,16.0,False,9438.25,False
13849251,2011-12-09,17.0,False,22415.2,False
13849251,2011-12-09,97.0,False,937.77,False
13849251,2011-12-09,18.0,False,3021.45,False
13849251,2011-12-09,81.0,True,15049.51,False
13849251,2011-12-09,30.0,False,7698.09,False
13849251,2011-12-09,40.0,False,190.11,False
13849251,2011-12-09,12.0,False,7125.41,False
13849251,2011-12-09,26.0,False,3661.79,False
13849251,2011-12-09,44.0,False,1775.17,False
13849251,2011-12-09,9.0,False,2977.9,False
13849251,2011-12-09,91.0,False,7030.55,False
13849251,2011-12-09,5.0,False,35345.41,False
13849251,2011-12-09,94.0,False,86.52,False
13849251,2011-12-09,79.0,False,537.2,False
13849251,2011-12-09,87.0,False,3115.35,False
13849251,2011-12-09,54.0,False,29966.37,False
13849251,2011-12-09,14.0,False,7653.94,False
13849251,2011-12-09,52.0,False,7261.0,False
13849251,2011-12-09,94.0,False,4698.38,False
13849251,2011-12-09,83.0,False,10341.48,False
13849251,2011-12-09,10.0,False,7108.56,False
13849251,2011-12-09,36.0,False,822.68,False
13849251,2011-12-09,49.0,False,34359.4,False
13849251,2011-12-09,97.0,False,203.03,False
13849251,2011-12-09,14.0,False,20200.03,False
13849251,2011-12-09,16.0,False,10795.82,False
13849251,2011-12-09,17.0,False,16122.46,False
13849251,2011-12-09,13.0,False,9067.18,False
13849251,2011-12-09,33.0,False,459.07,False
13849251,2011-12-09,85.0,False,905.43,False
13849251,2011-12-09,38.0,False,18665.1,False
13849251,2011-12-09,92.0,True,3481.62,False
13849251,2011-12-09,34.0,False,56452.69,False
13849251,2011-12-09,56.0,True,1331.95,False
13849251,2011-12-09,79.0,False,51312.37,False
13849251,2011-12-09,82.0,False,55.09,False
13849251,2011-12-09,28.0,False,1878.97,False
13849251,2011-12-09,23.0,True,1467.13,False
13849251,2011-12-09,95.0,False,6344.11,False
13849251,2011-12-09,3.0,False,18062.03,False
13849251,2011-12-09,5.0,False,5085.35,False
13849251,2011-12-09,49.0,False,16690.52,False
13849251,2011-12-09,91.0,False,18266.91,False
13849251,2011-12-09,13.0,False,4289.25,False
13849251,2011-12-09,34.0,False,1855.82,False
13849251,2011-12-09,5.0,False,3560.96,False
13849251,2011-12-09,29.0,False,920.36,False
13849251,2011-12-09,3.0,False,74027.32,False
13849251,2011-12-09,18.0,False,17251.34,False
13849251,2011-12-09,8.0,False,91107.93,False
13849251,2011-12-09,20.0,False,13232.29,False
13849251,2011-12-09,96.0,False,1560.48,False
13849251,2011-12-09,21.0,False,9130.36,False
13849251,2011-12-09,46.0,False,571.99,False
13849251,2011-12-09,29.0,False,5854.34,False
13849251,2011-12-09,7.0,False,7810.06,False
13849251,2011-12-09,32.0,False,11621.94,False
13849251,2011-12-09,40.0,False,15217.79,False
13849251,2011-12-09,10.0,False,60406.39,False
13849251,2011-12-09,71.0,False,33899.26,False
13849251,2011-12-09,16.0,False,631.99,False
13849251,2011-12-09,3.0,False,40142.88,False
13849251,2011-12-09,77.0,False,1300.9,False
13849251,2011-12-09,74.0,True,7781.83,False
13849251,2011-12-09,87.0,False,21996.5,False
13849251,2011-12-09,74.0,False,15013.85,False
13849251,2011-12-09,27.0,False,852.39,False
13849251,2011-12-09,25.0,False,11194.05,False
13849251,2011-12-16,11.0,False,5515.37,False
13849251,2011-12-16,94.0,False,237.24,False
13849251,2011-12-16,46.0,False,8540.24,False
13849251,2011-12-16,8.0,False,30997.19,False
13849251,2011-12-16,27.0,False,35801.75,False
13849251,2011-12-16,92.0,False,4975.58,False
13849251,2011-12-16,46.0,False,1532.23,False
13849251,2011-12-16,12.0,False,47156.3,False
13849251,2011-12-16,82.0,False,602.64,False
13849251,2011-12-16,3.0,False,51633.03,False
13849251,2011-12-16,91.0,False,14652.69,False
13849251,2011-12-16,37.0,True,3159.18,False
13849251,2011-12-16,42.0,False,37.42,False
13849251,2011-12-16,67.0,False,1373.43,False
13849251,2011-12-16,77.0,False,321.65,False
13849251,2011-12-16,85.0,False,2646.23,False
13849251,2011-12-16,18.0,False,15279.06,False
13849251,2011-12-16,29.0,False,15001.25,False
13849251,2011-12-16,46.0,False,5521.93,False
13849251,2011-12-16,23.0,False,9805.03,False
13849251,2011-12-16,35.0,False,4447.73,False
13849251,2011-12-16,90.0,False,6749.77,False
13849251,2011-12-16,31.0,False,20304.4,False
13849251,2011-12-16,31.0,False,22236.36,False
13849251,2011-12-16,41.0,False,52439.7,False
13849251,2011-12-16,19.0,False,2751.79,False
13849251,2011-12-16,31.0,True,5167.85,False
13849251,2011-12-16,81.0,False,5496.04,False
13849251,2011-12-16,58.0,False,98.08,False
13849251,2011-12-16,98.0,False,9005.2,False
13849251,2011-12-16,59.0,False,22036.11,False
13849251,2011-12-16,34.0,False,5077.98,False
13849251,2011-12-16,41.0,False,155.52,False
13849251,2011-12-16,16.0,True,2189.05,False
13849251,2011-12-16,20.0,True,11933.52,False
13849251,2011-12-16,54.0,False,7829.02,False
13849251,2011-12-16,11.0,True,19248.84,False
13849251,2011-12-16,25.0,False,31552.24,False
13849251,2011-12-16,60.0,False,1855.26,False
13849251,2011-12-16,60.0,True,446.34,False
13849251,2011-12-16,45.0,True,19456.69,False
13849251,2011-12-16,23.0,False,15.94,False
13849251,2011-12-16,23.0,False,7109.69,False
13849251,2011-12-16,82.0,False,4155.02,False
13849251,2011-12-16,17.0,False,7793.28,False
13849251,2011-12-16,97.0,False,2984.39,False
13849251,2011-12-16,67.0,False,23995.73,False
13849251,2011-12-16,80.0,False,2336.79,False
13849251,2011-12-16,95.0,False,1555.86,False
13849251,2011-12-16,14.0,False,19723.32,False
13849251,2011-12-16,55.0,False,3209.72,False
13849251,2011-12-16,36.0,False,6822.37,False
13849251,2011-12-16,40.0,False,2117.65,False
13849251,2011-12-16,30.0,False,1529.6,False
13849251,2011-12-16,98.0,False,7.0,False
13849251,2011-12-16,21.0,False,55222.13,False
13849251,2011-12-16,93.0,False,16103.92,False
13849251,2011-12-16,52.0,False,16070.35,False
13849251,2011-12-16,19.0,False,3880.42,False
13849251,2011-12-16,12.0,False,50765.57,False
13849251,2011-12-16,42.0,False,3887.46,False
13849251,2011-12-16,91.0,False,1642.46,False
13849251,2011-12-16,46.0,False,21164.8,False
13849251,2011-12-16,25.0,False,1341.69,False
13849251,2011-12-16,54.0,False,16609.95,False
13849251,2011-12-16,20.0,False,6709.06,False
13849251,2011-12-16,30.0,False,10494.04,False
13849251,2011-12-16,17.0,False,27432.33,False
13849251,2011-12-16,93.0,True,1705.24,False
13849251,2011-12-16,33.0,False,26770.16,False
13849251,2011-12-16,85.0,True,305.92,False
13849251,2011-12-16,35.0,False,4040.42,False
13849251,2011-12-16,36.0,True,15569.25,False
13849251,2011-12-16,8.0,False,27078.24,False
13849251,2011-12-16,79.0,False,7668.56,False
13849251,2011-12-16,18.0,False,13738.04,False
13849251,2011-12-16,2.0,False,17645.37,False
13849251,2011-12-16,37.0,False,3619.5,False
13849251,2011-12-16,41.0,True,37502.66,False
13849251,2011-12-16,95.0,False,1475.41,False
13849251,2011-12-16,34.0,False,13342.8,False
13849251,2011-12-16,7.0,False,8991.34,False
13849251,2011-12-23,30.0,False,16115.58,False
13849251,2011-12-23,79.0,False,2217.77,False
13849251,2011-12-23,56.0,False,736.57,False
13849251,2011-12-23,97.0,True,27574.99,False
13849251,2011-12-23,17.0,True,4540.55,False
13849251,2011-12-23,60.0,False,841.17,False
13849251,2011-12-23,56.0,False,4214.21,False
13849251,2011-12-23,20.0,True,11158.37,False
13849251,2011-12-23,16.0,True,15225.01,False
13849251,2011-12-23,11.0,False,26246.15,False
13849251,2011-12-23,54.0,True,1177.39,False
13849251,2011-12-23,52.0,False,12737.19,False
13849251,2011-12-23,72.0,False,20063.82,False
13849251,2011-12-23,14.0,False,8038.19,False
13849251,2011-12-23,30.0,False,3902.06,False
13849251,2011-12-23,14.0,False,15400.33,False
13849251,2011-12-23,28.0,False,13304.6,False
13849251,2011-12-23,6.0,True,26533.63,False
13849251,2011-12-23,98.0,True,5101.59,False
13849251,2011-12-23,24.0,False,2155.51,False
13849251,2011-12-23,46.0,True,37693.48,False
13849251,2011-12-23,72.0,True,6499.95,False
13849251,2011-12-23,79.0,True,15511.61,False
13849251,2011-12-23,81.0,False,1728.28,False
13849251,2011-12-23,83.0,True,2378.56,False
13849251,2011-12-23,36.0,True,8206.63,False
13849251,2011-12-23,25.0,True,3924.55,False
13849251,2011-12-23,82.0,False,805.12,False
13849251,2011-12-23,9.0,False,3663.36,False
13849251,2011-12-23,19.0,False,24718.56,False
13849251,2011-12-23,35.0,True,202.37,False
13849251,2011-12-23,9.0,False,45386.59,False
13849251,2011-12-23,37.0,False,10828.32,False
13849251,2011-12-23,11.0,False,7821.78,False
13849251,2011-12-23,79.0,True,43060.26,False
13849251,2011-12-23,11.0,True,7412.07,False
13849251,2011-12-23,5.0,False,86402.17,False
13849251,2011-12-23,16.0,False,477.95,False
13849251,2011-12-23,42.0,False,22772.0,False
13849251,2011-12-23,33.0,False,29755.16,False
13849251,2011-12-23,72.0,False,1102.64,False
13849251,2011-12-23,87.0,False,3730.25,False
13849251,2011-12-23,9.0,False,1751.06,False
13849251,2011-12-23,59.0,False,18430.13,False
13849251,2011-12-23,23.0,True,7355.0,False
13849251,2011-12-23,1.0,False,19616.7,False
13849251,2011-12-23,19.0,False,2143.6,False
13849251,2011-12-23,98.0,True,1952.11,False
13849251,2011-12-23,18.0,True,21562.24,False
13849251,2011-12-23,41.0,False,1163.35,False
13849251,2011-12-23,25.0,False,21355.45,False
13849251,2011-12-23,12.0,False,10014.88,False
13849251,2011-12-23,95.0,False,2.63,False
13849251,2011-12-23,41.0,False,1624.62,False
13849251,2011-12-23,12.0,True,25382.07,False
13849251,2011-12-23,22.0,False,27583.99,False
13849251,2011-12-23,59.0,False,45.51,False
13849251,2011-12-23,71.0,False,7047.75,False
13849251,2011-12-23,1.0,False,4489.48,False
13849251,2011-12-23,4.0,True,22100.79,False
13849251,2011-12-23,59.0,False,6261.15,False
13849251,2011-12-23,23.0,False,24997.55,False
13849251,2011-12-23,72.0,True,10057.23,False
13849251,2011-12-23,26.0,True,6125.82,False
13849251,2011-12-23,6.0,False,34539.5,False
13849251,2011-12-23,38.0,True,9400.43,False
13849251,2011-12-23,38.0,False,5303.68,False
13849251,2011-12-23,83.0,True,2764.64,False
13849251,2011-12-23,16.0,False,4183.02,False
13849251,2011-12-23,58.0,True,20484.89,False
13849251,2011-12-23,38.0,False,3693.13,False
13849251,2011-12-23,54.0,False,5524.18,False
13849251,2011-12-23,28.0,True,1981.39,False
13849251,2011-12-23,25.0,False,22771.78,False
13849251,2011-12-23,67.0,False,16788.83,False
13849251,2011-12-30,85.0,True,9851.56,False
13849251,2011-12-30,1.0,False,17184.19,False
13849251,2011-12-30,11.0,True,21146.85,False
13849251,2011-12-30,79.0,False,2212.13,False
13849251,2011-12-30,90.0,False,12571.11,False
13849251,2011-12-30,87.0,True,5.2,False
13849251,2011-12-30,7.0,True,21739.97,False
13849251,2011-12-30,26.0,True,6781.5,False
13849251,2011-12-30,42.0,True,2662.06,False
13849251,2011-12-30,16.0,True,16083.36,False
13849251,2011-12-30,38.0,True,584.0,False
13849251,2011-12-30,60.0,False,1336.63,False
13849251,2011-12-30,18.0,True,827.5,False
13849251,2011-12-30,26.0,True,1820.7,False
13849251,2011-12-30,40.0,True,6442.39,False
13849251,2011-12-30,17.0,True,11290.44,False
13849251,2011-12-30,59.0,True,4154.64,False
13849251,2011-12-30,85.0,True,576.25,False
13849251,2011-12-30,18.0,True,12533.67,False
13849251,2011-12-30,6.0,True,5022.28,False
13849251,2011-12-30,96.0,True,6377.14,False
13849251,2011-12-30,3.0,False,1812.68,False
13849251,2011-12-30,72.0,True,141.73,False
13849251,2011-12-30,80.0,True,1323.88,False
13849251,2011-12-30,97.0,False,26004.32,False
13849251,2011-12-30,72.0,False,24409.98,False
13849251,2011-12-30,26.0,True,20549.23,False
13849251,2011-12-30,8.0,False,14086.43,False
13849251,2011-12-30,82.0,False,136.54,False
13849251,2011-12-30,46.0,False,6106.27,False
13849251,2011-12-30,26.0,True,33692.75,False
13849251,2011-12-30,34.0,False,587.63,False
13849251,2011-12-30,20.0,True,26645.97,False
13849251,2011-12-30,31.0,False,440.85,False
13849251,2011-12-30,71.0,True,244.9,False
13849251,2011-12-30,18.0,False,27331.58,False
13849251,2011-12-30,8.0,False,2534.25,False
13849251,2011-12-30,2.0,True,9585.77,False
13849251,2011-12-30,82.0,False,2818.63,False
13849251,2011-12-30,24.0,True,52114.83,False
13849251,2011-12-30,30.0,True,4239.36,False
13849251,2011-12-30,33.0,False,45061.15,False
13849251,2011-12-30,7.0,False,7602.76,False
13849251,2011-12-30,52.0,True,2277.81,False
13849251,2011-12-30,98.0,False,1793.46,False
13849251,2011-12-30,32.0,True,26125.78,False
13849251,2011-12-30,34.0,False,2543.81,False
13849251,2011-12-30,54.0,True,3050.41,False
13849251,2011-12-30,35.0,False,369.3,False
13849251,2011-12-30,80.0,True,1024.8,False
13849251,2011-12-30,27.0,True,795.27,False
13849251,2011-12-30,35.0,True,12244.81,False
14285559,2011-12-02,74.0,False,11328.18,False
14285559,2011-12-02,54.0,False,1723.41,False
14285559,2011-12-02,96.0,False,9458.34,False
14285559,2011-12-02,80.0,False,12927.82,False
14285559,2011-12-02,26.0,False,10046.05,False
14285559,2011-12-02,29.0,False,6246.06,False
14285559,2011-12-02,3.0,False,2678.17,False
14285559,2011-12-02,42.0,False,18020.06,False
14285559,2011-12-02,90.0,False,17776.19,False
14285559,2011-12-02,21.0,False,11052.11,False
14285559,2011-12-02,35.0,False,1647.59,False
14285559,2011-12-02,22.0,True,2168.95,False
14285559,2011-12-02,44.0,False,22695.74,False
14285559,2011-12-02,52.0,False,3768.54,False
14285559,2011-12-02,97.0,False,2881.48,False
14285559,2011-12-02,85.0,False,1873.32,False
14285559,2011-12-02,41.0,False,8631.66,False
14285559,2011-12-02,12.0,False,5959.13,False
14285559,2011-12-02,14.0,False,4198.64,False
14285559,2011-12-02,44.0,False,13995.77,False
14285559,2011-12-02,21.0,False,578.71,False
14285559,2011-12-02,93.0,False,5816.59,False
14285559,2011-12-02,49.0,False,2169.42,False
14285559,2011-12-02,32.0,False,2429.26,False
14285559,2011-12-02,80.0,False,26579.34,False
14285559,2011-12-02,85.0,False,2275.81,False
14285559,2011-12-02,56.0,False,16872.02,False
14285559,2011-12-02,27.0,False,18119.66,False
14285559,2011-12-02,13.0,False,7092.12,False
14285559,2011-12-02,12.0,False,8144.5,False
14285559,2011-12-02,31.0,False,83.51,False
14285559,2011-12-02,94.0,False,6910.66,False
14285559,2011-12-02,82.0,False,3475.57,False
14285559,2011-12-02,98.0,True,251.57,False
14285559,2011-12-02,26.0,True,29403.97,False
14285559,2011-12-02,71.0,False,7773.34,False
14285559,2011-12-02,14.0,False,32482.76,False
14285559,2011-12-02,97.0,False,4811.93,False
14285559,2011-12-02,85.0,False,1690.14,False
14285559,2011-12-02,67.0,False,10090.97,False
14285559,2011-12-02,95.0,False,1842.92,False
14285559,2011-12-02,27.0,False,1591.29,False
14285559,2011-12-02,81.0,False,2832.05,False
14285559,2011-12-02,16.0,False,2244.82,False
14285559,2011-12-02,74.0,False,4143.08,False
14285559,2011-12-02,81.0,False,26062.91,False
14285559,2011-12-02,54.0,False,20889.96,False
14285559,2011-12-02,40.0,False,2814.59,False
14285559,2011-12-02,74.0,False,9729.7,False
14285559,2011-12-02,72.0,False,2736.91,False
14285559,2011-12-02,79.0,False,3260.93,False
14285559,2011-12-02,80.0,False,2159.85,False
14285559,2011-12-02,7.0,False,28763.99,False
14285559,2011-12-02,60.0,False,2265.4,False
14285559,2011-12-02,60.0,False,2494.15,False
14285559,2011-12-02,9.0,False,20904.84,False
14285559,2011-12-02,92.0,False,-158.49,False
14285559,2011-12-02,4.0,False,9816.84,False
14285559,2011-12-02,25.0,True,7606.58,False
14285559,2011-12-02,14.0,False,1083.96,False
14285559,2011-12-02,98.0,False,1563.32,False
14285559,2011-12-02,33.0,False,3647.62,False
14285559,2011-12-02,81.0,False,338.31,False
14285559,2011-12-02,97.0,False,4461.44,False
14285559,2011-12-02,41.0,False,6789.09,False
14285559,2011-12-02,46.0,False,6725.72,False
14285559,2011-12-02,17.0,True,11517.26,False
14285559,2011-12-02,22.0,False,9330.19,False
14285559,2011-12-02,38.0,True,3603.23,False
14285559,2011-12-02,92.0,False,18660.23,False
14285559,2011-12-02,35.0,False,1021.16,False
14285559,2011-12-02,49.0,False,232.47,False
14285559,2011-12-02,38.0,False,9976.06,False
14285559,2011-12-02,99.0,False,908.14,False
14285559,2011-12-02,35.0,False,7715.83,False
14285559,2011-12-02,4.0,False,55366.22,False
14285559,2011-12-02,36.0,False,4351.85,False
14285559,2011-12-02,23.0,False,3478.59,False
14285559,2011-12-02,56.0,False,1787.08,False
14285559,2011-12-02,36.0,False,10938.63,False
14285559,2011-12-02,67.0,False,2131.31,False
14285559,2011-12-02,72.0,False,-260.4,False
14285559,2011-12-02,35.0,False,20755.17,False
14285559,2011-12-02,8.0,False,24423.84,False
14285559,2011-12-02,95.0,False,3832.69,False
14285559,2011-12-02,7.0,False,28450.53,False
14285559,2011-12-02,16.0,True,4174.19,False
14285559,2011-12-02,22.0,False,6196.95,False
14285559,2011-12-02,83.0,False,11343.11,False
14285559,2011-12-02,1.0,False,30806.41,False
14285559,2011-12-02,4.0,False,21210.8,False
14285559,2011-12-02,16.0,False,12478.76,False
14285559,2011-12-02,83.0,False,14697.86,False
14285559,2011-12-02,71.0,True,5060.22,False
14285559,2011-12-02,10.0,False,32890.84,False
14285559,2011-12-02,74.0,False,4.9,False
14285559,2011-12-02,55.0,False,8300.79,False
14285559,2011-12-02,24.0,False,29995.77,False
14285559,2011-12-02,93.0,False,1532.2,False
14285559,2011-12-02,55.0,False,4095.9,False
14285559,2011-12-02,3.0,False,7359.75,False
14285559,2011-12-02,22.0,False,16662.94,False
14285559,2011-12-02,37.0,False,14605.11,False
14285559,2011-12-02,26.0,False,24863.63,False
14285559,2011-12-02,67.0,False,23682.82,False
14285559,2011-12-02,79.0,False,6341.16,False
14285559,2011-12-02,49.0,False,26770.55,False
14285559,2011-12-02,40.0,False,13841.71,False
14285559,2011-12-02,60.0,False,-228.08,False
14285559,2011-12-02,14.0,False,5568.85,False
14285559,2011-12-02,4.0,False,12623.56,False
14285559,2011-12-02,18.0,False,5096.29,False
14285559,2011-12-02,24.0,False,28212.02,False
14285559,2011-12-02,52.0,False,55.57,False
14285559,2011-12-02,90.0,False,549.64,False
14285559,2011-12-02,14.0,False,14390.08,False
14285559,2011-12-02,7.0,False,12200.53,False
14285559,2011-12-02,28.0,False,10492.57,False
14285559,2011-12-02,22.0,True,28098.7,False
14285559,2011-12-02,94.0,False,4792.48,False
14285559,2011-12-02,40.0,False,1549.19,False
14285559,2011-12-02,32.0,False,3052.18,False
14285559,2011-12-02,95.0,False,3255.78,False
14285559,2011-12-02,46.0,True,8484.81,False
14285559,2011-12-02,3.0,False,6682.75,False
14285559,2011-12-02,48.0,False,9788.78,False
14285559,2011-12-02,33.0,True,1951.61,False
14285559,2011-12-09,27.0,False,9.23,False
14285559,2011-12-09,9.0,False,16433.08,False
14285559,2011-12-09,23.0,False,37076.0,False
14285559,2011-12-09,21.0,False,46.05,False
14285559,2011-12-09,33.0,False,19127.34,False
14285559,2011-12-09,33.0,False,13571.33,False
14285559,2011-12-09,46.0,False,13304.24,False
14285559,2011-12-09,28.0,False,9534.09,False
14285559,2011-12-09,87.0,True,26944.44,False
14285559,2011-12-09,56.0,False,16585.28,False
14285559,2011-12-09,46.0,False,10029.28,False
14285559,2011-12-09,82.0,False,-151.13,False
14285559,2011-12-09,41.0,False,6125.04,False
14285559,2011-12-09,58.0,False,1523.63,False
14285559,2011-12-09,80.0,False,1405.96,False
14285559,2011-12-09,59.0,False,71.98,False
14285559,2011-12-09,26.0,True,3361.44,False
14285559,2011-12-09,47.0,False,1051.89,False
14285559,2011-12-09,90.0,False,25385.9,False
14285559,2011-12-09,13.0,False,10950.88,False
14285559,2011-12-09,59.0,True,7045.42,False
14285559,2011-12-09,35.0,True,16966.97,False
14285559,2011-12-09,28.0,True,-146.75,False
14285559,2011-12-09,38.0,False,8278.19,False
14285559,2011-12-09,16.0,False,6741.13,False
14285559,2011-12-09,35.0,False,21829.01,False
14285559,2011-12-09,6.0,True,41568.08,False
14285559,2011-12-09,14.0,False,26732.55,False
14285559,2011-12-09,71.0,False,5552.13,False
14285559,2011-12-09,13.0,False,3325.21,False
14285559,2011-12-09,10.0,True,29597.94,False
14285559,2011-12-09,26.0,False,15892.28,False
14285559,2011-12-09,27.0,False,6159.97,False
14285559,2011-12-09,18.0,True,14658.17,False
14285559,2011-12-09,96.0,False,7049.26,False
14285559,2011-12-09,71.0,False,6888.7,False
14285559,2011-12-09,92.0,False,13630.8,False
14285559,2011-12-09,18.0,False,22098.2,False
14285559,2011-12-09,18.0,True,28954.42,False
14285559,2011-12-09,41.0,False,17538.59,False
14285559,2011-12-09,33.0,False,10120.25,False
14285559,2011-12-09,44.0,False,880.01,False
14285559,2011-12-09,8.0,False,17466.34,False
14285559,2011-12-09,87.0,False,7738.9,False
14285559,2011-12-09,92.0,False,537.41,False
14285559,2011-12-09,22.0,False,3720.01,False
14285559,2011-12-09,97.0,False,855.29,False
14285559,2011-12-09,71.0,False,2903.07,False
14285559,2011-12-09,19.0,False,4236.42,False
14285559,2011-12-09,28.0,False,744.13,False
14285559,2011-12-09,94.0,True,1562.38,False
14285559,2011-12-09,59.0,False,1003.17,False
14285559,2011-12-09,22.0,False,3164.96,False
14285559,2011-12-09,28.0,False,1884.61,False
14285559,2011-12-09,92.0,False,394.21,False
14285559,2011-12-09,26.0,False,23536.66,False
14285559,2011-12-09,41.0,False,3482.94,False
14285559,2011-12-09,32.0,False,2501.05,False
14285559,2011-12-09,93.0,False,9487.54,False
14285559,2011-12-09,90.0,False,1167.79,False
14285559,2011-12-09,54.0,False,67887.8,False
14285559,2011-12-09,60.0,False,5635.6,False
14285559,2011-12-09,55.0,False,796.83,False
14285559,2011-12-09,21.0,True,2897.11,False
14285559,2011-12-09,81.0,False,9615.92,False
14285559,2011-12-09,11.0,False,16981.84,False
14285559,2011-12-09,23.0,False,4271.03,False
14285559,2011-12-09,95.0,False,561.79,False
14285559,2011-12-09,17.0,False,64641.84,False
14285559,2011-12-09,49.0,False,378.29,False
14285559,2011-12-09,32.0,False,16153.66,False
14285559,2011-12-09,46.0,False,1250.72,False
14285559,2011-12-09,90.0,False,2019.87,False
14285559,2011-12-09,22.0,False,6373.45,False
14285559,2011-12-09,90.0,False,123.9,False
14285559,2011-12-09,11.0,False,26265.33,False
14285559,2011-12-09,7.0,True,13137.37,False
14285559,2011-12-09,72.0,False,340.55,False
14285559,2011-12-09,14.0,False,12891.22,False
14285559,2011-12-09,9.0,True,11037.86,False
14285559,2011-12-09,35.0,False,14634.42,False
14285559,2011-12-16,49.0,False,5964.8,False
14285559,2011-12-16,13.0,False,3531.27,False
14285559,2011-12-16,21.0,False,1021.03,False
14285559,2011-12-16,18.0,False,6705.66,False
14285559,2011-12-16,2.0,False,9860.3,False
14285559,2011-12-16,60.0,False,15575.68,False
14285559,2011-12-16,23.0,False,1200.31,False
14285559,2011-12-16,58.0,False,10394.93,False
14285559,2011-12-16,85.0,True,5816.45,False
14285559,2011-12-16,13.0,False,2323.25,False
14285559,2011-12-16,32.0,False,11222.25,False
14285559,2011-12-16,79.0,False,6680.84,False
14285559,2011-12-16,10.0,False,6312.45,False
14285559,2011-12-16,80.0,True,6851.43,False
14285559,2011-12-16,40.0,False,4368.3,False
14285559,2011-12-16,21.0,False,6668.87,False
14285559,2011-12-16,80.0,False,69065.99,False
14285559,2011-12-16,34.0,False,2162.16,False
14285559,2011-12-16,30.0,False,508.2,False
14285559,2011-12-16,80.0,True,5905.13,False
14285559,2011-12-16,72.0,False,7164.35,False
14285559,2011-12-16,21.0,True,4184.06,False
14285559,2011-12-16,83.0,False,9065.93,False
14285559,2011-12-16,30.0,False,1341.03,False
14285559,2011-12-16,92.0,False,10885.0,False
14285559,2011-12-16,72.0,False,11785.94,False
14285559,2011-12-16,16.0,False,6330.56,False
14285559,2011-12-16,95.0,False,119.55,False
14285559,2011-12-16,79.0,False,12261.6,False
14285559,2011-12-16,2.0,False,23906.89,False
14285559,2011-12-16,92.0,False,-21.34,False
14285559,2011-12-16,18.0,False,2105.99,False
14285559,2011-12-16,28.0,True,11657.73,False
14285559,2011-12-16,98.0,False,4781.98,False
14285559,2011-12-16,98.0,True,1627.83,False
14285559,2011-12-16,8.0,True,11681.31,False
14285559,2011-12-16,96.0,False,3659.37,False
14285559,2011-12-16,52.0,False,25408.86,False
14285559,2011-12-16,29.0,False,14715.52,False
14285559,2011-12-16,27.0,False,4987.61,False
14285559,2011-12-16,41.0,False,15372.96,False
14285559,2011-12-16,22.0,False,8780.38,False
14285559,2011-12-16,13.0,False,18091.1,False
14285559,2011-12-16,72.0,False,5868.87,False
14285559,2011-12-16,5.0,False,12554.9,False
14285559,2011-12-16,35.0,True,3354.75,False
14285559,2011-12-16,34.0,False,2836.69,False
14285559,2011-12-16,79.0,False,20330.87,False
14285559,2011-12-16,54.0,True,9076.55,False
14285559,2011-12-16,30.0,False,1687.5,False
14285559,2011-12-16,14.0,True,20211.31,False
14285559,2011-12-16,33.0,True,3449.48,False
14285559,2011-12-16,48.0,True,11631.7,False
14285559,2011-12-16,36.0,False,4178.42,False
14285559,2011-12-16,16.0,False,67672.15,False
14285559,2011-12-16,81.0,False,1962.34,False
14285559,2011-12-16,18.0,False,9042.4,False
14285559,2011-12-16,87.0,True,7716.21,False
14285559,2011-12-16,93.0,True,1636.48,False
14285559,2011-12-16,14.0,False,12649.31,False
14285559,2011-12-16,94.0,False,3782.26,False
14285559,2011-12-16,67.0,False,10587.19,False
14285559,2011-12-16,12.0,False,24564.95,False
14285559,2011-12-16,1.0,False,32345.17,False
14285559,2011-12-16,35.0,False,3575.6,False
14285559,2011-12-16,28.0,False,9297.67,False
14285559,2011-12-16,80.0,False,8534.34,False
14285559,2011-12-16,12.0,False,22449.24,False
14285559,2011-12-16,96.0,False,2313.79,False
14285559,2011-12-16,82.0,True,3674.64,False
14285559,2011-12-16,58.0,True,9969.84,False
14285559,2011-12-16,95.0,True,3540.48,False
14285559,2011-12-16,92.0,False,-36.53,False
14285559,2011-12-16,46.0,True,40233.08,False
14285559,2011-12-16,22.0,False,24114.3,False
14285559,2011-12-16,44.0,False,2453.39,False
14285559,2011-12-16,40.0,False,1541.98,False
14285559,2011-12-16,98.0,False,696.18,False
14285559,2011-12-16,97.0,False,12345.32,False
14285559,2011-12-16,17.0,False,3336.69,False
14285559,2011-12-16,74.0,False,4774.42,False
14285559,2011-12-16,96.0,False,-271.56,False
14285559,2011-12-16,40.0,False,2458.81,False
14285559,2011-12-16,3.0,False,20629.94,False
14285559,2011-12-16,26.0,False,65121.09,False
14285559,2011-12-16,26.0,False,7235.97,False
14285559,2011-12-16,91.0,False,5579.16,False
14285559,2011-12-23,12.0,True,10632.03,False
14285559,2011-12-23,32.0,False,23813.75,False
14285559,2011-12-23,21.0,True,306.59,False
14285559,2011-12-23,13.0,False,5906.21,False
14285559,2011-12-23,7.0,False,25951.36,False
14285559,2011-12-23,12.0,True,3038.83,False
14285559,2011-12-23,46.0,False,1989.32,False
14285559,2011-12-23,31.0,False,12102.55,False
14285559,2011-12-23,52.0,True,7247.64,False
14285559,2011-12-23,97.0,False,-63.36,False
14285559,2011-12-23,10.0,False,16256.73,False
14285559,2011-12-23,21.0,True,44616.93,False
14285559,2011-12-23,92.0,False,2269.28,False
14285559,2011-12-23,54.0,True,755.56,False
14285559,2011-12-23,42.0,True,3009.76,False
14285559,2011-12-23,14.0,True,17637.73,False
14285559,2011-12-23,36.0,False,6437.0,False
14285559,2011-12-23,98.0,False,-1.36,False
14285559,2011-12-23,31.0,True,6334.43,False
14285559,2011-12-23,33.0,False,3620.27,False
14285559,2011-12-23,81.0,True,9649.81,False
14285559,2011-12-23,67.0,False,23343.41,False
14285559,2011-12-23,74.0,False,7583.15,False
14285559,2011-12-23,38.0,False,3763.82,False
14285559,2011-12-23,34.0,True,10606.04,False
14285559,2011-12-23,36.0,False,8577.82,False
14285559,2011-12-23,52.0,False,2669.0,False
14285559,2011-12-23,8.0,True,20784.51,False
14285559,2011-12-23,35.0,True,9314.94,False
14285559,2011-12-23,2.0,True,34027.79,False
14285559,2011-12-23,46.0,True,13397.31,False
14285559,2011-12-23,44.0,True,1726.17,False
14285559,2011-12-23,40.0,False,14761.91,False
14285559,2011-12-23,56.0,True,4687.77,False
14285559,2011-12-23,60.0,False,50487.38,False
14285559,2011-12-23,2.0,True,10509.21,False
14285559,2011-12-23,16.0,False,6080.73,False
14285559,2011-12-23,36.0,True,17240.76,False
14285559,2011-12-23,9.0,False,21903.09,False
14285559,2011-12-23,58.0,True,-150.91,False
14285559,2011-12-23,23.0,False,21769.03,False
14285559,2011-12-23,60.0,False,871.35,False
14285559,2011-12-23,95.0,False,10719.53,False
14285559,2011-12-23,35.0,False,4967.17,False
14285559,2011-12-23,36.0,True,10107.88,False
14285559,2011-12-23,54.0,False,5817.49,False
14285559,2011-12-23,5.0,True,9126.57,False
14285559,2011-12-23,44.0,False,1426.15,False
14285559,2011-12-23,12.0,True,20471.88,False
14285559,2011-12-23,46.0,True,4264.14,False
14285559,2011-12-23,3.0,False,15705.26,False
14285559,2011-12-23,22.0,True,14505.55,False
14285559,2011-12-23,87.0,False,5883.77,False
14285559,2011-12-23,10.0,True,66603.92,False
14285559,2011-12-23,92.0,True,14490.01,False
14285559,2011-12-23,52.0,True,208.8,False
14285559,2011-12-23,3.0,True,24612.11,False
14285559,2011-12-23,5.0,False,13247.17,False
14285559,2011-12-23,11.0,True,30695.57,False
14285559,2011-12-23,72.0,False,1031.96,False
14285559,2011-12-23,52.0,False,15046.73,False
14285559,2011-12-23,95.0,False,4556.4,False
14285559,2011-12-23,7.0,False,6004.6,False
14285559,2011-12-23,59.0,False,16462.33,False
14285559,2011-12-23,52.0,False,-44.04,False
14285559,2011-12-23,82.0,False,13783.84,False
14285559,2011-12-23,10.0,True,15369.56,False
14285559,2011-12-23,31.0,False,17912.55,False
14285559,2011-12-23,28.0,False,9853.28,False
14285559,2011-12-23,60.0,False,13860.96,False
14285559,2011-12-23,96.0,False,1021.59,False
14285559,2011-12-23,24.0,True,3578.46,False
14285559,2011-12-23,42.0,True,4257.23,False
14285559,2011-12-23,27.0,False,10223.77,False
14285559,2011-12-23,8.0,False,1417.71,False
14285559,2011-12-23,30.0,True,4819.32,False
14285559,2011-12-30,30.0,True,,True
14447683,2011-12-02,44.0,False,3227.65,False
14447683,2011-12-02,91.0,False,-72.39,False
14447683,2011-12-02,85.0,False,26728.33,False
14447683,2011-12-02,1.0,False,56879.18,False
14447683,2011-12-02,98.0,False,3328.64,False
14447683,2011-12-02,98.0,False,32048.34,False
14447683,2011-12-02,17.0,False,35797.79,False
14447683,2011-12-02,30.0,False,1976.45,False
14447683,2011-12-02,34.0,False,34103.96,False
14447683,2011-12-02,83.0,False,233.9,False
14447683,2011-12-02,38.0,False,2443.06,False
14447683,2011-12-02,5.0,False,138682.18,False
14447683,2011-12-02,98.0,False,11364.4,False
14447683,2011-12-02,59.0,False,4954.5,False
14447683,2011-12-02,25.0,False,30586.25,False
14447683,2011-12-02,49.0,False,-90.26,False
14447683,2011-12-02,2.0,False,39446.12,False
14447683,2011-12-02,3.0,False,2558.42,False
14447683,2011-12-02,3.0,False,31783.19,False
14447683,2011-12-02,83.0,False,19393.66,False
14447683,2011-12-02,11.0,False,30178.87,False
14447683,2011-12-02,2.0,False,-43.92,False
14447683,2011-12-02,74.0,False,15989.71,False
14447683,2011-12-02,21.0,False,1100.18,False
14447683,2011-12-02,1.0,False,2158.74,False
14447683,2011-12-02,91.0,False,1351.78,False
14447683,2011-12-02,31.0,False,4057.62,False
14447683,2011-12-02,25.0,False,686.4,False
14447683,2011-12-02,5.0,False,8421.67,False
14447683,2011-12-02,81.0,False,74793.01,False
14447683,2011-12-02,4.0,True,2807.35,False
14447683,2011-12-02,3.0,False,6609.07,False
14447683,2011-12-02,60.0,False,1808.38,False
14447683,2011-12-02,98.0,False,-237.96,False
14447683,2011-12-02,93.0,False,11197.17,False
14447683,2011-12-02,19.0,False,23117.59,False
14447683,2011-12-02,42.0,False,3344.69,False
14447683,2011-12-02,90.0,False,562.48,False
14447683,2011-12-02,85.0,False,74220.72,False
14447683,2011-12-02,60.0,False,164493.88,False
14447683,2011-12-02,91.0,False,1330.29,False
14447683,2011-12-02,8.0,False,22597.93,False
14447683,2011-12-02,18.0,False,17158.62,False
14447683,2011-12-02,41.0,False,15571.94,False
14447683,2011-12-02,23.0,False,15.91,False
14447683,2011-12-02,42.0,False,104974.1,False
14447683,2011-12-02,22.0,False,-70.87,False
14447683,2011-12-02,25.0,False,3501.55,False
14447683,2011-12-02,1.0,False,2376.5,False
14447683,2011-12-02,79.0,False,262.73,False
14447683,2011-12-02,96.0,False,13385.47,False
14447683,2011-12-02,3.0,False,-203.56,False
14447683,2011-12-02,98.0,False,5724.64,False
14447683,2011-12-02,44.0,False,19246.8,False
14447683,2011-12-02,72.0,False,52703.99,False
14447683,2011-12-02,1.0,False,2954.74,False
14447683,2011-12-02,29.0,False,-142.5,False
14447683,2011-12-02,46.0,False,53812.36,False
14447683,2011-12-02,42.0,False,213.87,False
14447683,2011-12-02,9.0,False,30001.68,False
14447683,2011-12-02,98.0,False,33865.02,False
14447683,2011-12-09,91.0,False,-56.39,False
14447683,2011-12-09,2.0,False,4621.86,False
14447683,2011-12-09,97.0,False,27658.31,False
14447683,2011-12-09,30.0,False,4531.08,False
14447683,2011-12-09,8.0,False,66849.86,False
14447683,2011-12-09,28.0,False,1406.25,False
14447683,2011-12-09,3.0,False,4689.57,False
14447683,2011-12-09,5.0,False,-222.6,False
14447683,2011-12-09,82.0,False,74.53,False
14447683,2011-12-09,98.0,False,1091.93,False
14447683,2011-12-09,98.0,False,-101.44,False
14447683,2011-12-09,38.0,False,7.45,False
14447683,2011-12-09,98.0,False,-218.88,False
14447683,2011-12-09,10.0,False,9331.13,False
14447683,2011-12-09,49.0,False,11259.53,False
14447683,2011-12-09,37.0,False,-20.27,False
14447683,2011-12-09,9.0,False,20331.52,False
14447683,2011-12-09,98.0,False,1207.86,False
14447683,2011-12-09,98.0,False,55608.14,False
14447683,2011-12-09,96.0,False,14548.05,False
14447683,2011-12-09,93.0,False,59276.94,False
14447683,2011-12-09,4.0,False,4054.22,False
14447683,2011-12-09,8.0,False,-142.54,False
14447683,2011-12-09,85.0,True,27035.7,False
14447683,2011-12-09,60.0,False,-233.81,False
14447683,2011-12-09,3.0,False,671.31,False
14447683,2011-12-09,2.0,True,109208.67,False
14447683,2011-12-09,98.0,False,5737.68,False
14447683,2011-12-09,2.0,False,9898.39,False
14447683,2011-12-09,5.0,False,4050.4,False
14447683,2011-12-09,60.0,False,-153.71,False
14447683,2011-12-09,22.0,False,1655.14,False
14447683,2011-12-09,90.0,True,281.34,False
14447683,2011-12-09,2.0,False,32824.04,False
14447683,2011-12-09,29.0,False,9057.28,False
14447683,2011-12-09,59.0,False,62796.65,False
14447683,2011-12-09,13.0,False,18217.23,False
14447683,2011-12-09,98.0,False,21769.21,False
14447683,2011-12-09,94.0,False,1544.72,False
14447683,2011-12-09,36.0,False,1771.17,False
14447683,2011-12-09,85.0,False,14672.69,False
14447683,2011-12-09,98.0,False,-237.41,False
14447683,2011-12-09,16.0,False,7632.6,False
14447683,2011-12-09,10.0,False,-26.96,False
14447683,2011-12-09,74.0,False,4064.95,False
14447683,2011-12-09,97.0,False,5081.62,False
14447683,2011-12-09,13.0,False,19785.48,False
14447683,2011-12-09,10.0,False,13028.63,False
14447683,2011-12-09,14.0,False,13138.5,False
14447683,2011-12-09,40.0,False,141624.77,False
14447683,2011-12-09,90.0,False,74665.56,False
14447683,2011-12-09,54.0,False,8158.43,False
14447683,2011-12-09,96.0,False,96607.52,False
14447683,2011-12-09,8.0,False,7344.26,False
14447683,2011-12-09,1.0,False,57515.41,False
14447683,2011-12-09,91.0,False,3244.63,False
14447683,2011-12-09,6.0,False,11814.38,False
14447683,2011-12-09,97.0,False,9280.9,False
14447683,2011-12-09,31.0,False,2029.68,False
14447683,2011-12-09,74.0,False,20468.61,False
14447683,2011-12-09,94.0,False,47881.06,False
14447683,2011-12-09,54.0,False,4722.02,False
14447683,2011-12-09,34.0,False,35559.36,False
14447683,2011-12-09,6.0,False,987.62,False
14447683,2011-12-09,71.0,False,12233.13,False
14447683,2011-12-09,98.0,False,426.4,False
14447683,2011-12-09,1.0,False,15656.26,False
14447683,2011-12-09,85.0,False,-180.43,False
14447683,2011-12-09,16.0,True,-224.91,False
14447683,2011-12-09,95.0,False,16382.52,False
14447683,2011-12-09,24.0,False,11396.2,False
14447683,2011-12-16,98.0,False,-168.36,False
14447683,2011-12-16,71.0,False,3383.98,False
14447683,2011-12-16,48.0,True,2654.93,False
14447683,2011-12-16,98.0,False,185.49,False
14447683,2011-12-16,80.0,False,7455.26,False
14447683,2011-12-16,5.0,True,22794.1,False
14447683,2011-12-16,41.0,False,-237.52,False
14447683,2011-12-16,60.0,False,78905.36,False
14447683,2011-12-16,41.0,False,2667.43,False
14447683,2011-12-16,91.0,True,24380.58,False
14447683,2011-12-16,97.0,False,7324.46,False
14447683,2011-12-16,40.0,False,2201.2,False
14447683,2011-12-16,92.0,True,817.25,False
14447683,2011-12-16,2.0,False,106465.53,False
14447683,2011-12-16,23.0,True,9318.12,False
14447683,2011-12-16,94.0,False,4713.72,False
14447683,2011-12-16,23.0,False,23221.78,False
14447683,2011-12-16,67.0,False,-237.18,False
14447683,2011-12-16,5.0,False,2128.97,False
14447683,2011-12-16,2.0,True,342.5,False
14447683,2011-12-16,12.0,False,7805.1,False
14447683,2011-12-16,23.0,False,22050.69,False
14447683,2011-12-16,2.0,True,-2.12,False
14447683,2011-12-16,20.0,False,26061.4,False
14447683,2011-12-16,98.0,False,4211.33,False
14447683,2011-12-16,14.0,False,4034.48,False
14447683,2011-12-16,1.0,False,297.78,False
14447683,2011-12-16,19.0,False,29969.55,False
14447683,2011-12-16,97.0,False,8006.34,False
14447683,2011-12-16,98.0,False,704.17,False
14447683,2011-12-16,98.0,False,-238.33,False
14447683,2011-12-16,3.0,False,553.9,False
14447683,2011-12-16,47.0,False,775.98,False
14447683,2011-12-16,3.0,True,46761.67,False
14447683,2011-12-16,11.0,False,1498.92,False
14447683,2011-12-16,98.0,False,18238.62,False
14447683,2011-12-16,11.0,False,997.37,False
14447683,2011-12-16,22.0,False,81120.06,False
14447683,2011-12-16,40.0,False,852.29,False
14447683,2011-12-16,58.0,True,-98.48,False
14447683,2011-12-16,96.0,False,5447.63,False
14447683,2011-12-16,1.0,False,65405.22,False
14447683,2011-12-16,29.0,False,15030.1,False
14447683,2011-12-16,94.0,False,23894.41,False
14447683,2011-12-16,95.0,False,10540.19,False
14447683,2011-12-16,92.0,False,-236.34,False
14447683,2011-12-16,94.0,False,2965.21,False
14447683,2011-12-16,25.0,False,39046.31,False
14447683,2011-12-16,42.0,False,5558.69,False
14447683,2011-12-16,90.0,True,-233.52,False
14447683,2011-12-16,87.0,False,17220.35,False
14447683,2011-12-16,9.0,True,23132.35,False
14447683,2011-12-16,2.0,False,1073.94,False
14447683,2011-12-16,1.0,False,49602.63,False
14447683,2011-12-16,8.0,False,89246.73,False
14447683,2011-12-16,58.0,False,27062.41,False
14447683,2011-12-16,72.0,False,28946.01,False
14447683,2011-12-16,12.0,True,86.11,False
14447683,2011-12-16,60.0,False,7559.88,False
14447683,2011-12-16,27.0,False,249.47,False
14447683,2011-12-16,96.0,False,454.59,False
14447683,2011-12-23,40.0,False,817.75,False
14447683,2011-12-23,9.0,False,10799.97,False
14447683,2011-12-23,22.0,False,1860.86,False
14447683,2011-12-23,98.0,True,6568.12,False
14447683,2011-12-23,87.0,False,29889.65,False
14447683,2011-12-23,10.0,False,2163.95,False
14447683,2011-12-23,4.0,False,28875.77,False
14447683,2011-12-23,97.0,False,2734.0,False
14447683,2011-12-23,72.0,True,11421.23,False
14447683,2011-12-23,71.0,True,-137.51,False
14447683,2011-12-23,98.0,False,2628.38,False
14447683,2011-12-23,1.0,False,12509.67,False
14447683,2011-12-23,79.0,False,6906.34,False
14447683,2011-12-23,12.0,False,588.3,False
14447683,2011-12-23,90.0,False,4657.47,False
14447683,2011-12-23,98.0,False,41660.42,False
14447683,2011-12-23,20.0,False,4051.4,False
14447683,2011-12-23,8.0,False,17678.54,False
14447683,2011-12-23,85.0,False,643.95,False
14447683,2011-12-23,1.0,False,16836.28,False
14447683,2011-12-23,46.0,False,1509.12,False
14447683,2011-12-23,18.0,False,9554.17,False
14447683,2011-12-23,92.0,False,10245.23,False
14447683,2011-12-23,44.0,False,148.98,False
14447683,2011-12-23,8.0,True,5032.56,False
14447683,2011-12-23,40.0,True,4738.3,False
14447683,2011-12-23,55.0,True,230.36,False
14447683,2011-12-23,19.0,False,1032.37,False
14447683,2011-12-23,95.0,False,10721.56,False
14447683,2011-12-23,9.0,False,310.7,False
14447683,2011-12-23,14.0,False,7238.83,False
14447683,2011-12-23,98.0,False,1264.44,False
14447683,2011-12-23,74.0,True,51699.55,False
14447683,2011-12-23,90.0,True,-89.74,False
14447683,2011-12-23,10.0,False,11070.19,False
14447683,2011-12-23,85.0,False,25678.19,False
14447683,2011-12-23,1.0,False,136819.3,False
14447683,2011-12-23,94.0,False,8609.88,False
14447683,2011-12-23,27.0,True,184.1,False
14447683,2011-12-23,79.0,False,-91.26,False
14447683,2011-12-23,26.0,True,-203.0,False
14447683,2011-12-23,83.0,False,22095.53,False
14447683,2011-12-23,36.0,False,25725.04,False
14447683,2011-12-23,4.0,False,2884.29,False
14447683,2011-12-23,81.0,False,21315.43,False
14447683,2011-12-23,16.0,False,5613.78,False
14447683,2011-12-23,12.0,False,5284.57,False
14447683,2011-12-23,22.0,False,27308.82,False
14447683,2011-12-23,74.0,True,2002.32,False
14447683,2011-12-23,59.0,False,96237.11,False
14447683,2011-12-23,12.0,True,21764.6,False
14447683,2011-12-23,27.0,True,12981.28,False
14447683,2011-12-23,32.0,False,47869.56,False
14447683,2011-12-23,25.0,True,-227.03,False
14447683,2011-12-23,6.0,False,5866.85,False
14447683,2011-12-23,21.0,False,107.58,False
14447683,2011-12-23,92.0,False,37424.44,False
14447683,2011-12-23,45.0,False,14673.64,False
14447683,2011-12-23,98.0,False,28067.7,False
14447683,2011-12-23,92.0,True,-84.93,False
14447683,2011-12-23,21.0,False,3030.13,False
14447683,2011-12-23,96.0,True,11355.97,False
14447683,2011-12-23,85.0,False,26560.19,False
14447683,2011-12-23,98.0,True,39365.89,False
14447683,2011-12-23,83.0,False,625.61,False
14447683,2011-12-23,31.0,False,17512.42,False
14447683,2011-12-23,98.0,False,3405.6,False
14447683,2011-12-23,36.0,False,2710.99,False
14447683,2011-12-23,98.0,True,844.2,False
14447683,2011-12-23,2.0,True,1642.51,False
14447683,2011-12-23,91.0,True,627.92,False
14447683,2011-12-23,59.0,False,26895.46,False
14447683,2011-12-23,59.0,False,636.23,False
14447683,2011-12-23,98.0,False,1801.02,False
14447683,2011-12-23,91.0,False,1652.45,False
14447683,2011-12-30,26.0,True,16773.3,False
14447683,2011-12-30,81.0,False,26248.48,False
14447683,2011-12-30,7.0,True,1890.71,False
14447683,2011-12-30,42.0,True,2275.66,False
14447683,2011-12-30,33.0,True,37573.33,False
14447683,2011-12-30,98.0,False,5205.49,False
14447683,2011-12-30,92.0,True,-54.99,False
14447683,2011-12-30,74.0,True,828.05,False
14447683,2011-12-30,30.0,True,-227.56,False
14447683,2011-12-30,9.0,True,-218.81,False
14447683,2011-12-30,96.0,False,1645.17,False
14447683,2011-12-30,94.0,True,-238.33,False
14447683,2011-12-30,2.0,True,529.45,False
14447683,2011-12-30,95.0,True,878.01,False
14447683,2011-12-30,28.0,False,3152.58,False
14447683,2011-12-30,83.0,True,-234.18,False
14447683,2011-12-30,1.0,True,2258.57,False
14447683,2011-12-30,94.0,True,16955.45,False
14447683,2011-12-30,95.0,True,65245.19,False
14447683,2011-12-30,27.0,True,64372.99,False
14447683,2011-12-30,29.0,True,1111.42,False
14447683,2011-12-30,36.0,True,25076.82,False
14447683,2011-12-30,18.0,False,22083.71,False
14447683,2011-12-30,2.0,True,21188.03,False
14447683,2011-12-30,26.0,False,431.97,False
14447683,2011-12-30,9.0,False,25416.65,False
14447683,2011-12-30,98.0,True,4493.78,False
14447683,2011-12-30,16.0,True,1565.14,False
14447683,2011-12-30,56.0,False,18471.94,False
14447683,2011-12-30,5.0,True,2493.12,False
14447683,2011-12-30,93.0,True,-200.83,False
14447683,2011-12-30,83.0,False,-153.3,False
14447683,2011-12-30,49.0,False,7248.57,False
14447683,2011-12-30,90.0,True,4146.63,False
14447683,2011-12-30,32.0,False,-231.91,False
14447683,2011-12-30,28.0,False,282.73,False
14447683,2011-12-30,95.0,True,5983.82,False
14447683,2011-12-30,74.0,False,38.78,False
14447683,2011-12-30,60.0,True,600.92,False
14447683,2011-12-30,17.0,True,-71.02,False
14447683,2011-12-30,20.0,True,-187.92,False
14447683,2011-12-30,17.0,True,24602.05,False
14447683,2011-12-30,82.0,True,-224.21,False
14447683,2011-12-30,97.0,False,25812.78,False
14447683,2011-12-30,36.0,False,2913.59,False
14447683,2011-12-30,46.0,True,425.4,False
14447683,2011-12-30,79.0,False,58625.76,False
14447683,2011-12-30,2.0,True,13907.87,False
14447683,2011-12-30,97.0,False,-139.11,False
14447683,2011-12-30,10.0,True,10156.48,False
14945591,2011-12-02,85.0,False,17893.26,False
14945591,2011-12-02,25.0,False,6700.24,False
14945591,2011-12-02,24.0,False,22574.93,False
14945591,2011-12-02,52.0,False,39395.49,False
14945591,2011-12-02,6.0,False,5849.36,False
14945591,2011-12-02,29.0,False,16896.15,False
14945591,2011-12-02,85.0,False,1838.24,False
14945591,2011-12-02,49.0,False,1070.7,False
14945591,2011-12-02,42.0,False,6749.31,False
14945591,2011-12-02,21.0,False,9123.63,False
14945591,2011-12-02,12.0,False,10273.99,False
14945591,2011-12-02,97.0,False,4611.38,False
14945591,2011-12-02,9.0,False,3629.22,False
14945591,2011-12-02,90.0,False,7818.42,False
14945591,2011-12-02,10.0,False,5894.87,False
14945591,2011-12-02,13.0,False,13280.27,False
14945591,2011-12-02,8.0,False,12998.98,False
14945591,2011-12-02,91.0,False,4170.72,False
14945591,2011-12-02,19.0,False,38490.57,False
14945591,2011-12-02,83.0,False,237.08,False
14945591,2011-12-02,97.0,False,3506.07,False
14945591,2011-12-02,29.0,False,1677.95,False
14945591,2011-12-02,40.0,False,28525.06,False
14945591,2011-12-02,24.0,False,12357.81,False
14945591,2011-12-02,6.0,False,30716.56,False
14945591,2011-12-02,29.0,False,2874.12,False
14945591,2011-12-02,28.0,True,3249.57,False
14945591,2011-12-02,28.0,False,5711.84,False
14945591,2011-12-02,3.0,False,17662.1,False
14945591,2011-12-02,6.0,False,4812.78,False
14945591,2011-12-02,37.0,False,11966.9,False
14945591,2011-12-02,42.0,False,36490.92,False
14945591,2011-12-02,72.0,False,5019.46,False
14945591,2011-12-02,33.0,False,847.24,False
14945591,2011-12-02,36.0,False,3252.29,False
14945591,2011-12-02,59.0,False,2870.72,False
14945591,2011-12-02,28.0,False,1401.94,False
14945591,2011-12-02,30.0,False,4064.99,False
14945591,2011-12-02,41.0,False,7061.46,False
14945591,2011-12-02,95.0,False,1362.06,False
14945591,2011-12-02,10.0,False,9215.36,False
14945591,2011-12-02,74.0,False,2680.31,False
14945591,2011-12-02,58.0,False,14464.67,False
14945591,2011-12-02,28.0,False,965.49,False
14945591,2011-12-02,41.0,False,76356.09,False
14945591,2011-12-02,36.0,False,31323.07,False
14945591,2011-12-02,56.0,False,37996.32,False
14945591,2011-12-02,23.0,False,14362.26,False
14945591,2011-12-02,80.0,False,4778.29,False
14945591,2011-12-02,2.0,False,7433.31,False
14945591,2011-12-02,22.0,False,24695.77,False
14945591,2011-12-02,98.0,False,-35.2,False
14945591,2011-12-02,98.0,False,5291.99,False
14945591,2011-12-02,95.0,False,17387.99,False
14945591,2011-12-02,41.0,False,8874.1,False
14945591,2011-12-02,26.0,False,22079.15,False
14945591,2011-12-02,38.0,False,4838.71,False
14945591,2011-12-02,18.0,False,22417.22,False
14945591,2011-12-02,1.0,False,42056.38,False
14945591,2011-12-02,19.0,False,1518.32,False
14945591,2011-12-02,36.0,False,4637.35,False
14945591,2011-12-02,33.0,False,2489.42,False
14945591,2011-12-02,13.0,False,22780.05,False
14945591,2011-12-02,36.0,False,27814.39,False
14945591,2011-12-02,83.0,False,1133.6,False
14945591,2011-12-02,40.0,False,11223.66,False
14945591,2011-12-02,46.0,False,6353.93,False
14945591,2011-12-02,52.0,False,10822.65,False
14945591,2011-12-02,59.0,False,17323.29,False
14945591,2011-12-02,83.0,False,9908.9,False
14945591,2011-12-02,60.0,False,14270.28,False
14945591,2011-12-02,5.0,False,5480.05,False
14945591,2011-12-02,91.0,False,1666.83,False
14945591,2011-12-02,80.0,False,74.99,False
14945591,2011-12-02,34.0,False,53149.86,False
14945591,2011-12-02,52.0,False,13080.48,False
14945591,2011-12-02,10.0,False,557.0,False
14945591,2011-12-09,18.0,False,21195.76,False
14945591,2011-12-09,17.0,False,9539.63,False
14945591,2011-12-09,40.0,False,54342.79,False
14945591,2011-12-09,38.0,False,375.35,False
14945591,2011-12-09,93.0,False,245.36,False
14945591,2011-12-09,67.0,False,7267.1,False
14945591,2011-12-09,26.0,False,2222.94,False
14945591,2011-12-09,81.0,False,10200.68,False
14945591,2011-12-09,13.0,False,7827.84,False
14945591,2011-12-09,22.0,False,1.73,False
14945591,2011-12-09,83.0,False,6743.43,False
14945591,2011-12-09,59.0,False,12542.47,False
14945591,2011-12-09,96.0,False,3413.35,False
14945591,2011-12-09,80.0,True,11362.74,False
14945591,2011-12-09,24.0,False,17284.97,False
14945591,2011-12-09,81.0,False,49115.68,False
14945591,2011-12-09,74.0,False,1085.92,False
14945591,2011-12-09,13.0,False,54298.42,False
14945591,2011-12-09,5.0,False,44882.53,False
14945591,2011-12-09,30.0,False,2376.29,False
14945591,2011-12-09,55.0,False,9167.21,False
14945591,2011-12-09,83.0,True,20154.0,False
14945591,2011-12-09,11.0,False,7985.61,False
14945591,2011-12-09,45.0,False,5722.55,False
14945591,2011-12-09,92.0,False,5378.17,False
14945591,2011-12-09,20.0,False,9164.56,False
14945591,2011-12-09,3.0,False,17487.55,False
14945591,2011-12-09,72.0,False,34064.41,False
14945591,2011-12-09,49.0,False,3845.05,False
14945591,2011-12-09,41.0,False,3215.95,False
14945591,2011-12-09,46.0,False,3038.35,False
14945591,2011-12-09,4.0,False,83269.72,False
14945591,2011-12-09,6.0,False,29975.22,False
14945591,2011-12-09,91.0,False,26076.9,False
14945591,2011-12-09,20.0,False,4728.75,False
14945591,2011-12-09,92.0,False,789.88,False
14945591,2011-12-09,85.0,False,4244.76,False
14945591,2011-12-09,32.0,False,9394.85,False
14945591,2011-12-09,26.0,False,4615.21,False
14945591,2011-12-09,49.0,False,11694.5,False
14945591,2011-12-09,98.0,False,-16.47,False
14945591,2011-12-09,36.0,False,1450.27,False
14945591,2011-12-09,72.0,False,4094.43,False
14945591,2011-12-09,60.0,False,1666.83,False
14945591,2011-12-09,31.0,False,7303.64,False
14945591,2011-12-09,97.0,False,27810.23,False
14945591,2011-12-09,95.0,False,8551.37,False
14945591,2011-12-09,5.0,False,37176.2,False
14945591,2011-12-09,20.0,False,17349.27,False
14945591,2011-12-09,56.0,False,20402.43,False
14945591,2011-12-09,17.0,False,6194.15,False
14945591,2011-12-09,20.0,False,16938.25,False
14945591,2011-12-09,93.0,True,7205.34,False
14945591,2011-12-09,72.0,False,2020.32,False
14945591,2011-12-09,59.0,False,40127.13,False
14945591,2011-12-09,44.0,False,1018.17,False
14945591,2011-12-09,9.0,False,8719.33,False
14945591,2011-12-09,17.0,False,1183.82,False
14945591,2011-12-09,81.0,False,12760.43,False
14945591,2011-12-09,16.0,False,10126.23,False
14945591,2011-12-09,60.0,True,2991.22,False
14945591,2011-12-09,10.0,False,76142.18,False
14945591,2011-12-09,85.0,False,2091.23,False
14945591,2011-12-09,42.0,False,20660.15,False
14945591,2011-12-09,79.0,False,9133.74,False
14945591,2011-12-09,18.0,False,11721.68,False
14945591,2011-12-09,5.0,False,66062.23,False
14945591,2011-12-09,97.0,False,621.51,False
14945591,2011-12-09,91.0,False,19376.66,False
14945591,2011-12-09,21.0,False,13472.63,False
14945591,2011-12-09,32.0,False,4745.73,False
14945591,2011-12-09,19.0,False,11137.37,False
14945591,2011-12-09,19.0,False,4019.55,False
14945591,2011-12-09,22.0,False,9894.06,False
14945591,2011-12-09,79.0,False,17573.24,False
14945591,2011-12-09,10.0,False,3764.08,False
14945591,2011-12-09,33.0,False,12635.67,False
14945591,2011-12-09,36.0,True,3634.21,False
14945591,2011-12-09,38.0,False,14667.94,False
14945591,2011-12-09,52.0,False,818.42,False
14945591,2011-12-09,32.0,False,6411.62,False
14945591,2011-12-09,27.0,False,12217.42,False
14945591,2011-12-09,16.0,False,18543.28,False
14945591,2011-12-09,26.0,True,5515.17,False
14945591,2011-12-09,72.0,False,1361.03,False
14945591,2011-12-16,87.0,False,8649.72,False
14945591,2011-12-16,59.0,False,2949.49,False
14945591,2011-12-16,20.0,False,3680.18,False
14945591,2011-12-16,55.0,False,83.52,False
14945591,2011-12-16,60.0,True,1024.91,False
14945591,2011-12-16,46.0,False,9407.16,False
14945591,2011-12-16,8.0,False,1747.51,False
14945591,2011-12-16,8.0,False,25545.42,False
14945591,2011-12-16,79.0,False,10015.5,False
14945591,2011-12-16,93.0,False,594.12,False
14945591,2011-12-16,93.0,False,19083.27,False
14945591,2011-12-16,93.0,False,-50.48,False
14945591,2011-12-16,29.0,False,14914.14,False
14945591,2011-12-16,3.0,False,39846.59,False
14945591,2011-12-16,16.0,False,22542.92,False
14945591,2011-12-16,47.0,True,38501.38,False
14945591,2011-12-16,93.0,True,3313.56,False
14945591,2011-12-16,13.0,False,43030.67,False
14945591,2011-12-16,55.0,False,17817.47,False
14945591,2011-12-16,91.0,False,5917.42,False
14945591,2011-12-16,1.0,False,17380.64,False
14945591,2011-12-16,52.0,False,179.98,False
14945591,2011-12-16,90.0,False,15074.02,False
14945591,2011-12-16,54.0,False,9345.15,False
14945591,2011-12-16,26.0,False,28299.49,False
14945591,2011-12-16,34.0,False,6193.32,False
14945591,2011-12-16,29.0,False,33174.66,False
14945591,2011-12-16,14.0,False,42085.9,False
14945591,2011-12-16,24.0,False,10457.97,False
14945591,2011-12-16,1.0,False,4245.51,False
14945591,2011-12-16,19.0,False,2629.28,False
14945591,2011-12-16,22.0,True,13197.04,False
14945591,2011-12-16,14.0,True,19563.69,False
14945591,2011-12-16,34.0,True,7013.09,False
14945591,2011-12-16,37.0,False,1560.74,False
14945591,2011-12-16,52.0,True,22418.95,False
14945591,2011-12-16,13.0,False,10216.9,False
14945591,2011-12-16,32.0,False,4469.42,False
14945591,2011-12-16,40.0,False,5204.31,False
14945591,2011-12-16,81.0,False,3373.82,False
14945591,2011-12-16,18.0,False,13820.97,False
14945591,2011-12-16,25.0,False,8283.39,False
14945591,2011-12-16,23.0,False,48615.33,False
14945591,2011-12-16,90.0,False,8671.5,False
14945591,2011-12-16,36.0,False,5297.04,False
14945591,2011-12-16,52.0,False,16375.89,False
14945591,2011-12-16,47.0,False,30765.06,False
14945591,2011-12-16,18.0,False,13029.18,False
14945591,2011-12-16,87.0,False,2195.99,False
14945591,2011-12-16,21.0,False,7834.62,False
14945591,2011-12-16,35.0,False,4293.11,False
14945591,2011-12-16,41.0,False,72.8,False
14945591,2011-12-16,83.0,False,12210.26,False
14945591,2011-12-16,74.0,False,3161.31,False
14945591,2011-12-16,96.0,False,2062.64,False
14945591,2011-12-16,16.0,False,19025.09,False
14945591,2011-12-16,38.0,False,8093.59,False
14945591,2011-12-16,85.0,True,995.06,False
14945591,2011-12-16,79.0,False,28221.98,False
14945591,2011-12-16,32.0,False,23580.15,False
14945591,2011-12-16,37.0,False,14857.93,False
14945591,2011-12-16,32.0,False,74748.73,False
14945591,2011-12-16,7.0,False,8891.69,False
14945591,2011-12-16,94.0,False,2687.94,False
14945591,2011-12-16,71.0,False,602.07,False
14945591,2011-12-16,41.0,True,17982.0,False
14945591,2011-12-16,83.0,True,23831.4,False
14945591,2011-12-16,79.0,False,890.63,False
14945591,2011-12-16,40.0,True,4777.41,False
14945591,2011-12-16,97.0,False,5089.71,False
14945591,2011-12-16,18.0,True,3195.93,False
14945591,2011-12-16,56.0,False,1681.58,False
14945591,2011-12-16,30.0,False,10715.97,False
14945591,2011-12-16,71.0,False,25223.08,False
14945591,2011-12-16,40.0,False,1781.37,False
14945591,2011-12-16,10.0,False,26258.9,False
14945591,2011-12-16,12.0,False,6270.42,False
14945591,2011-12-16,47.0,False,21525.94,False
14945591,2011-12-16,56.0,False,30489.17,False
14945591,2011-12-16,36.0,False,247.61,False
14945591,2011-12-16,81.0,False,5728.77,False
14945591,2011-12-16,95.0,False,2534.64,False
14945591,2011-12-23,16.0,False,14472.31,False
14945591,2011-12-23,49.0,False,12903.06,False
14945591,2011-12-23,7.0,True,24295.04,False
14945591,2011-12-23,72.0,False,2885.81,False
14945591,2011-12-23,5.0,False,66770.87,False
14945591,2011-12-23,54.0,False,4916.15,False
14945591,2011-12-23,11.0,False,21921.47,False
14945591,2011-12-23,72.0,True,11655.12,False
14945591,2011-12-23,34.0,True,415.67,False
14945591,2011-12-23,52.0,True,1128.42,False
14945591,2011-12-23,21.0,True,25880.94,False
14945591,2011-12-23,42.0,False,21698.72,False
14945591,2011-12-23,98.0,False,3621.8,False
14945591,2011-12-23,9.0,False,3449.92,False
14945591,2011-12-23,25.0,False,20696.05,False
14945591,2011-12-23,12.0,False,6370.2,False
14945591,2011-12-23,30.0,False,779.99,False
14945591,2011-12-23,35.0,False,10372.28,False
14945591,2011-12-23,12.0,True,7526.44,False
14945591,2011-12-23,67.0,True,7357.55,False
14945591,2011-12-23,25.0,True,4613.23,False
14945591,2011-12-23,82.0,True,3724.13,False
14945591,2011-12-23,35.0,True,8603.34,False
14945591,2011-12-23,60.0,True,468.9,False
14945591,2011-12-23,25.0,False,429.92,False
14945591,2011-12-23,79.0,False,1185.53,False
14945591,2011-12-23,26.0,True,1169.78,False
14945591,2011-12-23,18.0,False,20843.09,False
14945591,2011-12-23,28.0,False,14582.74,False
14945591,2011-12-23,8.0,False,35150.89,False
14945591,2011-12-23,21.0,False,2190.16,False
14945591,2011-12-23,2.0,True,9100.17,False
14945591,2011-12-23,72.0,False,1993.88,False
14945591,2011-12-23,67.0,False,18870.15,False
14945591,2011-12-23,7.0,False,2400.72,False
14945591,2011-12-23,48.0,True,34665.97,False
14945591,2011-12-23,26.0,False,12112.88,False
14945591,2011-12-23,56.0,False,1266.37,False
14945591,2011-12-23,11.0,False,7450.86,False
14945591,2011-12-23,17.0,True,14710.03,False
14945591,2011-12-23,14.0,True,24754.21,False
14945591,2011-12-23,36.0,False,5839.76,False
14945591,2011-12-23,22.0,True,22448.26,False
14945591,2011-12-23,59.0,False,22638.98,False
14945591,2011-12-23,25.0,False,20072.15,False
14945591,2011-12-23,13.0,False,548.62,False
14945591,2011-12-23,41.0,False,5729.99,False
14945591,2011-12-23,98.0,False,11244.0,False
14945591,2011-12-23,29.0,False,17947.68,False
14945591,2011-12-23,5.0,True,20489.26,False
14945591,2011-12-23,60.0,False,1535.04,False
14945591,2011-12-23,80.0,False,6758.94,False
14945591,2011-12-23,14.0,False,4123.37,False
14945591,2011-12-23,30.0,True,3118.2,False
14945591,2011-12-23,24.0,True,8297.52,False
14945591,2011-12-23,59.0,True,21075.3,False
14945591,2011-12-23,37.0,False,4366.54,False
14945591,2011-12-23,52.0,False,6243.12,False
14945591,2011-12-23,33.0,False,21571.85,False
14945591,2011-12-23,40.0,False,2258.36,False
14945591,2011-12-23,54.0,True,2065.72,False
14945591,2011-12-23,85.0,True,4536.18,False
14945591,2011-12-23,58.0,False,18333.7,False
14945591,2011-12-23,56.0,False,14821.25,False
14945591,2011-12-23,17.0,True,5126.78,False
14945591,2011-12-23,23.0,False,24296.44,False
14945591,2011-12-23,55.0,False,6124.49,False
14945591,2011-12-23,23.0,False,22565.0,False
14945591,2011-12-23,67.0,False,7685.85,False
14945591,2011-12-23,42.0,False,46244.84,False
14945591,2011-12-23,85.0,False,5133.14,False
14945591,2011-12-23,28.0,True,7876.53,False
14945591,2011-12-23,6.0,False,27807.45,False
14945591,2011-12-23,40.0,True,10606.48,False
14945591,2011-12-23,32.0,False,25246.7,False
14945591,2011-12-23,21.0,True,11419.71,False
14945591,2011-12-23,27.0,False,3713.73,False
14945591,2011-12-30,27.0,True,19327.39,False
14945591,2011-12-30,81.0,True,9395.27,False
14945591,2011-12-30,13.0,True,19869.94,False
14945591,2011-12-30,32.0,False,36694.51,False
14945591,2011-12-30,26.0,True,45355.64,False
14945591,2011-12-30,67.0,False,2407.65,False
14945591,2011-12-30,6.0,True,4988.48,False
14945591,2011-12-30,60.0,False,20073.19,False
14945591,2011-12-30,23.0,True,5924.64,False
14945591,2011-12-30,2.0,False,1232.7,False
14945591,2011-12-30,32.0,True,639.83,False
14945591,2011-12-30,49.0,False,1203.16,False
14945591,2011-12-30,18.0,True,1118.2,False
14945591,2011-12-30,37.0,True,6775.35,False
14945591,2011-12-30,13.0,True,8806.64,False
14945591,2011-12-30,54.0,True,4188.42,False
14945591,2011-12-30,80.0,True,693.97,False
14945591,2011-12-30,97.0,False,23627.81,False
14945591,2011-12-30,16.0,True,10215.32,False
14945591,2011-12-30,85.0,False,11575.97,False
14945591,2011-12-30,96.0,True,7447.03,False
14945591,2011-12-30,72.0,True,1303.94,False
14945591,2011-12-30,74.0,True,1971.86,False
14945591,2011-12-30,23.0,True,2021.68,False
14945591,2011-12-30,98.0,False,6745.01,False
14945591,2011-12-30,29.0,True,32810.43,False
14945591,2011-12-30,7.0,False,9696.08,False
14945591,2011-12-30,7.0,False,6396.51,False
14945591,2011-12-30,74.0,False,184.27,False
14945591,2011-12-30,41.0,False,5843.38,False
14945591,2011-12-30,30.0,False,473.56,False
14945591,2011-12-30,21.0,True,24187.89,False
14945591,2011-12-30,16.0,False,21412.34,False
14945591,2011-12-30,67.0,True,284.56,False
14945591,2011-12-30,79.0,True,16507.74,False
14945591,2011-12-30,40.0,True,3308.33,False
14945591,2011-12-30,48.0,True,3563.52,False
14945591,2011-12-30,7.0,True,18918.6,False
14945591,2011-12-30,74.0,False,3032.3,False
14945591,2011-12-30,80.0,True,41722.48,False
14945591,2011-12-30,30.0,True,5014.25,False
14945591,2011-12-30,17.0,True,15152.99,False
14945591,2011-12-30,97.0,True,28586.36,False
14945591,2011-12-30,1.0,False,13205.44,False
14945591,2011-12-30,45.0,True,2542.78,False
14945591,2011-12-30,97.0,False,2443.25,False
14945591,2011-12-30,32.0,True,23716.24,False
14945591,2011-12-30,30.0,False,2578.11,False
14945591,2011-12-30,82.0,True,-38.16,False
14945591,2011-12-30,32.0,True,10695.45,False
15422460,2011-12-02,37.0,False,1386.1,False
15422460,2011-12-02,4.0,False,479.06,False
15422460,2011-12-02,56.0,False,6080.16,False
15422460,2011-12-02,16.0,False,9446.12,False
15422460,2011-12-02,14.0,False,4095.72,False
15422460,2011-12-02,5.0,False,9518.21,False
15422460,2011-12-02,18.0,False,4168.78,False
15422460,2011-12-02,98.0,False,28.18,False
15422460,2011-12-02,4.0,False,11540.16,False
15422460,2011-12-02,45.0,False,2967.78,False
15422460,2011-12-02,25.0,False,10328.32,False
15422460,2011-12-02,91.0,False,714.74,False
15422460,2011-12-02,21.0,False,4241.71,False
15422460,2011-12-02,40.0,False,16666.39,False
15422460,2011-12-02,87.0,False,299.21,False
15422460,2011-12-02,17.0,False,22011.2,False
15422460,2011-12-02,94.0,False,1949.03,False
15422460,2011-12-02,1.0,False,16398.69,False
15422460,2011-12-02,36.0,False,7343.62,False
15422460,2011-12-02,52.0,False,1917.67,False
15422460,2011-12-02,17.0,False,6319.26,False
15422460,2011-12-02,93.0,False,2834.9,False
15422460,2011-12-02,55.0,False,1823.71,False
15422460,2011-12-02,27.0,False,296.37,False
15422460,2011-12-02,30.0,False,12955.79,False
15422460,2011-12-02,52.0,False,4773.7,False
15422460,2011-12-02,77.0,False,53.56,False
15422460,2011-12-02,87.0,False,7136.87,False
15422460,2011-12-02,80.0,False,1509.68,False
15422460,2011-12-02,10.0,False,3294.98,False
15422460,2011-12-02,1.0,False,14482.62,False
15422460,2011-12-02,33.0,False,4622.61,False
15422460,2011-12-02,16.0,False,8379.06,False
15422460,2011-12-02,94.0,False,3416.81,False
15422460,2011-12-02,37.0,False,30.79,False
15422460,2011-12-02,16.0,False,68.56,False
15422460,2011-12-02,85.0,False,932.59,False
15422460,2011-12-02,34.0,False,719.23,False
15422460,2011-12-02,71.0,False,6037.2,False
15422460,2011-12-02,20.0,True,28.95,False
15422460,2011-12-02,71.0,False,29392.53,False
15422460,2011-12-02,19.0,False,2387.49,False
15422460,2011-12-02,42.0,False,1965.31,False
15422460,2011-12-02,34.0,False,27.99,False
15422460,2011-12-02,93.0,False,10261.97,False
15422460,2011-12-02,71.0,False,10486.33,False
15422460,2011-12-02,71.0,False,7608.88,False
15422460,2011-12-02,6.0,False,30.72,False
15422460,2011-12-02,7.0,False,644.78,False
15422460,2011-12-02,37.0,False,198.54,False
15422460,2011-12-02,41.0,False,64688.3,False
15422460,2011-12-02,30.0,False,12462.4,False
15422460,2011-12-02,37.0,False,19687.42,False
15422460,2011-12-02,31.0,False,54.09,False
15422460,2011-12-02,60.0,False,28999.9,False
15422460,2011-12-02,26.0,False,1209.07,False
15422460,2011-12-02,79.0,False,411.45,False
15422460,2011-12-02,25.0,False,72.85,False
15422460,2011-12-02,38.0,False,1322.42,False
15422460,2011-12-02,29.0,False,795.03,False
15422460,2011-12-02,20.0,False,8143.24,False
15422460,2011-12-02,20.0,False,11738.99,False
15422460,2011-12-02,44.0,False,78.86,False
15422460,2011-12-02,80.0,False,117.61,False
15422460,2011-12-02,98.0,False,26.36,False
15422460,2011-12-02,97.0,False,15440.05,False
15422460,2011-12-02,8.0,True,821.16,False
15422460,2011-12-02,49.0,False,20537.49,False
15422460,2011-12-02,1.0,False,459.13,False
15422460,2011-12-02,93.0,False,15510.6,False
15422460,2011-12-02,81.0,False,5159.28,False
15422460,2011-12-02,7.0,False,1696.34,False
15422460,2011-12-02,80.0,False,768.06,False
15422460,2011-12-02,9.0,False,2361.12,False
15422460,2011-12-02,30.0,False,1460.6,False
15422460,2011-12-02,97.0,False,6239.68,False
15422460,2011-12-02,90.0,False,6106.58,False
15422460,2011-12-02,56.0,False,257.15,False
15422460,2011-12-02,3.0,False,510.28,False
15422460,2011-12-02,56.0,False,29093.63,False
15422460,2011-12-02,7.0,False,48527.3,False
15422460,2011-12-02,52.0,False,854.92,False
15422460,2011-12-02,80.0,False,779.16,False
15422460,2011-12-02,11.0,False,9884.72,False
15422460,2011-12-02,23.0,False,448.14,False
15422460,2011-12-02,20.0,False,5595.14,False
15422460,2011-12-02,37.0,False,904.54,False
15422460,2011-12-02,71.0,False,239.37,False
15422460,2011-12-02,5.0,False,57.96,False
15422460,2011-12-02,25.0,False,99.28,False
15422460,2011-12-02,33.0,False,39362.59,False
15422460,2011-12-02,33.0,False,6048.98,False
15422460,2011-12-02,11.0,False,7173.01,False
15422460,2011-12-09,90.0,False,2640.25,False
15422460,2011-12-09,81.0,False,23737.89,False
15422460,2011-12-09,17.0,False,467.49,False
15422460,2011-12-09,13.0,False,6194.18,False
15422460,2011-12-09,9.0,False,1036.13,False
15422460,2011-12-09,14.0,False,42.62,False
15422460,2011-12-09,7.0,False,194.88,False
15422460,2011-12-09,90.0,False,6558.12,False
15422460,2011-12-09,5.0,False,2425.61,False
15422460,2011-12-09,10.0,False,1078.37,False
15422460,2011-12-09,4.0,False,9415.7,False
15422460,2011-12-09,3.0,True,35773.44,False
15422460,2011-12-09,14.0,False,2740.24,False
15422460,2011-12-09,17.0,True,105.66,False
15422460,2011-12-09,30.0,False,498.7,False
15422460,2011-12-09,4.0,False,11175.48,False
15422460,2011-12-09,28.0,False,5138.88,False
15422460,2011-12-09,3.0,False,19434.82,False
15422460,2011-12-09,80.0,True,28.24,False
15422460,2011-12-09,98.0,False,3816.62,False
15422460,2011-12-09,72.0,False,2493.63,False
15422460,2011-12-09,85.0,False,26.51,False
15422460,2011-12-09,87.0,False,1371.11,False
15422460,2011-12-09,95.0,False,25.59,False
15422460,2011-12-09,52.0,False,10926.43,False
15422460,2011-12-09,83.0,False,9853.14,False
15422460,2011-12-09,5.0,True,14468.06,False
15422460,2011-12-09,87.0,False,1908.75,False
15422460,2011-12-09,12.0,True,7380.09,False
15422460,2011-12-09,24.0,False,13465.89,False
15422460,2011-12-09,38.0,False,2021.74,False
15422460,2011-12-09,38.0,False,365.72,False
15422460,2011-12-09,22.0,False,28530.4,False
15422460,2011-12-09,87.0,False,4684.26,False
15422460,2011-12-09,16.0,False,321.31,False
15422460,2011-12-09,49.0,False,2933.03,False
15422460,2011-12-09,98.0,True,11530.82,False
15422460,2011-12-09,28.0,False,3137.89,False
15422460,2011-12-09,6.0,False,1124.54,False
15422460,2011-12-09,98.0,False,26209.58,False
15422460,2011-12-09,25.0,False,3777.46,False
15422460,2011-12-09,71.0,False,167.27,False
15422460,2011-12-09,95.0,False,384.93,False
15422460,2011-12-09,2.0,False,3591.41,False
15422460,2011-12-09,93.0,False,4641.46,False
15422460,2011-12-09,10.0,False,314.7,False
15422460,2011-12-09,46.0,False,23382.89,False
15422460,2011-12-09,12.0,False,2084.42,False
15422460,2011-12-09,31.0,False,752.57,False
15422460,2011-12-09,95.0,False,42.01,False
15422460,2011-12-09,55.0,False,7984.85,False
15422460,2011-12-09,85.0,False,39511.34,False
15422460,2011-12-09,9.0,False,28.09,False
15422460,2011-12-09,30.0,False,1541.26,False
15422460,2011-12-09,82.0,False,19709.1,False
15422460,2011-12-09,17.0,False,5669.08,False
15422460,2011-12-09,46.0,False,1755.67,False
15422460,2011-12-09,98.0,False,161.39,False
15422460,2011-12-09,44.0,False,3914.39,False
15422460,2011-12-09,55.0,False,56.52,False
15422460,2011-12-09,25.0,False,574.85,False
15422460,2011-12-09,96.0,False,952.93,False
15422460,2011-12-09,37.0,False,92.68,False
15422460,2011-12-09,67.0,True,11242.62,False
15422460,2011-12-09,36.0,False,107.52,False
15422460,2011-12-09,55.0,False,27.3,False
15422460,2011-12-09,10.0,False,22135.73,False
15422460,2011-12-09,47.0,True,85.98,False
15422460,2011-12-09,81.0,False,111.97,False
15422460,2011-12-09,92.0,False,11794.75,False
15422460,2011-12-09,55.0,False,79.48,False
15422460,2011-12-09,79.0,True,281.85,False
15422460,2011-12-09,97.0,False,904.61,False
15422460,2011-12-09,31.0,False,53567.34,False
15422460,2011-12-09,5.0,False,1099.29,False
15422460,2011-12-16,11.0,False,1574.63,False
15422460,2011-12-16,29.0,False,16731.91,False
15422460,2011-12-16,60.0,False,84.38,False
15422460,2011-12-16,29.0,True,34.71,False
15422460,2011-12-16,44.0,False,35700.38,False
15422460,2011-12-16,98.0,True,901.66,False
15422460,2011-12-16,67.0,False,8734.28,False
15422460,2011-12-16,80.0,True,415.55,False
15422460,2011-12-16,10.0,False,547.1,False
15422460,2011-12-16,60.0,False,8198.41,False
15422460,2011-12-16,80.0,False,14900.4,False
15422460,2011-12-16,24.0,False,7323.57,False
15422460,2011-12-16,3.0,False,33399.98,False
15422460,2011-12-16,58.0,False,900.16,False
15422460,2011-12-16,18.0,False,2235.0,False
15422460,2011-12-16,26.0,False,108.85,False
15422460,2011-12-16,23.0,False,1452.39,False
15422460,2011-12-16,83.0,True,103.46,False
15422460,2011-12-16,12.0,False,20012.26,False
15422460,2011-12-16,54.0,False,324.25,False
15422460,2011-12-16,16.0,True,6917.93,False
15422460,2011-12-16,72.0,True,267.57,False
15422460,2011-12-16,21.0,False,1560.55,False
15422460,2011-12-16,98.0,True,19767.22,False
15422460,2011-12-16,28.0,True,28.38,False
15422460,2011-12-16,98.0,False,1311.0,False
15422460,2011-12-16,35.0,False,963.81,False
15422460,2011-12-16,40.0,False,5152.02,False
15422460,2011-12-16,4.0,True,381.2,False
15422460,2011-12-16,33.0,False,8985.21,False
15422460,2011-12-16,46.0,False,9979.87,False
15422460,2011-12-16,8.0,False,745.7,False
15422460,2011-12-16,18.0,False,1510.34,False
15422460,2011-12-16,91.0,True,5421.81,False
15422460,2011-12-16,25.0,False,8645.27,False
15422460,2011-12-16,81.0,False,799.38,False
15422460,2011-12-16,22.0,False,2171.67,False
15422460,2011-12-16,27.0,True,4421.77,False
15422460,2011-12-16,42.0,False,364.59,False
15422460,2011-12-16,1.0,False,66.74,False
15422460,2011-12-16,3.0,False,13990.76,False
15422460,2011-12-16,58.0,False,26.01,False
15422460,2011-12-16,7.0,False,153.93,False
15422460,2011-12-16,11.0,False,29798.84,False
15422460,2011-12-16,92.0,False,380.03,False
15422460,2011-12-16,55.0,False,1410.89,False
15422460,2011-12-16,8.0,True,6749.53,False
15422460,2011-12-16,16.0,False,129.21,False
15422460,2011-12-16,20.0,False,10006.97,False
15422460,2011-12-16,80.0,True,539.88,False
15422460,2011-12-16,98.0,False,720.29,False
15422460,2011-12-16,4.0,False,235.09,False
15422460,2011-12-16,30.0,False,161.58,False
15422460,2011-12-16,46.0,False,9857.67,False
15422460,2011-12-16,32.0,False,2181.45,False
15422460,2011-12-16,74.0,True,10037.55,False
15422460,2011-12-16,79.0,False,6561.98,False
15422460,2011-12-16,41.0,True,1088.08,False
15422460,2011-12-16,42.0,False,25.81,False
15422460,2011-12-16,20.0,False,1193.01,False
15422460,2011-12-16,37.0,False,1019.94,False
15422460,2011-12-16,98.0,False,2849.6,False
15422460,2011-12-16,21.0,False,8598.58,False
15422460,2011-12-16,4.0,True,60.01,False
15422460,2011-12-16,93.0,False,3915.09,False
15422460,2011-12-16,94.0,False,3463.73,False
15422460,2011-12-16,24.0,True,3099.8,False
15422460,2011-12-16,24.0,False,7775.48,False
15422460,2011-12-16,97.0,False,318.04,False
15422460,2011-12-16,45.0,False,29783.52,False
15422460,2011-12-16,83.0,False,2238.33,False
15422460,2011-12-16,37.0,False,818.52,False
15422460,2011-12-16,59.0,False,2938.2,False
15422460,2011-12-16,96.0,False,78.49,False
15422460,2011-12-16,6.0,True,128.72,False
15422460,2011-12-16,37.0,False,587.27,False
15422460,2011-12-23,56.0,False,21500.48,False
15422460,2011-12-23,13.0,False,7447.23,False
15422460,2011-12-23,87.0,True,2812.6,False
15422460,2011-12-23,5.0,False,5405.78,False
15422460,2011-12-23,32.0,True,28.2,False
15422460,2011-12-23,33.0,True,8562.2,False
15422460,2011-12-23,42.0,True,237.08,False
15422460,2011-12-23,36.0,False,26.98,False
15422460,2011-12-23,31.0,False,179.73,False
15422460,2011-12-23,79.0,True,1811.63,False
15422460,2011-12-23,74.0,True,31.1,False
15422460,2011-12-23,22.0,True,63.02,False
15422460,2011-12-23,54.0,True,325.32,False
15422460,2011-12-23,46.0,False,6440.74,False
15422460,2011-12-23,20.0,True,517.28,False
15422460,2011-12-23,4.0,False,4071.16,False
15422460,2011-12-23,22.0,False,2839.64,False
15422460,2011-12-23,82.0,False,4271.3,False
15422460,2011-12-23,31.0,False,155.05,False
15422460,2011-12-23,36.0,False,964.83,False
15422460,2011-12-23,59.0,False,119.09,False
15422460,2011-12-23,5.0,True,3484.83,False
15422460,2011-12-23,93.0,False,74.28,False
15422460,2011-12-23,16.0,True,2858.16,False
15422460,2011-12-23,31.0,True,401.47,False
15422460,2011-12-23,26.0,True,22088.49,False
15422460,2011-12-23,87.0,True,25868.31,False
15422460,2011-12-23,90.0,True,25.59,False
15422460,2011-12-23,12.0,False,4982.57,False
15422460,2011-12-23,83.0,True,6975.08,False
15422460,2011-12-23,1.0,False,340.17,False
15422460,2011-12-23,79.0,True,27.17,False
15422460,2011-12-23,31.0,False,961.79,False
15422460,2011-12-23,91.0,True,531.43,False
15422460,2011-12-23,4.0,True,136.72,False
15422460,2011-12-23,92.0,False,10569.01,False
15422460,2011-12-23,22.0,False,6717.36,False
15422460,2011-12-23,92.0,False,887.64,False
15422460,2011-12-23,58.0,True,430.96,False
15422460,2011-12-23,20.0,True,7690.65,False
15422460,2011-12-23,25.0,True,35.94,False
15422460,2011-12-23,27.0,True,5363.98,False
15422460,2011-12-23,60.0,False,9546.73,False
15422460,2011-12-23,40.0,True,827.18,False
15422460,2011-12-23,97.0,False,2633.96,False
15422460,2011-12-23,42.0,False,2560.28,False
15422460,2011-12-23,80.0,False,1924.93,False
15422460,2011-12-23,9.0,False,621.64,False
15422460,2011-12-23,77.0,False,57.77,False
15422460,2011-12-23,52.0,False,988.87,False
15422460,2011-12-23,2.0,False,2616.61,False
15422460,2011-12-23,19.0,False,215.1,False
15422460,2011-12-23,74.0,False,11668.56,False
15422460,2011-12-23,79.0,True,95.67,False
15422460,2011-12-23,55.0,True,4387.86,False
15422460,2011-12-23,98.0,True,2443.34,False
15422460,2011-12-23,25.0,False,886.05,False
15422460,2011-12-23,47.0,True,194.6,False
15422460,2011-12-23,92.0,False,1467.15,False
15422460,2011-12-23,98.0,False,2159.79,False
15422460,2011-12-23,72.0,False,10024.08,False
15422460,2011-12-23,72.0,False,368.2,False
15422460,2011-12-23,98.0,True,4542.32,False
15422460,2011-12-23,41.0,False,149.73,False
15422460,2011-12-23,32.0,False,5618.0,False
15422460,2011-12-23,28.0,True,150.52,False
15422460,2011-12-23,96.0,False,12937.65,False
15422460,2011-12-23,56.0,True,63.04,False
15422460,2011-12-23,59.0,False,2703.01,False
15422460,2011-12-23,95.0,False,17803.97,False
15422460,2011-12-23,16.0,False,1447.43,False
15422460,2011-12-23,13.0,False,3094.99,False
15422460,2011-12-23,72.0,False,9940.35,False
15422460,2011-12-23,44.0,False,575.82,False
15422460,2011-12-23,16.0,False,135.47,False
15422460,2011-12-23,19.0,False,2140.59,False
15422460,2011-12-23,12.0,True,1436.27,False
15422460,2011-12-23,36.0,True,1670.58,False
15422460,2011-12-23,54.0,True,19424.77,False
15422460,2011-12-23,85.0,False,3701.11,False
15422460,2011-12-23,23.0,False,356.78,False
15422460,2011-12-23,14.0,False,3196.86,False
15422460,2011-12-23,83.0,True,45.99,False
15422460,2011-12-23,79.0,False,348.98,False
15422460,2011-12-23,23.0,False,1227.18,False
15422460,2011-12-23,14.0,False,358.97,False
15422460,2011-12-23,40.0,False,332.04,False
15422460,2011-12-23,26.0,False,569.62,False
15422460,2011-12-23,96.0,False,869.11,False
15422460,2011-12-23,16.0,False,572.87,False
15422460,2011-12-23,3.0,False,44265.47,False
15422460,2011-12-23,8.0,False,8212.25,False
15422460,2011-12-23,87.0,False,4458.05,False
15422460,2011-12-30,12.0,True,486.23,False
15422460,2011-12-30,83.0,True,100.55,False
15422460,2011-12-30,33.0,True,12331.39,False
15422460,2011-12-30,17.0,True,28.19,False
15422460,2011-12-30,98.0,True,2712.32,False
15709902,2011-12-02,95.0,False,2343.34,False
15709902,2011-12-02,47.0,False,-142.64,False
15709902,2011-12-02,17.0,False,3657.76,False
15709902,2011-12-02,60.0,False,2460.65,False
15709902,2011-12-02,2.0,False,23552.53,False
15709902,2011-12-02,80.0,True,1822.41,False
15709902,2011-12-02,81.0,False,7746.35,False
15709902,2011-12-02,41.0,False,3981.2,False
15709902,2011-12-02,6.0,True,5489.67,False
15709902,2011-12-02,19.0,False,29174.03,False
15709902,2011-12-02,41.0,False,-105.78,False
15709902,2011-12-02,74.0,False,22488.51,False
15709902,2011-12-02,18.0,True,7581.71,False
15709902,2011-12-02,8.0,False,1334.6,False
15709902,2011-12-02,95.0,False,4422.82,False
15709902,2011-12-02,80.0,False,2298.86,False
15709902,2011-12-02,41.0,False,4833.57,False
15709902,2011-12-02,56.0,True,1000.48,False
15709902,2011-12-02,35.0,False,1804.17,False
15709902,2011-12-02,72.0,False,278.93,False
15709902,2011-12-02,41.0,False,2223.71,False
15709902,2011-12-02,82.0,False,3434.4,False
15709902,2011-12-02,22.0,False,8832.99,False
15709902,2011-12-02,95.0,False,-256.86,False
15709902,2011-12-02,91.0,False,2727.27,False
15709902,2011-12-02,90.0,False,-111.81,False
15709902,2011-12-02,36.0,False,12719.39,False
15709902,2011-12-02,85.0,False,4660.04,False
15709902,2011-12-02,85.0,False,4483.2,False
15709902,2011-12-02,52.0,False,5555.97,False
15709902,2011-12-02,26.0,True,3832.51,False
15709902,2011-12-02,98.0,False,7280.48,False
15709902,2011-12-02,96.0,False,26826.58,False
15709902,2011-12-02,58.0,False,1755.88,False
15709902,2011-12-02,4.0,False,4738.72,False
15709902,2011-12-02,58.0,False,-21.9,False
15709902,2011-12-02,85.0,False,53205.78,False
15709902,2011-12-02,11.0,True,16965.12,False
15709902,2011-12-02,85.0,False,7625.16,False
15709902,2011-12-02,83.0,False,37819.25,False
15709902,2011-12-02,81.0,False,5363.27,False
15709902,2011-12-02,96.0,False,62130.97,False
15709902,2011-12-02,59.0,False,1135.2,False
15709902,2011-12-02,24.0,False,152.05,False
15709902,2011-12-02,90.0,False,701.33,False
15709902,2011-12-02,31.0,False,43334.05,False
15709902,2011-12-02,81.0,False,3395.03,False
15709902,2011-12-02,17.0,False,11579.4,False
15709902,2011-12-02,90.0,False,3811.98,False
15709902,2011-12-02,41.0,False,-150.58,False
15709902,2011-12-02,67.0,False,5100.1,False
15709902,2011-12-02,93.0,False,2211.09,False
15709902,2011-12-02,24.0,False,1548.0,False
15709902,2011-12-02,95.0,False,446.76,False
15709902,2011-12-02,72.0,False,13152.69,False
15709902,2011-12-02,79.0,True,799.26,False
15709902,2011-12-02,95.0,False,15704.93,False
15709902,2011-12-02,23.0,False,8138.24,False
15709902,2011-12-02,95.0,False,45291.61,False
15709902,2011-12-02,36.0,False,18606.33,False
15709902,2011-12-02,58.0,False,9470.31,False
15709902,2011-12-02,22.0,False,1673.4,False
15709902,2011-12-02,91.0,False,4799.83,False
15709902,2011-12-02,98.0,False,19911.81,False
15709902,2011-12-02,90.0,False,3282.62,False
15709902,2011-12-02,67.0,False,-195.8,False
15709902,2011-12-02,20.0,False,24906.38,False
15709902,2011-12-02,67.0,False,1194.27,False
15709902,2011-12-02,18.0,False,1739.89,False
15709902,2011-12-02,55.0,False,609.8,False
15709902,2011-12-02,14.0,False,494.41,False
15709902,2011-12-02,44.0,False,815.24,False
15709902,2011-12-02,98.0,False,807.09,False
15709902,2011-12-02,11.0,False,4354.35,False
15709902,2011-12-02,72.0,False,12360.59,False
15709902,2011-12-02,31.0,True,936.93,False
15709902,2011-12-02,2.0,False,-269.1,False
15709902,2011-12-02,1.0,False,3290.77,False
15709902,2011-12-02,3.0,False,11885.26,False
15709902,2011-12-02,40.0,False,3211.92,False
15709902,2011-12-02,9.0,False,11782.28,False
15709902,2011-12-02,59.0,False,11277.44,False
15709902,2011-12-02,4.0,False,290.86,False
15709902,2011-12-02,23.0,False,53623.4,False
15709902,2011-12-02,31.0,False,24938.72,False
15709902,2011-12-02,67.0,False,807.88,False
15709902,2011-12-02,74.0,False,-213.56,False
15709902,2011-12-02,94.0,False,984.88,False
15709902,2011-12-02,97.0,False,486.06,False
15709902,2011-12-02,9.0,False,202.61,False
15709902,2011-12-02,98.0,False,6140.65,False
15709902,2011-12-02,92.0,False,-147.13,False
15709902,2011-12-02,96.0,False,20894.0,False
15709902,2011-12-02,23.0,False,26508.41,False
15709902,2011-12-02,97.0,False,842.8,False
15709902,2011-12-02,26.0,False,-261.71,False
15709902,2011-12-02,34.0,False,35318.35,False
15709902,2011-12-02,74.0,False,-124.0,False
15709902,2011-12-02,30.0,False,6088.48,False
15709902,2011-12-02,25.0,False,14011.2,False
15709902,2011-12-02,3.0,True,2881.07,False
15709902,2011-12-02,52.0,False,935.52,False
15709902,2011-12-02,81.0,False,7763.1,False
15709902,2011-12-02,97.0,False,706.74,False
15709902,2011-12-02,13.0,False,7219.35,False
15709902,2011-12-02,90.0,False,1897.96,False
15709902,2011-12-02,24.0,False,7268.21,False
15709902,2011-12-02,21.0,False,314.48,False
15709902,2011-12-02,9.0,False,4389.18,False
15709902,2011-12-02,94.0,False,2090.89,False
15709902,2011-12-02,72.0,False,5145.88,False
15709902,2011-12-02,81.0,False,10495.76,False
15709902,2011-12-02,96.0,False,399.45,False
15709902,2011-12-09,17.0,False,2599.52,False
15709902,2011-12-09,1.0,False,-265.38,False
15709902,2011-12-09,30.0,False,9274.89,False
15709902,2011-12-09,9.0,False,4767.18,False
15709902,2011-12-09,32.0,False,13872.41,False
15709902,2011-12-09,31.0,True,17515.43,False
15709902,2011-12-09,55.0,False,949.99,False
15709902,2011-12-09,36.0,False,59030.19,False
15709902,2011-12-09,22.0,False,711.83,False
15709902,2011-12-09,3.0,False,795.39,False
15709902,2011-12-09,36.0,False,791.04,False
15709902,2011-12-09,41.0,True,12255.65,False
15709902,2011-12-09,94.0,False,1693.4,False
15709902,2011-12-09,7.0,True,1716.45,False
15709902,2011-12-09,13.0,False,20359.41,False
15709902,2011-12-09,12.0,False,7473.24,False
15709902,2011-12-09,29.0,False,-180.88,False
15709902,2011-12-09,2.0,False,3398.62,False
15709902,2011-12-09,87.0,False,802.22,False
15709902,2011-12-09,52.0,True,1800.72,False
15709902,2011-12-09,59.0,False,7532.51,False
15709902,2011-12-09,98.0,False,19975.93,False
15709902,2011-12-09,28.0,False,11667.09,False
15709902,2011-12-09,6.0,False,1923.7,False
15709902,2011-12-09,81.0,True,7053.66,False
15709902,2011-12-09,91.0,True,11207.08,False
15709902,2011-12-09,59.0,False,4450.89,False
15709902,2011-12-09,59.0,True,3389.42,False
15709902,2011-12-09,34.0,True,34.35,False
15709902,2011-12-09,19.0,True,6373.1,False
15709902,2011-12-09,28.0,False,19695.52,False
15709902,2011-12-09,98.0,False,299.17,False
15709902,2011-12-09,30.0,True,31853.0,False
15709902,2011-12-09,19.0,False,18788.94,False
15709902,2011-12-09,5.0,False,963.18,False
15709902,2011-12-09,5.0,False,882.82,False
15709902,2011-12-09,92.0,True,589.94,False
15709902,2011-12-09,59.0,False,34622.46,False
15709902,2011-12-09,46.0,False,8512.88,False
15709902,2011-12-09,6.0,False,12618.57,False
15709902,2011-12-09,17.0,True,137.21,False
15709902,2011-12-09,16.0,False,5773.65,False
15709902,2011-12-09,10.0,False,39710.29,False
15709902,2011-12-09,25.0,False,-39.94,False
15709902,2011-12-09,87.0,False,996.5,False
15709902,2011-12-09,58.0,False,4133.84,False
15709902,2011-12-09,3.0,False,-68.34,False
15709902,2011-12-09,82.0,False,10436.92,False
15709902,2011-12-09,40.0,False,6226.25,False
15709902,2011-12-09,92.0,False,2170.68,False
15709902,2011-12-09,42.0,False,754.82,False
15709902,2011-12-09,29.0,False,64.3,False
15709902,2011-12-09,3.0,False,1874.87,False
15709902,2011-12-09,7.0,False,22171.05,False
15709902,2011-12-09,60.0,False,-264.11,False
15709902,2011-12-09,59.0,False,-241.61,False
15709902,2011-12-09,72.0,False,263.93,False
15709902,2011-12-09,81.0,False,234.56,False
15709902,2011-12-09,33.0,False,5602.92,False
15709902,2011-12-09,49.0,False,706.86,False
15709902,2011-12-09,55.0,False,1756.59,False
15709902,2011-12-09,16.0,False,25779.45,False
15709902,2011-12-09,85.0,False,9346.49,False
15709902,2011-12-09,49.0,False,3267.69,False
15709902,2011-12-09,95.0,False,14773.43,False
15709902,2011-12-09,9.0,False,-225.69,False
15709902,2011-12-09,96.0,False,2401.38,False
15709902,2011-12-09,83.0,False,2789.93,False
15709902,2011-12-09,42.0,False,2343.89,False
15709902,2011-12-09,24.0,False,6480.91,False
15709902,2011-12-09,67.0,False,6898.66,False
15709902,2011-12-09,14.0,False,3296.93,False
15709902,2011-12-09,93.0,False,15385.38,False
15709902,2011-12-09,85.0,False,3559.58,False
15709902,2011-12-09,31.0,False,4515.13,False
15709902,2011-12-09,79.0,False,1042.92,False
15709902,2011-12-16,9.0,False,2741.37,False
15709902,2011-12-16,71.0,False,12221.03,False
15709902,2011-12-16,56.0,False,419.49,False
15709902,2011-12-16,90.0,False,7738.33,False
15709902,2011-12-16,36.0,False,2626.94,False
15709902,2011-12-16,41.0,True,581.72,False
15709902,2011-12-16,91.0,True,1517.72,False
15709902,2011-12-16,31.0,False,93.93,False
15709902,2011-12-16,83.0,False,5600.67,False
15709902,2011-12-16,16.0,True,2758.48,False
15709902,2011-12-16,8.0,False,9979.75,False
15709902,2011-12-16,74.0,True,4127.94,False
15709902,2011-12-16,96.0,False,14334.11,False
15709902,2011-12-16,95.0,False,-236.04,False
15709902,2011-12-16,47.0,True,6118.49,False
15709902,2011-12-16,96.0,True,14906.79,False
15709902,2011-12-16,54.0,False,2115.36,False
15709902,2011-12-16,36.0,False,14737.8,False
15709902,2011-12-16,19.0,False,3463.88,False
15709902,2011-12-16,94.0,False,2352.08,False
15709902,2011-12-16,49.0,False,15218.32,False
15709902,2011-12-16,98.0,True,2943.86,False
15709902,2011-12-16,79.0,False,602.92,False
15709902,2011-12-16,82.0,True,1478.57,False
15709902,2011-12-16,90.0,False,7334.64,False
15709902,2011-12-16,26.0,True,15949.39,False
15709902,2011-12-16,79.0,True,-194.55,False
15709902,2011-12-16,26.0,False,12564.85,False
15709902,2011-12-16,26.0,False,3753.97,False
15709902,2011-12-16,74.0,False,14502.27,False
15709902,2011-12-16,74.0,False,13568.11,False
15709902,2011-12-16,31.0,False,36204.19,False
15709902,2011-12-16,22.0,True,7957.79,False
15709902,2011-12-16,24.0,False,16885.37,False
15709902,2011-12-16,13.0,False,2761.39,False
15709902,2011-12-16,93.0,False,640.73,False
15709902,2011-12-16,79.0,True,918.03,False
15709902,2011-12-16,12.0,False,-269.7,False
15709902,2011-12-16,54.0,False,23226.97,False
15709902,2011-12-16,91.0,False,267.22,False
15709902,2011-12-16,32.0,False,21.38,False
15709902,2011-12-16,31.0,False,892.97,False
15709902,2011-12-16,8.0,False,-89.84,False
15709902,2011-12-16,46.0,False,-254.04,False
15709902,2011-12-16,94.0,False,12236.2,False
15709902,2011-12-16,92.0,False,3995.37,False
15709902,2011-12-16,48.0,False,13093.28,False
15709902,2011-12-16,85.0,False,27678.29,False
15709902,2011-12-16,5.0,False,15949.55,False
15709902,2011-12-16,71.0,False,11800.6,False
15709902,2011-12-16,83.0,False,5544.07,False
15709902,2011-12-16,58.0,False,2417.37,False
15709902,2011-12-16,83.0,False,10380.92,False
15709902,2011-12-16,10.0,False,5336.02,False
15709902,2011-12-16,49.0,False,9.21,False
15709902,2011-12-16,52.0,False,13694.8,False
15709902,2011-12-16,18.0,False,969.67,False
15709902,2011-12-16,90.0,True,15986.54,False
15709902,2011-12-16,60.0,False,17803.37,False
15709902,2011-12-16,59.0,False,903.66,False
15709902,2011-12-16,81.0,True,3598.46,False
15709902,2011-12-16,58.0,False,20.72,False
15709902,2011-12-16,44.0,False,1205.67,False
15709902,2011-12-16,24.0,False,-132.02,False
15709902,2011-12-16,37.0,False,4452.47,False
15709902,2011-12-16,33.0,False,5088.97,False
15709902,2011-12-16,46.0,False,-261.3,False
15709902,2011-12-16,96.0,False,-109.56,False
15709902,2011-12-16,81.0,True,15297.75,False
15709902,2011-12-16,97.0,False,10458.2,False
15709902,2011-12-23,60.0,True,37651.84,False
15709902,2011-12-23,56.0,True,17935.12,False
15709902,2011-12-23,3.0,False,1388.4,False
15709902,2011-12-23,48.0,True,680.94,False
15709902,2011-12-23,90.0,True,9057.01,False
15709902,2011-12-23,28.0,True,-268.58,False
15709902,2011-12-23,81.0,False,-207.24,False
15709902,2011-12-23,38.0,True,-193.11,False
15709902,2011-12-23,87.0,False,11719.44,False
15709902,2011-12-23,97.0,True,1443.09,False
15709902,2011-12-23,1.0,False,5892.14,False
15709902,2011-12-23,85.0,False,-238.52,False
15709902,2011-12-23,74.0,True,13776.16,False
15709902,2011-12-23,77.0,False,511.65,False
15709902,2011-12-23,55.0,True,1210.04,False
15709902,2011-12-23,44.0,True,1476.75,False
15709902,2011-12-23,92.0,False,4776.64,False
15709902,2011-12-23,58.0,True,3868.89,False
15709902,2011-12-23,48.0,False,2279.14,False
15709902,2011-12-23,44.0,False,-9.88,False
15709902,2011-12-23,2.0,False,22865.85,False
15709902,2011-12-23,26.0,True,-36.66,False
15709902,2011-12-23,40.0,True,2197.39,False
15709902,2011-12-23,94.0,True,5825.35,False
15709902,2011-12-23,94.0,True,79.25,False
15709902,2011-12-23,29.0,True,1042.39,False
15709902,2011-12-23,81.0,True,-96.48,False
15709902,2011-12-23,85.0,True,2449.55,False
15709902,2011-12-23,18.0,True,7529.21,False
15709902,2011-12-23,31.0,False,695.08,False
15709902,2011-12-23,24.0,False,984.56,False
15709902,2011-12-23,24.0,False,13487.35,False
15709902,2011-12-23,29.0,True,181.15,False
15709902,2011-12-23,87.0,True,328.82,False
15709902,2011-12-23,30.0,False,-243.71,False
15709902,2011-12-23,97.0,False,112.75,False
15709902,2011-12-23,74.0,True,2180.8,False
15709902,2011-12-23,96.0,False,456.3,False
15709902,2011-12-23,93.0,False,1356.83,False
15709902,2011-12-23,34.0,False,8061.35,False
15709902,2011-12-23,26.0,False,951.25,False
15709902,2011-12-23,1.0,True,3038.76,False
15709902,2011-12-23,32.0,False,2166.83,False
15709902,2011-12-23,30.0,False,27659.02,False
15709902,2011-12-23,95.0,False,45914.91,False
15709902,2011-12-23,94.0,True,2803.21,False
15709902,2011-12-23,38.0,False,66.84,False
15709902,2011-12-23,35.0,False,1956.02,False
15709902,2011-12-23,92.0,False,11638.83,False
15709902,2011-12-23,1.0,False,10257.64,False
15709902,2011-12-23,42.0,True,24.06,False
15709902,2011-12-23,13.0,False,8282.47,False
15709902,2011-12-23,80.0,False,-148.61,False
15709902,2011-12-23,97.0,False,1680.45,False
15709902,2011-12-23,74.0,False,5960.89,False
15709902,2011-12-23,19.0,True,2222.26,False
15709902,2011-12-23,27.0,True,4362.49,False
15709902,2011-12-23,14.0,True,39986.08,False
15709902,2011-12-23,96.0,True,10557.72,False
15709902,2011-12-23,19.0,True,13467.43,False
15709902,2011-12-23,26.0,False,330.76,False
15709902,2011-12-23,37.0,True,-152.37,False
15709902,2011-12-23,25.0,False,104.55,False
15709902,2011-12-23,82.0,True,16781.03,False
15709902,2011-12-23,85.0,True,13.58,False
15709902,2011-12-23,59.0,True,28228.2,False
15709902,2011-12-23,83.0,False,11964.65,False
15709902,2011-12-23,67.0,False,8001.27,False
15709902,2011-12-23,94.0,False,20969.4,False
15709902,2011-12-23,90.0,False,149.63,False
15709902,2011-12-23,22.0,False,13005.46,False
15709902,2011-12-23,56.0,True,4402.63,False
15709902,2011-12-23,4.0,True,7586.24,False
15709902,2011-12-30,4.0,True,,True
16116667,2011-12-02,97.0,False,2683.28,False
16116667,2011-12-02,30.0,False,2281.0,False
16116667,2011-12-02,74.0,True,5848.76,False
16116667,2011-12-02,90.0,False,3559.53,False
16116667,2011-12-02,71.0,False,5589.88,False
16116667,2011-12-02,31.0,False,2912.49,False
16116667,2011-12-02,35.0,False,4814.23,False
16116667,2011-12-02,14.0,False,50438.0,False
16116667,2011-12-02,87.0,False,198.31,False
16116667,2011-12-02,45.0,False,14480.12,False
16116667,2011-12-02,18.0,False,1841.52,False
16116667,2011-12-02,42.0,False,62667.08,False
16116667,2011-12-02,55.0,False,1813.7,False
16116667,2011-12-02,21.0,False,81579.02,False
16116667,2011-12-02,93.0,False,8700.52,False
16116667,2011-12-02,20.0,False,2644.31,False
16116667,2011-12-02,8.0,False,26505.87,False
16116667,2011-12-02,27.0,False,13632.11,False
16116667,2011-12-02,45.0,False,24976.41,False
16116667,2011-12-02,52.0,False,13670.41,False
16116667,2011-12-02,31.0,False,5338.24,False
16116667,2011-12-02,87.0,False,2095.44,False
16116667,2011-12-02,47.0,False,14144.67,False
16116667,2011-12-02,3.0,False,35869.31,False
16116667,2011-12-02,26.0,False,25454.38,False
16116667,2011-12-02,98.0,False,61777.89,False
16116667,2011-12-02,41.0,True,6960.54,False
16116667,2011-12-02,56.0,False,1205.69,False
16116667,2011-12-02,29.0,True,10780.99,False
16116667,2011-12-02,22.0,False,35826.64,False
16116667,2011-12-02,71.0,False,44012.97,False
16116667,2011-12-02,19.0,False,12103.6,False
16116667,2011-12-02,22.0,False,35098.49,False
16116667,2011-12-02,79.0,False,3631.77,False
16116667,2011-12-02,7.0,False,64136.97,False
16116667,2011-12-02,95.0,True,15586.65,False
16116667,2011-12-02,9.0,False,17055.52,False
16116667,2011-12-02,44.0,False,60616.19,False
16116667,2011-12-02,40.0,False,24651.28,False
16116667,2011-12-02,85.0,False,27504.27,False
16116667,2011-12-02,49.0,False,78213.89,False
16116667,2011-12-02,17.0,False,20344.34,False
16116667,2011-12-02,91.0,False,3989.44,False
16116667,2011-12-02,82.0,False,19037.82,False
16116667,2011-12-02,98.0,False,7487.88,False
16116667,2011-12-02,48.0,False,1566.28,False
16116667,2011-12-02,23.0,False,19175.64,False
16116667,2011-12-02,59.0,False,84781.03,False
16116667,2011-12-02,10.0,False,717.93,False
16116667,2011-12-02,41.0,False,68223.31,False
16116667,2011-12-02,33.0,False,36287.82,False
16116667,2011-12-02,80.0,False,10301.05,False
16116667,2011-12-02,14.0,False,27597.18,False
16116667,2011-12-02,1.0,False,88242.99,False
16116667,2011-12-02,35.0,False,1253.38,False
16116667,2011-12-02,67.0,False,83849.72,False
16116667,2011-12-02,31.0,False,11520.9,False
16116667,2011-12-02,83.0,False,10547.7,False
16116667,2011-12-02,46.0,False,161900.69,False
16116667,2011-12-02,41.0,False,6254.55,False
16116667,2011-12-02,1.0,False,14381.45,False
16116667,2011-12-02,33.0,False,8100.36,False
16116667,2011-12-02,24.0,False,53718.89,False
16116667,2011-12-02,98.0,False,-286.57,False
16116667,2011-12-02,98.0,False,12083.53,False
16116667,2011-12-02,97.0,False,39763.74,False
16116667,2011-12-02,46.0,False,19333.91,False
16116667,2011-12-02,91.0,False,40460.99,False
16116667,2011-12-02,71.0,False,39238.78,False
16116667,2011-12-02,42.0,False,10022.76,False
16116667,2011-12-02,11.0,False,11526.48,False
16116667,2011-12-02,29.0,False,47514.35,False
16116667,2011-12-02,92.0,False,17280.85,False
16116667,2011-12-02,29.0,False,1624.41,False
16116667,2011-12-02,27.0,False,48564.99,False
16116667,2011-12-02,31.0,True,6298.63,False
16116667,2011-12-02,87.0,False,22231.37,False
16116667,2011-12-02,74.0,False,32286.34,False
16116667,2011-12-02,6.0,False,11180.2,False
16116667,2011-12-02,93.0,False,3639.59,False
16116667,2011-12-02,98.0,False,10304.4,False
16116667,2011-12-02,6.0,False,11115.83,False
16116667,2011-12-02,82.0,False,-98.86,False
16116667,2011-12-02,13.0,False,21047.82,False
16116667,2011-12-02,56.0,False,28761.35,False
16116667,2011-12-02,7.0,False,9039.2,False
16116667,2011-12-02,40.0,False,9645.88,False
16116667,2011-12-02,9.0,False,6823.81,False
16116667,2011-12-02,20.0,False,48880.28,False
16116667,2011-12-02,25.0,False,30971.55,False
16116667,2011-12-02,10.0,False,18958.75,False
16116667,2011-12-02,81.0,False,5369.09,False
16116667,2011-12-02,71.0,False,32127.28,False
16116667,2011-12-02,38.0,False,113663.18,False
16116667,2011-12-09,94.0,False,56620.9,False
16116667,2011-12-09,16.0,False,111816.91,False
16116667,2011-12-09,42.0,False,15975.24,False
16116667,2011-12-09,22.0,False,17999.29,False
16116667,2011-12-09,81.0,False,72533.35,False
16116667,2011-12-09,97.0,False,3900.49,False
16116667,2011-12-09,3.0,False,34629.74,False
16116667,2011-12-09,46.0,False,5876.36,False
16116667,2011-12-09,55.0,False,7082.02,False
16116667,2011-12-09,85.0,False,104211.15,False
16116667,2011-12-09,60.0,False,18632.09,False
16116667,2011-12-09,35.0,False,18826.21,False
16116667,2011-12-09,21.0,False,43487.21,False
16116667,2011-12-09,54.0,False,11188.72,False
16116667,2011-12-09,5.0,False,91792.06,False
16116667,2011-12-09,44.0,False,-150.37,False
16116667,2011-12-09,56.0,False,23948.17,False
16116667,2011-12-09,11.0,False,153572.44,False
16116667,2011-12-09,91.0,True,43741.11,False
16116667,2011-12-09,8.0,False,16789.17,False
16116667,2011-12-09,90.0,False,8246.26,False
16116667,2011-12-09,7.0,False,60632.02,False
16116667,2011-12-09,82.0,False,59802.19,False
16116667,2011-12-09,5.0,False,166061.72,False
16116667,2011-12-09,98.0,False,-266.18,False
16116667,2011-12-09,20.0,False,25709.27,False
16116667,2011-12-09,67.0,False,64357.06,False
16116667,2011-12-09,85.0,False,11314.72,False
16116667,2011-12-09,45.0,True,9041.68,False
16116667,2011-12-09,20.0,True,5538.4,False
16116667,2011-12-09,90.0,False,25433.74,False
16116667,2011-12-09,96.0,False,5070.05,False
16116667,2011-12-09,96.0,False,4728.17,False
16116667,2011-12-09,41.0,False,10025.41,False
16116667,2011-12-09,42.0,False,30398.07,False
16116667,2011-12-09,13.0,False,11555.6,False
16116667,2011-12-09,91.0,False,3875.48,False
16116667,2011-12-09,40.0,False,106.16,False
16116667,2011-12-09,94.0,False,10624.0,False
16116667,2011-12-09,23.0,False,15099.52,False
16116667,2011-12-09,40.0,False,7880.52,False
16116667,2011-12-09,81.0,False,5810.04,False
16116667,2011-12-09,18.0,False,38542.27,False
16116667,2011-12-09,79.0,False,751.26,False
16116667,2011-12-09,92.0,False,17778.01,False
16116667,2011-12-09,91.0,True,1615.49,False
16116667,2011-12-09,27.0,False,16079.35,False
16116667,2011-12-09,26.0,False,35017.33,False
16116667,2011-12-09,21.0,False,7365.42,False
16116667,2011-12-09,23.0,False,-255.25,False
16116667,2011-12-09,80.0,False,2296.87,False
16116667,2011-12-09,37.0,False,25965.67,False
16116667,2011-12-09,41.0,False,351.27,False
16116667,2011-12-09,34.0,False,12539.83,False
16116667,2011-12-09,30.0,False,24919.33,False
16116667,2011-12-09,96.0,False,18299.12,False
16116667,2011-12-09,80.0,False,8126.45,False
16116667,2011-12-09,85.0,True,24163.44,False
16116667,2011-12-09,5.0,False,76753.21,False
16116667,2011-12-09,72.0,False,2859.96,False
16116667,2011-12-09,10.0,False,6707.36,False
16116667,2011-12-09,17.0,False,37876.64,False
16116667,2011-12-09,20.0,False,23588.38,False
16116667,2011-12-09,49.0,False,43827.91,False
16116667,2011-12-09,72.0,False,85927.5,False
16116667,2011-12-09,24.0,False,19730.07,False
16116667,2011-12-09,34.0,False,14504.92,False
16116667,2011-12-09,85.0,False,21241.36,False
16116667,2011-12-09,40.0,False,2367.36,False
16116667,2011-12-09,21.0,False,22472.74,False
16116667,2011-12-09,5.0,False,134718.27,False
16116667,2011-12-09,23.0,False,27313.68,False
16116667,2011-12-09,21.0,False,8689.62,False
16116667,2011-12-09,94.0,False,1226.41,False
16116667,2011-12-09,79.0,True,14892.67,False
16116667,2011-12-09,14.0,False,15038.06,False
16116667,2011-12-09,29.0,False,8586.47,False
16116667,2011-12-09,47.0,False,113881.46,False
16116667,2011-12-09,72.0,False,26037.2,False
16116667,2011-12-09,54.0,False,5609.53,False
16116667,2011-12-09,33.0,False,4116.81,False
16116667,2011-12-09,90.0,False,13779.6,False
16116667,2011-12-09,28.0,False,3791.17,False
16116667,2011-12-09,98.0,False,955.97,False
16116667,2011-12-09,12.0,False,15439.67,False
16116667,2011-12-09,93.0,False,41685.7,False
16116667,2011-12-09,42.0,False,30196.66,False
16116667,2011-12-09,20.0,False,19013.11,False
16116667,2011-12-09,35.0,False,9011.42,False
16116667,2011-12-09,82.0,False,37548.9,False
16116667,2011-12-09,81.0,False,1725.92,False
16116667,2011-12-09,95.0,False,177.42,False
16116667,2011-12-09,97.0,False,6948.87,False
16116667,2011-12-16,33.0,True,5366.37,False
16116667,2011-12-16,26.0,False,20298.56,False
16116667,2011-12-16,85.0,False,6112.37,False
16116667,2011-12-16,25.0,True,26148.02,False
16116667,2011-12-16,93.0,False,11507.2,False
16116667,2011-12-16,72.0,False,2376.87,False
16116667,2011-12-16,16.0,False,6969.56,False
16116667,2011-12-16,35.0,False,7933.29,False
16116667,2011-12-16,16.0,True,39257.5,False
16116667,2011-12-16,9.0,False,50845.38,False
16116667,2011-12-16,16.0,False,19443.41,False
16116667,2011-12-16,16.0,False,87396.27,False
16116667,2011-12-16,38.0,False,11614.66,False
16116667,2011-12-16,17.0,False,85796.13,False
16116667,2011-12-16,44.0,False,9423.0,False
16116667,2011-12-16,59.0,False,18470.08,False
16116667,2011-12-16,27.0,True,15673.14,False
16116667,2011-12-16,74.0,False,46694.44,False
16116667,2011-12-16,14.0,False,497.27,False
16116667,2011-12-16,1.0,False,33199.82,False
16116667,2011-12-16,44.0,False,10341.32,False
16116667,2011-12-16,32.0,False,35605.77,False
16116667,2011-12-16,18.0,True,49736.55,False
16116667,2011-12-16,41.0,False,10663.93,False
16116667,2011-12-16,91.0,False,9727.71,False
16116667,2011-12-16,32.0,True,14939.26,False
16116667,2011-12-16,29.0,False,40124.15,False
16116667,2011-12-16,56.0,False,11620.77,False
16116667,2011-12-16,41.0,False,7775.98,False
16116667,2011-12-16,37.0,False,43759.09,False
16116667,2011-12-16,6.0,True,40104.84,False
16116667,2011-12-16,93.0,False,31098.17,False
16116667,2011-12-16,29.0,False,57510.48,False
16116667,2011-12-16,83.0,False,13094.96,False
16116667,2011-12-16,33.0,False,68058.98,False
16116667,2011-12-16,20.0,False,4292.17,False
16116667,2011-12-16,25.0,True,45416.37,False
16116667,2011-12-16,3.0,False,79242.09,False
16116667,2011-12-16,95.0,False,788.7,False
16116667,2011-12-16,48.0,True,37205.45,False
16116667,2011-12-16,83.0,False,20436.29,False
16116667,2011-12-16,81.0,False,1256.54,False
16116667,2011-12-16,98.0,False,10429.79,False
16116667,2011-12-16,60.0,False,2692.18,False
16116667,2011-12-16,33.0,False,21091.68,False
16116667,2011-12-16,95.0,True,6392.31,False
16116667,2011-12-16,44.0,False,2812.16,False
16116667,2011-12-16,12.0,False,53440.25,False
16116667,2011-12-16,58.0,False,33671.55,False
16116667,2011-12-16,95.0,False,-320.21,False
16116667,2011-12-16,55.0,False,44721.83,False
16116667,2011-12-16,55.0,False,64027.91,False
16116667,2011-12-16,32.0,False,29888.99,False
16116667,2011-12-16,74.0,True,1527.3,False
16116667,2011-12-16,36.0,False,151822.22,False
16116667,2011-12-16,56.0,False,6.03,False
16116667,2011-12-16,59.0,False,-139.64,False
16116667,2011-12-16,72.0,False,5273.28,False
16116667,2011-12-16,56.0,True,80769.38,False
16116667,2011-12-16,54.0,False,18499.32,False
16116667,2011-12-16,17.0,False,45068.68,False
16116667,2011-12-16,60.0,False,36781.31,False
16116667,2011-12-16,9.0,False,2513.45,False
16116667,2011-12-16,20.0,False,27046.3,False
16116667,2011-12-16,92.0,False,17530.85,False
16116667,2011-12-16,38.0,True,13462.25,False
16116667,2011-12-16,60.0,True,46898.73,False
16116667,2011-12-16,35.0,False,48054.81,False
16116667,2011-12-16,27.0,False,99807.28,False
16116667,2011-12-16,95.0,False,40716.16,False
16116667,2011-12-16,1.0,False,6842.3,False
16116667,2011-12-16,80.0,False,53157.86,False
16116667,2011-12-16,41.0,False,2379.84,False
16116667,2011-12-16,22.0,False,6443.82,False
16116667,2011-12-23,18.0,False,40808.6,False
16116667,2011-12-23,34.0,True,8637.93,False
16116667,2011-12-23,1.0,False,23232.12,False
16116667,2011-12-23,7.0,False,10604.69,False
16116667,2011-12-23,98.0,False,13245.94,False
16116667,2011-12-23,34.0,True,65680.24,False
16116667,2011-12-23,24.0,True,47333.96,False
16116667,2011-12-23,7.0,True,8002.44,False
16116667,2011-12-23,46.0,False,10196.25,False
16116667,2011-12-23,79.0,True,13658.99,False
16116667,2011-12-23,32.0,False,27946.14,False
16116667,2011-12-23,90.0,True,6599.96,False
16116667,2011-12-23,26.0,False,291.02,False
16116667,2011-12-23,28.0,True,1505.51,False
16116667,2011-12-23,33.0,False,369.52,False
16116667,2011-12-23,80.0,False,-22.47,False
16116667,2011-12-23,21.0,False,40310.95,False
16116667,2011-12-23,9.0,False,68682.41,False
16116667,2011-12-23,40.0,False,19567.68,False
16116667,2011-12-23,74.0,True,124.78,False
16116667,2011-12-23,87.0,True,-309.09,False
16116667,2011-12-23,83.0,True,32878.39,False
16116667,2011-12-23,72.0,False,39072.44,False
16116667,2011-12-23,8.0,True,35681.57,False
16116667,2011-12-23,36.0,False,72517.11,False
16116667,2011-12-23,2.0,False,1276.82,False
16116667,2011-12-23,74.0,False,3650.75,False
16116667,2011-12-23,30.0,True,90313.4,False
16116667,2011-12-23,91.0,False,21785.36,False
16116667,2011-12-23,80.0,False,3081.57,False
16116667,2011-12-23,55.0,False,1449.45,False
16116667,2011-12-23,31.0,True,37254.51,False
16116667,2011-12-23,80.0,True,1746.53,False
16116667,2011-12-23,42.0,True,11768.45,False
16116667,2011-12-23,26.0,True,2811.17,False
16116667,2011-12-23,56.0,True,5799.63,False
16116667,2011-12-23,33.0,False,3839.35,False
16116667,2011-12-23,36.0,True,46274.81,False
16116667,2011-12-23,98.0,False,4065.99,False
16116667,2011-12-23,52.0,True,3877.01,False
16116667,2011-12-23,16.0,True,38052.08,False
16116667,2011-12-23,98.0,True,59822.35,False
16116667,2011-12-23,20.0,True,28555.89,False
16116667,2011-12-23,85.0,True,85561.53,False
16116667,2011-12-23,81.0,False,4925.33,False
16116667,2011-12-23,46.0,True,5391.17,False
16116667,2011-12-23,79.0,False,37848.71,False
16116667,2011-12-23,13.0,True,13404.4,False
16116667,2011-12-23,40.0,True,15962.54,False
16116667,2011-12-23,52.0,False,94694.89,False
16116667,2011-12-23,81.0,True,23229.09,False
16116667,2011-12-23,7.0,False,54561.82,False
16116667,2011-12-23,7.0,False,3454.12,False
16116667,2011-12-23,27.0,True,8004.52,False
16116667,2011-12-23,60.0,False,1815.84,False
16116667,2011-12-23,59.0,False,8836.45,False
16116667,2011-12-23,72.0,True,42980.49,False
16116667,2011-12-23,19.0,True,28384.66,False
16116667,2011-12-23,35.0,False,50605.38,False
16116667,2011-12-23,38.0,True,337.55,False
16116667,2011-12-23,74.0,False,14685.61,False
16116667,2011-12-23,19.0,True,8967.31,False
16116667,2011-12-23,46.0,True,20623.7,False
16116667,2011-12-23,23.0,True,21812.47,False
16116667,2011-12-23,28.0,False,6208.33,False
16116667,2011-12-23,44.0,False,3633.89,False
16116667,2011-12-23,91.0,True,8556.73,False
16116667,2011-12-23,59.0,True,3360.52,False
16116667,2011-12-23,98.0,False,23752.59,False
16116667,2011-12-23,71.0,False,37050.12,False
16116667,2011-12-23,26.0,False,44952.29,False
16116667,2011-12-23,28.0,False,41105.5,False
16116667,2011-12-23,25.0,False,48524.83,False
16116667,2011-12-23,56.0,False,70629.95,False
16116667,2011-12-23,72.0,True,426.5,False
16116667,2011-12-23,6.0,False,131087.72,False
16116667,2011-12-23,82.0,False,1656.14,False
16116667,2011-12-23,59.0,False,11219.92,False
16116667,2011-12-23,12.0,False,42552.57,False
16116667,2011-12-23,8.0,True,47385.36,False
16116667,2011-12-23,56.0,False,25120.38,False
16116667,2011-12-23,22.0,False,3241.74,False
16116667,2011-12-23,2.0,True,15962.7,False
16116667,2011-12-23,29.0,False,22838.53,False
16116667,2011-12-23,33.0,False,876.47,False
16116667,2011-12-23,9.0,False,5381.05,False
16116667,2011-12-23,12.0,False,10896.45,False
16116667,2011-12-23,80.0,False,4852.08,False
16116667,2011-12-23,58.0,False,1545.36,False
16116667,2011-12-23,23.0,True,51870.95,False
16116667,2011-12-23,67.0,False,29266.95,False
16116667,2011-12-23,52.0,False,43783.68,False
16116667,2011-12-23,12.0,False,13284.25,False
16116667,2011-12-23,99.0,False,7120.83,False
16116667,2011-12-23,18.0,False,27723.7,False
16116667,2011-12-30,97.0,True,13496.18,False
16116667,2011-12-30,17.0,True,17768.69,False
16116667,2011-12-30,98.0,False,47491.23,False
16116667,2011-12-30,83.0,True,677.45,False
16116667,2011-12-30,60.0,True,6616.7,False
16116667,2011-12-30,87.0,True,16768.94,False
16116667,2011-12-30,20.0,True,1253.0,False
16116667,2011-12-30,82.0,True,2840.91,False
16116667,2011-12-30,36.0,True,511.54,False
16116667,2011-12-30,25.0,True,9632.17,False
16116667,2011-12-30,7.0,False,16102.82,False
16116667,2011-12-30,17.0,True,13707.97,False
16116667,2011-12-30,36.0,True,19214.75,False
16166434,2011-12-02,6.0,False,16965.01,False
16166434,2011-12-02,40.0,False,2095.5,False
16166434,2011-12-02,12.0,False,290.99,False
16166434,2011-12-02,2.0,False,3909.05,False
16166434,2011-12-02,37.0,False,97.94,False
16166434,2011-12-02,24.0,False,18337.81,False
16166434,2011-12-02,52.0,False,-3.86,False
16166434,2011-12-02,1.0,False,3573.71,False
16166434,2011-12-02,21.0,False,269.12,False
16166434,2011-12-02,20.0,False,955.64,False
16166434,2011-12-02,31.0,False,4599.19,False
16166434,2011-12-02,83.0,False,29278.37,False
16166434,2011-12-02,93.0,False,2648.38,False
16166434,2011-12-02,48.0,False,2262.84,False
16166434,2011-12-02,41.0,False,-104.94,False
16166434,2011-12-02,3.0,False,1407.1,False
16166434,2011-12-02,71.0,False,2035.9,False
16166434,2011-12-02,56.0,False,3381.86,False
16166434,2011-12-02,41.0,False,10144.04,False
16166434,2011-12-02,6.0,False,2204.74,False
16166434,2011-12-02,21.0,False,3851.84,False
16166434,2011-12-02,90.0,False,1909.92,False
16166434,2011-12-02,1.0,False,7026.02,False
16166434,2011-12-02,90.0,False,485.05,False
16166434,2011-12-02,7.0,False,-165.93,False
16166434,2011-12-02,49.0,True,1751.71,False
16166434,2011-12-02,28.0,False,1344.46,False
16166434,2011-12-02,38.0,False,-100.19,False
16166434,2011-12-02,35.0,False,43977.6,False
16166434,2011-12-02,37.0,False,34325.32,False
16166434,2011-12-02,14.0,False,4345.99,False
16166434,2011-12-02,4.0,False,1866.33,False
16166434,2011-12-02,23.0,False,4720.09,False
16166434,2011-12-02,7.0,False,30886.66,False
16166434,2011-12-02,98.0,False,44538.95,False
16166434,2011-12-02,3.0,False,1221.29,False
16166434,2011-12-02,31.0,False,-185.21,False
16166434,2011-12-02,47.0,False,4201.04,False
16166434,2011-12-02,1.0,False,8440.98,False
16166434,2011-12-02,1.0,False,-185.68,False
16166434,2011-12-02,1.0,False,5611.15,False
16166434,2011-12-02,93.0,False,2066.8,False
16166434,2011-12-02,10.0,False,8285.46,False
16166434,2011-12-02,74.0,False,11261.5,False
16166434,2011-12-02,38.0,False,12726.89,False
16166434,2011-12-02,9.0,False,8887.76,False
16166434,2011-12-02,12.0,False,1391.7,False
16166434,2011-12-02,4.0,False,783.09,False
16166434,2011-12-02,44.0,False,3551.35,False
16166434,2011-12-02,12.0,False,6443.23,False
16166434,2011-12-02,98.0,False,11621.67,False
16166434,2011-12-02,80.0,False,20908.87,False
16166434,2011-12-02,40.0,False,-102.78,False
16166434,2011-12-02,21.0,False,15726.71,False
16166434,2011-12-02,95.0,False,80.4,False
16166434,2011-12-02,7.0,False,8818.03,False
16166434,2011-12-02,24.0,False,75.83,False
16166434,2011-12-02,33.0,False,5590.01,False
16166434,2011-12-09,28.0,False,217.76,False
16166434,2011-12-09,45.0,False,710.41,False
16166434,2011-12-09,94.0,False,35735.42,False
16166434,2011-12-09,74.0,False,2059.44,False
16166434,2011-12-09,54.0,False,31089.5,False
16166434,2011-12-09,13.0,True,11887.31,False
16166434,2011-12-09,7.0,False,20069.21,False
16166434,2011-12-09,27.0,False,131.31,False
16166434,2011-12-09,11.0,False,1445.03,False
16166434,2011-12-09,91.0,False,10099.11,False
16166434,2011-12-09,7.0,False,11340.64,False
16166434,2011-12-09,13.0,False,3915.36,False
16166434,2011-12-09,74.0,False,1403.14,False
16166434,2011-12-09,97.0,False,22567.81,False
16166434,2011-12-09,59.0,False,4891.74,False
16166434,2011-12-09,7.0,False,-173.2,False
16166434,2011-12-09,1.0,False,135.96,False
16166434,2011-12-09,17.0,False,593.9,False
16166434,2011-12-09,22.0,False,6417.19,False
16166434,2011-12-09,22.0,False,711.17,False
16166434,2011-12-09,59.0,False,5681.92,False
16166434,2011-12-09,1.0,False,331.69,False
16166434,2011-12-09,98.0,False,52213.85,False
16166434,2011-12-09,59.0,False,3895.8,False
16166434,2011-12-09,20.0,False,12695.96,False
16166434,2011-12-09,1.0,False,-128.61,False
16166434,2011-12-09,46.0,False,1555.29,False
16166434,2011-12-09,31.0,False,14300.81,False
16166434,2011-12-09,16.0,False,8231.73,False
16166434,2011-12-09,98.0,False,3566.67,False
16166434,2011-12-09,17.0,False,5646.17,False
16166434,2011-12-09,25.0,False,-65.98,False
16166434,2011-12-09,13.0,False,945.31,False
16166434,2011-12-09,1.0,False,-132.96,False
16166434,2011-12-09,46.0,False,2525.22,False
16166434,2011-12-09,29.0,False,2293.56,False
16166434,2011-12-09,93.0,False,5607.19,False
16166434,2011-12-09,8.0,False,891.65,False
16166434,2011-12-09,31.0,False,508.28,False
16166434,2011-12-09,8.0,False,819.77,False
16166434,2011-12-09,82.0,False,9912.28,False
16166434,2011-12-09,22.0,False,1019.21,False
16166434,2011-12-09,79.0,False,15836.62,False
16166434,2011-12-09,92.0,False,4498.32,False
16166434,2011-12-09,27.0,False,11990.05,False
16166434,2011-12-09,25.0,False,-7.67,False
16166434,2011-12-09,13.0,False,13430.06,False
16166434,2011-12-09,21.0,False,436.76,False
16166434,2011-12-09,1.0,False,-130.39,False
16166434,2011-12-09,55.0,True,7854.75,False
16166434,2011-12-09,1.0,False,8653.92,False
16166434,2011-12-09,1.0,False,4863.91,False
16166434,2011-12-09,55.0,False,37.12,False
16166434,2011-12-09,16.0,False,697.83,False
16166434,2011-12-09,8.0,False,495.81,False
16166434,2011-12-09,5.0,False,4590.67,False
16166434,2011-12-09,23.0,True,23311.85,False
16166434,2011-12-09,52.0,False,648.11,False
16166434,2011-12-09,49.0,False,3081.75,False
16166434,2011-12-09,16.0,False,1746.9,False
16166434,2011-12-09,36.0,False,2530.64,False
16166434,2011-12-09,46.0,False,9726.59,False
16166434,2011-12-09,34.0,False,1418.72,False
16166434,2011-12-09,87.0,False,3173.71,False
16166434,2011-12-09,4.0,False,7473.26,False
16166434,2011-12-09,85.0,False,8368.01,False
16166434,2011-12-09,27.0,False,28158.38,False
16166434,2011-12-16,5.0,False,2630.29,False
16166434,2011-12-16,60.0,False,7394.39,False
16166434,2011-12-16,3.0,False,9637.59,False
16166434,2011-12-16,90.0,True,7477.51,False
16166434,2011-12-16,4.0,False,-8.62,False
16166434,2011-12-16,87.0,False,3156.69,False
16166434,2011-12-16,94.0,False,22489.57,False
16166434,2011-12-16,6.0,False,481.97,False
16166434,2011-12-16,55.0,False,2441.01,False
16166434,2011-12-16,18.0,False,11209.78,False
16166434,2011-12-16,40.0,False,36226.01,False
16166434,2011-12-16,54.0,False,708.12,False
16166434,2011-12-16,98.0,False,5743.6,False
16166434,2011-12-16,52.0,False,3921.68,False
16166434,2011-12-16,87.0,False,-43.36,False
16166434,2011-12-16,6.0,True,3921.35,False
16166434,2011-12-16,1.0,False,1295.54,False
16166434,2011-12-16,87.0,False,7667.61,False
16166434,2011-12-16,20.0,False,225.79,False
16166434,2011-12-16,55.0,True,22160.6,False
16166434,2011-12-16,1.0,True,5332.41,False
16166434,2011-12-16,40.0,False,18619.17,False
16166434,2011-12-16,22.0,False,5999.31,False
16166434,2011-12-16,56.0,False,254.95,False
16166434,2011-12-16,3.0,True,5896.39,False
16166434,2011-12-16,1.0,False,307.89,False
16166434,2011-12-16,34.0,False,2642.51,False
16166434,2011-12-16,5.0,False,23566.79,False
16166434,2011-12-16,7.0,False,6507.8,False
16166434,2011-12-16,67.0,False,12709.98,False
16166434,2011-12-16,11.0,True,962.9,False
16166434,2011-12-16,23.0,False,4934.26,False
16166434,2011-12-16,5.0,True,265.06,False
16166434,2011-12-16,27.0,True,2518.97,False
16166434,2011-12-16,24.0,False,16916.76,False
16166434,2011-12-16,95.0,False,175.53,False
16166434,2011-12-16,14.0,False,606.97,False
16166434,2011-12-16,2.0,False,5701.26,False
16166434,2011-12-16,2.0,False,66.16,False
16166434,2011-12-16,49.0,False,21980.83,False
16166434,2011-12-16,27.0,False,866.16,False
16166434,2011-12-16,54.0,False,3091.28,False
16166434,2011-12-16,71.0,False,10323.13,False
16166434,2011-12-16,80.0,False,32689.27,False
16166434,2011-12-16,1.0,False,10488.74,False
16166434,2011-12-16,6.0,False,462.95,False
16166434,2011-12-16,95.0,False,8879.98,False
16166434,2011-12-16,27.0,False,3438.9,False
16166434,2011-12-16,4.0,True,14966.16,False
16166434,2011-12-16,2.0,False,-90.16,False
16166434,2011-12-16,87.0,True,14950.98,False
16166434,2011-12-16,1.0,False,2827.69,False
16166434,2011-12-16,2.0,False,19466.62,False
16166434,2011-12-16,1.0,False,13412.46,False
16166434,2011-12-16,34.0,False,150.0,False
16166434,2011-12-16,40.0,False,3069.37,False
16166434,2011-12-16,1.0,False,4300.41,False
16166434,2011-12-16,26.0,False,18047.19,False
16166434,2011-12-16,1.0,False,-144.58,False
16166434,2011-12-16,5.0,False,5374.21,False
16166434,2011-12-16,97.0,False,5441.79,False
16166434,2011-12-16,74.0,False,26080.43,False
16166434,2011-12-16,10.0,False,3379.8,False
16166434,2011-12-16,87.0,False,3810.75,False
16166434,2011-12-16,9.0,False,5971.54,False
16166434,2011-12-16,98.0,False,21401.61,False
16166434,2011-12-16,20.0,False,2135.98,False
16166434,2011-12-16,2.0,False,11717.32,False
16166434,2011-12-16,94.0,False,10686.22,False
16166434,2011-12-16,40.0,True,3540.52,False
16166434,2011-12-16,56.0,True,458.79,False
16166434,2011-12-16,16.0,False,14406.91,False
16166434,2011-12-16,72.0,False,25230.11,False
16166434,2011-12-16,90.0,False,6967.04,False
16166434,2011-12-23,5.0,False,98.74,False
16166434,2011-12-23,13.0,False,5208.76,False
16166434,2011-12-23,71.0,False,8997.8,False
16166434,2011-12-23,82.0,False,696.37,False
16166434,2011-12-23,1.0,False,4471.05,False
16166434,2011-12-23,80.0,False,-107.71,False
16166434,2011-12-23,14.0,True,9504.99,False
16166434,2011-12-23,93.0,False,1761.85,False
16166434,2011-12-23,44.0,False,5848.47,False
16166434,2011-12-23,11.0,False,338.52,False
16166434,2011-12-23,4.0,True,7245.66,False
16166434,2011-12-23,17.0,False,1394.86,False
16166434,2011-12-23,21.0,True,-184.27,False
16166434,2011-12-23,28.0,True,83.97,False
16166434,2011-12-23,3.0,True,-104.24,False
16166434,2011-12-23,96.0,False,1069.81,False
16166434,2011-12-23,1.0,False,-123.71,False
16166434,2011-12-23,7.0,False,8686.49,False
16166434,2011-12-23,83.0,False,8978.88,False
16166434,2011-12-23,2.0,False,-30.97,False
16166434,2011-12-23,12.0,False,1723.92,False
16166434,2011-12-23,6.0,False,565.29,False
16166434,2011-12-23,97.0,False,9024.1,False
16166434,2011-12-23,95.0,True,1693.45,False
16166434,2011-12-23,87.0,True,1103.74,False
16166434,2011-12-23,95.0,True,6850.46,False
16166434,2011-12-23,1.0,False,5139.71,False
16166434,2011-12-23,25.0,True,2676.86,False
16166434,2011-12-23,48.0,True,12393.29,False
16166434,2011-12-23,91.0,False,10366.98,False
16166434,2011-12-23,41.0,False,131.53,False
16166434,2011-12-23,60.0,False,-50.27,False
16166434,2011-12-23,91.0,True,5312.85,False
16166434,2011-12-23,7.0,False,7144.82,False
16166434,2011-12-23,25.0,True,1096.81,False
16166434,2011-12-23,55.0,True,1757.94,False
16166434,2011-12-23,32.0,False,11479.28,False
16166434,2011-12-23,2.0,False,1550.48,False
16166434,2011-12-23,1.0,False,2081.63,False
16166434,2011-12-23,38.0,False,3091.12,False
16166434,2011-12-23,35.0,False,5381.4,False
16166434,2011-12-23,6.0,False,1400.8,False
16166434,2011-12-23,4.0,False,7773.07,False
16166434,2011-12-23,79.0,False,3340.69,False
16166434,2011-12-23,3.0,True,881.62,False
16166434,2011-12-23,3.0,False,-102.96,False
16166434,2011-12-23,23.0,True,1634.83,False
16166434,2011-12-23,40.0,False,14854.97,False
16166434,2011-12-23,60.0,False,1483.33,False
16166434,2011-12-23,41.0,False,6177.2,False
16166434,2011-12-23,4.0,False,1062.88,False
16166434,2011-12-23,3.0,True,311.58,False
16166434,2011-12-23,4.0,False,1091.69,False
16166434,2011-12-23,4.0,False,2464.67,False
16166434,2011-12-23,16.0,True,753.43,False
16166434,2011-12-23,5.0,False,1362.39,False
16166434,2011-12-23,17.0,True,3469.36,False
16166434,2011-12-23,44.0,True,1092.43,False
16166434,2011-12-23,90.0,False,6188.91,False
16166434,2011-12-23,10.0,False,431.31,False
16166434,2011-12-23,74.0,True,5352.53,False
16166434,2011-12-23,18.0,False,55914.62,False
16166434,2011-12-23,95.0,True,2219.4,False
16166434,2011-12-23,40.0,True,13964.2,False
16166434,2011-12-30,5.0,True,1328.05,False
16166434,2011-12-30,38.0,True,763.53,False
16166434,2011-12-30,7.0,False,7590.93,False
16166434,2011-12-30,40.0,True,-132.39,False
16166434,2011-12-30,1.0,True,11286.5,False
16166434,2011-12-30,1.0,True,1338.24,False
16166434,2011-12-30,22.0,True,11301.2,False
16166434,2011-12-30,94.0,True,1723.69,False
16166434,2011-12-30,4.0,False,34078.58,False
16166434,2011-12-30,87.0,True,274.22,False
16166434,2011-12-30,30.0,True,2696.95,False
16166434,2011-12-30,23.0,True,66.63,False
16166434,2011-12-30,49.0,True,5053.8,False
16166434,2011-12-30,94.0,True,9882.2,False
16166434,2011-12-30,92.0,False,4678.01,False
16166434,2011-12-30,22.0,True,253.44,False
16166434,2011-12-30,90.0,True,8367.82,False
16166434,2011-12-30,77.0,True,8506.37,False
16166434,2011-12-30,81.0,True,823.92,False
16166434,2011-12-30,32.0,False,43467.52,False
16166434,2011-12-30,1.0,True,1710.03,False
16166434,2011-12-30,19.0,False,13945.36,False
16166434,2011-12-30,36.0,False,-118.07,False
16166434,2011-12-30,40.0,False,3590.2,False
16166434,2011-12-30,3.0,True,716.19,False
16166434,2011-12-30,6.0,False,375.08,False
16166434,2011-12-30,96.0,True,7013.85,False
16166434,2011-12-30,7.0,True,10248.65,False
16166434,2011-12-30,56.0,True,3269.23,False
16166434,2011-12-30,6.0,True,-95.38,False
16166434,2011-12-30,98.0,True,11707.62,False
16166434,2011-12-30,72.0,False,9640.98,False
16166434,2011-12-30,29.0,True,7974.42,False
16166434,2011-12-30,40.0,True,1741.29,False
16166434,2011-12-30,74.0,True,4056.88,False
16166434,2011-12-30,79.0,False,34391.34,False
16166434,2011-12-30,3.0,True,2094.6,False
16166434,2011-12-30,79.0,False,1738.56,False
16166434,2011-12-30,56.0,True,4511.07,False
16166434,2011-12-30,27.0,True,26926.88,False
16365361,2011-12-02,3.0,False,206.24,False
16365361,2011-12-02,18.0,False,34819.08,False
16365361,2011-12-02,79.0,False,52.34,False
16365361,2011-12-02,24.0,False,15367.9,False
16365361,2011-12-02,92.0,False,1889.86,False
16365361,2011-12-02,11.0,False,8000.66,False
16365361,2011-12-02,85.0,False,9647.54,False
16365361,2011-12-02,67.0,False,-14.93,False
16365361,2011-12-02,28.0,True,720.04,False
16365361,2011-12-02,96.0,False,2888.13,False
16365361,2011-12-02,90.0,False,5253.39,False
16365361,2011-12-02,90.0,False,44.47,False
16365361,2011-12-02,81.0,False,2222.87,False
16365361,2011-12-02,36.0,False,5065.52,False
16365361,2011-12-02,32.0,False,1921.44,False
16365361,2011-12-02,72.0,False,404.44,False
16365361,2011-12-02,38.0,False,2318.06,False
16365361,2011-12-02,83.0,False,3495.19,False
16365361,2011-12-02,18.0,False,10256.96,False
16365361,2011-12-02,96.0,False,-52.89,False
16365361,2011-12-02,93.0,False,3594.73,False
16365361,2011-12-02,96.0,False,5489.37,False
16365361,2011-12-02,74.0,False,15087.9,False
16365361,2011-12-02,11.0,False,414.16,False
16365361,2011-12-02,83.0,False,9947.69,False
16365361,2011-12-02,98.0,False,9072.57,False
16365361,2011-12-02,97.0,False,34220.09,False
16365361,2011-12-02,72.0,False,6178.63,False
16365361,2011-12-02,95.0,False,2667.54,False
16365361,2011-12-02,22.0,False,1333.45,False
16365361,2011-12-02,92.0,False,62407.05,False
16365361,2011-12-02,96.0,False,609.32,False
16365361,2011-12-02,90.0,False,10518.43,False
16365361,2011-12-02,90.0,False,5443.44,False
16365361,2011-12-02,41.0,False,5635.5,False
16365361,2011-12-02,90.0,False,45203.18,False
16365361,2011-12-02,97.0,False,67947.86,False
16365361,2011-12-02,36.0,False,14838.09,False
16365361,2011-12-02,4.0,True,4398.86,False
16365361,2011-12-02,91.0,False,823.5,False
16365361,2011-12-02,83.0,False,4184.27,False
16365361,2011-12-02,14.0,False,4473.4,False
16365361,2011-12-02,67.0,False,2745.12,False
16365361,2011-12-02,58.0,True,873.61,False
16365361,2011-12-02,81.0,True,1715.63,False
16365361,2011-12-02,83.0,False,6843.22,False
16365361,2011-12-02,79.0,True,629.79,False
16365361,2011-12-02,92.0,False,4023.54,False
16365361,2011-12-02,19.0,False,8331.11,False
16365361,2011-12-02,97.0,False,53074.0,False
16365361,2011-12-02,36.0,False,23165.19,False
16365361,2011-12-02,59.0,False,10336.9,False
16365361,2011-12-02,20.0,False,1663.24,False
16365361,2011-12-02,92.0,False,5917.25,False
16365361,2011-12-02,98.0,False,26631.44,False
16365361,2011-12-02,17.0,False,30308.36,False
16365361,2011-12-02,67.0,False,1461.84,False
16365361,2011-12-02,13.0,False,1449.28,False
16365361,2011-12-02,21.0,False,61949.79,False
16365361,2011-12-02,54.0,False,620.13,False
16365361,2011-12-02,98.0,False,1308.64,False
16365361,2011-12-02,67.0,False,832.5,False
16365361,2011-12-02,8.0,False,4788.21,False
16365361,2011-12-02,1.0,False,-61.82,False
16365361,2011-12-02,1.0,False,2661.08,False
16365361,2011-12-02,2.0,False,13075.58,False
16365361,2011-12-02,35.0,False,3451.1,False
16365361,2011-12-02,7.0,False,12697.55,False
16365361,2011-12-02,60.0,False,14008.31,False
16365361,2011-12-02,40.0,False,1041.67,False
16365361,2011-12-02,31.0,False,29992.83,False
16365361,2011-12-02,74.0,False,15522.12,False
16365361,2011-12-02,72.0,False,-22.67,False
16365361,2011-12-02,95.0,False,1277.74,False
16365361,2011-12-02,97.0,False,763.33,False
16365361,2011-12-02,5.0,False,176.0,False
16365361,2011-12-02,98.0,False,8273.47,False
16365361,2011-12-02,97.0,False,26646.65,False
16365361,2011-12-02,2.0,True,2112.41,False
16365361,2011-12-02,22.0,False,32656.3,False
16365361,2011-12-02,97.0,False,1176.16,False
16365361,2011-12-02,20.0,False,-60.25,False
16365361,2011-12-02,34.0,False,43334.56,False
16365361,2011-12-02,93.0,False,14.59,False
16365361,2011-12-02,97.0,False,857.24,False
16365361,2011-12-02,46.0,False,1010.75,False
16365361,2011-12-02,97.0,False,489.63,False
16365361,2011-12-02,82.0,False,13076.92,False
16365361,2011-12-02,74.0,False,6584.34,False
16365361,2011-12-02,95.0,False,2733.14,False
16365361,2011-12-02,17.0,False,424.27,False
16365361,2011-12-02,21.0,False,8214.73,False
16365361,2011-12-02,27.0,False,6880.47,False
16365361,2011-12-02,7.0,False,3980.47,False
16365361,2011-12-09,55.0,True,1644.19,False
16365361,2011-12-09,93.0,True,608.04,False
16365361,2011-12-09,60.0,False,-60.33,False
16365361,2011-12-09,52.0,False,3632.46,False
16365361,2011-12-09,42.0,False,65529.2,False
16365361,2011-12-09,2.0,False,26.69,False
16365361,2011-12-09,31.0,False,4807.66,False
16365361,2011-12-09,13.0,True,107.81,False
16365361,2011-12-09,95.0,False,1939.42,False
16365361,2011-12-09,87.0,False,3107.89,False
16365361,2011-12-09,12.0,False,3293.22,False
16365361,2011-12-09,13.0,False,24371.14,False
16365361,2011-12-09,33.0,False,6605.35,False
16365361,2011-12-09,49.0,False,9655.28,False
16365361,2011-12-09,6.0,False,-46.11,False
16365361,2011-12-09,91.0,False,841.18,False
16365361,2011-12-09,58.0,False,1815.47,False
16365361,2011-12-09,14.0,False,30230.27,False
16365361,2011-12-09,32.0,True,35325.45,False
16365361,2011-12-09,19.0,False,21596.33,False
16365361,2011-12-09,11.0,False,8279.17,False
16365361,2011-12-09,21.0,False,813.53,False
16365361,2011-12-09,2.0,False,614.51,False
16365361,2011-12-09,44.0,True,13337.75,False
16365361,2011-12-09,93.0,True,13156.76,False
16365361,2011-12-09,74.0,False,41885.07,False
16365361,2011-12-09,31.0,False,11256.88,False
16365361,2011-12-09,33.0,False,16555.33,False
16365361,2011-12-09,30.0,False,25307.17,False
16365361,2011-12-09,56.0,False,1149.18,False
16365361,2011-12-09,36.0,False,992.91,False
16365361,2011-12-09,32.0,True,18817.01,False
16365361,2011-12-09,52.0,False,725.18,False
16365361,2011-12-09,71.0,False,5451.51,False
16365361,2011-12-09,2.0,False,1421.2,False
16365361,2011-12-09,5.0,False,15256.76,False
16365361,2011-12-09,46.0,False,20.9,False
16365361,2011-12-09,34.0,False,48692.75,False
16365361,2011-12-09,16.0,True,7414.3,False
16365361,2011-12-09,22.0,False,280.27,False
16365361,2011-12-09,59.0,False,102.84,False
16365361,2011-12-09,59.0,False,2117.11,False
16365361,2011-12-09,40.0,False,2.37,False
16365361,2011-12-09,1.0,False,26204.85,False
16365361,2011-12-09,14.0,False,13039.92,False
16365361,2011-12-09,60.0,False,1290.99,False
16365361,2011-12-09,83.0,False,293.91,False
16365361,2011-12-09,10.0,True,17240.07,False
16365361,2011-12-09,2.0,False,5074.47,False
16365361,2011-12-09,90.0,False,3955.87,False
16365361,2011-12-09,94.0,False,2649.03,False
16365361,2011-12-09,91.0,False,1172.63,False
16365361,2011-12-09,95.0,False,18747.66,False
16365361,2011-12-09,41.0,False,8338.6,False
16365361,2011-12-09,77.0,False,9930.38,False
16365361,2011-12-09,23.0,False,72.91,False
16365361,2011-12-09,81.0,False,1197.35,False
16365361,2011-12-09,23.0,False,7603.76,False
16365361,2011-12-09,91.0,False,11854.08,False
16365361,2011-12-09,13.0,False,6149.84,False
16365361,2011-12-09,77.0,False,343.03,False
16365361,2011-12-09,27.0,False,186.43,False
16365361,2011-12-09,97.0,False,20346.25,False
16365361,2011-12-09,97.0,False,3123.74,False
16365361,2011-12-09,5.0,False,23898.45,False
16365361,2011-12-09,9.0,False,45569.99,False
16365361,2011-12-09,42.0,False,696.64,False
16365361,2011-12-16,60.0,False,159.05,False
16365361,2011-12-16,90.0,False,6404.98,False
16365361,2011-12-16,18.0,False,3569.63,False
16365361,2011-12-16,96.0,False,-39.12,False
16365361,2011-12-16,16.0,False,1059.48,False
16365361,2011-12-16,25.0,False,19310.89,False
16365361,2011-12-16,80.0,False,14496.42,False
16365361,2011-12-16,49.0,False,1687.34,False
16365361,2011-12-16,9.0,False,-61.89,False
16365361,2011-12-16,81.0,True,3966.05,False
16365361,2011-12-16,44.0,False,-59.41,False
16365361,2011-12-16,74.0,False,22438.44,False
16365361,2011-12-16,9.0,False,5457.13,False
16365361,2011-12-16,54.0,True,6519.51,False
16365361,2011-12-16,95.0,False,913.94,False
16365361,2011-12-16,97.0,False,19636.31,False
16365361,2011-12-16,36.0,False,42654.31,False
16365361,2011-12-16,31.0,False,207.45,False
16365361,2011-12-16,82.0,False,16947.52,False
16365361,2011-12-16,6.0,False,18.04,False
16365361,2011-12-16,59.0,False,2345.64,False
16365361,2011-12-16,81.0,False,15234.32,False
16365361,2011-12-16,59.0,False,451.02,False
16365361,2011-12-16,14.0,True,2246.28,False
16365361,2011-12-16,8.0,False,2976.82,False
16365361,2011-12-16,87.0,True,1519.49,False
16365361,2011-12-16,93.0,False,9188.3,False
16365361,2011-12-16,40.0,False,2837.91,False
16365361,2011-12-16,44.0,True,468.85,False
16365361,2011-12-16,97.0,True,17893.08,False
16365361,2011-12-16,82.0,False,18463.11,False
16365361,2011-12-16,98.0,True,3462.32,False
16365361,2011-12-16,93.0,False,8873.94,False
16365361,2011-12-16,71.0,False,1232.5,False
16365361,2011-12-16,7.0,False,11789.8,False
16365361,2011-12-16,22.0,False,33.86,False
16365361,2011-12-16,6.0,True,1330.34,False
16365361,2011-12-16,33.0,True,86.63,False
16365361,2011-12-16,94.0,False,4744.29,False
16365361,2011-12-16,55.0,False,17334.4,False
16365361,2011-12-16,29.0,False,13377.69,False
16365361,2011-12-16,27.0,False,-13.88,False
16365361,2011-12-16,97.0,False,94.88,False
16365361,2011-12-16,91.0,False,14771.25,False
16365361,2011-12-16,90.0,False,7412.56,False
16365361,2011-12-16,96.0,False,17076.29,False
16365361,2011-12-16,8.0,False,5153.03,False
16365361,2011-12-16,92.0,False,35214.17,False
16365361,2011-12-16,18.0,False,6434.17,False
16365361,2011-12-16,85.0,True,3881.15,False
16365361,2011-12-16,67.0,True,3224.45,False
16365361,2011-12-16,4.0,False,862.6,False
16365361,2011-12-16,85.0,True,7833.01,False
16365361,2011-12-16,98.0,True,12989.55,False
16365361,2011-12-16,93.0,True,18806.16,False
16365361,2011-12-16,5.0,False,2315.92,False
16365361,2011-12-16,2.0,False,2942.99,False
16365361,2011-12-16,32.0,False,193.86,False
16365361,2011-12-16,40.0,False,5055.66,False
16365361,2011-12-16,34.0,False,5373.99,False
16365361,2011-12-16,31.0,False,807.12,False
16365361,2011-12-16,45.0,False,-55.72,False
16365361,2011-12-16,85.0,True,17259.44,False
16365361,2011-12-16,54.0,False,191.22,False
16365361,2011-12-16,1.0,False,-61.15,False
16365361,2011-12-16,67.0,False,2512.36,False
16365361,2011-12-16,4.0,False,17125.52,False
16365361,2011-12-16,81.0,True,788.42,False
16365361,2011-12-16,60.0,False,28058.01,False
16365361,2011-12-16,4.0,False,795.61,False
16365361,2011-12-23,83.0,False,622.43,False
16365361,2011-12-23,60.0,True,1118.94,False
16365361,2011-12-23,31.0,False,-50.65,False
16365361,2011-12-23,72.0,True,20837.52,False
16365361,2011-12-23,56.0,True,716.91,False
16365361,2011-12-23,80.0,True,42906.35,False
16365361,2011-12-23,21.0,True,14464.96,False
16365361,2011-12-23,29.0,True,4433.35,False
16365361,2011-12-23,98.0,True,1560.04,False
16365361,2011-12-23,91.0,False,-40.37,False
16365361,2011-12-23,83.0,True,15724.17,False
16365361,2011-12-23,85.0,False,-28.15,False
16365361,2011-12-23,56.0,False,2641.81,False
16365361,2011-12-23,82.0,True,2084.43,False
16365361,2011-12-23,52.0,True,1389.06,False
16365361,2011-12-23,93.0,False,15764.42,False
16365361,2011-12-23,92.0,True,391.07,False
16365361,2011-12-23,2.0,False,26040.97,False
16365361,2011-12-23,32.0,True,240.12,False
16365361,2011-12-23,95.0,False,5907.67,False
16365361,2011-12-23,54.0,False,155.57,False
16365361,2011-12-23,16.0,True,42878.47,False
16365361,2011-12-23,29.0,True,71.83,False
16365361,2011-12-23,49.0,True,2125.81,False
16365361,2011-12-23,97.0,True,6281.32,False
16365361,2011-12-23,96.0,True,125.33,False
16365361,2011-12-23,33.0,True,738.92,False
16365361,2011-12-23,87.0,True,31.99,False
16365361,2011-12-23,2.0,False,1194.75,False
16365361,2011-12-23,92.0,True,2775.17,False
16365361,2011-12-23,22.0,True,7894.43,False
16365361,2011-12-23,26.0,False,1066.04,False
16365361,2011-12-23,27.0,True,-61.76,False
16365361,2011-12-23,40.0,True,-35.54,False
16365361,2011-12-23,27.0,False,17201.07,False
16365361,2011-12-23,1.0,False,5533.11,False
16365361,2011-12-23,72.0,True,3870.21,False
16365361,2011-12-23,98.0,True,12974.86,False
16365361,2011-12-23,1.0,False,10599.81,False
16365361,2011-12-23,19.0,True,1761.9,False
16365361,2011-12-23,34.0,False,2662.56,False
16365361,2011-12-23,35.0,False,32240.72,False
16365361,2011-12-23,40.0,False,153.66,False
16365361,2011-12-23,38.0,False,2027.6,False
16365361,2011-12-23,97.0,False,673.24,False
16365361,2011-12-23,58.0,False,19894.83,False
16365361,2011-12-23,22.0,True,8365.85,False
16365361,2011-12-23,46.0,False,116.66,False
16365361,2011-12-23,12.0,False,2576.21,False
16365361,2011-12-23,97.0,False,56173.24,False
16365361,2011-12-23,96.0,True,3139.62,False
16365361,2011-12-23,28.0,True,18006.53,False
16365361,2011-12-23,95.0,False,15327.63,False
16365361,2011-12-23,81.0,True,-32.91,False
16365361,2011-12-23,28.0,False,14665.14,False
16365361,2011-12-23,14.0,False,9494.31,False
16365361,2011-12-23,82.0,False,885.67,False
16365361,2011-12-23,28.0,False,439.13,False
16365361,2011-12-23,27.0,False,922.49,False
16365361,2011-12-23,96.0,False,28088.75,False
16365361,2011-12-23,40.0,True,-12.43,False
16365361,2011-12-23,25.0,False,175.16,False
16365361,2011-12-23,90.0,True,19865.84,False
16365361,2011-12-23,91.0,True,103.31,False
16365361,2011-12-23,79.0,True,30880.15,False
16365361,2011-12-23,91.0,False,15355.42,False
16365361,2011-12-23,98.0,False,2190.76,False
16365361,2011-12-23,38.0,False,9132.72,False
16365361,2011-12-23,1.0,True,2369.89,False
16365361,2011-12-23,23.0,False,15596.6,False
16365361,2011-12-23,98.0,False,300.14,False
16365361,2011-12-23,67.0,True,4792.15,False
16365361,2011-12-23,82.0,False,7323.77,False
16365361,2011-12-23,83.0,False,11.87,False
16365361,2011-12-23,96.0,False,2057.47,False
16365361,2011-12-23,79.0,False,9827.79,False
16365361,2011-12-23,92.0,False,319.88,False
16365361,2011-12-23,4.0,True,6960.58,False
16365361,2011-12-30,4.0,True,,True
