Dept,Weekly_Sales,IsHoliday,Store,Date
25,253.58,True,0,2011-12-30
93,672.19,False,0,2011-12-16
4,2975.69,False,0,2011-12-09
34,1984.66,True,0,2011-12-30
25,47384.96,False,0,2011-12-16
44,10362.14,False,0,2011-12-02
80,1933.26,True,0,2011-12-30
23,27498.17,False,0,2011-12-02
1,10402.53,False,0,2011-12-02
67,6029.15,False,0,2011-12-09
93,45958.28,False,0,2011-12-30
38,15204.91,False,0,2011-12-16
77,2959.31,False,0,2011-12-16
7,1542.26,False,0,2011-12-23
27,6246.42,True,0,2011-12-30
79,12264.65,False,0,2011-12-16
10,9978.57,False,0,2011-12-02
90,1348.74,True,0,2011-12-30
14,6656.13,False,0,2011-12-02
7,26401.68,False,0,2011-12-02
4,7916.5,False,0,2011-12-02
98,33434.14,False,0,2011-12-02
98,5210.47,True,0,2011-12-30
44,31019.07,False,0,2011-12-23
74,12307.58,False,0,2011-12-23
71,4321.5,False,0,2011-12-16
9,3036.32,False,0,2011-12-02
95,7128.82,False,0,2011-12-23
46,1736.26,False,0,2011-12-16
93,16948.19,False,0,2011-12-16
30,35630.67,False,0,2011-12-23
23,25880.0,False,0,2011-12-23
38,9831.4,False,0,2011-12-23
87,1573.37,True,0,2011-12-30
16,727.63,False,0,2011-12-02
55,37555.0,True,0,2011-12-30
67,28250.31,True,0,2011-12-30
16,20798.84,False,0,2011-12-16
16,25090.04,False,0,2011-12-23
1,413.16,False,0,2011-12-16
74,30603.07,False,0,2011-12-16
25,20594.99,False,0,2011-12-16
5,27454.16,False,0,2011-12-16
95,45751.36,False,0,2011-12-23
26,18024.24,True,0,2011-12-30
19,32998.78,False,0,2011-12-02
91,-467.71,False,0,2011-12-16
91,13362.13,False,0,2011-12-02
21,2688.74,False,0,2011-12-09
36,22900.08,False,0,2011-12-02
46,118636.66,False,0,2011-12-23
40,19766.3,False,0,2011-12-02
25,7496.4,False,0,2011-12-02
79,256.47,False,0,2011-12-02
13,2902.78,False,0,2011-12-22
82,6988.72,True,0,2011-12-30
21,3433.17,False,0,2011-12-09
27,39542.28,False,0,2011-12-09
30,1875.77,False,0,2011-12-09
38,6477.83,False,0,2011-12-16
11,23523.68,False,0,2011-12-09
48,16219.78,False,0,2011-12-09
96,10641.28,True,0,2011-12-30
74,13842.92,False,0,2011-12-09
8,75176.39,False,0,2011-12-02
87,32785.18,True,0,2011-12-30
36,4030.06,False,0,2011-12-02
31,28835.45,False,0,2011-12-16
55,12208.65,True,0,2011-12-30
80,623.2,False,0,2011-12-02
94,10246.65,False,0,2011-12-30
82,44.22,False,0,2011-12-02
3,39045.58,True,0,2011-12-30
14,2405.26,False,0,2011-12-02
20,1380.03,False,0,2011-12-16
98,36010.91,False,0,2011-12-16
3,4746.41,False,0,2011-12-02
16,13645.47,True,0,2011-12-30
7,18452.71,False,0,2011-12-02
79,1047.05,False,0,2011-12-16
13,65995.66,False,0,2011-12-23
97,30389.0,False,0,2011-12-02
92,28943.61,False,0,2011-12-09
36,30836.39,True,0,2011-12-30
26,3094.17,False,0,2011-12-09
29,19013.66,False,0,2011-12-02
26,82030.97,False,0,2011-12-16
16,26140.22,True,0,2011-12-30
10,5192.32,False,0,2011-12-02
40,4568.11,False,0,2011-12-30
79,41872.43,False,0,2011-12-23
72,5083.8,False,0,2011-12-16
36,85056.99,False,0,2011-12-16
83,1592.17,False,0,2011-12-02
30,1918.61,True,0,2011-12-30
3,15974.8,True,0,2011-12-30
96,307.07,False,0,2011-12-16
44,56457.76,False,0,2011-12-23
40,1263.43,False,0,2011-12-02
80,13169.81,False,0,2011-12-23
5,16135.84,False,0,2011-12-16
33,28403.97,True,0,2011-12-30
23,384.45,False,0,2011-12-02
94,4641.88,False,0,2011-12-02
10,9855.32,False,0,2011-12-09
10,1513.33,True,0,2011-12-30
26,24113.76,False,0,2011-12-16
10,5238.85,False,0,2011-12-23
79,21975.51,False,0,2011-12-16
79,21906.26,False,0,2011-12-02
33,20556.38,False,0,2011-12-16
87,2784.2,False,0,2011-12-23
18,2626.06,False,0,2011-12-23
33,43578.42,False,0,2011-12-23
42,1074.65,False,0,2011-12-02
49,20.11,False,0,2011-12-02
72,7094.27,True,0,2011-12-30
90,23374.48,False,0,2011-12-02
98,17449.42,False,0,2011-12-16
80,1814.15,True,0,2011-12-30
3,69122.54,False,0,2011-12-16
60,22184.18,False,0,2011-12-02
24,58398.92,False,0,2011-12-02
14,6727.59,True,0,2011-12-30
22,756.51,False,0,2011-12-23
16,30311.54,False,0,2011-12-09
82,143.84,False,0,2011-12-30
52,93.2,False,0,2011-12-09
3,2652.46,False,0,2011-12-02
56,102271.05,False,0,2011-12-09
59,4078.82,False,0,2011-12-02
22,1759.88,True,0,2011-12-30
29,16201.24,False,0,2011-12-23
17,10370.99,False,0,2011-12-09
24,17688.28,False,0,2011-12-16
82,1793.16,False,0,2011-12-02
10,18176.78,False,0,2011-12-09
98,4103.1,False,0,2011-12-16
7,24.9,False,0,2011-12-09
87,47507.78,True,0,2011-12-30
29,7875.31,False,0,2011-12-02
42,32643.12,True,0,2011-12-30
17,33859.49,False,0,2011-12-02
90,27638.48,True,0,2011-12-30
54,1365.34,False,0,2011-12-16
21,14329.15,False,0,2011-12-02
10,7145.18,False,0,2011-12-16
17,31874.43,True,0,2011-12-30
79,25931.01,False,0,2011-12-02
4,9276.33,False,0,2011-12-02
71,31187.93,False,0,2011-12-16
4,22.87,False,0,2011-12-02
96,14446.26,False,0,2011-12-23
81,4743.95,False,0,2011-12-09
82,25039.46,False,0,2011-12-23
29,16693.46,True,0,2011-12-30
9,18106.78,True,0,2011-12-30
14,1227.28,False,0,2011-12-02
34,367.41,False,0,2011-12-16
60,7761.25,False,0,2011-12-02
32,4271.76,True,0,2011-12-30
95,3262.02,True,0,2011-12-30
97,83246.86,True,0,2011-12-30
20,11173.59,False,0,2011-12-23
29,1193.85,False,0,2011-12-16
40,13595.24,False,0,2011-12-02
21,11133.47,False,0,2011-12-16
41,31709.73,False,0,2011-12-23
92,14066.63,True,0,2011-12-30
67,23984.58,False,0,2011-12-16
94,16017.74,False,0,2011-12-16
16,7652.69,False,0,2011-12-09
26,1570.8,False,0,2011-12-02
12,3098.08,False,0,2011-12-09
58,34661.1,False,0,2011-12-23
42,1074.15,True,0,2011-12-30
22,4350.1,False,0,2011-12-02
3,689.71,True,0,2011-12-30
46,5293.72,False,0,2011-12-16
79,47194.76,True,0,2011-12-30
22,1615.59,False,0,2011-12-02
56,3656.71,True,0,2011-12-30
3,4777.25,False,0,2011-12-09
23,8647.43,False,0,2011-12-02
24,33960.86,False,0,2011-12-23
92,3882.26,False,0,2011-12-11
74,18600.94,False,0,2011-12-02
2,406.77,False,0,2011-12-09
42,12447.82,False,0,2011-12-02
41,335.54,False,0,2011-12-23
14,2812.92,False,0,2011-12-11
2,2019.95,False,0,2011-12-16
36,166.57,False,0,2011-12-09
21,10517.35,False,0,2011-12-09
38,30837.87,False,0,2011-12-16
38,4747.07,False,0,2011-12-16
85,139.57,False,0,2011-12-02
37,16877.71,True,0,2011-12-30
56,7593.86,False,0,2011-12-30
56,4118.04,False,0,2011-12-21
21,30874.88,False,0,2011-12-09
34,2093.66,False,0,2011-12-16
29,58.73,True,0,2011-12-30
94,4695.15,False,0,2011-12-09
11,1860.79,False,0,2011-12-02
18,4143.71,False,0,2011-12-16
4,32509.78,False,0,2011-12-16
55,10416.06,False,0,2011-12-16
17,4602.14,True,0,2011-12-30
52,17138.45,False,0,2011-12-16
25,76308.29,False,0,2011-12-02
2,7471.26,True,0,2011-12-30
18,2492.47,False,0,2011-12-02
98,12690.71,False,0,2011-12-16
46,3670.11,False,0,2011-12-02
9,13422.08,False,0,2011-12-16
7,11.77,True,0,2011-12-30
56,62407.08,False,0,2011-12-16
96,1789.87,False,0,2011-12-09
60,2919.65,False,0,2011-12-02
5,43122.31,True,0,2011-12-30
36,4830.42,False,0,2011-12-02
80,6665.8,False,0,2011-12-14
35,17901.19,True,0,2011-12-30
79,12086.32,False,0,2011-12-02
94,10159.28,False,0,2011-12-30
41,7036.22,False,0,2011-12-16
72,10741.72,False,0,2011-12-02
27,31675.12,False,0,2011-12-09
55,4973.92,False,0,2011-12-16
40,11306.65,False,0,2011-12-02
46,18850.74,False,0,2011-12-02
83,9108.66,False,0,2011-12-23
90,26005.47,False,0,2011-12-16
28,12438.54,False,0,2011-12-23
38,21558.72,False,0,2011-12-16
79,4925.88,False,0,2011-12-02
5,2667.77,False,0,2011-12-16
83,5227.23,False,0,2011-12-02
46,2497.03,False,0,2011-12-16
1,30243.36,False,0,2011-12-23
83,1442.37,False,0,2011-12-23
12,557.97,False,0,2011-12-02
1,156836.75,True,0,2011-12-30
67,856.48,False,0,2011-12-30
87,476.61,False,0,2011-12-09
72,2435.12,False,0,2011-12-09
85,37223.49,False,0,2011-12-16
90,2989.99,False,0,2011-12-16
20,106813.85,False,0,2011-12-09
52,19035.36,False,0,2011-12-09
71,10.28,False,0,2011-12-23
82,8901.97,False,0,2011-12-30
81,15069.0,False,0,2011-12-16
80,11355.72,False,0,2011-12-02
13,21533.06,False,0,2011-12-02
67,30386.4,False,0,2011-12-02
91,116555.77,False,0,2011-12-02
74,34212.82,False,0,2011-12-02
29,12889.16,True,0,2011-12-30
94,2695.23,True,0,2011-12-30
79,383.26,False,0,2011-12-02
42,916.95,False,0,2011-12-02
20,6293.88,False,0,2011-12-09
94,276.6,False,0,2011-12-16
42,335.43,False,0,2011-12-02
95,26748.08,False,0,2011-12-09
67,9428.36,False,0,2011-12-16
26,13595.25,False,0,2011-12-02
2,1834.75,False,0,2011-12-23
28,11118.44,False,0,2011-12-09
92,854.24,True,0,2011-12-30
52,31540.89,False,0,2011-12-02
82,1474.33,False,0,2011-12-02
32,6679.79,False,0,2011-12-09
95,170.39,False,0,2011-12-02
27,10115.14,True,0,2011-12-30
46,2709.56,False,0,2011-12-09
93,55186.46,True,0,2011-12-30
60,1703.92,False,0,2011-12-16
67,16850.45,True,0,2011-12-30
30,2055.02,False,0,2011-12-02
83,6443.22,True,0,2011-12-30
11,44993.68,False,0,2011-12-16
8,49616.61,False,0,2011-12-16
56,9450.25,False,0,2011-12-16
79,10242.65,True,0,2011-12-30
24,79392.68,False,0,2011-12-16
1,31819.65,True,0,2011-12-30
7,67996.06,False,0,2011-12-16
38,5151.08,False,0,2011-12-30
93,81.83,False,0,2011-12-23
10,19515.67,True,0,2011-12-30
7,33026.9,True,0,2011-12-30
19,39171.1,False,0,2011-12-02
13,57939.3,False,0,2011-12-16
34,3113.95,False,0,2011-12-02
8,69651.64,False,0,2011-12-16
1,54456.84,False,0,2011-12-16
31,18859.44,False,0,2011-12-16
72,34693.24,True,0,2011-12-30
83,10102.83,True,0,2011-12-30
52,9905.21,False,0,2011-12-16
12,24104.66,False,0,2011-12-23
81,292.51,False,0,2011-12-16
79,139884.67,False,0,2011-12-16
24,73897.22,False,0,2011-12-09
33,33496.18,False,0,2011-12-23
60,4660.81,True,0,2011-12-30
28,27608.48,False,0,2011-12-23
87,2444.48,False,0,2011-12-09
40,13440.88,True,0,2011-12-30
81,3628.32,True,0,2011-12-30
45,22295.2,False,0,2011-12-09
3,1920.23,False,0,2011-12-09
98,1585.27,False,0,2011-12-16
54,10424.11,False,0,2011-12-02
5,12885.04,False,0,2011-12-09
56,5430.09,False,0,2011-12-09
40,9502.2,False,0,2011-12-02
28,14543.03,False,0,2011-12-23
22,7450.76,True,0,2011-12-30
12,2758.76,False,0,2011-12-16
72,4964.87,True,0,2011-12-30
38,2729.46,False,0,2011-12-16
67,4665.3,False,0,2011-12-02
44,37169.55,False,0,2011-12-09
82,210.99,False,0,2011-12-16
17,1432.43,False,0,2011-12-02
31,10709.5,False,0,2011-12-23
96,24740.92,False,0,2011-12-16
2,63105.52,False,0,2011-12-16
40,5155.06,False,0,2011-12-02
33,23666.53,False,0,2011-12-02
92,10936.94,False,0,2011-12-16
54,9078.82,False,0,2011-12-23
17,47513.32,False,0,2011-12-23
27,14193.1,True,0,2011-12-30
79,12754.32,False,0,2011-12-09
21,1164.61,False,0,2011-12-16
18,2499.37,False,0,2011-12-09
83,60789.3,False,0,2011-12-16
79,17131.01,False,0,2011-12-02
26,6217.03,False,0,2011-12-14
58,3519.43,False,0,2011-12-16
94,81594.92,False,0,2011-12-16
54,28439.51,True,0,2011-12-30
44,32729.2,True,0,2011-12-30
67,1205.47,False,0,2011-12-02
60,67203.46,False,0,2011-12-23
36,1878.43,False,0,2011-12-02
18,37315.02,False,0,2011-12-16
92,10325.82,True,0,2011-12-30
23,15779.34,False,0,2011-12-16
28,1018.46,True,0,2011-12-30
96,1686.75,False,0,2011-12-09
74,4690.05,True,0,2011-12-30
93,1412.68,False,0,2011-12-16
82,37304.86,False,0,2011-12-16
47,46803.42,False,0,2011-12-09
6,15691.6,False,0,2011-12-16
33,25517.63,True,0,2011-12-30
36,16911.91,False,0,2011-12-23
36,5204.5,False,0,2011-12-09
56,5319.58,False,0,2011-12-09
12,1193.8,False,1,2011-12-02
4,23641.15,False,1,2011-12-23
1,9281.74,True,1,2011-12-30
9,3857.89,False,1,2011-12-16
98,7600.11,False,1,2011-12-09
71,2180.57,False,1,2011-12-02
91,2433.63,False,1,2011-12-23
10,20524.47,False,1,2011-12-02
2,53149.07,True,1,2011-12-30
81,6253.22,False,1,2011-12-16
77,5606.08,False,1,2011-12-02
19,715.8,False,1,2011-12-23
40,347.04,True,1,2011-12-30
8,12760.3,False,1,2011-12-10
42,6040.74,False,1,2011-12-02
27,42097.05,False,1,2011-12-02
71,19525.03,True,1,2011-12-30
58,20655.97,False,1,2011-12-16
42,34844.66,False,1,2011-12-16
42,1121.35,False,1,2011-12-02
26,194.11,False,1,2011-12-16
36,34411.32,False,1,2011-12-02
22,4274.77,False,1,2011-12-16
7,48163.64,False,1,2011-12-02
18,9449.14,False,1,2011-12-09
7,7772.06,False,1,2011-12-16
97,2078.52,False,1,2011-12-02
7,6227.76,False,1,2011-12-23
97,43058.08,False,1,2011-12-02
82,50020.68,False,1,2011-12-30
4,3534.63,False,1,2011-12-16
83,2082.62,True,1,2011-12-30
38,1568.75,False,1,2011-12-09
6,1392.21,False,1,2011-12-23
29,8244.4,True,1,2011-12-30
91,46105.36,False,1,2011-12-23
22,10524.78,False,1,2011-12-09
51,214.48,True,1,2011-12-30
46,25.38,False,1,2011-12-02
56,9780.88,False,1,2011-12-23
74,26961.7,False,1,2011-12-23
16,46344.72,False,1,2011-12-02
6,32823.69,False,1,2011-12-09
52,13214.99,False,1,2011-12-02
55,3808.73,False,1,2011-12-16
59,16782.64,False,1,2011-12-16
83,157.95,False,1,2011-12-16
42,16747.92,True,1,2011-12-30
87,194797.02,False,1,2011-12-16
79,152.8,True,1,2011-12-30
74,47917.94,False,1,2011-12-09
94,34370.92,True,1,2011-12-30
87,55.67,False,1,2011-12-09
87,162.63,True,1,2011-12-30
44,4100.85,False,1,2011-12-02
98,17316.86,True,1,2011-12-30
54,189.76,False,1,2011-12-09
59,18621.64,False,1,2011-12-09
74,8919.43,False,1,2011-12-02
29,8330.04,False,1,2011-12-16
83,12810.8,False,1,2011-12-16
5,2293.61,False,1,2011-12-09
25,5329.27,False,1,2011-12-02
32,7101.26,False,1,2011-12-23
11,12595.39,False,1,2011-12-23
98,47354.78,True,1,2011-12-30
18,57913.94,False,1,2011-12-09
5,18.48,False,1,2011-12-16
21,89477.9,False,1,2011-12-02
96,1085.68,False,1,2011-12-16
87,56316.13,True,1,2011-12-30
23,43751.6,False,1,2011-12-02
72,12085.4,False,1,2011-12-23
58,62.78,True,1,2011-12-30
20,52062.85,True,1,2011-12-30
26,2065.87,False,1,2011-12-23
9,6725.66,True,1,2011-12-30
25,12.08,False,1,2011-12-02
5,9385.32,False,1,2011-12-02
87,47945.53,False,1,2011-12-16
26,10277.01,False,1,2011-12-16
32,9597.16,False,1,2011-12-23
1,41812.74,False,1,2011-12-16
26,3192.29,True,1,2011-12-30
95,3868.33,False,1,2011-12-16
93,43277.8,False,1,2011-12-02
26,2727.98,False,1,2011-12-02
87,25869.58,False,1,2011-12-02
97,20052.8,False,1,2011-12-02
47,17866.86,False,1,2011-12-16
16,22545.12,False,1,2011-12-23
20,1947.32,False,1,2011-12-23
74,447.23,False,1,2011-12-02
23,14732.06,False,1,2011-12-02
21,8104.61,False,1,2011-12-02
85,13892.89,False,1,2011-12-09
93,11493.06,False,1,2011-12-02
12,4469.22,False,1,2011-12-16
40,68144.99,False,1,2011-12-09
22,743.54,False,1,2011-12-02
81,2456.08,False,1,2011-12-02
20,5844.61,False,1,2011-12-02
22,2898.99,False,1,2011-12-09
49,58409.18,True,1,2011-12-30
48,46250.64,False,1,2011-12-16
5,65348.85,False,1,2011-12-09
71,6847.49,True,1,2011-12-30
9,1415.6,False,1,2011-12-02
41,682.88,True,1,2011-12-30
31,1169.86,False,1,2011-12-16
21,84641.52,False,1,2011-12-23
95,7755.52,False,1,2011-12-09
32,4247.43,False,1,2011-12-30
23,5579.03,False,1,2011-12-02
13,52943.92,True,1,2011-12-30
59,33020.95,False,1,2011-12-16
56,49.61,False,1,2011-12-16
80,39738.58,False,1,2011-12-02
52,14062.8,False,1,2011-12-30
67,7268.56,False,1,2011-12-09
46,20027.92,False,1,2011-12-02
34,169431.22,False,1,2011-12-23
24,28385.16,False,1,2011-12-16
90,15.24,True,1,2011-12-30
58,92.23,False,1,2011-12-23
17,30259.92,False,1,2011-12-16
13,5672.0,False,1,2011-12-09
30,12843.56,False,1,2011-12-16
94,49.99,False,1,2011-12-16
32,38590.34,False,1,2011-12-16
19,1804.66,False,1,2011-12-02
26,-5.23,False,1,2011-12-16
34,403.54,False,1,2011-12-02
44,508.1,False,1,2011-12-16
55,64161.9,False,1,2011-12-23
65,3279.18,False,1,2011-12-09
13,10920.04,True,1,2011-12-30
13,9161.83,False,1,2011-12-02
50,5235.59,False,1,2011-12-02
56,36034.72,False,1,2011-12-16
11,9350.45,False,1,2011-12-02
36,1780.71,False,1,2011-12-02
72,46895.84,False,1,2011-12-16
6,90640.49,False,1,2011-12-02
26,2935.18,False,1,2011-12-30
4,31967.38,False,1,2011-12-16
80,11911.06,False,1,2011-12-02
7,112.09,False,1,2011-12-16
22,48050.98,False,1,2011-12-16
16,47.59,False,1,2011-12-23
28,25176.41,True,1,2011-12-30
90,26643.74,False,1,2011-12-16
97,8597.36,False,1,2011-12-02
26,53542.93,False,1,2011-12-16
95,8808.31,False,1,2011-12-02
32,6369.66,False,1,2011-12-16
16,1825.72,True,1,2011-12-30
44,8252.14,False,1,2011-12-02
91,19991.95,False,1,2011-12-02
29,3153.92,False,1,2011-12-23
34,18.21,False,1,2011-12-16
54,3755.95,False,1,2011-12-16
38,42470.92,False,1,2011-12-16
16,75930.85,True,1,2011-12-30
85,-558.13,True,1,2011-12-30
58,13724.21,False,1,2011-12-02
11,2954.77,False,1,2011-12-09
20,12406.4,False,1,2011-12-02
46,892.47,False,1,2011-12-16
18,21.95,True,1,2011-12-30
83,51044.98,False,1,2011-12-09
9,25704.48,False,1,2011-12-02
96,819.26,False,1,2011-12-23
79,2417.88,False,1,2011-12-02
8,12480.41,False,1,2011-12-23
46,8021.79,True,1,2011-12-30
52,2522.64,False,1,2011-12-23
4,7581.33,False,1,2011-12-02
19,120463.66,True,1,2011-12-30
95,54976.49,True,1,2011-12-30
72,68917.62,False,1,2011-12-02
46,20358.42,True,1,2011-12-30
41,31089.61,False,1,2011-12-23
27,10977.66,False,1,2011-12-02
49,39094.34,False,1,2011-12-23
3,10130.19,True,1,2011-12-30
95,9217.07,False,1,2011-12-23
27,2105.08,False,1,2011-12-16
67,5873.1,False,1,2011-12-30
16,5023.48,False,1,2011-12-02
98,40511.85,False,1,2011-12-16
42,7155.58,False,1,2011-12-02
37,43971.03,False,1,2011-12-30
71,2543.05,True,1,2011-12-30
77,2006.19,False,1,2011-12-23
6,56013.26,False,1,2011-12-16
72,1125.24,True,1,2011-12-30
93,4695.02,True,1,2011-12-30
18,4428.7,False,1,2011-12-02
85,17291.62,False,1,2011-12-02
72,1195.75,False,1,2011-12-02
18,18.9,False,1,2011-12-02
46,293.09,False,1,2011-12-16
18,854.15,True,1,2011-12-30
55,18657.55,False,1,2011-12-16
14,2522.4,False,1,2011-12-16
11,295.87,False,1,2011-12-09
85,20223.84,True,1,2011-12-30
97,10237.43,False,1,2011-12-16
98,13.09,True,1,2011-12-30
92,4224.94,False,1,2011-12-02
2,1302.2,False,1,2011-12-09
44,2478.09,False,1,2011-12-02
1,1953.75,False,1,2011-12-09
2,1834.77,True,1,2011-12-30
22,1623.27,True,1,2011-12-30
90,5422.04,False,1,2011-12-02
37,33084.9,False,1,2011-12-16
32,1382.5,False,1,2011-12-16
96,5055.07,False,1,2011-12-16
26,2231.96,False,1,2011-12-16
85,108.33,True,1,2011-12-30
56,109382.55,False,1,2011-12-02
79,81409.06,False,1,2011-12-16
3,20311.14,False,1,2011-12-23
12,258.04,False,1,2011-12-02
92,30810.54,False,1,2011-12-16
22,4399.08,False,1,2011-12-23
25,68255.56,False,1,2011-12-16
21,6748.51,False,1,2011-12-09
17,1667.12,False,1,2011-12-16
33,936.64,True,1,2011-12-30
20,40429.14,False,1,2011-12-16
2,10.33,False,1,2011-12-23
18,55.62,False,1,2011-12-23
17,7787.25,False,1,2011-12-09
2,1347.58,False,1,2011-12-09
94,13440.96,False,1,2011-12-16
5,6347.29,False,1,2011-12-16
16,10275.66,True,1,2011-12-30
60,6879.68,True,1,2011-12-30
72,34985.34,False,1,2011-12-09
13,1922.79,False,1,2011-12-16
21,36188.58,False,1,2011-12-16
1,26503.8,False,1,2011-12-23
31,3250.86,False,1,2011-12-16
34,270.5,False,1,2011-12-23
90,42702.46,False,1,2011-12-23
1,4447.37,False,1,2011-12-16
24,4890.59,False,1,2011-12-23
58,24215.81,False,1,2011-12-16
91,21831.72,False,1,2011-12-09
34,19501.34,False,1,2011-12-23
58,30910.8,False,1,2011-12-16
98,6857.69,False,1,2011-12-02
23,1150.99,True,1,2011-12-30
95,1586.16,False,1,2011-12-16
24,4936.77,True,1,2011-12-30
52,3832.02,False,1,2011-12-23
11,44156.53,False,1,2011-12-23
49,5398.68,False,1,2011-12-16
10,159712.95,False,1,2011-12-16
23,4000.59,False,1,2011-12-09
29,48.43,False,1,2011-12-16
33,1864.32,False,1,2011-12-16
83,4269.22,False,1,2011-12-16
25,44366.12,False,1,2011-12-16
59,11654.92,False,1,2011-12-16
90,3070.36,False,1,2011-12-16
46,17787.67,False,1,2011-12-23
92,35.86,False,1,2011-12-16
91,37418.92,False,1,2011-12-23
87,4182.21,False,1,2011-12-16
37,12033.78,False,1,2011-12-02
11,4224.71,False,1,2011-12-09
49,10230.96,False,1,2011-12-16
32,4755.51,False,1,2011-12-02
85,2744.54,True,1,2011-12-30
31,80013.92,False,1,2011-12-16
26,4046.17,True,1,2011-12-30
33,50.63,False,1,2011-12-02
29,22179.76,False,1,2011-12-23
80,18166.12,True,1,2011-12-30
29,1145.23,False,1,2011-12-16
52,8051.7,False,1,2011-12-02
25,55564.91,False,1,2011-12-09
28,12.3,False,1,2011-12-02
40,2441.85,False,1,2011-12-30
46,19246.48,True,1,2011-12-30
14,13855.59,False,1,2011-12-09
80,2658.06,False,1,2011-12-23
81,206.72,True,1,2011-12-30
42,46052.46,False,1,2011-12-02
98,14306.79,False,1,2011-12-02
44,43855.26,False,1,2011-12-23
93,-571.97,False,1,2011-12-16
26,11588.65,False,1,2011-12-02
36,900.8,False,1,2011-12-23
96,1237.66,False,1,2011-12-23
72,25983.16,False,1,2011-12-23
71,11708.3,False,1,2011-12-09
33,763.71,False,1,2011-12-09
82,71475.88,False,1,2011-12-16
18,38441.92,False,1,2011-12-09
24,80915.53,False,1,2011-12-23
90,9252.84,False,1,2011-12-23
17,81797.38,False,1,2011-12-16
27,2257.8,False,1,2011-12-16
59,18896.9,False,1,2011-12-16
54,67.77,False,1,2011-12-09
42,7131.18,False,1,2011-12-16
72,9629.36,False,1,2011-12-09
10,49169.48,False,1,2011-12-16
21,11381.43,False,1,2011-12-09
22,20377.06,False,1,2011-12-16
60,22632.16,False,1,2011-12-02
14,29179.55,False,1,2011-12-16
91,1901.85,False,1,2011-12-09
17,8020.15,False,1,2011-12-02
10,204.58,False,1,2011-12-16
52,1170.08,True,1,2011-12-30
81,33107.52,True,1,2011-12-30
45,5600.1,False,1,2011-12-16
71,7556.94,True,1,2011-12-30
81,13948.04,False,1,2011-12-02
12,3194.56,True,1,2011-12-30
21,38025.24,False,1,2011-12-09
82,5165.77,False,1,2011-12-16
4,6167.77,False,1,2011-12-09
13,143.4,True,1,2011-12-30
16,1379.29,False,1,2011-12-16
1,15541.72,False,1,2011-12-16
1,82218.07,False,1,2011-12-09
37,2660.91,False,1,2011-12-02
82,3431.88,False,1,2011-12-23
56,22365.34,False,1,2011-12-16
27,57158.61,False,1,2011-12-02
91,220.38,False,1,2011-12-09
49,3213.94,False,1,2011-12-16
95,47971.0,False,1,2011-12-09
97,12453.25,False,1,2011-12-23
82,55.57,False,1,2011-12-16
48,754.77,False,1,2011-12-16
27,5159.74,False,1,2011-12-09
81,235.96,True,1,2011-12-30
14,13845.59,False,1,2011-12-02
82,11126.06,True,1,2011-12-30
19,19600.33,False,1,2011-12-09
77,44.94,True,1,2011-12-30
30,4978.97,False,1,2011-12-09
19,9674.03,True,1,2011-12-30
42,1082.12,True,1,2011-12-30
91,1101.54,False,1,2011-12-09
5,5414.76,False,1,2011-12-16
72,1496.23,False,1,2011-12-02
46,265.79,False,1,2011-12-02
40,907.74,False,1,2011-12-30
23,8223.66,True,1,2011-12-30
38,9333.43,True,1,2011-12-30
19,16540.04,False,1,2011-12-23
92,21807.67,False,1,2011-12-02
42,38471.87,False,1,2011-12-23
83,18092.29,True,1,2011-12-30
9,8542.83,True,1,2011-12-30
49,326.31,True,2,2011-12-30
71,26669.69,False,2,2011-12-23
95,83334.34,False,2,2011-12-09
11,66409.34,False,2,2011-12-23
67,8355.07,False,2,2011-12-16
98,3083.32,True,2,2011-12-30
23,105.48,False,2,2011-12-09
30,15047.57,False,2,2011-12-23
3,14058.46,False,2,2011-12-02
90,1544.75,False,2,2011-12-16
72,17901.85,False,2,2011-12-23
7,1331.49,False,2,2011-12-16
94,43129.39,False,2,2011-12-09
74,27746.54,False,2,2011-12-16
7,23342.0,False,2,2011-12-02
10,2218.66,True,2,2011-12-30
81,6179.01,False,2,2011-12-16
96,12904.28,False,2,2011-12-09
7,3162.77,False,2,2011-12-09
35,49964.33,False,2,2011-12-09
79,1395.19,False,2,2011-12-16
25,1874.29,False,2,2011-12-09
95,4804.48,False,2,2011-12-02
34,22159.86,True,2,2011-12-30
46,4863.47,False,2,2011-12-16
99,27665.34,True,2,2011-12-30
8,12723.21,False,2,2011-12-16
82,2875.07,False,2,2011-12-16
18,30592.57,False,2,2011-12-23
71,1136.63,True,2,2011-12-30
18,207.91,False,2,2011-12-16
83,2.51,False,2,2011-12-02
4,1311.52,True,2,2011-12-30
4,15646.62,False,2,2011-12-02
2,69893.84,False,2,2011-12-23
11,20376.01,False,2,2011-12-02
52,12111.65,True,2,2011-12-30
1,8305.8,False,2,2011-12-09
58,15165.3,False,2,2011-12-09
32,657.9,False,2,2011-12-16
9,65634.74,False,2,2011-12-23
83,152032.39,False,2,2011-12-23
6,11059.34,False,2,2011-12-16
29,13980.04,False,2,2011-12-02
49,1319.62,False,2,2011-12-02
7,12555.91,False,2,2011-12-02
49,22336.1,False,2,2011-12-09
1,12325.34,True,2,2011-12-30
49,64929.63,True,2,2011-12-30
35,8688.26,False,2,2011-12-16
19,30171.82,False,2,2011-12-30
74,3045.04,False,2,2011-12-02
21,1582.72,False,2,2011-12-02
33,13429.57,False,2,2011-12-16
74,3107.14,False,2,2011-12-16
58,6033.37,False,2,2011-12-16
46,9264.94,False,2,2011-12-23
97,54382.06,False,2,2011-12-09
31,24009.6,False,2,2011-12-16
35,4511.03,False,2,2011-12-16
10,24837.92,False,2,2011-12-16
94,21373.51,False,2,2011-12-16
40,9510.9,False,2,2011-12-16
97,5032.82,True,2,2011-12-30
11,42702.8,False,2,2011-12-02
19,7776.1,False,2,2011-12-23
28,7584.56,False,2,2011-12-16
19,16867.12,False,2,2011-12-30
18,660.09,False,2,2011-12-09
17,45414.96,True,2,2011-12-30
95,2938.69,False,2,2011-12-02
26,3811.17,False,2,2011-12-09
10,4264.68,True,2,2011-12-30
8,3077.87,True,2,2011-12-30
28,24141.97,True,2,2011-12-30
28,17295.01,False,2,2011-12-02
50,1158.57,False,2,2011-12-02
79,1547.49,False,2,2011-12-09
24,123225.63,False,2,2011-12-23
10,8210.74,False,2,2011-12-09
80,19609.31,False,2,2011-12-23
2,4395.18,True,2,2011-12-30
3,8592.64,True,2,2011-12-30
59,110625.78,False,2,2011-12-16
92,49289.8,True,2,2011-12-30
82,57480.79,False,2,2011-12-16
95,852.95,False,2,2011-12-16
79,320.84,False,2,2011-12-16
55,709.58,True,2,2011-12-30
79,190365.23,False,2,2011-12-09
16,27551.74,True,2,2011-12-30
36,32121.5,False,2,2011-12-23
31,72.6,False,2,2011-12-09
60,17605.29,False,2,2011-12-09
92,52510.22,False,2,2011-12-02
49,735.21,False,2,2011-12-16
18,2377.4,True,2,2011-12-30
77,20098.71,False,2,2011-12-09
7,69397.85,False,2,2011-12-09
59,16797.78,False,2,2011-12-02
41,18185.14,False,2,2011-12-16
4,31454.48,False,2,2011-12-23
94,1045.14,False,2,2011-12-16
36,2633.82,True,2,2011-12-30
17,27748.14,False,2,2011-12-02
45,2026.79,False,2,2011-12-02
18,121898.59,False,2,2011-12-02
98,4804.55,False,2,2011-12-09
14,730.24,True,2,2011-12-30
34,8357.76,False,2,2011-12-02
28,26960.68,False,2,2011-12-09
11,50625.36,False,2,2011-12-02
41,696.16,False,2,2011-12-23
79,4364.07,False,2,2011-12-16
94,30090.74,True,2,2011-12-30
3,26578.46,False,2,2011-12-02
29,3654.46,False,2,2011-12-02
25,4167.32,False,2,2011-12-02
8,945.24,False,2,2011-12-23
56,94849.34,False,2,2011-12-02
11,388.99,False,2,2011-12-23
54,20154.35,True,2,2011-12-30
67,24565.66,False,2,2011-12-09
17,65267.69,True,2,2011-12-30
95,6425.24,False,2,2011-12-09
8,5747.53,True,2,2011-12-30
10,198.58,False,2,2011-12-09
60,11568.0,False,2,2011-12-16
80,14241.99,False,2,2011-12-16
10,10521.58,False,2,2011-12-16
17,353.6,False,2,2011-12-09
29,1704.77,False,2,2011-12-16
9,2910.32,False,2,2011-12-16
93,110.66,False,2,2011-12-02
59,4572.84,False,2,2011-12-09
72,2920.44,False,2,2011-12-02
58,11166.63,False,2,2011-12-16
83,11283.52,False,2,2011-12-16
24,10920.52,False,2,2011-12-02
74,27520.16,False,2,2011-12-02
5,1627.53,False,2,2011-12-30
36,18478.94,False,2,2011-12-16
27,66755.11,False,2,2011-12-16
60,4424.48,False,2,2011-12-16
90,6563.55,False,2,2011-12-02
72,19767.42,False,2,2011-12-16
7,17945.08,False,2,2011-12-09
92,2341.33,True,2,2011-12-30
60,258.58,False,2,2011-12-16
93,15686.9,False,2,2011-12-30
97,176.21,False,2,2011-12-09
94,20621.62,True,2,2011-12-30
99,-7.61,False,2,2011-12-09
30,21615.58,False,2,2011-12-16
67,9967.85,False,2,2011-12-02
9,56797.41,False,2,2011-12-23
97,16198.46,True,2,2011-12-30
56,1042.46,False,2,2011-12-02
46,9074.65,False,2,2011-12-16
22,2176.62,False,2,2011-12-09
26,10614.45,False,2,2011-12-16
42,44.82,False,2,2011-12-16
81,78000.8,False,2,2011-12-02
6,7357.55,False,2,2011-12-16
67,5395.86,False,2,2011-12-16
10,3312.32,True,2,2011-12-30
81,31093.3,False,2,2011-12-02
30,12248.38,False,2,2011-12-16
94,4710.73,True,2,2011-12-30
40,32312.79,False,2,2011-12-09
13,3746.01,True,2,2011-12-30
13,51511.28,False,2,2011-12-23
35,64372.68,False,2,2011-12-02
40,10930.43,False,2,2011-12-09
85,40051.22,False,2,2011-12-16
2,2924.87,False,2,2011-12-02
92,25.96,False,2,2011-12-16
98,6430.57,False,2,2011-12-16
96,253.37,True,2,2011-12-30
72,9464.24,False,2,2011-12-09
49,4468.44,False,2,2011-12-16
22,44716.76,False,2,2011-12-23
44,1565.19,False,2,2011-12-16
24,878.46,False,2,2011-12-16
31,13.14,False,2,2011-12-16
71,442.37,False,2,2011-12-02
4,1104.75,True,2,2011-12-30
94,49164.24,False,2,2011-12-23
21,4726.41,False,2,2011-12-16
22,22918.83,False,2,2011-12-02
30,348.06,False,2,2011-12-02
49,9437.83,False,2,2011-12-09
28,76.9,False,2,2011-12-09
20,2512.97,False,2,2011-12-30
7,5200.45,False,2,2011-12-16
56,118.08,False,2,2011-12-02
82,4057.23,True,2,2011-12-30
29,338.36,False,2,2011-12-23
10,3431.12,False,2,2011-12-09
11,83152.24,False,2,2011-12-02
33,470.77,False,2,2011-12-09
92,42113.05,False,2,2011-12-16
10,17872.32,True,2,2011-12-30
34,20449.69,False,2,2011-12-16
67,2629.1,False,2,2011-12-23
91,6997.58,False,2,2011-12-16
28,15715.25,False,2,2011-12-16
74,2830.35,False,2,2011-12-16
60,3108.62,False,2,2011-12-02
42,89631.07,False,2,2011-12-16
85,13757.28,False,2,2011-12-23
93,3119.44,False,2,2011-12-02
46,1723.47,True,2,2011-12-30
22,100.48,False,2,2011-12-09
42,10540.82,False,2,2011-12-23
96,1218.32,False,2,2011-12-16
90,5984.35,False,2,2011-12-16
5,1.54,False,2,2011-12-23
91,1781.76,False,2,2011-12-02
9,20554.67,False,2,2011-12-30
13,580.83,True,2,2011-12-30
7,17295.87,False,2,2011-12-16
90,51238.52,True,2,2011-12-30
91,6662.99,True,2,2011-12-30
4,1165.44,False,2,2011-12-02
58,61902.06,False,2,2011-12-02
91,47.97,False,2,2011-12-02
13,1731.4,False,2,2011-12-09
44,7596.74,False,2,2011-12-16
33,19750.04,True,2,2011-12-30
26,34891.06,False,2,2011-12-02
32,56763.26,True,2,2011-12-30
26,18164.88,True,2,2011-12-30
6,10803.9,False,2,2011-12-02
56,19131.18,False,2,2011-12-02
79,43672.64,True,2,2011-12-30
38,13732.22,False,2,2011-12-30
35,11400.15,True,2,2011-12-30
20,950.22,False,2,2011-12-16
51,10811.15,False,2,2011-12-30
10,5184.0,False,2,2011-12-09
58,33137.35,False,2,2011-12-23
71,8334.66,True,2,2011-12-30
21,10877.2,False,2,2011-12-09
37,15824.21,False,2,2011-12-02
95,76193.03,False,2,2011-12-16
26,84532.59,False,2,2011-12-09
71,13662.87,False,2,2011-12-16
96,7523.95,True,2,2011-12-30
67,48384.44,False,2,2011-12-02
28,3.39,False,2,2011-12-09
95,2477.98,True,2,2011-12-30
98,45434.2,False,2,2011-12-23
74,744.07,False,2,2011-12-09
42,700.49,False,2,2011-12-02
58,11618.68,False,2,2011-12-16
46,6751.73,True,2,2011-12-30
97,17452.76,True,2,2011-12-30
10,34527.33,False,2,2011-12-09
6,24825.14,False,2,2011-12-09
91,283.29,False,2,2011-12-02
22,7343.3,False,2,2011-12-09
12,7011.18,False,2,2011-12-23
79,79630.96,False,2,2011-12-02
49,43492.8,False,2,2011-12-16
98,2773.69,False,2,2011-12-16
29,21751.74,False,2,2011-12-16
21,83063.71,True,2,2011-12-30
67,136276.69,False,2,2011-12-23
41,3183.66,False,2,2011-12-23
81,28509.19,False,2,2011-12-09
10,2747.52,True,2,2011-12-30
20,55213.49,False,2,2011-12-16
28,1320.87,False,2,2011-12-23
67,41179.11,False,2,2011-12-16
87,-499.87,True,2,2011-12-30
74,7368.14,False,2,2011-12-02
13,16878.8,False,2,2011-12-02
83,186.33,False,2,2011-12-02
83,8225.09,False,2,2011-12-23
81,2393.13,True,2,2011-12-30
72,2204.22,False,2,2011-12-02
74,17540.19,False,2,2011-12-23
34,4362.51,False,2,2011-12-09
27,64.78,False,2,2011-12-30
36,440.92,False,2,2011-12-09
1,45493.14,False,2,2011-12-23
54,8886.53,False,2,2011-12-09
5,16711.14,True,2,2011-12-30
52,48536.43,True,2,2011-12-30
5,2422.64,False,2,2011-12-30
72,26233.39,True,2,2011-12-30
74,40441.14,False,2,2011-12-02
52,23409.05,False,2,2011-12-16
52,98807.09,False,2,2011-12-30
6,3524.47,False,2,2011-12-16
55,1485.18,True,2,2011-12-30
96,6993.83,False,2,2011-12-16
38,18180.48,False,2,2011-12-02
58,7860.12,False,2,2011-12-02
13,6398.66,False,2,2011-12-02
85,-91.73,False,2,2011-12-23
18,60959.08,False,2,2011-12-16
95,16784.0,False,2,2011-12-16
9,12194.13,False,2,2011-12-16
2,18671.3,False,2,2011-12-16
18,3237.08,True,2,2011-12-30
28,4390.1,False,2,2011-12-16
67,75556.99,False,2,2011-12-02
40,31987.33,False,2,2011-12-09
25,83311.72,False,2,2011-12-02
28,27087.57,True,2,2011-12-30
3,19298.32,True,2,2011-12-30
5,7284.53,False,2,2011-12-09
34,87472.62,False,2,2011-12-02
38,58225.7,False,2,2011-12-23
3,26243.32,False,2,2011-12-02
98,7243.62,False,2,2011-12-16
19,2391.11,False,2,2011-12-02
19,3290.86,False,2,2011-12-09
96,13486.3,False,2,2011-12-23
27,669.22,False,2,2011-12-23
20,12169.53,False,2,2011-12-02
92,4101.38,False,2,2011-12-02
94,6318.07,True,2,2011-12-30
24,21359.43,False,2,2011-12-09
31,10411.14,False,2,2011-12-16
83,92007.3,False,2,2011-12-30
85,56694.68,True,2,2011-12-30
30,4654.04,False,3,2011-12-16
93,102322.79,False,3,2011-12-16
31,288.47,False,3,2011-12-16
14,29636.87,True,3,2011-12-30
30,2191.67,True,3,2011-12-30
94,27543.79,False,3,2011-12-14
6,1943.27,True,3,2011-12-30
4,12193.79,False,3,2011-12-02
27,58728.11,True,3,2011-12-30
19,68572.12,False,3,2011-12-16
11,21422.23,False,3,2011-12-09
33,102311.6,False,3,2011-12-09
67,5622.62,False,3,2011-12-02
98,11.18,False,3,2011-12-09
79,5085.38,False,3,2011-12-09
98,105762.68,False,3,2011-12-02
95,12089.21,False,3,2011-12-09
26,42412.84,False,3,2011-12-16
31,62.62,False,3,2011-12-09
97,1939.42,True,3,2011-12-30
3,24.27,False,3,2011-12-16
16,12277.36,False,3,2011-12-09
59,40053.18,False,3,2011-12-09
35,18993.4,False,3,2011-12-02
59,6053.17,False,3,2011-12-02
71,4665.59,False,3,2011-12-09
38,4113.92,False,3,2011-12-09
85,15009.3,False,3,2011-12-02
12,57792.77,False,3,2011-12-16
35,53570.46,True,3,2011-12-30
48,34666.87,False,3,2011-12-02
98,41.92,True,3,2011-12-30
31,2641.2,False,3,2011-12-02
26,9399.26,False,3,2011-12-02
17,9930.57,False,3,2011-12-02
99,17660.22,False,3,2011-12-02
13,20787.4,False,3,2011-12-16
6,2305.47,False,3,2011-12-16
41,11078.56,False,3,2011-12-16
5,26680.19,False,3,2011-12-16
4,8027.61,True,3,2011-12-30
98,1349.79,False,3,2011-12-09
31,51.89,False,3,2011-12-09
96,34800.66,False,3,2011-12-16
46,3252.69,False,3,2011-12-02
90,7798.44,False,3,2011-12-09
30,49422.46,False,3,2011-12-02
6,23154.2,True,3,2011-12-30
81,13528.06,False,3,2011-12-09
94,7398.23,False,3,2011-12-02
80,80216.7,False,3,2011-12-16
1,51033.35,True,3,2011-12-30
94,9089.37,True,3,2011-12-30
18,20.14,False,3,2011-12-16
42,121803.03,False,3,2011-12-16
4,2209.98,True,3,2011-12-30
36,3386.46,False,3,2011-12-23
58,1343.03,True,3,2011-12-30
42,11666.26,False,3,2011-12-23
7,8174.34,False,3,2011-12-16
31,213.8,True,3,2011-12-30
94,442.75,False,3,2011-12-16
87,4111.29,False,3,2011-12-09
55,3230.93,False,3,2011-12-30
87,4200.83,True,3,2011-12-30
21,977.02,False,3,2011-12-02
42,7628.03,False,3,2011-12-23
8,2.26,False,3,2011-12-09
23,3582.45,False,3,2011-12-23
99,7101.89,False,3,2011-12-23
60,3846.82,True,3,2011-12-30
29,3431.04,False,3,2011-12-02
58,4382.04,False,3,2011-12-09
96,11756.3,False,3,2011-12-23
35,13235.68,False,3,2011-12-16
18,31017.16,False,3,2011-12-23
8,482.47,False,3,2011-12-16
10,17444.88,False,3,2011-12-02
52,90454.87,False,3,2011-12-16
91,46.59,False,3,2011-12-09
33,1250.67,False,3,2011-12-16
13,4432.62,False,3,2011-12-09
81,56390.62,False,3,2011-12-02
50,15073.62,False,3,2011-12-16
13,64.91,False,3,2011-12-23
26,6207.69,False,3,2011-12-16
46,13.13,False,3,2011-12-30
93,26122.86,False,3,2011-12-02
94,2755.65,False,3,2011-12-23
71,6348.98,True,3,2011-12-30
5,17153.62,False,3,2011-12-16
19,12346.22,False,3,2011-12-02
93,4659.71,True,3,2011-12-30
16,78604.14,False,3,2011-12-23
91,206.22,False,3,2011-12-16
58,15384.01,False,3,2011-12-02
85,19633.62,False,3,2011-12-16
55,37152.16,False,3,2011-12-23
19,23016.85,False,3,2011-12-23
11,22290.96,False,3,2011-12-02
44,35050.63,False,3,2011-12-16
27,118.33,False,3,2011-12-16
22,1522.23,False,3,2011-12-23
6,5120.57,False,3,2011-12-23
60,40255.35,True,3,2011-12-30
25,7554.13,False,3,2011-12-16
91,35053.96,False,3,2011-12-23
83,2320.67,False,3,2011-12-02
29,6098.53,False,3,2011-12-09
48,6131.78,True,3,2011-12-30
9,1720.71,False,3,2011-12-23
80,35523.71,False,3,2011-12-16
82,4158.74,False,3,2011-12-16
85,69.03,False,3,2011-12-02
21,36897.35,False,3,2011-12-02
30,14732.42,False,3,2011-12-09
67,1025.29,True,3,2011-12-30
85,90432.28,False,3,2011-12-09
13,9249.79,True,3,2011-12-30
33,6563.15,False,3,2011-12-02
3,1272.15,False,3,2011-12-02
21,2595.28,True,3,2011-12-30
11,8171.0,True,3,2011-12-30
10,3622.11,True,3,2011-12-30
74,30926.73,False,3,2011-12-02
26,16602.52,False,3,2011-12-23
3,6723.46,False,3,2011-12-09
96,2.51,False,3,2011-12-09
6,2365.74,False,3,2011-12-09
93,645.29,False,3,2011-12-16
21,594.03,False,3,2011-12-02
95,57281.61,False,3,2011-12-23
23,25948.62,False,3,2011-12-02
21,66779.83,False,3,2011-12-02
60,649.39,False,3,2011-12-02
52,10254.34,False,3,2011-12-09
79,526.5,False,3,2011-12-16
4,684.69,True,3,2011-12-30
98,11254.94,False,3,2011-12-02
92,12834.72,False,3,2011-12-02
46,6219.58,False,3,2011-12-09
9,44.5,True,3,2011-12-30
71,5425.03,False,3,2011-12-16
82,310.01,False,3,2011-12-09
21,67581.44,False,3,2011-12-09
52,38199.84,True,3,2011-12-30
21,158218.05,True,3,2011-12-30
42,25528.54,False,3,2011-12-16
41,90167.08,False,3,2011-12-02
82,723.13,False,3,2011-12-02
82,31107.54,False,3,2011-12-02
82,11228.51,True,3,2011-12-30
60,26631.49,False,3,2011-12-16
56,54.02,True,3,2011-12-30
46,65844.0,False,3,2011-12-09
93,11111.81,False,3,2011-12-23
32,5651.57,False,3,2011-12-30
74,176.87,False,3,2011-12-16
1,34482.44,False,3,2011-12-16
40,49514.28,True,3,2011-12-30
91,56797.24,False,3,2011-12-16
7,64447.02,True,3,2011-12-30
60,17485.04,False,3,2011-12-16
9,157.5,False,3,2011-12-16
92,4283.23,False,3,2011-12-02
85,-2.56,False,3,2011-12-02
24,33105.47,False,3,2011-12-09
19,47207.68,False,3,2011-12-02
17,37196.08,False,3,2011-12-02
94,961.6,False,3,2011-12-09
90,4851.21,True,3,2011-12-30
42,7447.86,True,3,2011-12-30
16,21927.42,False,3,2011-12-16
55,13.83,False,3,2011-12-09
74,8846.29,False,3,2011-12-23
79,20685.14,False,3,2011-12-02
85,15183.14,False,3,2011-12-16
22,812.63,False,3,2011-12-16
18,2985.54,True,3,2011-12-30
7,12.2,False,3,2011-12-02
87,5728.87,True,3,2011-12-30
98,17945.54,False,3,2011-12-09
71,1716.5,False,3,2011-12-02
87,13144.78,False,3,2011-12-02
31,1587.24,True,3,2011-12-30
79,1891.74,False,3,2011-12-16
87,73474.66,False,3,2011-12-16
52,51798.86,False,3,2011-12-09
54,2732.81,True,3,2011-12-30
26,104330.71,False,3,2011-12-09
98,6369.64,False,3,2011-12-30
8,27046.8,False,3,2011-12-02
2,1261.13,False,3,2011-12-09
22,23037.58,False,3,2011-12-16
33,7020.15,True,3,2011-12-30
26,14891.48,False,3,2011-12-02
21,3104.24,True,3,2011-12-30
46,4412.67,False,3,2011-12-30
56,101557.78,False,3,2011-12-09
11,2720.68,False,3,2011-12-02
93,6685.7,False,3,2011-12-16
5,20343.34,True,3,2011-12-30
87,1769.18,True,3,2011-12-30
1,12489.6,True,3,2011-12-30
72,90029.39,False,3,2011-12-02
2,2211.74,False,3,2011-12-02
18,45444.74,True,3,2011-12-30
16,118858.31,False,3,2011-12-16
80,6338.7,False,3,2011-12-02
46,46106.5,False,3,2011-12-09
25,15014.39,False,3,2011-12-02
3,1097.67,False,3,2011-12-02
81,728.58,False,3,2011-12-02
46,13778.88,False,3,2011-12-23
91,17.84,False,3,2011-12-02
24,28810.47,False,3,2011-12-16
31,9713.54,False,3,2011-12-16
80,48232.72,False,3,2011-12-02
18,1538.71,False,3,2011-12-23
93,6457.97,True,3,2011-12-30
36,23445.52,False,3,2011-12-02
11,10092.47,False,3,2011-12-02
24,730.57,False,3,2011-12-09
10,52977.08,False,3,2011-12-02
12,74591.5,False,3,2011-12-16
24,12584.18,False,3,2011-12-16
93,1437.49,True,3,2011-12-30
58,6962.56,False,3,2011-12-23
87,33861.44,False,3,2011-12-09
24,10172.69,False,3,2011-12-02
54,62965.46,False,3,2011-12-16
40,62354.33,False,3,2011-12-16
80,4667.25,False,3,2011-12-02
92,10449.54,False,3,2011-12-02
52,1679.92,False,3,2011-12-09
16,5106.98,False,3,2011-12-16
4,15903.41,False,3,2011-12-16
44,61214.62,False,3,2011-12-16
29,106753.94,False,3,2011-12-02
58,42.13,False,3,2011-12-23
17,1307.88,False,3,2011-12-16
99,10142.19,False,3,2011-12-02
59,355.06,True,3,2011-12-30
96,12813.96,False,3,2011-12-09
54,56290.48,True,3,2011-12-30
16,22029.48,True,3,2011-12-30
79,14540.59,True,3,2011-12-30
72,30328.06,False,3,2011-12-23
14,6766.77,False,3,2011-12-09
46,30583.21,True,3,2011-12-30
81,27736.54,True,3,2011-12-30
99,9902.27,False,3,2011-12-02
17,5165.75,True,3,2011-12-30
90,17.67,True,3,2011-12-30
4,647.0,False,3,2011-12-02
1,30265.86,False,3,2011-12-02
18,97081.91,False,3,2011-12-09
49,22463.27,False,3,2011-12-09
74,11240.1,False,3,2011-12-09
32,5448.24,False,3,2011-12-09
31,17946.26,False,3,2011-12-02
10,3871.36,True,3,2011-12-30
31,1576.21,False,3,2011-12-02
93,3070.46,False,3,2011-12-23
5,20.36,False,3,2011-12-09
55,13574.66,False,3,2011-12-02
49,2309.95,False,3,2011-12-02
24,16833.96,False,3,2011-12-02
42,47866.28,False,3,2011-12-02
4,34336.66,True,3,2011-12-30
23,15549.78,False,3,2011-12-16
38,21324.8,False,3,2011-12-23
1,15297.76,True,3,2011-12-30
3,102.64,False,3,2011-12-16
82,32917.42,False,3,2011-12-09
42,6722.36,False,3,2011-12-30
98,9368.6,False,3,2011-12-16
32,10121.69,True,3,2011-12-30
23,40311.24,False,3,2011-12-16
80,4764.35,False,3,2011-12-09
93,8367.59,True,3,2011-12-30
40,10922.9,False,3,2011-12-09
60,2015.8,True,3,2011-12-30
71,3983.4,False,3,2011-12-16
71,19989.52,False,3,2011-12-09
14,3783.71,False,3,2011-12-16
46,2660.51,False,3,2011-12-02
32,13665.26,False,3,2011-12-23
30,526.07,False,3,2011-12-16
59,29616.84,False,3,2011-12-23
91,53199.46,False,3,2011-12-02
81,12313.23,False,3,2011-12-02
25,15183.93,True,3,2011-12-30
42,4932.72,False,3,2011-12-16
98,97927.88,False,3,2011-12-23
30,1995.58,False,3,2011-12-16
87,8807.66,False,3,2011-12-09
19,6489.02,False,3,2011-12-16
12,5476.93,False,3,2011-12-23
2,14135.07,False,3,2011-12-23
99,961.57,False,3,2011-12-16
10,9269.1,False,3,2011-12-23
25,2715.21,True,3,2011-12-30
91,46696.48,True,3,2011-12-30
12,248.86,False,3,2011-12-02
67,4611.96,False,3,2011-12-16
93,13463.3,False,3,2011-12-09
16,9076.06,False,3,2011-12-02
96,1734.18,False,3,2011-12-02
28,27653.14,False,3,2011-12-16
46,5115.34,True,3,2011-12-30
74,13.8,False,3,2011-12-16
97,19318.17,True,3,2011-12-30
98,131768.84,False,3,2011-12-23
77,230.84,False,3,2011-12-02
19,79690.14,False,3,2011-12-02
11,29047.54,True,3,2011-12-30
13,34821.26,False,3,2011-12-16
55,9690.88,True,3,2011-12-30
92,155.18,True,3,2011-12-30
26,29945.36,False,3,2011-12-02
26,7608.24,False,3,2011-12-16
38,2903.72,True,3,2011-12-30
9,25553.41,True,3,2011-12-30
28,9531.13,False,3,2011-12-16
91,18955.06,False,3,2011-12-02
17,17912.5,False,3,2011-12-23
31,8937.01,False,3,2011-12-23
36,2159.92,True,3,2011-12-30
80,3274.87,False,3,2011-12-02
18,11959.22,False,3,2011-12-16
91,54408.02,False,3,2011-12-16
28,4405.96,False,3,2011-12-30
85,2947.01,False,3,2011-12-02
23,68452.4,True,3,2011-12-30
8,41800.33,False,3,2011-12-09
80,6084.42,False,3,2011-12-02
74,12383.79,False,3,2011-12-16
60,2413.47,True,3,2011-12-30
12,34.42,False,3,2011-12-23
8,63082.14,False,3,2011-12-02
71,6878.73,False,3,2011-12-02
8,2458.24,False,3,2011-12-02
26,27575.34,False,3,2011-12-02
17,4.33,False,3,2011-12-09
28,3880.18,False,3,2011-12-23
26,5328.56,False,3,2011-12-16
90,51564.74,False,3,2011-12-09
82,28.11,True,3,2011-12-30
28,45118.16,False,3,2011-12-16
32,89877.21,False,3,2011-12-16
81,1499.71,False,3,2011-12-16
11,1612.66,False,3,2011-12-02
80,6535.39,False,3,2011-12-09
79,3697.98,False,3,2011-12-23
36,60327.21,False,3,2011-12-16
30,23518.79,True,3,2011-12-30
5,38565.32,False,3,2011-12-09
27,5283.92,False,3,2011-12-02
23,67507.46,True,3,2011-12-30
91,1677.48,True,3,2011-12-30
87,22466.69,False,3,2011-12-23
96,5754.39,False,3,2011-12-02
72,75542.5,False,4,2011-12-16
32,39243.97,False,4,2011-12-16
44,9262.61,False,4,2011-12-16
12,19801.33,False,4,2011-12-23
74,19753.02,False,4,2011-12-23
9,20846.03,False,4,2011-12-16
91,1563.15,False,4,2011-12-02
46,12077.11,False,4,2011-12-09
16,31139.95,False,4,2011-12-16
17,38694.22,True,4,2011-12-30
87,2783.97,False,4,2011-12-23
91,4004.69,False,4,2011-12-09
25,15740.27,True,4,2011-12-30
72,3009.07,True,4,2011-12-30
92,1164.83,False,4,2011-12-09
33,990.67,False,4,2011-12-23
17,162.03,False,4,2011-12-02
98,5212.72,False,4,2011-12-20
93,2251.73,False,4,2011-12-02
99,39114.35,False,4,2011-12-30
94,39.28,False,4,2011-12-16
46,18480.49,False,4,2011-12-09
8,5574.83,False,4,2011-12-09
80,4574.96,False,4,2011-12-09
80,14715.39,False,4,2011-12-02
80,987.78,False,4,2011-12-02
4,13.02,False,4,2011-12-02
94,28846.27,False,4,2011-12-02
5,41432.9,False,4,2011-12-23
72,13516.11,False,4,2011-12-02
38,506.87,False,4,2011-12-09
28,31867.75,False,4,2011-12-23
90,77488.84,True,4,2011-12-30
72,4555.49,False,4,2011-12-02
16,151.08,False,4,2011-12-02
8,14592.49,False,4,2011-12-16
10,31827.23,False,4,2011-12-09
11,156.74,False,4,2011-12-23
92,34145.95,False,4,2011-12-09
16,7601.62,True,4,2011-12-30
38,430.98,False,4,2011-12-02
40,16693.27,False,4,2011-12-23
95,-6.52,False,4,2011-12-16
52,62.3,True,4,2011-12-30
18,25832.33,True,4,2011-12-30
91,73441.4,False,4,2011-12-23
87,24424.55,False,4,2011-12-09
95,19786.8,False,4,2011-12-09
38,7884.13,True,4,2011-12-30
2,194.04,False,4,2011-12-02
96,36972.66,False,4,2011-12-16
18,29382.28,False,4,2011-12-16
96,3929.25,True,4,2011-12-30
98,1255.72,False,4,2011-12-16
97,10108.3,True,4,2011-12-30
9,14903.3,False,4,2011-12-16
79,8435.12,False,4,2011-12-02
98,18318.85,False,4,2011-12-16
55,84579.19,False,4,2011-12-16
55,11187.08,True,4,2011-12-30
67,24724.31,False,4,2011-12-23
29,17910.66,False,4,2011-12-23
18,8455.98,False,4,2011-12-16
85,85.6,False,4,2011-12-02
79,4479.24,False,4,2011-12-02
41,64712.66,False,4,2011-12-16
31,75798.52,True,4,2011-12-30
35,80133.3,True,4,2011-12-30
37,17102.86,False,4,2011-12-16
98,31524.53,False,4,2011-12-23
52,8018.09,False,4,2011-12-02
56,1880.31,True,4,2011-12-30
23,40409.04,False,4,2011-12-02
99,15133.91,False,4,2011-12-02
18,9829.25,True,4,2011-12-30
60,18662.15,False,4,2011-12-09
5,2924.18,False,4,2011-12-09
96,6605.88,False,4,2011-12-09
81,15715.34,False,4,2011-12-02
99,40298.47,False,4,2011-12-23
82,13356.16,False,4,2011-12-23
56,114.59,False,4,2011-12-16
19,10910.25,False,4,2011-12-02
7,13495.78,False,4,2011-12-16
29,5701.77,True,4,2011-12-30
85,15408.06,False,4,2011-12-02
9,7753.16,False,4,2011-12-02
59,101.17,False,4,2011-12-02
91,1020.77,True,4,2011-12-30
10,34.78,False,4,2011-12-09
19,86172.49,False,4,2011-12-02
19,3829.12,True,4,2011-12-30
98,35.19,False,4,2011-12-09
56,11497.55,True,4,2011-12-30
13,19791.91,False,4,2011-12-02
23,1388.01,True,4,2011-12-30
27,13316.47,False,4,2011-12-16
40,34744.27,False,4,2011-12-02
90,20202.15,False,4,2011-12-23
93,2260.51,True,4,2011-12-30
13,17781.64,False,4,2011-12-02
40,18144.17,False,4,2011-12-09
95,18191.2,False,4,2011-12-23
85,28024.65,False,4,2011-12-16
24,24711.72,False,4,2011-12-09
1,10199.32,False,4,2011-12-23
87,5166.28,False,4,2011-12-02
46,53751.33,False,4,2011-12-09
55,58377.98,False,4,2011-12-09
98,12904.99,False,4,2011-12-02
79,1564.7,False,4,2011-12-16
18,31.69,False,4,2011-12-16
45,1386.16,False,4,2011-12-16
44,27.31,True,4,2011-12-30
87,917.28,False,4,2011-12-09
58,14417.34,False,4,2011-12-02
87,3114.53,False,4,2011-12-03
5,37244.42,False,4,2011-12-23
46,22959.81,True,4,2011-12-30
34,16407.42,False,4,2011-12-23
96,16309.66,False,4,2011-12-23
52,65615.92,True,4,2011-12-30
11,62995.62,False,4,2011-12-16
46,18756.69,False,4,2011-12-23
83,40030.6,True,4,2011-12-30
80,25296.78,False,4,2011-12-02
96,3417.8,False,4,2011-12-02
5,33203.51,False,4,2011-12-09
16,54775.95,False,4,2011-12-02
41,4354.71,False,4,2011-12-02
46,52335.23,False,4,2011-12-16
2,8663.12,False,4,2011-12-16
46,93503.22,False,4,2011-12-23
10,5242.67,False,4,2011-12-16
87,3089.25,False,4,2011-12-02
19,56.47,False,4,2011-12-09
96,19308.23,False,4,2011-12-23
98,13084.35,False,4,2011-12-16
22,35516.24,False,4,2011-12-23
36,224.84,False,4,2011-12-09
94,14877.04,False,4,2011-12-02
7,20014.28,False,4,2011-12-09
77,42104.81,False,4,2011-12-16
95,25028.4,False,4,2011-12-23
31,14084.96,False,4,2011-12-09
22,150.6,False,4,2011-12-23
99,85010.23,True,4,2011-12-30
91,15303.72,False,4,2011-12-23
92,9647.29,False,4,2011-12-16
20,276.57,True,4,2011-12-30
31,51.35,False,4,2011-12-23
93,15073.58,False,4,2011-12-09
12,11335.57,False,4,2011-12-09
56,5413.56,False,4,2011-12-09
87,1300.91,False,4,2011-12-02
41,35163.51,False,4,2011-12-09
87,7512.3,False,4,2011-12-02
56,10655.61,False,4,2011-12-16
85,4852.19,False,4,2011-12-23
98,64591.85,False,4,2011-12-09
22,4257.9,False,4,2011-12-09
35,48321.64,False,4,2011-12-16
14,1362.64,False,4,2011-12-16
48,6289.04,False,4,2011-12-23
10,20518.05,False,4,2011-12-02
36,39934.06,True,4,2011-12-30
83,94259.05,True,4,2011-12-30
28,3691.26,False,4,2011-12-16
6,12663.66,False,4,2011-12-23
82,19406.6,False,4,2011-12-16
10,2606.54,False,4,2011-12-02
17,25046.48,False,4,2011-12-02
31,18521.39,False,4,2011-12-02
56,24661.72,True,4,2011-12-30
20,1459.12,True,4,2011-12-30
54,363.26,True,4,2011-12-30
24,1912.44,False,4,2011-12-23
82,97.46,False,4,2011-12-16
47,20872.01,False,4,2011-12-23
11,1455.32,False,4,2011-12-23
12,1825.78,True,4,2011-12-30
92,34652.77,False,4,2011-12-23
23,5972.7,False,4,2011-12-23
8,7533.55,False,4,2011-12-23
59,34315.7,True,4,2011-12-30
91,10425.23,False,4,2011-12-16
85,48720.52,False,4,2011-12-09
1,10572.08,False,4,2011-12-23
27,20160.36,False,4,2011-12-09
13,5381.44,False,4,2011-12-02
22,19942.57,False,4,2011-12-21
42,16204.42,False,4,2011-12-09
52,974.58,True,4,2011-12-30
93,5014.93,False,4,2011-12-09
4,2003.45,False,4,2011-12-16
40,1.87,False,4,2011-12-16
5,113016.32,False,4,2011-12-02
2,1934.93,False,4,2011-12-16
17,3164.96,True,4,2011-12-30
44,4283.04,False,4,2011-12-02
40,52756.46,False,4,2011-12-23
60,30538.83,True,4,2011-12-30
9,21715.86,True,4,2011-12-30
67,27575.38,False,4,2011-12-02
41,7114.89,True,4,2011-12-30
41,5570.04,False,4,2011-12-23
82,699.87,False,4,2011-12-16
12,479.73,True,4,2011-12-30
49,47940.2,False,4,2011-12-09
91,18657.46,True,4,2011-12-30
56,282.39,False,4,2011-12-09
28,25.54,False,4,2011-12-16
3,2699.05,True,4,2011-12-30
56,20790.54,True,4,2011-12-30
26,2157.28,True,4,2011-12-30
90,32746.84,False,4,2011-12-02
25,15907.02,False,4,2011-12-02
29,106873.35,False,4,2011-12-09
19,662.86,False,4,2011-12-09
3,3623.48,True,4,2011-12-30
38,2456.54,False,4,2011-12-09
18,36536.92,False,4,2011-12-02
81,7988.29,False,4,2011-12-16
74,12228.56,False,4,2011-12-02
59,4718.15,True,4,2011-12-30
80,5505.94,False,4,2011-12-02
67,20892.06,False,4,2011-12-16
72,47180.19,True,4,2011-12-30
52,46.05,False,4,2011-12-02
92,5370.68,False,4,2011-12-02
25,16761.18,False,4,2011-12-16
90,23744.78,False,4,2011-12-30
5,3475.03,False,4,2011-12-23
42,393.94,False,4,2011-12-02
28,26031.61,False,4,2011-12-23
97,6620.9,False,4,2011-12-02
20,609.38,False,4,2011-12-16
45,11729.67,False,4,2011-12-09
82,124.19,True,4,2011-12-30
35,3026.48,False,4,2011-12-02
60,2621.82,False,4,2011-12-23
97,4190.41,False,4,2011-12-02
59,116766.42,False,4,2011-12-23
5,6283.77,False,4,2011-12-02
16,28335.84,False,4,2011-12-16
95,100.25,False,4,2011-12-02
21,3818.61,False,4,2011-12-02
82,982.19,True,4,2011-12-30
92,17.64,False,4,2011-12-23
33,23.87,False,4,2011-12-09
59,26142.88,False,4,2011-12-23
58,4425.75,False,4,2011-12-09
9,10562.85,False,4,2011-12-02
52,7962.34,True,4,2011-12-30
83,632.89,False,4,2011-12-23
21,19436.57,False,4,2011-12-16
90,33916.47,False,4,2011-12-09
31,26707.69,False,4,2011-12-23
82,216.7,False,4,2011-12-02
38,14669.7,False,4,2011-12-16
5,5612.89,False,4,2011-12-09
33,18171.8,False,4,2011-12-09
41,18711.28,False,4,2011-12-16
42,21455.38,False,4,2011-12-23
82,13787.28,False,4,2011-12-23
7,4852.14,False,4,2011-12-23
92,4716.54,False,4,2011-12-02
42,12301.52,False,4,2011-12-16
10,2813.01,False,4,2011-12-09
95,3873.42,False,4,2011-12-02
49,26991.38,True,4,2011-12-30
34,3552.84,True,4,2011-12-30
21,2789.77,False,4,2011-12-09
98,5351.12,True,4,2011-12-30
25,18106.5,False,4,2011-12-02
56,3243.9,False,4,2011-12-09
83,62161.84,False,4,2011-12-16
85,2277.06,True,4,2011-12-30
24,1756.25,False,4,2011-12-16
44,17681.46,False,4,2011-12-09
92,18.95,False,4,2011-12-02
59,1802.56,False,4,2011-12-16
42,38424.95,False,4,2011-12-16
19,4379.56,True,4,2011-12-30
16,6971.08,True,4,2011-12-30
52,128.37,False,4,2011-12-02
31,15532.47,False,4,2011-12-16
59,95283.29,False,4,2011-12-02
17,137.54,False,4,2011-12-02
8,7182.46,False,4,2011-12-23
74,4035.66,False,4,2011-12-16
28,33188.14,False,4,2011-12-09
34,6665.26,False,4,2011-12-09
1,58355.77,True,4,2011-12-30
21,552.71,False,4,2011-12-09
1,13128.55,False,4,2011-12-16
81,10541.3,True,4,2011-12-30
19,48.22,False,4,2011-12-16
22,17105.35,False,4,2011-12-23
79,3004.13,False,4,2011-12-23
36,23910.6,False,4,2011-12-16
25,29664.94,False,4,2011-12-09
16,251.1,False,4,2011-12-02
60,30394.15,False,4,2011-12-23
34,12922.03,False,4,2011-12-16
7,20810.97,False,4,2011-12-23
56,2276.28,False,4,2011-12-16
71,46680.87,False,4,2011-12-16
21,9460.23,False,4,2011-12-02
23,633.02,True,4,2011-12-30
52,75.64,True,4,2011-12-30
40,11644.46,False,4,2011-12-09
58,740.56,True,4,2011-12-30
97,8265.4,True,4,2011-12-30
85,1137.09,True,4,2011-12-30
7,1181.42,False,4,2011-12-02
8,16743.26,False,4,2011-12-16
24,245816.92,False,4,2011-12-16
40,2728.97,False,4,2011-12-02
17,22425.98,False,4,2011-12-02
94,70152.16,False,4,2011-12-09
31,146750.89,False,4,2011-12-09
38,27.55,True,4,2011-12-30
11,263.67,False,4,2011-12-09
21,37578.65,False,4,2011-12-16
10,18463.78,False,4,2011-12-02
45,192113.9,False,4,2011-12-16
93,30854.25,False,4,2011-12-09
11,713.56,False,4,2011-12-09
19,1302.98,True,4,2011-12-30
40,47466.5,False,4,2011-12-23
35,219.75,True,4,2011-12-30
92,7207.41,True,5,2011-12-30
71,1526.15,False,5,2011-12-16
5,1940.71,False,5,2011-12-16
7,6903.85,True,5,2011-12-30
27,45533.06,False,5,2011-12-09
24,30376.58,False,5,2011-12-16
12,3188.7,False,5,2011-12-30
31,29410.16,False,5,2011-12-23
17,8276.63,False,5,2011-12-02
52,3176.85,False,5,2011-12-16
41,20131.49,True,5,2011-12-30
7,16690.18,False,5,2011-12-09
8,6760.16,False,5,2011-12-16
3,12819.23,False,5,2011-12-23
36,17277.66,False,5,2011-12-02
40,80090.69,False,5,2011-12-02
95,9472.57,False,5,2011-12-02
30,10006.42,False,5,2011-12-23
28,4279.68,False,5,2011-12-09
21,3034.67,False,5,2011-12-02
7,467.48,False,5,2011-12-09
55,32387.35,False,5,2011-12-16
34,22834.06,False,5,2011-12-23
18,1956.54,True,5,2011-12-30
8,2191.5,False,5,2011-12-09
26,16747.42,False,5,2011-12-16
56,3826.13,False,5,2011-12-09
6,15705.52,False,5,2011-12-02
60,27581.38,False,5,2011-12-09
34,7019.66,False,5,2011-12-23
54,14958.85,False,5,2011-12-16
96,27811.85,False,5,2011-12-16
30,1535.66,False,5,2011-12-16
56,69209.32,False,5,2011-12-16
41,4843.29,True,5,2011-12-30
25,54.78,True,5,2011-12-30
60,21967.32,False,5,2011-12-02
17,9172.4,True,5,2011-12-30
17,93495.36,True,5,2011-12-30
33,5355.7,True,5,2011-12-30
6,283378.97,False,5,2011-12-09
87,24456.56,False,5,2011-12-16
8,5225.28,False,5,2011-12-16
83,24222.18,False,5,2011-12-16
8,10893.04,False,5,2011-12-09
10,12460.38,False,5,2011-12-16
44,17288.25,True,5,2011-12-30
22,23668.76,False,5,2011-12-02
82,3603.01,False,5,2011-12-02
41,30903.21,False,5,2011-12-02
12,169.69,False,5,2011-12-16
2,16762.82,True,5,2011-12-30
19,2981.55,False,5,2011-12-09
6,16256.74,False,5,2011-12-02
11,25183.14,False,5,2011-12-23
71,66806.69,False,5,2011-12-02
46,3587.28,True,5,2011-12-30
12,70.64,False,5,2011-12-09
80,22339.48,False,5,2011-12-09
67,6586.52,False,5,2011-12-02
24,9702.96,False,5,2011-12-16
42,36889.12,False,5,2011-12-30
41,23804.22,False,5,2011-12-16
46,26206.6,False,5,2011-12-02
94,2294.73,False,5,2011-12-23
13,18634.89,False,5,2011-12-23
93,74558.31,False,5,2011-12-02
18,1802.3,False,5,2011-12-16
55,40243.82,False,5,2011-12-23
85,237.26,True,5,2011-12-30
5,15728.82,True,5,2011-12-30
38,6725.95,False,5,2011-12-02
1,6871.5,False,5,2011-12-02
31,6546.9,False,5,2011-12-16
22,25.82,False,5,2011-12-16
41,49.42,True,5,2011-12-30
8,12056.09,True,5,2011-12-30
99,27.34,False,5,2011-12-16
27,2010.78,False,5,2011-12-09
79,52.25,False,5,2011-12-16
29,62.89,False,5,2011-12-30
32,20474.82,False,5,2011-12-02
11,13775.12,True,5,2011-12-30
44,3382.16,False,5,2011-12-09
21,48091.15,True,5,2011-12-30
33,94363.47,False,5,2011-12-23
79,1647.76,False,5,2011-12-17
22,7266.19,False,5,2011-12-09
58,4977.56,True,5,2011-12-30
9,22370.38,False,5,2011-12-16
49,39200.87,False,5,2011-12-16
13,99959.92,False,5,2011-12-09
35,3873.12,False,5,2011-12-09
5,3588.73,False,5,2011-12-23
94,2.34,False,5,2011-12-23
6,67674.16,False,5,2011-12-30
19,5811.66,True,5,2011-12-30
72,9.15,True,5,2011-12-30
42,108506.92,False,5,2011-12-16
94,96758.51,False,5,2011-12-09
40,2717.2,False,5,2011-12-16
1,22709.11,True,5,2011-12-30
90,7579.76,False,5,2011-12-09
26,26880.72,False,5,2011-12-23
17,4089.39,False,5,2011-12-16
82,12650.07,False,5,2011-12-02
87,34898.36,True,5,2011-12-30
42,2909.76,False,5,2011-12-02
1,30592.04,False,5,2011-12-23
7,13835.34,True,5,2011-12-30
38,30085.22,False,5,2011-12-02
2,453.5,False,5,2011-12-09
38,39282.65,False,5,2011-12-16
10,62.91,True,5,2011-12-30
46,43321.32,False,5,2011-12-02
41,27553.91,False,5,2011-12-20
79,2865.55,True,5,2011-12-30
93,39445.56,True,5,2011-12-30
38,19281.14,True,5,2011-12-30
17,5551.22,False,5,2011-12-09
10,235.14,False,5,2011-12-02
12,41139.1,False,5,2011-12-02
20,132357.84,False,5,2011-12-09
4,33877.64,True,5,2011-12-30
20,9.62,True,5,2011-12-30
67,14995.92,False,5,2011-12-16
82,1478.25,True,5,2011-12-30
8,4237.68,False,5,2011-12-23
45,62741.2,False,5,2011-12-02
7,7262.67,False,5,2011-12-02
40,3514.83,False,5,2011-12-02
67,12868.9,False,5,2011-12-02
2,5232.91,False,5,2011-12-16
59,11623.11,False,5,2011-12-09
67,8940.07,False,5,2011-12-16
1,14750.7,False,5,2011-12-23
31,14785.97,False,5,2011-12-09
33,688.65,False,5,2011-12-23
41,35203.53,True,5,2011-12-30
74,16808.06,False,5,2011-12-16
1,826.63,True,5,2011-12-30
37,78731.76,False,5,2011-12-23
81,7742.69,False,5,2011-12-16
34,4801.31,False,5,2011-12-02
93,2502.34,False,5,2011-12-16
14,1020.5,False,5,2011-12-02
56,2057.19,False,5,2011-12-09
80,3956.06,False,5,2011-12-02
48,6921.81,False,5,2011-12-23
55,12865.62,True,5,2011-12-30
56,62378.68,False,5,2011-12-16
21,27.09,False,5,2011-12-09
5,87447.8,False,5,2011-12-02
41,5123.96,False,5,2011-12-16
54,19594.37,False,5,2011-12-16
42,2883.05,False,5,2011-12-16
60,2582.31,False,5,2011-12-02
95,17264.77,False,5,2011-12-16
5,8196.87,False,5,2011-12-09
1,18947.8,True,5,2011-12-30
58,3219.71,True,5,2011-12-30
82,15920.26,False,5,2011-12-23
36,6382.33,True,5,2011-12-30
98,5102.28,False,5,2011-12-16
85,17096.93,False,5,2011-12-02
32,5071.8,False,5,2011-12-02
35,759.83,False,5,2011-12-02
29,910.06,False,5,2011-12-30
5,9215.85,False,5,2011-12-02
13,6461.43,False,5,2011-12-09
12,7675.99,True,5,2011-12-30
48,1658.2,False,5,2011-12-16
18,39580.61,False,5,2011-12-02
98,7598.79,False,5,2011-12-02
30,5697.7,True,5,2011-12-30
25,126.58,True,5,2011-12-30
60,1907.83,False,5,2011-12-16
44,19941.96,False,5,2011-12-16
85,6811.76,False,5,2011-12-02
25,384.83,True,5,2011-12-30
26,13902.63,False,5,2011-12-16
18,21800.44,False,5,2011-12-02
95,6023.53,False,5,2011-12-23
13,9600.57,False,5,2011-12-02
85,50153.94,False,5,2011-12-16
27,7078.49,False,5,2011-12-23
12,1228.03,False,5,2011-12-02
96,13838.56,False,5,2011-12-23
46,806.12,False,5,2011-12-30
27,46.48,True,5,2011-12-30
11,43943.12,False,5,2011-12-02
59,897.84,True,5,2011-12-30
2,1620.82,True,5,2011-12-30
49,18484.1,False,5,2011-12-02
34,7362.96,False,5,2011-12-02
36,14242.9,False,5,2011-12-02
52,8248.17,False,5,2011-12-09
7,24.1,False,5,2011-12-02
11,4494.71,False,5,2011-12-09
8,5659.53,False,5,2011-12-16
94,173499.73,False,5,2011-12-23
34,4173.23,False,5,2011-12-23
71,7587.4,False,5,2011-12-16
55,58.43,False,5,2011-12-09
10,47854.04,False,5,2011-12-21
96,4533.6,False,5,2011-12-16
52,433.35,False,5,2011-12-16
83,15551.74,True,5,2011-12-30
18,14650.96,False,5,2011-12-09
24,3513.04,False,5,2011-12-16
91,23403.61,True,5,2011-12-30
56,6114.71,False,5,2011-12-23
46,394.35,False,5,2011-12-16
23,18578.69,False,5,2011-12-16
16,15923.5,False,5,2011-12-09
85,29283.9,False,5,2011-12-02
91,3204.23,False,5,2011-12-02
55,2705.36,False,5,2011-12-09
41,50180.28,False,5,2011-12-09
37,21605.0,False,5,2011-12-16
20,10558.31,False,5,2011-12-16
37,1687.51,True,5,2011-12-30
12,25095.32,False,5,2011-12-02
32,19533.96,True,5,2011-12-30
7,10427.4,False,5,2011-12-16
74,2906.64,False,5,2011-12-09
90,19344.13,False,5,2011-12-02
38,7918.13,False,5,2011-12-23
18,37174.17,False,5,2011-12-09
28,19180.53,False,5,2011-12-02
5,16.54,True,5,2011-12-30
74,-196.57,False,5,2011-12-30
90,38306.65,False,5,2011-12-02
46,20549.96,True,5,2011-12-30
54,16.13,False,5,2011-12-16
25,5681.28,False,5,2011-12-23
93,17797.96,True,5,2011-12-30
37,19.41,False,5,2011-12-02
19,17097.82,False,5,2011-12-23
30,4011.78,True,5,2011-12-30
55,41650.74,False,5,2011-12-02
56,690.22,True,5,2011-12-30
55,1618.57,False,5,2011-12-23
20,183.52,True,5,2011-12-30
56,148.71,False,5,2011-12-16
18,320.52,True,5,2011-12-30
20,26069.75,False,5,2011-12-09
14,12861.41,False,5,2011-12-23
33,151444.23,False,5,2011-12-16
80,3001.28,False,5,2011-12-02
18,41940.59,False,5,2011-12-09
4,12379.18,False,5,2011-12-23
36,750.64,False,5,2011-12-02
72,1622.41,False,5,2011-12-16
95,4340.1,False,5,2011-12-02
25,384.1,False,5,2011-12-09
90,3543.36,False,5,2011-12-09
23,12216.48,False,5,2011-12-02
25,31915.12,False,5,2011-12-02
14,5337.61,False,5,2011-12-16
22,49683.49,True,5,2011-12-30
34,40312.36,False,5,2011-12-09
37,834.29,False,5,2011-12-02
81,1277.39,False,5,2011-12-02
19,1385.29,False,5,2011-12-02
94,15388.63,True,5,2011-12-30
80,26811.95,False,5,2011-12-09
12,33008.14,False,5,2011-12-23
32,9239.96,False,5,2011-12-23
85,15508.85,True,5,2011-12-30
6,5912.19,False,5,2011-12-09
92,688.73,True,5,2011-12-30
60,118.08,True,5,2011-12-30
42,4.76,False,5,2011-12-09
56,522.78,False,5,2011-12-09
46,8133.18,False,5,2011-12-02
24,6266.19,True,5,2011-12-30
40,3273.23,False,5,2011-12-16
52,204.79,False,5,2011-12-09
7,445.78,False,5,2011-12-16
40,3668.26,False,5,2011-12-02
77,35430.33,False,5,2011-12-09
37,-8.43,False,5,2011-12-02
40,4950.5,False,5,2011-12-09
23,12156.95,False,5,2011-12-09
22,4077.1,False,5,2011-12-02
22,804.24,False,5,2011-12-23
10,432.43,False,5,2011-12-02
8,23277.7,False,5,2011-12-23
72,412.1,False,5,2011-12-09
1,3642.82,False,5,2011-12-02
90,27885.44,False,5,2011-12-09
92,34410.92,False,5,2011-12-23
80,2337.01,False,5,2011-12-02
98,30114.21,False,5,2011-12-09
11,2023.09,False,5,2011-12-30
29,2946.78,True,5,2011-12-30
21,2215.0,True,5,2011-12-30
40,120204.06,False,5,2011-12-02
21,13095.16,False,5,2011-12-16
16,42843.59,True,5,2011-12-30
4,374.39,False,5,2011-12-16
21,36292.68,True,5,2011-12-30
40,19505.07,False,5,2011-12-23
95,600.18,False,5,2011-12-23
91,3698.42,False,5,2011-12-02
6,177630.14,True,5,2011-12-30
93,5488.59,False,5,2011-12-02
56,97876.69,False,5,2011-12-16
6,164.86,False,5,2011-12-02
35,22395.82,False,5,2011-12-30
93,22510.18,False,5,2011-12-09
40,2150.14,False,5,2011-12-16
34,46047.0,False,5,2011-12-16
74,3985.32,True,5,2011-12-30
97,10459.77,False,5,2011-12-09
59,1739.04,True,5,2011-12-30
2,10464.48,False,5,2011-12-16
20,235.72,False,5,2011-12-02
85,14585.26,False,5,2011-12-02
98,36588.94,False,5,2011-12-09
58,1945.95,False,5,2011-12-16
79,18.08,False,5,2011-12-02
30,12348.81,False,5,2011-12-23
67,80.02,True,5,2011-12-30
56,3056.65,False,5,2011-12-16
90,4667.22,False,5,2011-12-02
97,7553.42,False,5,2011-12-16
54,27983.72,False,5,2011-12-09
3,74021.24,False,5,2011-12-23
42,54227.86,False,5,2011-12-16
60,14763.54,False,5,2011-12-02
59,3.36,False,5,2011-12-02
56,481.15,True,5,2011-12-30
6,15848.8,False,5,2011-12-23
67,6176.99,False,5,2011-12-02
14,74149.54,True,5,2011-12-30
46,3.52,False,5,2011-12-16
54,186676.95,True,5,2011-12-30
46,4549.65,False,5,2011-12-02
94,13987.61,False,5,2011-12-30
19,15079.4,True,5,2011-12-30
80,5890.26,True,5,2011-12-30
7,10839.76,False,5,2011-12-16
38,90405.6,False,5,2011-12-16
82,26617.66,False,5,2011-12-02
33,1218.72,False,5,2011-12-02
18,31411.44,False,5,2011-12-02
5,15696.7,False,5,2011-12-23
32,67.97,True,5,2011-12-30
56,2150.24,False,5,2011-12-02
4,4089.13,False,5,2011-12-23
87,12736.28,False,5,2011-12-09
85,14257.01,False,5,2011-12-23
23,34402.25,False,5,2011-12-16
58,17522.31,True,5,2011-12-30
60,14130.64,False,5,2011-12-02
14,6073.56,True,5,2011-12-30
38,3800.28,True,5,2011-12-30
52,3690.5,False,5,2011-12-16
54,53952.33,True,5,2011-12-30
33,58177.42,False,6,2011-12-23
49,10322.98,True,6,2011-12-30
17,646.0,False,6,2011-12-09
2,82441.51,True,6,2011-12-30
16,246.56,False,6,2011-12-16
13,1216.19,False,6,2011-12-16
59,13086.48,False,6,2011-12-02
38,10571.7,True,6,2011-12-30
7,12.54,False,6,2011-12-16
12,971.1,False,6,2011-12-09
87,32698.98,False,6,2011-12-02
3,28069.4,False,6,2011-12-02
48,1845.79,False,6,2011-12-09
83,16986.37,False,6,2011-12-16
14,215.34,True,6,2011-12-30
40,2379.73,False,6,2011-12-16
6,28572.15,True,6,2011-12-30
28,1789.51,False,6,2011-12-23
93,23505.79,False,6,2011-12-02
97,37829.6,True,6,2011-12-30
40,26166.95,False,6,2011-12-09
58,35852.22,False,6,2011-12-23
26,11.11,True,6,2011-12-30
16,3283.22,False,6,2011-12-23
22,4928.64,False,6,2011-12-23
3,-9.01,True,6,2011-12-30
94,10.08,False,6,2011-12-09
22,38169.31,False,6,2011-12-09
22,27562.55,True,6,2011-12-30
5,1756.49,False,6,2011-12-02
74,1003.37,False,6,2011-12-02
67,6056.79,False,6,2011-12-02
35,411.86,True,6,2011-12-30
87,2110.68,False,6,2011-12-09
22,20091.29,False,6,2011-12-09
3,25206.79,False,6,2011-12-02
58,54383.38,False,6,2011-12-16
26,18660.47,False,6,2011-12-02
3,34823.4,False,6,2011-12-23
26,26733.37,False,6,2011-12-23
90,20938.33,False,6,2011-12-23
42,35035.44,False,6,2011-12-09
11,90638.83,False,6,2011-12-23
35,6432.35,False,6,2011-12-02
32,3580.9,False,6,2011-12-16
17,47447.51,False,6,2011-12-23
30,32357.15,False,6,2011-12-09
82,26542.09,True,6,2011-12-30
82,54963.1,False,6,2011-12-02
19,8019.29,True,6,2011-12-30
13,34230.64,False,6,2011-12-23
2,58969.93,False,6,2011-12-02
74,19045.8,False,6,2011-12-23
92,367.86,False,6,2011-12-23
3,19766.62,True,6,2011-12-30
36,23628.6,False,6,2011-12-02
41,18691.24,False,6,2011-12-16
87,517.28,False,6,2011-12-02
21,19476.01,False,6,2011-12-23
59,27653.87,False,6,2011-12-02
60,40521.75,False,6,2011-12-16
29,9232.5,False,6,2011-12-16
9,117276.81,False,6,2011-12-23
67,21382.08,False,6,2011-12-09
35,3518.49,False,6,2011-12-30
72,1743.87,False,6,2011-12-02
18,998.79,False,6,2011-12-09
29,22193.54,False,6,2011-12-09
32,2135.78,True,6,2011-12-30
46,37599.83,False,6,2011-12-16
80,92483.99,False,6,2011-12-02
5,194.98,True,6,2011-12-30
19,4680.75,True,6,2011-12-30
36,29481.85,False,6,2011-12-23
18,1505.39,False,6,2011-12-02
54,12518.29,False,6,2011-12-23
54,3390.07,True,6,2011-12-30
17,13034.75,False,6,2011-12-16
23,13038.46,False,6,2011-12-16
90,-491.63,False,6,2011-12-02
3,6671.21,False,6,2011-12-09
22,9392.1,False,6,2011-12-02
1,24254.66,False,6,2011-12-02
26,2788.94,False,6,2011-12-02
72,1455.71,False,6,2011-12-09
20,9600.88,True,6,2011-12-30
8,118.04,False,6,2011-12-23
92,14.27,False,6,2011-12-02
87,12572.85,False,6,2011-12-16
67,187.28,True,6,2011-12-30
44,40037.4,False,6,2011-12-16
32,27077.72,False,6,2011-12-23
35,859.31,True,6,2011-12-30
95,15257.84,False,6,2011-12-09
67,11728.61,False,6,2011-12-09
55,10019.8,False,6,2011-12-23
94,1814.45,True,6,2011-12-30
83,11201.6,False,6,2011-12-16
41,4845.9,False,6,2011-12-16
46,2531.84,False,6,2011-12-02
13,307.13,True,6,2011-12-30
54,3459.14,False,6,2011-12-16
5,46.49,False,6,2011-12-23
24,18522.21,False,6,2011-12-23
44,1856.88,False,6,2011-12-02
79,13116.98,False,6,2011-12-02
38,31335.58,False,6,2011-12-16
82,601.73,False,6,2011-12-02
36,24362.04,False,6,2011-12-02
18,3087.23,False,6,2011-12-09
32,6709.17,False,6,2011-12-23
95,90.06,False,6,2011-12-02
29,35.73,False,6,2011-12-02
60,14319.26,False,6,2011-12-16
60,24394.54,False,6,2011-12-23
74,642.75,True,6,2011-12-30
12,216.72,True,6,2011-12-30
67,20092.08,False,6,2011-12-16
2,19553.64,False,6,2011-12-16
83,53329.36,False,6,2011-12-02
59,19156.13,False,6,2011-12-16
25,8354.76,True,6,2011-12-30
8,12298.15,False,6,2011-12-09
32,27369.07,False,6,2011-12-23
58,4174.93,False,6,2011-12-16
5,13975.72,False,6,2011-12-16
6,28897.17,False,6,2011-12-09
67,11963.68,False,6,2011-12-16
38,844.02,False,6,2011-12-02
3,30242.58,False,6,2011-12-30
85,2215.41,True,6,2011-12-30
24,3669.41,False,6,2011-12-09
33,445.55,False,6,2011-12-23
19,1848.81,False,6,2011-12-02
36,1591.75,False,6,2011-12-23
55,26084.78,False,6,2011-12-09
94,26537.84,False,6,2011-12-16
35,7449.51,False,6,2011-12-02
8,104963.2,True,6,2011-12-30
12,3509.86,True,6,2011-12-30
25,4277.95,True,6,2011-12-30
41,718.64,False,6,2011-12-09
74,10921.58,False,6,2011-12-02
16,453.44,False,6,2011-12-16
8,8136.47,True,6,2011-12-30
97,3214.35,False,6,2011-12-16
55,3625.42,False,6,2011-12-09
30,7388.24,False,6,2011-12-02
44,7111.42,False,6,2011-12-30
28,477.2,True,6,2011-12-30
16,3262.55,False,6,2011-12-16
23,103.57,True,6,2011-12-30
3,3890.02,False,6,2011-12-02
98,28901.56,True,6,2011-12-30
2,-4.1,False,6,2011-12-02
52,5742.41,False,6,2011-12-09
17,6692.09,False,6,2011-12-23
3,10239.1,False,6,2011-12-09
38,22218.34,False,6,2011-12-09
5,694.06,False,6,2011-12-02
28,10.16,False,6,2011-12-09
79,347.55,False,6,2011-12-02
23,78228.99,False,6,2011-12-02
87,3993.79,False,6,2011-12-16
21,16228.7,False,6,2011-12-02
55,667.35,False,6,2011-12-16
97,53434.08,False,6,2011-12-02
59,72696.48,False,6,2011-12-16
67,55923.78,False,6,2011-12-02
92,2872.34,False,6,2011-12-23
28,33044.68,False,6,2011-12-23
27,18.66,False,6,2011-12-09
23,7636.57,False,6,2011-12-16
49,11072.85,False,6,2011-12-02
37,12540.37,False,6,2011-12-09
56,59.11,False,6,2011-12-02
85,31094.19,False,6,2011-12-02
14,834.75,False,6,2011-12-09
7,1.87,False,6,2011-12-02
40,78008.94,False,6,2011-12-30
93,4658.25,False,6,2011-12-16
52,3116.81,False,6,2011-12-09
26,7121.96,False,6,2011-12-16
94,187.34,False,6,2011-12-23
80,13725.92,False,6,2011-12-02
34,8309.08,False,6,2011-12-16
91,212.15,True,6,2011-12-30
16,1676.76,False,6,2011-12-02
98,53543.34,False,6,2011-12-02
24,29644.86,True,6,2011-12-30
56,11022.3,False,6,2011-12-02
81,252.78,True,6,2011-12-30
28,91807.13,False,6,2011-12-02
30,7852.31,True,6,2011-12-30
95,18776.23,False,6,2011-12-09
37,7784.62,False,6,2011-12-09
49,2898.11,False,6,2011-12-02
85,5267.79,False,6,2011-12-16
58,5094.05,False,6,2011-12-16
32,5024.08,False,6,2011-12-02
16,91.06,False,6,2011-12-02
38,70936.28,False,6,2011-12-16
92,23937.58,False,6,2011-12-02
82,4538.02,False,6,2011-12-16
32,2730.41,False,6,2011-12-23
94,161.63,False,6,2011-12-02
55,46359.49,False,6,2011-12-23
31,609.08,False,6,2011-12-02
96,785.19,True,6,2011-12-30
22,6935.96,False,6,2011-12-23
36,6833.23,False,6,2011-12-09
29,8077.74,True,6,2011-12-30
60,91587.36,False,6,2011-12-23
4,3131.81,False,6,2011-12-16
22,91200.49,False,6,2011-12-09
14,53243.57,False,6,2011-12-30
7,630.4,False,6,2011-12-02
32,7696.91,False,6,2011-12-09
18,2899.56,False,6,2011-12-16
24,40141.14,True,6,2011-12-30
24,1585.8,False,6,2011-12-16
59,19028.42,True,6,2011-12-30
46,13041.79,False,6,2011-12-02
41,559.57,True,6,2011-12-30
95,77.07,False,6,2011-12-09
30,1349.9,False,6,2011-12-16
71,74292.82,False,6,2011-12-16
38,18959.69,False,6,2011-12-02
26,18883.45,False,6,2011-12-16
28,67039.96,True,6,2011-12-30
44,5981.19,False,6,2011-12-02
22,184.8,False,6,2011-12-02
44,7972.65,False,6,2011-12-23
46,19795.83,False,6,2011-12-02
91,7310.05,False,6,2011-12-09
90,6074.84,False,6,2011-12-16
24,12231.08,False,6,2011-12-23
11,5826.49,False,6,2011-12-23
44,9506.86,False,6,2011-12-02
1,4792.53,False,6,2011-12-23
81,26212.52,False,6,2011-12-30
79,4428.96,False,6,2011-12-09
28,73861.3,False,6,2011-12-16
21,82201.79,False,6,2011-12-16
2,422.08,False,6,2011-12-09
49,4576.69,False,6,2011-12-09
33,48408.8,False,6,2011-12-02
59,868.43,False,6,2011-12-23
60,7601.35,True,6,2011-12-30
24,57863.06,True,6,2011-12-30
4,9668.4,False,6,2011-12-16
71,25394.54,False,6,2011-12-09
1,10834.37,False,6,2011-12-23
98,16187.92,False,6,2011-12-30
16,39369.4,False,6,2011-12-16
40,25.76,False,6,2011-12-02
13,6729.48,True,6,2011-12-30
59,13620.74,False,6,2011-12-02
32,10588.31,False,6,2011-12-23
12,5560.65,True,6,2011-12-30
34,15324.86,False,6,2011-12-02
20,233.76,False,6,2011-12-02
14,45741.02,True,6,2011-12-30
34,8.98,False,6,2011-12-02
8,20401.93,False,6,2011-12-16
52,2232.41,False,6,2011-12-02
20,7912.69,False,6,2011-12-09
42,11362.1,True,6,2011-12-30
29,106085.91,False,6,2011-12-23
79,40844.38,False,6,2011-12-16
77,28142.94,False,6,2011-12-02
17,11389.71,False,6,2011-12-16
90,4206.3,False,6,2011-12-16
17,31564.53,False,6,2011-12-09
1,2425.14,False,6,2011-12-16
26,32416.42,True,6,2011-12-30
18,24548.82,False,6,2011-12-09
49,1698.43,False,6,2011-12-09
96,23170.14,False,6,2011-12-23
60,2793.6,False,6,2011-12-16
56,5470.45,False,6,2011-12-09
16,10975.6,False,6,2011-12-23
33,4658.05,False,6,2011-12-16
32,22388.44,False,6,2011-12-16
90,17253.98,False,6,2011-12-30
81,33707.57,False,6,2011-12-23
21,28091.61,False,6,2011-12-16
91,313.94,False,6,2011-12-23
40,52992.24,True,6,2011-12-30
33,123.88,False,6,2011-12-02
13,2062.66,False,6,2011-12-02
55,-11.09,False,6,2011-12-16
14,46725.62,False,6,2011-12-16
42,1964.57,True,6,2011-12-30
60,16938.7,False,6,2011-12-02
37,11191.16,False,6,2011-12-09
30,13307.06,False,6,2011-12-02
4,10297.94,False,6,2011-12-30
21,3555.48,False,6,2011-12-16
77,30546.96,False,6,2011-12-09
16,11107.86,False,6,2011-12-02
40,22483.26,False,6,2011-12-02
25,44288.19,False,6,2011-12-09
85,2269.3,False,6,2011-12-09
2,6486.52,False,6,2011-12-16
24,5821.57,False,6,2011-12-02
87,10115.41,True,6,2011-12-30
54,61566.09,False,6,2011-12-16
40,3645.27,False,6,2011-12-09
34,3310.04,False,6,2011-12-16
17,6436.39,True,6,2011-12-30
11,21252.38,False,6,2011-12-16
30,1459.18,False,6,2011-12-12
24,6198.86,False,6,2011-12-09
8,26614.1,False,6,2011-12-09
85,5250.95,True,6,2011-12-30
34,5775.12,True,6,2011-12-30
67,38763.44,False,6,2011-12-15
2,12087.82,True,6,2011-12-30
91,23028.96,True,6,2011-12-30
28,11176.93,False,6,2011-12-02
19,9041.32,False,6,2011-12-23
5,309.32,True,6,2011-12-30
17,32125.7,False,6,2011-12-16
72,3786.52,False,6,2011-12-16
17,2886.07,False,6,2011-12-02
26,22834.99,False,6,2011-12-16
4,34963.64,False,6,2011-12-23
24,1.77,False,6,2011-12-02
2,8146.62,False,6,2011-12-16
23,43784.92,False,6,2011-12-23
29,7502.31,False,6,2011-12-09
29,734.2,True,6,2011-12-30
9,85081.38,False,6,2011-12-16
3,4251.47,False,6,2011-12-16
81,1471.66,False,6,2011-12-02
19,-299.73,True,6,2011-12-30
14,11903.73,False,6,2011-12-02
81,9165.5,False,6,2011-12-09
87,7180.11,False,6,2011-12-23
92,2708.8,False,6,2011-12-02
77,5630.24,True,6,2011-12-30
16,76105.4,True,6,2011-12-30
4,1625.47,False,6,2011-12-02
30,4452.78,False,6,2011-12-30
11,12719.45,False,6,2011-12-02
55,23013.15,False,6,2011-12-02
55,2075.33,True,6,2011-12-30
54,2955.79,False,6,2011-12-30
13,601.3,False,6,2011-12-02
94,1861.87,False,6,2011-12-23
16,27192.11,False,6,2011-12-16
23,3558.73,False,7,2011-12-16
4,214.9,False,7,2011-12-02
79,95449.28,False,7,2011-12-02
44,11096.06,False,7,2011-12-23
98,53841.48,False,7,2011-12-16
77,25865.1,False,7,2011-12-02
21,3203.96,True,7,2011-12-30
30,2095.06,False,7,2011-12-23
58,36974.18,True,7,2011-12-30
87,-213.86,False,7,2011-12-02
85,1016.32,False,7,2011-12-23
52,52303.32,False,7,2011-12-09
12,12529.82,False,7,2011-12-16
36,9610.34,True,7,2011-12-30
14,160.13,False,7,2011-12-02
67,8047.32,True,7,2011-12-30
29,4356.61,True,7,2011-12-30
49,6303.61,False,7,2011-12-16
72,11.79,False,7,2011-12-16
17,393.29,False,7,2011-12-09
98,18336.29,True,7,2011-12-30
83,1974.84,False,7,2011-12-02
19,36733.18,False,7,2011-12-23
33,214.5,False,7,2011-12-02
35,9875.15,False,7,2011-12-16
26,55100.09,False,7,2011-12-16
28,86620.25,False,7,2011-12-09
54,3108.62,True,7,2011-12-30
36,7132.97,False,7,2011-12-16
46,11.52,False,7,2011-12-09
72,21527.7,True,7,2011-12-30
49,48387.44,True,7,2011-12-30
21,256.53,False,7,2011-12-23
72,36528.47,False,7,2011-12-09
80,30297.79,False,7,2011-12-02
17,5097.47,False,7,2011-12-16
79,510.46,False,7,2011-12-16
82,21913.2,False,7,2011-12-23
37,54.56,False,7,2011-12-30
26,3311.75,False,7,2011-12-02
22,43.85,False,7,2011-12-02
97,11445.44,False,7,2011-12-02
34,37753.94,False,7,2011-12-09
32,496.13,True,7,2011-12-30
67,77739.89,False,7,2011-12-16
17,10154.65,False,7,2011-12-09
9,6896.86,False,7,2011-12-02
8,7801.35,False,7,2011-12-09
9,45386.02,False,7,2011-12-16
9,5282.38,False,7,2011-12-23
28,10623.6,False,7,2011-12-02
22,496.35,False,7,2011-12-16
94,12821.6,False,7,2011-12-23
18,7302.87,False,7,2011-12-09
48,1392.49,False,7,2011-12-16
2,3281.04,False,7,2011-12-30
56,4926.14,False,7,2011-12-30
7,27635.82,False,7,2011-12-23
91,20883.23,True,7,2011-12-30
5,142127.56,False,7,2011-12-02
24,2611.67,True,7,2011-12-30
80,43606.92,False,7,2011-12-16
87,11.13,False,7,2011-12-02
19,81178.75,True,7,2011-12-30
91,3982.91,False,7,2011-12-02
95,90291.62,False,7,2011-12-09
12,3331.33,False,7,2011-12-09
85,36368.19,True,7,2011-12-30
74,201.35,False,7,2011-12-16
24,43670.06,False,7,2011-12-23
87,32963.08,False,7,2011-12-16
36,1105.58,False,7,2011-12-02
30,-0.72,False,7,2011-12-16
91,36898.14,False,7,2011-12-30
21,1391.85,False,7,2011-12-09
24,7868.11,False,7,2011-12-23
26,21705.0,False,7,2011-12-16
10,642.76,True,7,2011-12-30
91,2503.62,False,7,2011-12-09
17,30022.97,False,7,2011-12-16
72,15299.12,True,7,2011-12-30
23,83.35,False,7,2011-12-02
18,132.23,False,7,2011-12-16
12,62484.34,False,7,2011-12-16
41,16509.02,False,7,2011-12-09
60,26.1,True,7,2011-12-30
55,19925.54,False,7,2011-12-09
49,19269.98,True,7,2011-12-30
59,1867.77,False,7,2011-12-02
28,7003.18,False,7,2011-12-02
46,1354.1,False,7,2011-12-16
12,5405.7,False,7,2011-12-02
40,1669.43,False,7,2011-12-02
98,2776.16,False,7,2011-12-02
13,16209.17,False,7,2011-12-23
92,1966.43,False,7,2011-12-16
82,4612.12,False,7,2011-12-30
4,14523.16,True,7,2011-12-30
60,2878.76,False,7,2011-12-02
7,2013.89,False,7,2011-12-16
82,34117.68,False,7,2011-12-23
55,44.55,False,7,2011-12-09
83,3717.67,True,7,2011-12-30
33,27500.16,False,7,2011-12-23
6,20282.99,False,7,2011-12-02
34,1480.05,False,7,2011-12-16
90,2341.21,False,7,2011-12-09
34,1566.64,False,7,2011-12-02
54,11026.03,False,7,2011-12-09
59,12031.99,True,7,2011-12-30
41,11582.57,False,7,2011-12-02
59,34412.66,False,7,2011-12-16
6,22418.12,False,7,2011-12-16
14,3507.27,False,7,2011-12-02
93,21792.77,False,7,2011-12-02
18,7637.14,False,7,2011-12-09
59,63051.27,False,7,2011-12-02
5,51685.92,False,7,2011-12-02
18,13884.95,False,7,2011-12-02
46,20464.53,False,7,2011-12-09
56,14.8,True,7,2011-12-30
38,6674.23,False,7,2011-12-23
91,-412.25,False,7,2011-12-23
36,7877.32,False,7,2011-12-02
74,1206.36,True,7,2011-12-30
30,1223.93,False,7,2011-12-16
95,5725.56,False,7,2011-12-16
58,2337.76,False,7,2011-12-23
4,2255.36,False,7,2011-12-02
54,8.49,False,7,2011-12-16
87,3065.44,False,7,2011-12-16
87,9386.61,False,7,2011-12-09
7,8840.22,False,7,2011-12-09
16,865.17,False,7,2011-12-30
7,70300.07,False,7,2011-12-02
10,2580.47,False,7,2011-12-09
2,27746.89,False,7,2011-12-16
97,5164.24,False,7,2011-12-16
4,31175.47,False,7,2011-12-09
35,11452.18,False,7,2011-12-02
83,18669.4,False,7,2011-12-16
12,2975.12,False,7,2011-12-16
5,7927.3,False,7,2011-12-16
33,3920.09,False,7,2011-12-02
12,256.29,False,7,2011-12-02
20,1355.73,False,7,2011-12-23
27,622.03,False,7,2011-12-16
28,2240.58,False,7,2011-12-16
98,4322.45,False,7,2011-12-02
80,5014.47,True,7,2011-12-30
85,13840.67,False,7,2011-12-16
98,31768.83,False,7,2011-12-16
93,8548.22,False,7,2011-12-02
80,15041.04,False,7,2011-12-02
40,4339.51,False,7,2011-12-16
14,32.15,False,7,2011-12-02
29,61575.4,True,7,2011-12-30
23,36539.7,False,7,2011-12-23
3,11468.66,False,7,2011-12-16
26,13361.94,False,7,2011-12-16
81,1167.36,True,7,2011-12-30
34,26913.58,False,7,2011-12-16
38,586.2,False,7,2011-12-09
91,19269.47,False,7,2011-12-16
85,10689.39,False,7,2011-12-16
77,62648.18,False,7,2011-12-16
6,59017.94,True,7,2011-12-30
93,3222.33,False,7,2011-12-02
81,2444.78,False,7,2011-12-02
5,12049.06,False,7,2011-12-02
81,1890.24,False,7,2011-12-16
82,27070.63,False,7,2011-12-16
11,2406.63,False,7,2011-12-02
58,917.43,False,7,2011-12-02
40,10614.7,True,7,2011-12-30
7,4993.27,True,7,2011-12-30
95,38.62,False,7,2011-12-09
56,97935.19,False,7,2011-12-02
29,15504.07,False,7,2011-12-02
95,19520.07,False,7,2011-12-09
40,17792.89,True,7,2011-12-30
58,17835.57,False,7,2011-12-09
48,62535.66,True,7,2011-12-30
54,68140.11,True,7,2011-12-30
87,911.61,False,7,2011-12-23
91,24367.03,False,7,2011-12-02
25,9780.19,False,7,2011-12-16
83,4464.68,False,7,2011-12-02
26,23406.09,False,7,2011-12-30
36,6889.53,False,7,2011-12-16
24,14982.29,False,7,2011-12-09
10,16266.2,False,7,2011-12-23
34,9.58,False,7,2011-12-02
71,608.53,False,7,2011-12-16
59,6638.28,False,7,2011-12-09
60,3852.38,False,7,2011-12-09
87,13454.08,False,7,2011-12-02
16,1420.34,True,7,2011-12-30
42,555.4,True,7,2011-12-30
83,10624.38,False,7,2011-12-02
25,1800.26,False,7,2011-12-09
35,19748.54,False,7,2011-12-23
28,329.25,True,7,2011-12-30
13,946.37,False,7,2011-12-16
40,26118.99,False,7,2011-12-02
72,34856.78,False,7,2011-12-23
98,10390.09,False,7,2011-12-09
96,26270.23,False,7,2011-12-16
81,271386.78,False,7,2011-12-23
55,26855.92,False,7,2011-12-16
42,892.49,False,7,2011-12-16
52,10220.99,False,7,2011-12-02
22,1285.06,False,7,2011-12-23
16,556.66,False,7,2011-12-09
59,3991.42,False,7,2011-12-16
98,251.85,False,7,2011-12-02
27,789.07,True,7,2011-12-30
10,5476.1,False,7,2011-12-16
40,16289.65,True,7,2011-12-30
24,27583.58,False,7,2011-12-09
5,13841.31,False,7,2011-12-16
38,19026.54,False,7,2011-12-16
91,3089.98,False,7,2011-12-23
81,21009.09,False,7,2011-12-09
37,29288.21,False,7,2011-12-09
72,1659.38,False,7,2011-12-23
21,1233.79,False,7,2011-12-09
97,1920.81,False,7,2011-12-02
28,65334.24,False,7,2011-12-23
42,31096.54,True,7,2011-12-30
82,6846.66,True,7,2011-12-30
91,18189.44,False,7,2011-12-23
32,15470.53,False,7,2011-12-23
81,74972.65,True,7,2011-12-30
79,5789.84,False,7,2011-12-02
54,52227.04,False,7,2011-12-09
92,624.48,False,7,2011-12-16
33,14888.59,False,7,2011-12-16
26,4491.88,False,7,2011-12-02
90,22100.25,False,7,2011-12-02
72,33490.6,True,7,2011-12-30
20,1447.42,True,7,2011-12-30
22,16989.66,False,7,2011-12-02
52,-12.17,True,7,2011-12-30
26,4269.36,False,7,2011-12-16
6,7337.95,False,7,2011-12-02
60,165.93,False,7,2011-12-02
46,2460.41,True,7,2011-12-30
38,10.91,False,7,2011-12-16
26,2770.85,True,7,2011-12-30
33,12794.97,False,7,2011-12-16
28,6336.49,False,7,2011-12-09
55,-275.73,True,7,2011-12-30
59,314934.6,False,7,2011-12-23
71,13886.92,False,7,2011-12-09
85,15015.14,False,7,2011-12-23
16,21160.12,False,7,2011-12-09
14,356.76,False,7,2011-12-09
25,60954.44,False,7,2011-12-09
20,47149.02,False,7,2011-12-30
20,56039.81,False,7,2011-12-02
21,1759.12,False,7,2011-12-02
35,18313.44,True,7,2011-12-30
95,6583.06,False,7,2011-12-02
10,248.48,True,7,2011-12-30
21,45375.56,False,7,2011-12-16
83,78660.14,False,7,2011-12-02
16,36.33,False,7,2011-12-02
74,18849.1,False,7,2011-12-30
4,8717.13,False,7,2011-12-09
98,35482.08,False,7,2011-12-02
35,10426.31,False,7,2011-12-16
12,65006.24,False,7,2011-12-09
50,2427.05,False,7,2011-12-23
93,36184.91,True,7,2011-12-30
95,45793.16,False,7,2011-12-02
31,28002.59,True,7,2011-12-30
95,27538.66,False,7,2011-12-02
25,4192.74,False,7,2011-12-09
13,5254.1,False,7,2011-12-02
49,79278.38,False,7,2011-12-09
72,17.75,False,7,2011-12-02
18,956.54,True,7,2011-12-30
23,161.94,True,7,2011-12-30
33,23902.84,False,7,2011-12-16
34,658.96,False,7,2011-12-02
98,22107.53,False,7,2011-12-23
72,10262.26,False,7,2011-12-09
16,9691.58,False,7,2011-12-23
72,23265.99,False,7,2011-12-09
6,37479.72,False,7,2011-12-09
72,22359.34,False,7,2011-12-23
14,6740.05,True,7,2011-12-30
97,6620.82,False,7,2011-12-23
81,15383.27,True,7,2011-12-30
36,13451.0,False,7,2011-12-02
90,6463.7,False,7,2011-12-16
90,15652.82,False,7,2011-12-23
71,53011.54,False,7,2011-12-23
60,23267.53,True,7,2011-12-30
83,2267.32,False,7,2011-12-02
9,76813.71,False,7,2011-12-09
81,14775.05,True,7,2011-12-30
31,41.23,True,7,2011-12-30
19,17.32,False,7,2011-12-02
5,1097.05,True,7,2011-12-30
98,1368.29,False,7,2011-12-09
83,161489.78,False,7,2011-12-09
92,799.54,True,7,2011-12-30
19,3433.32,False,7,2011-12-16
31,91092.98,False,7,2011-12-16
60,27752.12,False,7,2011-12-30
82,10717.36,False,7,2011-12-02
18,42.13,False,7,2011-12-16
96,31891.18,False,7,2011-12-02
20,87156.68,False,7,2011-12-22
35,17320.03,False,7,2011-12-02
17,3531.18,False,7,2011-12-23
11,43068.54,False,7,2011-12-23
98,15261.59,False,7,2011-12-09
87,46091.98,False,7,2011-12-09
29,8059.62,False,7,2011-12-16
92,5251.32,False,7,2011-12-16
67,35775.9,False,7,2011-12-16
36,73315.84,False,7,2011-12-16
8,22138.85,False,7,2011-12-16
21,24795.97,True,7,2011-12-30
12,9049.74,False,7,2011-12-09
87,18368.88,False,7,2011-12-16
17,18109.59,False,7,2011-12-09
29,28812.38,False,7,2011-12-02
35,316.51,True,7,2011-12-30
48,12849.25,False,7,2011-12-16
29,23482.6,False,7,2011-12-16
52,10646.2,False,7,2011-12-02
30,43222.4,False,7,2011-12-09
6,12359.83,False,7,2011-12-02
85,13439.38,False,7,2011-12-23
98,357.62,True,7,2011-12-30
17,44023.96,False,7,2011-12-02
59,5873.58,False,7,2011-12-16
25,22047.62,False,7,2011-12-23
37,43417.59,False,7,2011-12-30
4,4693.86,True,7,2011-12-30
91,15027.18,False,7,2011-12-23
19,12.94,False,7,2011-12-16
94,12909.91,False,7,2011-12-09
26,1832.7,False,7,2011-12-16
5,2813.09,False,7,2011-12-02
97,39308.63,False,7,2011-12-16
29,61.34,False,7,2011-12-23
72,2086.52,False,8,2011-12-23
21,209.1,False,8,2011-12-09
71,4441.41,False,8,2011-12-16
56,18792.6,False,8,2011-12-09
42,2983.23,True,8,2011-12-30
91,255.7,False,8,2011-12-16
1,123219.95,False,8,2011-12-23
12,124.07,True,8,2011-12-30
55,25195.65,False,8,2011-12-16
1,11295.32,True,8,2011-12-30
17,57273.78,False,8,2011-12-16
41,855.21,False,8,2011-12-09
93,21657.66,False,8,2011-12-16
55,6998.62,False,8,2011-12-16
96,7758.07,False,8,2011-12-30
13,3587.55,False,8,2011-12-02
97,1612.25,True,8,2011-12-30
17,12921.13,False,8,2011-12-16
37,48396.7,False,8,2011-12-23
16,25143.55,False,8,2011-12-16
22,614.73,False,8,2011-12-09
11,20738.22,False,8,2011-12-09
95,53982.7,False,8,2011-12-09
11,177951.78,False,8,2011-12-23
13,1560.65,False,8,2011-12-02
56,47365.1,False,8,2011-12-02
9,5267.17,False,8,2011-12-09
7,191.19,False,8,2011-12-09
38,39146.65,True,8,2011-12-30
41,18008.73,True,8,2011-12-30
36,7295.4,False,8,2011-12-23
22,22642.26,False,8,2011-12-23
13,27309.5,False,8,2011-12-02
30,1918.49,False,8,2011-12-16
48,35.68,True,8,2011-12-30
45,59909.32,False,8,2011-12-23
52,22434.64,True,8,2011-12-30
58,3296.15,False,8,2011-12-16
20,75474.43,False,8,2011-12-02
46,24893.8,False,8,2011-12-02
96,5038.58,False,8,2011-12-16
35,58754.6,False,8,2011-12-16
98,3226.18,False,8,2011-12-16
94,64436.1,False,8,2011-12-16
12,13123.28,False,8,2011-12-09
42,3323.99,False,8,2011-12-23
19,2395.81,False,8,2011-12-09
71,55573.96,False,8,2011-12-02
97,31832.7,False,8,2011-12-09
35,1032.12,False,8,2011-12-02
52,21727.95,False,8,2011-12-02
49,40037.15,False,8,2011-12-23
8,47981.12,True,8,2011-12-30
13,28323.96,False,8,2011-12-02
80,7846.95,False,8,2011-12-16
94,-429.95,False,8,2011-12-02
74,2753.17,False,8,2011-12-16
25,186.1,False,8,2011-12-02
28,6922.31,False,8,2011-12-02
74,324.36,False,8,2011-12-02
33,21134.13,False,8,2011-12-16
98,40977.51,False,8,2011-12-16
35,2607.58,False,8,2011-12-16
85,27751.25,False,8,2011-12-16
5,986.36,False,8,2011-12-02
92,123046.48,False,8,2011-12-23
36,20918.46,False,8,2011-12-09
33,4754.15,False,8,2011-12-09
32,37759.11,False,8,2011-12-09
25,74506.96,False,8,2011-12-02
26,4228.19,False,8,2011-12-02
36,1184.45,False,8,2011-12-09
55,4670.0,False,8,2011-12-02
56,19630.6,False,8,2011-12-09
37,5333.77,False,8,2011-12-02
50,1943.02,False,8,2011-12-16
79,23352.13,False,8,2011-12-02
79,1557.48,False,8,2011-12-02
79,3468.16,False,8,2011-12-09
59,3496.3,True,8,2011-12-30
18,12794.86,False,8,2011-12-16
91,32473.35,False,8,2011-12-16
49,89767.09,False,8,2011-12-16
95,23574.42,False,8,2011-12-23
6,102285.52,False,8,2011-12-23
4,20402.64,False,8,2011-12-16
26,26168.83,False,8,2011-12-16
6,60.55,False,8,2011-12-23
9,12.85,False,8,2011-12-16
26,107952.71,False,8,2011-12-23
9,11067.6,False,8,2011-12-09
48,177251.23,False,8,2011-12-23
54,1032.18,False,8,2011-12-16
94,2388.84,False,8,2011-12-16
98,22299.5,False,8,2011-12-02
71,21641.43,False,8,2011-12-09
80,29356.08,True,8,2011-12-30
27,5502.74,True,8,2011-12-30
60,22341.96,True,8,2011-12-30
49,6735.41,False,8,2011-12-17
31,1801.5,False,8,2011-12-23
9,2800.93,False,8,2011-12-16
44,37267.84,False,8,2011-12-09
10,7784.54,False,8,2011-12-09
67,32808.22,False,8,2011-12-02
1,4570.89,False,8,2011-12-02
43,179.78,False,8,2011-12-23
56,120.71,False,8,2011-12-02
74,5749.07,False,8,2011-12-16
82,7760.94,False,8,2011-12-16
21,478.81,True,8,2011-12-30
11,30128.74,False,8,2011-12-16
11,29012.56,False,8,2011-12-09
97,4813.65,False,8,2011-12-16
50,4069.47,True,8,2011-12-30
24,31570.92,True,8,2011-12-30
29,43608.12,False,8,2011-12-02
8,21299.28,False,8,2011-12-02
17,575.18,True,8,2011-12-30
1,58402.19,False,8,2011-12-16
18,1244.12,False,8,2011-12-16
85,335.03,True,8,2011-12-30
21,46151.62,False,8,2011-12-09
33,111063.36,True,8,2011-12-30
77,9908.43,False,8,2011-12-23
87,3404.89,False,8,2011-12-23
7,49945.35,False,8,2011-12-16
41,9163.06,False,8,2011-12-02
1,35813.23,False,8,2011-12-16
3,6925.79,False,8,2011-12-09
93,2458.61,False,8,2011-12-09
56,4337.75,False,8,2011-12-09
27,20820.77,False,8,2011-12-16
41,23274.6,False,8,2011-12-16
18,5619.86,False,8,2011-12-30
83,3389.86,False,8,2011-12-16
77,85142.67,False,8,2011-12-23
72,10282.13,True,8,2011-12-30
47,11626.32,True,8,2011-12-30
27,6542.09,False,8,2011-12-09
60,38188.6,False,8,2011-12-02
55,111505.7,False,8,2011-12-23
67,89836.07,False,8,2011-12-09
12,4682.31,False,8,2011-12-02
40,1743.09,False,8,2011-12-16
4,10795.72,True,8,2011-12-30
5,37258.33,False,8,2011-12-23
40,487.57,True,8,2011-12-30
20,25844.07,False,8,2011-12-02
85,880.48,False,8,2011-12-02
58,48071.15,False,8,2011-12-02
8,28768.11,False,8,2011-12-02
1,1537.54,True,8,2011-12-30
25,6723.72,False,8,2011-12-02
9,16163.0,True,8,2011-12-30
92,67544.9,False,8,2011-12-16
35,54932.68,False,8,2011-12-16
40,67814.61,False,8,2011-12-23
25,37350.15,False,8,2011-12-21
35,2395.28,False,8,2011-12-02
38,66721.22,False,8,2011-12-02
54,17576.04,False,8,2011-12-23
37,975.11,False,8,2011-12-16
1,6566.43,False,8,2011-12-02
7,313.93,False,8,2011-12-23
30,1650.89,False,8,2011-12-09
5,1169.32,False,8,2011-12-02
14,13812.08,False,8,2011-12-23
80,2262.71,False,8,2011-12-02
28,8697.83,True,8,2011-12-30
85,265.69,False,8,2011-12-30
85,4165.46,False,8,2011-12-02
90,934.36,False,8,2011-12-02
21,43295.74,False,8,2011-12-16
42,42945.32,False,8,2011-12-23
17,748.86,False,8,2011-12-02
5,1236.56,False,8,2011-12-02
3,12995.03,False,8,2011-12-16
6,113.03,True,8,2011-12-30
25,680.19,True,8,2011-12-30
32,1342.28,False,8,2011-12-16
11,56377.27,False,8,2011-12-09
10,343.85,True,8,2011-12-30
11,9940.38,False,8,2011-12-16
83,13033.04,False,8,2011-12-02
59,18351.71,False,8,2011-12-16
81,7800.74,False,8,2011-12-23
59,41589.3,False,8,2011-12-16
20,102326.54,False,8,2011-12-02
1,22157.8,False,8,2011-12-02
40,2937.53,True,8,2011-12-30
72,8427.49,True,8,2011-12-30
55,147388.33,False,8,2011-12-16
58,13217.39,False,8,2011-12-02
13,354.4,False,8,2011-12-02
40,21925.7,True,8,2011-12-30
87,64272.64,True,8,2011-12-30
19,400.06,False,8,2011-12-16
2,14138.01,False,8,2011-12-30
82,1659.55,True,8,2011-12-30
25,130079.11,True,8,2011-12-30
67,21385.46,False,8,2011-12-16
80,453.38,False,8,2011-12-23
41,285.12,False,8,2011-12-16
32,32083.0,False,8,2011-12-09
59,18974.73,False,8,2011-12-16
18,8639.17,False,8,2011-12-16
4,12760.91,False,8,2011-12-23
30,22147.01,False,8,2011-12-16
93,12230.32,False,8,2011-12-30
1,25872.06,True,8,2011-12-30
82,31233.8,False,8,2011-12-16
85,15.69,False,8,2011-12-16
3,1500.46,True,8,2011-12-30
20,1279.12,False,8,2011-12-23
90,47733.64,True,8,2011-12-30
25,3516.59,False,8,2011-12-02
38,3205.76,True,8,2011-12-30
71,5128.97,False,8,2011-12-02
19,13932.19,False,8,2011-12-16
24,11596.57,False,8,2011-12-23
1,16150.37,False,8,2011-12-02
17,14192.96,False,8,2011-12-09
32,15555.24,False,8,2011-12-16
1,25402.76,False,8,2011-12-09
46,8169.68,True,8,2011-12-30
85,59099.81,False,8,2011-12-09
30,9.02,False,8,2011-12-16
13,13547.53,False,8,2011-12-16
12,25991.18,False,8,2011-12-02
60,113885.5,False,8,2011-12-09
44,18948.08,False,8,2011-12-30
80,24359.56,False,8,2011-12-02
85,35149.66,False,8,2011-12-09
27,83593.07,False,8,2011-12-09
13,15716.18,False,8,2011-12-02
1,1.41,False,8,2011-12-09
44,2364.57,False,8,2011-12-16
47,101.6,False,8,2011-12-16
59,14419.91,False,8,2011-12-23
36,61843.76,False,8,2011-12-09
87,3733.54,False,8,2011-12-23
9,49341.6,False,8,2011-12-16
10,11422.44,False,8,2011-12-16
8,74374.6,False,8,2011-12-09
98,10316.78,False,8,2011-12-16
56,101.53,False,8,2011-12-09
8,6000.62,True,8,2011-12-30
67,68232.22,False,8,2011-12-23
94,128529.31,False,8,2011-12-23
28,2752.42,False,8,2011-12-02
17,3662.51,False,8,2011-12-02
18,2099.91,False,8,2011-12-09
82,16112.78,False,8,2011-12-09
28,4794.03,False,8,2011-12-16
59,57632.91,False,8,2011-12-23
27,9279.05,False,8,2011-12-02
99,1366.84,True,8,2011-12-30
48,78.28,False,8,2011-12-16
18,6671.38,False,8,2011-12-16
21,50456.32,False,8,2011-12-16
30,19209.59,False,8,2011-12-16
67,7631.0,False,8,2011-12-16
25,304.11,False,8,2011-12-16
85,81505.79,False,8,2011-12-13
29,61012.2,False,8,2011-12-02
42,56740.56,False,8,2011-12-16
74,21591.03,False,8,2011-12-09
30,4162.53,False,8,2011-12-02
41,8124.76,False,8,2011-12-09
59,22005.17,False,8,2011-12-16
91,18741.69,False,8,2011-12-16
91,10674.04,False,8,2011-12-16
40,53316.94,False,8,2011-12-23
18,3315.2,False,8,2011-12-02
38,11352.84,False,8,2011-12-02
85,4155.14,True,8,2011-12-30
6,6352.74,True,8,2011-12-30
87,22283.74,False,8,2011-12-09
52,37763.26,False,8,2011-12-09
12,3860.61,False,8,2011-12-02
24,33124.8,False,8,2011-12-09
30,33134.4,False,8,2011-12-02
79,5455.69,False,8,2011-12-02
22,3573.44,False,8,2011-12-16
40,707.54,False,8,2011-12-23
55,8268.61,False,8,2011-12-02
11,6704.69,False,8,2011-12-16
49,19.32,False,8,2011-12-02
13,23002.7,True,8,2011-12-30
71,9622.23,False,8,2011-12-02
21,229.79,False,8,2011-12-02
51,66259.38,False,8,2011-12-09
49,11611.02,False,8,2011-12-09
93,8.05,False,8,2011-12-02
21,13238.64,False,8,2011-12-23
97,21971.24,False,8,2011-12-18
31,1093.82,True,8,2011-12-30
42,15234.24,True,8,2011-12-30
4,9534.67,False,8,2011-12-16
67,51507.76,False,8,2011-12-23
10,25254.6,True,8,2011-12-30
12,10.69,False,8,2011-12-23
32,28304.76,False,8,2011-12-16
49,4354.0,False,8,2011-12-02
96,45002.58,False,8,2011-12-02
12,71690.62,False,8,2011-12-02
17,772.76,False,8,2011-12-16
24,4214.6,True,8,2011-12-30
98,23506.32,False,8,2011-12-09
12,2660.47,False,8,2011-12-09
91,57062.92,False,8,2011-12-23
14,298.1,True,8,2011-12-30
91,10007.02,True,8,2011-12-30
22,10171.0,False,8,2011-12-02
56,5384.41,False,8,2011-12-16
87,19017.96,False,8,2011-12-16
4,12.55,False,8,2011-12-16
40,461.86,False,8,2011-12-16
27,682.08,True,8,2011-12-30
49,1155.98,True,8,2011-12-30
22,3639.1,False,8,2011-12-02
31,12713.34,False,8,2011-12-02
80,96997.73,False,8,2011-12-02
7,24528.75,True,8,2011-12-30
94,36772.51,False,9,2011-12-02
3,35.89,False,9,2011-12-23
21,57060.7,False,9,2011-12-16
34,31917.56,False,9,2011-12-16
44,28934.09,False,9,2011-12-23
25,15315.29,False,9,2011-12-16
19,35527.5,False,9,2011-12-02
79,1148.12,False,9,2011-12-02
67,1140.42,False,9,2011-12-02
35,9198.96,False,9,2011-12-09
31,12852.58,False,9,2011-12-23
5,2378.02,False,9,2011-12-16
32,7826.17,False,9,2011-12-16
97,807.04,False,9,2011-12-09
67,95.01,False,9,2011-12-02
1,2491.07,False,9,2011-12-02
31,22311.84,True,9,2011-12-30
60,20430.04,True,9,2011-12-30
6,18.05,False,9,2011-12-02
7,2006.49,False,9,2011-12-02
9,8169.75,True,9,2011-12-30
10,104.47,False,9,2011-12-09
34,7027.16,False,9,2011-12-16
37,26.59,False,9,2011-12-16
34,1612.57,True,9,2011-12-30
98,12.31,False,9,2011-12-09
2,68.95,False,9,2011-12-09
29,207335.95,False,9,2011-12-09
54,8170.33,False,9,2011-12-23
59,36538.92,False,9,2011-12-16
74,5254.04,False,9,2011-12-09
97,89105.71,True,9,2011-12-30
80,3634.2,False,9,2011-12-16
91,1027.62,False,9,2011-12-02
8,9244.77,False,9,2011-12-23
38,2495.87,False,9,2011-12-02
40,22729.03,False,9,2011-12-02
87,4354.75,False,9,2011-12-02
25,9905.44,False,9,2011-12-16
60,58307.7,False,9,2011-12-23
19,17903.82,False,9,2011-12-02
59,1117.41,False,9,2011-12-09
24,34610.67,False,9,2011-12-30
21,89.3,True,9,2011-12-30
17,16878.36,False,9,2011-12-02
20,13886.82,False,9,2011-12-09
9,4685.22,False,9,2011-12-02
41,11163.11,False,9,2011-12-09
9,29302.23,False,9,2011-12-09
54,11272.13,False,9,2011-12-23
92,14751.06,False,9,2011-12-23
95,3462.08,False,9,2011-12-02
90,22298.82,False,9,2011-12-02
14,28216.02,False,9,2011-12-02
18,88383.34,False,9,2011-12-23
97,2338.32,False,9,2011-12-16
20,1202.63,False,9,2011-12-16
21,6478.01,False,9,2011-12-02
49,684.15,False,9,2011-12-16
3,12.05,False,9,2011-12-02
34,2653.37,False,9,2011-12-23
74,14201.53,True,9,2011-12-30
82,5192.2,False,9,2011-12-02
90,14713.06,False,9,2011-12-23
38,19148.49,False,9,2011-12-09
91,3749.16,False,9,2011-12-02
18,28539.28,False,9,2011-12-09
85,27759.26,False,9,2011-12-30
11,14.63,False,9,2011-12-02
60,1.33,False,9,2011-12-16
14,49489.08,True,9,2011-12-30
6,19946.17,True,9,2011-12-30
32,23912.6,False,9,2011-12-23
10,2747.25,True,9,2011-12-30
82,13216.71,False,9,2011-12-09
44,54588.38,True,9,2011-12-30
36,7536.28,False,9,2011-12-02
25,5378.15,False,9,2011-12-16
19,103803.76,False,9,2011-12-16
20,30269.37,False,9,2011-12-23
4,23185.8,True,9,2011-12-30
9,11297.25,True,9,2011-12-30
94,34883.36,True,9,2011-12-30
56,24684.12,False,9,2011-12-02
59,14222.16,False,9,2011-12-02
41,15938.59,False,9,2011-12-02
5,86304.45,False,9,2011-12-16
79,254.87,False,9,2011-12-23
7,11877.84,False,9,2011-12-09
23,2730.93,False,9,2011-12-23
31,41570.14,True,9,2011-12-30
81,13440.76,False,9,2011-12-02
46,3049.59,True,9,2011-12-30
32,12529.96,False,9,2011-12-30
95,21.65,False,9,2011-12-02
30,312.26,False,9,2011-12-02
36,5395.96,True,9,2011-12-30
41,22808.86,False,9,2011-12-23
33,1000.89,True,9,2011-12-30
92,36409.72,False,9,2011-12-30
7,490.65,False,9,2011-12-16
27,58605.52,False,9,2011-12-02
19,5817.99,False,9,2011-12-09
6,10181.42,False,9,2011-12-02
42,68463.26,False,9,2011-12-23
81,9780.32,False,9,2011-12-02
82,446.16,False,9,2011-12-16
2,109762.77,False,9,2011-12-02
49,2069.44,False,9,2011-12-09
5,306.42,False,9,2011-12-16
5,8506.25,False,9,2011-12-09
5,24.93,False,9,2011-12-16
98,16581.08,True,9,2011-12-30
21,1884.83,True,9,2011-12-30
40,1107.33,False,9,2011-12-02
14,69636.65,False,9,2011-12-09
14,7871.47,True,9,2011-12-30
26,32241.57,False,9,2011-12-09
60,62755.86,False,9,2011-12-02
54,17777.9,False,9,2011-12-23
2,1716.96,False,9,2011-12-02
1,3721.62,True,9,2011-12-30
58,20730.1,False,9,2011-12-23
92,57645.93,False,9,2011-12-02
21,27836.76,False,9,2011-12-23
71,4690.66,False,9,2011-12-16
47,1586.29,False,9,2011-12-16
26,5629.97,False,9,2011-12-23
93,3319.33,False,9,2011-12-16
55,759.06,False,9,2011-12-16
9,32507.12,False,9,2011-12-02
95,1850.56,True,9,2011-12-30
40,2606.63,False,9,2011-12-02
50,3179.26,False,9,2011-12-09
17,11670.15,True,9,2011-12-30
30,6247.8,False,9,2011-12-16
4,1210.99,False,9,2011-12-02
44,10231.23,False,9,2011-12-23
96,5700.06,False,9,2011-12-09
34,7199.78,True,9,2011-12-30
99,47472.01,False,9,2011-12-16
82,3713.27,False,9,2011-12-02
54,69028.42,True,9,2011-12-30
93,9615.82,False,9,2011-12-02
38,27993.87,False,9,2011-12-09
27,12539.06,False,9,2011-12-23
95,22819.72,False,9,2011-12-23
12,8520.5,False,9,2011-12-23
16,-487.28,False,9,2011-12-02
45,13950.8,False,9,2011-12-23
49,5854.32,False,9,2011-12-16
44,2165.88,False,9,2011-12-16
18,25919.4,False,9,2011-12-16
1,19005.99,True,9,2011-12-30
46,5884.01,True,9,2011-12-30
29,891.89,False,9,2011-12-09
13,56120.19,False,9,2011-12-02
13,3323.7,False,9,2011-12-16
3,84538.08,False,9,2011-12-23
83,978.48,False,9,2011-12-23
4,5642.1,False,9,2011-12-02
67,52.61,False,9,2011-12-02
12,10549.56,False,9,2011-12-02
10,15873.43,False,9,2011-12-23
81,15.31,False,9,2011-12-02
80,3852.79,False,9,2011-12-02
4,9810.81,True,9,2011-12-30
82,1608.83,False,9,2011-12-09
31,3120.82,False,9,2011-12-23
40,8047.05,False,9,2011-12-16
27,968.42,False,9,2011-12-09
52,759.97,False,9,2011-12-02
41,34744.04,False,9,2011-12-02
23,72279.08,True,9,2011-12-30
97,13415.38,False,9,2011-12-02
18,7615.79,False,9,2011-12-16
31,11937.18,True,9,2011-12-30
97,2426.48,False,9,2011-12-16
38,14755.77,False,9,2011-12-09
12,1433.41,False,9,2011-12-16
19,4253.59,False,9,2011-12-16
92,18786.9,False,9,2011-12-23
5,14361.37,False,9,2011-12-09
11,1829.89,False,9,2011-12-02
82,4774.15,False,9,2011-12-09
33,27638.36,False,9,2011-12-02
38,1397.82,False,9,2011-12-16
5,50112.37,False,9,2011-12-09
24,64448.02,False,9,2011-12-02
12,20973.24,True,9,2011-12-30
58,4503.68,True,9,2011-12-30
91,7056.15,True,9,2011-12-30
16,1948.9,False,9,2011-12-02
85,6189.3,False,9,2011-12-16
59,1546.66,False,9,2011-12-02
34,139880.28,True,9,2011-12-30
87,5252.97,False,9,2011-12-16
9,339.07,False,9,2011-12-09
58,746.4,False,9,2011-12-16
55,1512.77,False,9,2011-12-02
12,15222.99,False,9,2011-12-02
58,207.96,False,9,2011-12-02
85,1345.12,False,9,2011-12-16
25,5138.4,False,9,2011-12-16
97,12989.45,False,9,2011-12-30
59,474.77,False,9,2011-12-02
31,784.43,False,9,2011-12-16
13,25543.74,False,9,2011-12-09
11,12.9,False,9,2011-12-02
35,1116.29,False,9,2011-12-02
97,1194.15,False,9,2011-12-16
45,235.05,False,9,2011-12-16
72,27528.23,False,9,2011-12-09
35,5451.81,False,9,2011-12-23
34,321.47,False,9,2011-12-09
11,41091.52,False,9,2011-12-09
11,9786.6,False,9,2011-12-02
97,39373.66,True,9,2011-12-30
33,12189.08,True,9,2011-12-30
2,90692.63,False,9,2011-12-16
35,14199.69,False,9,2011-12-23
99,401.19,False,9,2011-12-30
3,42.58,False,9,2011-12-16
91,2680.02,False,9,2011-12-02
29,3882.2,False,9,2011-12-02
87,7016.58,False,9,2011-12-02
1,6829.4,False,9,2011-12-09
94,76212.08,False,9,2011-12-23
46,3241.24,False,9,2011-12-16
80,2385.9,True,9,2011-12-30
54,1296.61,False,9,2011-12-02
25,38.18,False,9,2011-12-02
24,23130.76,False,9,2011-12-09
85,55386.9,False,9,2011-12-02
55,37950.93,False,9,2011-12-23
2,10059.92,False,9,2011-12-23
55,2293.03,False,9,2011-12-02
8,3222.05,True,9,2011-12-30
79,44173.96,False,9,2011-12-02
79,3181.08,True,9,2011-12-30
30,481.91,False,9,2011-12-16
5,31791.44,False,9,2011-12-16
29,869.77,False,9,2011-12-30
91,11349.04,True,9,2011-12-30
47,10513.92,True,9,2011-12-30
35,11109.02,False,9,2011-12-09
67,23.77,False,9,2011-12-16
19,4382.63,False,9,2011-12-09
27,5597.5,True,9,2011-12-30
46,20938.66,False,9,2011-12-16
34,13522.02,True,9,2011-12-30
48,9611.42,False,9,2011-12-16
98,14007.63,True,9,2011-12-30
36,16186.06,False,9,2011-12-09
33,1532.06,False,9,2011-12-02
48,27.48,False,9,2011-12-02
9,6924.95,False,9,2011-12-02
5,-13.05,True,9,2011-12-30
23,178.7,False,9,2011-12-09
97,8.42,True,9,2011-12-30
92,14374.53,False,9,2011-12-16
91,35086.3,True,9,2011-12-30
93,45884.29,False,9,2011-12-16
4,4636.15,False,9,2011-12-23
8,39509.24,False,9,2011-12-23
59,757.17,False,9,2011-12-02
37,11352.32,True,9,2011-12-30
19,7246.35,False,9,2011-12-23
32,32546.04,False,9,2011-12-16
10,110021.38,False,9,2011-12-16
13,34855.34,False,9,2011-12-16
13,4102.81,True,9,2011-12-30
4,7029.69,False,9,2011-12-16
93,177.84,False,9,2011-12-30
95,5200.62,False,9,2011-12-02
10,1607.48,False,9,2011-12-09
67,29977.23,False,9,2011-12-09
87,1073.73,False,9,2011-12-09
30,6046.7,False,9,2011-12-02
26,465.46,False,9,2011-12-23
12,19409.15,False,9,2011-12-23
44,20082.32,False,9,2011-12-02
92,17722.03,False,9,2011-12-02
29,11511.53,False,9,2011-12-30
59,23722.67,False,9,2011-12-16
14,42234.12,False,9,2011-12-23
22,4231.77,True,9,2011-12-30
5,313.44,False,9,2011-12-02
79,10084.15,False,9,2011-12-02
95,3202.1,True,9,2011-12-30
3,152.61,False,9,2011-12-23
7,515.5,False,9,2011-12-02
54,42334.8,False,9,2011-12-23
54,110.06,False,9,2011-12-09
87,23657.75,False,9,2011-12-02
81,5535.78,True,9,2011-12-30
18,67304.61,True,9,2011-12-30
47,41035.1,True,9,2011-12-30
23,2461.93,True,9,2011-12-30
7,46807.56,False,9,2011-12-02
1,6201.05,False,9,2011-12-02
23,6505.46,False,9,2011-12-23
4,37704.62,False,9,2011-12-02
29,15011.97,False,9,2011-12-09
81,4519.22,False,9,2011-12-02
2,3784.72,False,9,2011-12-02
55,882.43,False,9,2011-12-09
85,95812.88,False,9,2011-12-02
98,12823.73,False,9,2011-12-09
36,5059.17,False,9,2011-12-02
58,15507.21,False,9,2011-12-09
7,5804.73,True,9,2011-12-30
92,4974.15,True,9,2011-12-30
35,10286.73,False,9,2011-12-02
21,42848.5,True,9,2011-12-30
55,2783.02,True,9,2011-12-30
59,12855.81,False,9,2011-12-02
56,4131.5,False,9,2011-12-30
35,210.4,False,9,2011-12-09
93,107.18,False,9,2011-12-02
30,48.71,False,9,2011-12-02
98,2263.12,False,9,2011-12-09
71,55061.54,False,9,2011-12-23
97,10755.52,False,9,2011-12-16
7,3655.6,False,9,2011-12-02
85,44657.82,False,9,2011-12-16
80,32733.3,True,9,2011-12-30
24,2798.56,True,9,2011-12-30
17,2184.19,True,9,2011-12-30
1,22497.22,True,9,2011-12-30
8,11836.66,False,9,2011-12-23
34,2237.58,True,9,2011-12-30
40,13287.5,False,9,2011-12-02
17,54114.58,False,9,2011-12-09
24,8713.99,False,9,2011-12-02
38,1525.63,False,9,2011-12-02
37,18144.4,False,9,2011-12-02
60,20503.1,False,9,2011-12-16
85,5829.07,False,9,2011-12-23
10,28228.12,False,9,2011-12-23
21,6828.06,False,9,2011-12-16
31,3931.78,False,9,2011-12-02
71,4480.49,False,9,2011-12-02
46,272453.78,False,9,2011-12-09
60,40213.11,False,9,2011-12-16
31,2944.8,False,9,2011-12-16
23,12.93,True,9,2011-12-30
32,34505.38,False,9,2011-12-02
4,2186.54,False,9,2011-12-02
41,20149.12,False,9,2011-12-23
40,24214.68,False,9,2011-12-16
38,7100.63,True,9,2011-12-30
58,39612.6,False,9,2011-12-16
60,3201.51,False,9,2011-12-02
94,93267.09,False,9,2011-12-16
47,7554.97,False,9,2011-12-16
28,4.15,False,9,2011-12-09
11,15239.09,False,9,2011-12-02
59,12.16,False,9,2011-12-16
87,4642.5,False,9,2011-12-30
27,3.52,True,10,2011-12-30
94,4824.48,False,10,2011-12-16
94,7883.02,True,10,2011-12-30
49,3488.5,False,10,2011-12-02
85,62.66,False,10,2011-12-09
17,30796.0,False,10,2011-12-23
13,22331.18,False,10,2011-12-02
26,13903.32,False,10,2011-12-16
3,34.71,False,10,2011-12-02
42,2781.69,True,10,2011-12-30
59,3033.01,False,10,2011-12-09
25,2905.08,True,10,2011-12-30
60,49252.74,False,10,2011-12-16
92,97599.89,False,10,2011-12-09
74,1438.41,False,10,2011-12-02
34,13469.02,False,10,2011-12-02
83,1957.82,True,10,2011-12-30
95,3520.96,False,10,2011-12-23
7,70528.89,False,10,2011-12-02
59,131799.31,False,10,2011-12-16
17,36060.74,True,10,2011-12-30
28,368.53,False,10,2011-12-02
1,31260.93,False,10,2011-12-02
94,333.06,False,10,2011-12-02
4,57965.88,False,10,2011-12-23
56,37785.48,False,10,2011-12-16
74,-9.05,False,10,2011-12-23
72,311.98,False,10,2011-12-02
11,12036.37,False,10,2011-12-16
26,2233.72,False,10,2011-12-02
82,4117.12,False,10,2011-12-23
67,9242.89,True,10,2011-12-30
28,23496.69,False,10,2011-12-23
42,12.96,False,10,2011-12-02
8,12.22,True,10,2011-12-30
40,8593.93,False,10,2011-12-23
56,8566.33,False,10,2011-12-16
21,41692.02,False,10,2011-12-09
18,45698.65,False,10,2011-12-16
98,42565.28,False,10,2011-12-02
13,48400.19,True,10,2011-12-30
13,14518.68,False,10,2011-12-02
36,284.43,True,10,2011-12-30
32,18313.3,False,10,2011-12-02
17,156.56,False,10,2011-12-16
46,1114.43,True,10,2011-12-30
92,22243.66,False,10,2011-12-16
26,17817.43,False,10,2011-12-16
21,63454.38,False,10,2011-12-16
33,11763.42,False,10,2011-12-09
18,14602.87,False,10,2011-12-16
95,7197.37,False,10,2011-12-30
17,43593.66,True,10,2011-12-30
58,3538.16,False,10,2011-12-09
90,3990.31,False,10,2011-12-02
2,68194.36,False,10,2011-12-09
23,15126.9,False,10,2011-12-23
55,7783.21,True,10,2011-12-30
96,531.48,False,10,2011-12-16
4,23336.6,True,10,2011-12-30
5,85030.39,False,10,2011-12-09
49,10436.86,False,10,2011-12-23
17,11200.22,False,10,2011-12-16
13,2956.88,False,10,2011-12-02
90,19.82,False,10,2011-12-16
47,587.23,True,10,2011-12-30
5,357.16,False,10,2011-12-30
94,93931.52,False,10,2011-12-16
6,46124.68,False,10,2011-12-16
55,11061.58,False,10,2011-12-23
6,1125.15,False,10,2011-12-02
96,93705.93,False,10,2011-12-02
74,669.14,False,10,2011-12-02
20,17132.94,False,10,2011-12-02
98,5453.89,True,10,2011-12-30
60,7585.33,True,10,2011-12-30
25,2538.23,False,10,2011-12-16
19,19431.93,False,10,2011-12-23
34,33388.58,False,10,2011-12-16
36,28403.05,False,10,2011-12-02
48,9509.96,False,10,2011-12-23
80,20768.61,True,10,2011-12-30
60,67706.04,False,10,2011-12-16
7,931.72,True,10,2011-12-30
97,44900.99,True,10,2011-12-30
80,55033.96,False,10,2011-12-02
34,2701.73,False,10,2011-12-16
25,18266.18,False,10,2011-12-16
30,6644.28,False,10,2011-12-30
49,23293.62,False,10,2011-12-02
20,3337.85,False,10,2011-12-09
90,12942.16,False,10,2011-12-16
90,38637.08,False,10,2011-12-09
58,11081.33,True,10,2011-12-30
82,43382.26,False,10,2011-12-02
34,227.25,False,10,2011-12-16
33,14570.11,False,10,2011-12-23
6,50.74,False,10,2011-12-16
31,55712.34,False,10,2011-12-02
22,44118.53,False,10,2011-12-16
79,7984.7,False,10,2011-12-02
85,10.02,False,10,2011-12-09
79,48194.14,False,10,2011-12-09
33,14091.22,True,10,2011-12-30
1,5404.88,True,10,2011-12-30
5,689.3,True,10,2011-12-30
52,9298.2,False,10,2011-12-23
74,7639.63,False,10,2011-12-16
28,11516.91,False,10,2011-12-16
21,5510.52,False,10,2011-12-02
52,264.31,False,10,2011-12-16
10,6479.98,True,10,2011-12-30
16,27279.79,False,10,2011-12-16
55,4.31,False,10,2011-12-02
10,1734.01,True,10,2011-12-30
90,44747.93,False,10,2011-12-09
1,23043.65,False,10,2011-12-09
22,4485.36,False,10,2011-12-16
58,6877.81,False,10,2011-12-09
96,20718.27,False,10,2011-12-23
72,27074.15,False,10,2011-12-16
95,120757.03,True,10,2011-12-30
98,32167.08,True,10,2011-12-30
99,21.49,False,10,2011-12-16
29,9319.7,False,10,2011-12-16
29,23740.12,False,10,2011-12-16
7,17089.86,False,10,2011-12-09
99,12.32,False,10,2011-12-02
24,36963.05,False,10,2011-12-09
21,2113.22,False,10,2011-12-16
24,2683.11,True,10,2011-12-30
55,48365.8,False,10,2011-12-09
91,89.29,False,10,2011-12-02
2,5568.35,False,10,2011-12-16
40,30820.21,False,10,2011-12-02
28,20266.93,False,10,2011-12-16
80,145.24,False,10,2011-12-02
7,7223.31,False,10,2011-12-09
95,110269.86,True,10,2011-12-30
42,2787.2,False,10,2011-12-02
42,19926.9,False,10,2011-12-02
13,38327.08,False,10,2011-12-23
56,58724.76,False,10,2011-12-16
80,2846.16,False,10,2011-12-23
21,17396.42,True,10,2011-12-30
6,13887.39,False,10,2011-12-02
40,2071.17,False,10,2011-12-09
82,55428.26,False,10,2011-12-23
20,8931.74,False,10,2011-12-02
11,392.63,False,10,2011-12-23
91,2778.91,False,10,2011-12-02
8,71668.82,False,10,2011-12-02
95,19895.86,True,10,2011-12-30
94,339.93,True,10,2011-12-30
79,3152.68,False,10,2011-12-16
16,2.23,False,10,2011-12-02
41,5879.78,False,10,2011-12-02
18,1459.67,False,10,2011-12-30
30,2621.0,False,10,2011-12-23
94,3031.3,False,10,2011-12-16
49,64244.76,False,10,2011-12-16
38,2504.43,False,10,2011-12-02
31,10101.78,False,10,2011-12-02
1,15419.72,False,10,2011-12-16
92,205.59,False,10,2011-12-23
12,4018.28,True,10,2011-12-30
16,17872.99,True,10,2011-12-30
56,71340.32,False,10,2011-12-16
58,4023.66,False,10,2011-12-02
77,5402.5,False,10,2011-12-16
21,21810.7,False,10,2011-12-02
6,3817.82,False,10,2011-12-16
26,48429.7,True,10,2011-12-30
22,3110.24,False,10,2011-12-02
5,4215.48,True,10,2011-12-30
94,12363.68,False,10,2011-12-09
79,9186.18,False,10,2011-12-16
24,2955.32,False,10,2011-12-02
98,9245.81,False,10,2011-12-02
46,6014.35,False,10,2011-12-23
81,44042.51,False,10,2011-12-16
33,413.05,False,10,2011-12-02
22,33188.52,False,10,2011-12-02
29,32.75,True,10,2011-12-30
5,44136.24,False,10,2011-12-02
13,2883.54,True,10,2011-12-30
93,20429.6,False,10,2011-12-02
52,9093.04,False,10,2011-12-09
67,68.32,True,10,2011-12-30
74,37233.03,False,10,2011-12-23
95,17271.85,False,10,2011-12-23
25,140.5,True,10,2011-12-30
80,12831.56,False,10,2011-12-02
12,9072.57,True,10,2011-12-30
3,47528.41,False,10,2011-12-16
56,15.41,True,10,2011-12-30
7,16978.92,False,10,2011-12-09
12,2840.61,False,10,2011-12-16
90,66093.76,False,10,2011-12-16
97,-442.47,False,10,2011-12-02
16,85529.52,False,10,2011-12-30
17,50111.77,False,10,2011-12-16
72,131.66,False,10,2011-12-09
94,48618.82,True,10,2011-12-30
29,9666.35,False,10,2011-12-16
91,27590.67,False,10,2011-12-23
36,52506.62,False,10,2011-12-16
41,2349.63,False,10,2011-12-09
11,65805.28,False,10,2011-12-02
1,72.53,False,10,2011-12-23
94,5799.16,False,10,2011-12-09
96,59047.16,False,10,2011-12-02
74,3952.19,False,10,2011-12-16
67,2864.52,True,10,2011-12-30
90,47831.9,False,10,2011-12-16
80,17055.64,False,10,2011-12-02
18,3426.17,False,10,2011-12-02
13,53897.37,False,10,2011-12-02
11,5189.79,True,10,2011-12-30
20,34403.78,False,10,2011-12-09
56,23170.43,False,10,2011-12-23
38,11836.82,False,10,2011-12-02
67,5430.49,False,10,2011-12-09
83,3871.87,False,10,2011-12-16
97,52415.06,False,10,2011-12-16
6,2917.18,False,10,2011-12-02
99,100620.21,False,10,2011-12-09
22,285.96,True,10,2011-12-30
83,12889.21,False,10,2011-12-09
17,10229.7,True,10,2011-12-30
5,1132.77,True,10,2011-12-30
58,30190.28,False,10,2011-12-23
81,3456.8,True,10,2011-12-30
93,12587.75,True,10,2011-12-30
83,2332.11,False,10,2011-12-16
79,2010.93,False,10,2011-12-02
6,6827.27,False,10,2011-12-09
98,707.23,False,10,2011-12-16
2,12252.14,False,10,2011-12-02
67,8609.07,False,10,2011-12-16
55,6635.57,False,10,2011-12-02
95,10433.98,False,10,2011-12-09
60,72143.0,False,10,2011-12-16
22,188.87,False,10,2011-12-02
32,891.58,False,10,2011-12-23
91,62534.26,False,10,2011-12-02
41,8677.68,False,10,2011-12-16
93,321.11,True,10,2011-12-30
30,14102.72,True,10,2011-12-30
20,13499.67,False,10,2011-12-09
93,815.78,False,10,2011-12-23
38,7227.72,False,10,2011-12-02
31,7673.82,False,10,2011-12-02
20,7635.26,False,10,2011-12-02
98,521.45,False,10,2011-12-02
59,54562.32,False,10,2011-12-09
9,1077.46,False,10,2011-12-02
17,9389.49,False,10,2011-12-02
55,15163.02,True,10,2011-12-30
96,40062.4,False,10,2011-12-02
33,9599.79,False,10,2011-12-23
95,55.13,False,10,2011-12-02
54,1213.79,True,10,2011-12-30
98,3843.76,False,10,2011-12-02
27,4123.4,False,10,2011-12-16
35,1574.95,True,10,2011-12-30
60,45.39,False,10,2011-12-16
20,23336.58,False,10,2011-12-16
80,15507.14,False,10,2011-12-09
19,178.66,False,10,2011-12-02
28,1016.51,True,10,2011-12-30
96,33992.81,False,10,2011-12-16
46,6198.97,True,10,2011-12-30
16,16774.3,False,10,2011-12-02
21,2547.02,False,10,2011-12-09
67,12944.98,False,10,2011-12-23
18,13468.02,False,10,2011-12-02
18,28857.58,False,10,2011-12-02
16,348.05,True,10,2011-12-30
22,1989.86,False,10,2011-12-02
12,10941.39,False,10,2011-12-02
22,29978.22,False,10,2011-12-23
27,7.43,False,10,2011-12-02
13,8783.24,False,10,2011-12-23
81,15371.62,False,10,2011-12-23
40,3561.65,False,10,2011-12-02
49,35.83,False,10,2011-12-16
37,27604.2,True,10,2011-12-30
35,324.23,False,10,2011-12-02
47,8151.43,True,10,2011-12-30
27,1822.76,False,10,2011-12-09
95,18199.72,False,10,2011-12-30
7,4738.96,False,10,2011-12-09
33,6587.33,False,10,2011-12-23
7,7450.37,True,10,2011-12-30
34,82090.06,False,10,2011-12-16
90,1593.4,False,10,2011-12-02
81,33.32,False,10,2011-12-14
67,53977.14,True,10,2011-12-30
92,1649.59,True,10,2011-12-30
59,12099.18,False,10,2011-12-28
26,61329.72,False,10,2011-12-02
85,32167.49,False,10,2011-12-09
91,32261.64,False,10,2011-12-02
23,13613.62,False,10,2011-12-23
97,52265.86,False,10,2011-12-16
22,238.54,True,10,2011-12-30
56,5628.66,False,10,2011-12-02
74,28160.17,False,10,2011-12-23
42,50.27,False,10,2011-12-23
26,13836.29,False,10,2011-12-02
80,25825.38,False,10,2011-12-02
59,26624.63,False,10,2011-12-30
38,908.19,False,10,2011-12-02
74,692.74,True,10,2011-12-30
27,5623.33,True,10,2011-12-30
87,43375.89,True,10,2011-12-30
5,42176.58,False,10,2011-12-09
71,6326.0,True,10,2011-12-30
90,16236.97,False,10,2011-12-09
87,10431.76,False,10,2011-12-23
36,7797.97,False,10,2011-12-23
79,26345.4,False,10,2011-12-16
4,65629.79,False,10,2011-12-09
80,1255.82,False,10,2011-12-16
79,43126.94,False,10,2011-12-09
10,5025.36,False,10,2011-12-16
95,55825.1,False,10,2011-12-09
2,20978.38,True,10,2011-12-30
19,1949.01,False,10,2011-12-02
72,58.32,False,10,2011-12-16
74,48882.62,False,10,2011-12-16
87,5878.23,True,10,2011-12-30
38,1718.37,False,10,2011-12-02
22,93261.72,False,10,2011-12-09
22,63858.7,False,10,2011-12-23
13,73.48,False,10,2011-12-02
37,2143.9,False,10,2011-12-16
28,22270.75,False,10,2011-12-02
54,870.39,False,10,2011-12-16
83,23579.9,False,10,2011-12-16
28,1654.62,False,10,2011-12-09
14,4161.27,False,10,2011-12-02
12,47643.9,True,10,2011-12-30
94,4453.4,False,10,2011-12-16
36,965.18,False,10,2011-12-02
16,301852.9,False,10,2011-12-23
28,8085.61,False,10,2011-12-09
56,7599.51,False,10,2011-12-02
41,13676.96,False,10,2011-12-02
92,-5.05,True,10,2011-12-30
71,1597.92,False,10,2011-12-23
54,23163.0,False,10,2011-12-16
24,7814.85,True,10,2011-12-30
50,57489.04,True,10,2011-12-30
38,405.31,False,10,2011-12-16
54,58998.22,False,10,2011-12-23
1,22510.01,True,10,2011-12-30
58,118353.91,True,11,2011-12-30
36,26186.64,False,11,2011-12-09
82,37130.74,False,11,2011-12-23
67,1530.7,False,11,2011-12-02
32,4659.08,False,11,2011-12-09
60,9550.58,False,11,2011-12-09
1,22968.97,False,11,2011-12-02
17,45126.89,False,11,2011-12-23
94,5126.0,True,11,2011-12-30
9,8455.9,False,11,2011-12-09
36,32470.62,False,11,2011-12-30
13,3285.92,False,11,2011-12-13
74,327.94,False,11,2011-12-02
91,4083.54,False,11,2011-12-16
23,659.12,False,11,2011-12-16
81,3777.57,False,11,2011-12-02
92,34006.54,False,11,2011-12-16
2,24.64,False,11,2011-12-02
67,108.44,True,11,2011-12-30
4,22691.74,False,11,2011-12-09
38,20072.18,False,11,2011-12-16
60,227.25,False,11,2011-12-23
16,13893.9,False,11,2011-12-16
17,61703.08,True,11,2011-12-30
85,1561.25,False,11,2011-12-02
67,32185.15,False,11,2011-12-16
7,10844.48,True,11,2011-12-30
55,12694.75,True,11,2011-12-30
23,68802.02,True,11,2011-12-30
45,1242.84,False,11,2011-12-02
97,12216.86,False,11,2011-12-09
16,19.45,False,11,2011-12-02
80,62738.06,False,11,2011-12-16
33,11369.05,False,11,2011-12-02
40,11057.89,False,11,2011-12-16
98,18313.84,False,11,2011-12-09
85,18649.49,False,11,2011-12-09
14,16440.2,False,11,2011-12-02
74,29589.81,False,11,2011-12-16
17,49.0,False,11,2011-12-02
18,6635.33,True,11,2011-12-30
22,15.77,True,11,2011-12-30
9,20052.61,False,11,2011-12-02
11,102443.25,False,11,2011-12-16
24,5118.71,False,11,2011-12-23
44,3067.3,False,11,2011-12-09
45,3965.04,False,11,2011-12-16
72,3349.5,False,11,2011-12-09
28,75718.22,False,11,2011-12-16
87,41.31,True,11,2011-12-30
60,3741.26,True,11,2011-12-30
98,45409.2,True,11,2011-12-30
16,6595.45,False,11,2011-12-02
90,376.07,False,11,2011-12-16
55,7262.22,False,11,2011-12-02
13,4101.7,False,11,2011-12-02
98,1151.57,True,11,2011-12-30
5,29785.53,False,11,2011-12-09
87,1419.81,False,11,2011-12-02
74,9821.58,False,11,2011-12-23
40,28175.05,True,11,2011-12-30
11,6535.25,True,11,2011-12-30
96,4945.45,True,11,2011-12-30
2,62182.68,False,11,2011-12-02
42,114.6,True,11,2011-12-30
59,13394.85,False,11,2011-12-16
9,25465.88,False,11,2011-12-30
44,5433.02,False,11,2011-12-02
85,1375.33,False,11,2011-12-23
28,4269.63,False,11,2011-12-16
72,32034.71,False,11,2011-12-16
60,90260.74,False,11,2011-12-16
25,34572.44,False,11,2011-12-16
24,10293.32,False,11,2011-12-09
42,11935.21,True,11,2011-12-30
17,929.33,False,11,2011-12-09
42,5139.88,False,11,2011-12-23
56,8544.76,False,11,2011-12-09
32,20783.46,False,11,2011-12-02
9,8984.6,False,11,2011-12-16
5,52391.22,False,11,2011-12-16
49,1738.4,False,11,2011-12-16
56,9.66,False,11,2011-12-23
31,295.83,False,11,2011-12-02
17,45585.99,False,11,2011-12-23
54,65.56,False,11,2011-12-16
31,31354.22,False,11,2011-12-16
24,8686.41,False,11,2011-12-02
1,702.64,False,11,2011-12-02
72,43549.02,False,11,2011-12-16
93,-728.33,False,11,2011-12-02
87,703.98,False,11,2011-12-02
56,12.11,False,11,2011-12-02
95,5398.6,False,11,2011-12-09
28,9557.01,False,11,2011-12-23
22,13950.87,False,11,2011-12-02
3,5088.18,False,11,2011-12-23
54,13392.35,False,11,2011-12-09
10,763.13,False,11,2011-12-09
21,30505.47,False,11,2011-12-09
32,1098.45,False,11,2011-12-16
35,8408.49,False,11,2011-12-02
52,18767.66,False,11,2011-12-09
59,13549.82,False,11,2011-12-16
71,19108.48,False,11,2011-12-02
91,12031.76,True,11,2011-12-30
12,25568.38,False,11,2011-12-16
60,3947.04,False,11,2011-12-16
9,54514.8,False,11,2011-12-09
6,94164.98,True,11,2011-12-30
27,1572.61,True,11,2011-12-30
35,5090.67,False,11,2011-12-09
56,2401.67,True,11,2011-12-30
23,976.48,False,11,2011-12-16
81,14.63,False,11,2011-12-02
3,2383.3,False,11,2011-12-23
37,62754.74,False,11,2011-12-30
35,299.04,False,11,2011-12-16
6,4324.96,False,11,2011-12-02
3,383.09,True,11,2011-12-30
20,34102.13,False,11,2011-12-16
1,34508.6,True,11,2011-12-30
27,15695.41,False,11,2011-12-02
74,5047.09,False,11,2011-12-16
16,10815.52,False,11,2011-12-16
93,4328.9,False,11,2011-12-23
20,2230.4,False,11,2011-12-02
18,61503.84,False,11,2011-12-16
13,7923.17,True,11,2011-12-30
1,40410.8,False,11,2011-12-16
58,36279.09,False,11,2011-12-16
82,45683.86,False,11,2011-12-23
22,2198.11,False,11,2011-12-02
46,21550.98,False,11,2011-12-23
95,3239.01,False,11,2011-12-02
67,1135.47,False,11,2011-12-02
56,1.71,False,11,2011-12-02
42,2569.29,False,11,2011-12-09
60,2397.4,False,11,2011-12-02
46,18153.49,False,11,2011-12-30
4,36738.61,False,11,2011-12-09
46,885.59,False,11,2011-12-16
20,452.89,False,11,2011-12-16
52,874.03,True,11,2011-12-30
34,5742.07,False,11,2011-12-23
2,92.34,False,11,2011-12-16
23,18178.34,False,11,2011-12-16
91,5729.73,False,11,2011-12-02
13,4068.08,False,11,2011-12-02
14,5233.59,False,11,2011-12-09
80,18428.25,False,11,2011-12-30
94,7571.91,False,11,2011-12-09
22,41.18,False,11,2011-12-09
85,472.81,False,11,2011-12-16
13,14638.76,False,11,2011-12-09
28,179403.12,False,11,2011-12-16
12,3731.15,False,11,2011-12-16
54,20659.45,False,11,2011-12-02
96,8844.05,True,11,2011-12-30
11,8501.96,False,11,2011-12-02
9,1117.13,False,11,2011-12-23
23,42608.06,False,11,2011-12-16
35,25900.1,False,11,2011-12-09
81,7546.62,False,11,2011-12-23
33,62652.8,False,11,2011-12-09
40,4954.55,False,11,2011-12-02
87,9292.56,False,11,2011-12-09
46,29983.37,False,11,2011-12-16
79,20036.54,False,11,2011-12-09
99,33311.05,False,11,2011-12-09
90,74744.5,False,11,2011-12-09
98,47413.86,False,11,2011-12-02
29,12259.22,True,11,2011-12-30
17,34458.06,False,11,2011-12-02
99,6985.07,True,11,2011-12-30
4,77607.61,False,11,2011-12-09
19,10453.46,False,11,2011-12-23
98,20662.65,False,11,2011-12-23
30,118677.77,True,11,2011-12-30
55,1893.45,False,11,2011-12-23
38,132935.27,True,11,2011-12-30
14,2676.13,False,11,2011-12-16
28,58260.26,False,11,2011-12-09
26,23715.18,False,11,2011-12-23
94,1911.12,False,11,2011-12-02
95,52.01,False,11,2011-12-16
98,17092.33,False,11,2011-12-16
35,181820.45,False,11,2011-12-23
95,6380.4,True,11,2011-12-30
17,307.97,False,11,2011-12-02
67,23985.04,False,11,2011-12-09
40,24308.04,False,11,2011-12-16
26,37860.86,False,11,2011-12-09
11,11472.5,False,11,2011-12-16
99,595.48,False,11,2011-12-09
83,39574.41,False,11,2011-12-09
29,39618.54,False,11,2011-12-16
6,1333.48,False,11,2011-12-02
4,5089.04,False,11,2011-12-16
83,35150.72,True,11,2011-12-30
83,24723.27,False,11,2011-12-16
40,4091.11,False,11,2011-12-02
56,801.43,True,11,2011-12-30
38,49326.69,False,11,2011-12-09
12,13989.18,False,11,2011-12-02
1,2324.06,False,11,2011-12-02
14,36947.68,False,11,2011-12-09
31,257.52,False,11,2011-12-16
21,814.38,True,11,2011-12-30
67,15453.39,False,11,2011-12-09
4,24393.58,False,11,2011-12-16
40,11210.46,False,11,2011-12-09
9,18164.41,False,11,2011-12-02
93,454.04,True,11,2011-12-30
10,20344.2,False,11,2011-12-02
4,58568.28,False,11,2011-12-09
98,38702.6,False,11,2011-12-16
11,63804.89,False,11,2011-12-23
58,12541.89,False,11,2011-12-09
98,24855.18,False,11,2011-12-02
97,4718.31,False,11,2011-12-09
87,4551.35,False,11,2011-12-16
92,45169.43,False,11,2011-12-02
33,12411.86,True,11,2011-12-30
83,20529.14,False,11,2011-12-02
16,986.19,False,11,2011-12-02
21,35.09,False,11,2011-12-02
99,43786.02,False,11,2011-12-02
80,38707.02,True,11,2011-12-30
18,68564.98,False,11,2011-12-16
21,1436.68,False,11,2011-12-02
82,44118.19,False,11,2011-12-23
52,16558.55,True,11,2011-12-30
41,4925.14,True,11,2011-12-30
4,2185.5,False,11,2011-12-23
95,4327.92,False,11,2011-12-02
54,160318.11,False,11,2011-12-16
9,222.6,False,11,2011-12-23
19,9622.98,False,11,2011-12-16
3,35757.65,True,11,2011-12-30
82,527.74,True,11,2011-12-30
40,3578.33,False,11,2011-12-16
80,39822.4,True,11,2011-12-30
10,9137.65,True,11,2011-12-30
20,4994.57,True,11,2011-12-30
99,139394.06,False,11,2011-12-23
6,52725.28,False,11,2011-12-23
83,10367.37,False,11,2011-12-02
81,17612.05,False,11,2011-12-16
85,4834.97,False,11,2011-12-02
52,62311.1,False,11,2011-12-16
5,15394.01,False,11,2011-12-02
9,25504.47,False,11,2011-12-23
44,19490.24,False,11,2011-12-02
47,18755.55,False,11,2011-12-09
27,26256.91,False,11,2011-12-16
34,8161.19,False,11,2011-12-02
97,28393.85,False,11,2011-12-09
10,1524.11,False,11,2011-12-09
80,1925.29,False,11,2011-12-16
7,1615.27,True,11,2011-12-30
9,3434.15,True,11,2011-12-30
71,104.05,False,11,2011-12-23
98,2544.27,False,11,2011-12-23
98,1129.83,False,11,2011-12-02
94,2620.4,False,11,2011-12-09
14,12242.01,False,11,2011-12-30
1,50308.84,False,11,2011-12-02
60,24941.45,False,11,2011-12-16
6,13836.24,False,11,2011-12-02
92,14627.99,False,11,2011-12-09
21,1778.61,False,11,2011-12-16
41,7802.74,False,11,2011-12-02
94,9531.93,False,11,2011-12-16
94,-480.44,False,11,2011-12-16
55,5304.34,False,11,2011-12-09
24,14072.05,True,11,2011-12-30
3,5738.01,False,11,2011-12-02
5,603.5,False,11,2011-12-16
23,20022.24,False,11,2011-12-16
98,709.69,False,11,2011-12-16
95,3915.0,True,11,2011-12-30
13,1094.78,False,11,2011-12-23
16,24991.95,True,11,2011-12-30
27,3184.32,True,11,2011-12-30
32,37490.46,False,11,2011-12-23
41,29375.64,False,11,2011-12-16
54,3405.91,False,11,2011-12-23
3,19278.1,True,11,2011-12-30
19,18610.11,False,11,2011-12-16
31,7886.08,False,11,2011-12-23
91,6.74,False,11,2011-12-16
72,30204.32,False,11,2011-12-23
18,23852.58,False,11,2011-12-02
24,67103.4,True,11,2011-12-30
85,649.43,False,11,2011-12-16
82,9051.4,True,11,2011-12-30
17,76.23,False,11,2011-12-23
55,6114.73,False,11,2011-12-16
17,394.45,False,11,2011-12-23
41,14724.51,False,11,2011-12-16
91,22722.34,False,11,2011-12-16
22,811.74,False,11,2011-12-09
2,45.94,True,11,2011-12-30
93,6334.77,False,11,2011-12-02
60,39180.35,False,11,2011-12-09
17,27458.96,False,11,2011-12-23
25,8473.83,False,11,2011-12-09
95,72996.89,False,11,2011-12-16
20,1904.77,True,11,2011-12-30
30,1866.01,False,11,2011-12-02
59,7659.01,False,11,2011-12-16
41,6218.19,True,11,2011-12-30
95,3236.53,True,11,2011-12-30
87,38934.57,False,11,2011-12-16
80,23048.12,False,11,2011-12-23
27,18712.33,False,11,2011-12-02
4,4942.94,False,11,2011-12-16
32,58737.79,False,11,2011-12-02
22,15740.9,True,11,2011-12-30
56,1026.69,True,11,2011-12-30
40,5199.65,False,11,2011-12-02
60,17699.23,False,11,2011-12-09
28,7468.69,True,11,2011-12-30
56,18391.2,False,11,2011-12-02
98,56.79,True,11,2011-12-30
38,5260.13,False,11,2011-12-16
42,1168.66,False,11,2011-12-02
93,2505.67,False,11,2011-12-02
72,4161.31,False,11,2011-12-16
20,4993.21,False,11,2011-12-02
46,20033.65,True,11,2011-12-30
36,3199.68,False,11,2011-12-16
48,1816.0,False,11,2011-12-02
71,1103.54,False,11,2011-12-30
42,3682.02,False,11,2011-12-16
21,614.49,False,11,2011-12-02
6,71085.2,False,11,2011-12-09
14,7446.2,False,11,2011-12-16
17,11998.4,True,11,2011-12-30
82,30246.62,True,11,2011-12-30
79,714.3,False,11,2011-12-16
8,2488.65,True,11,2011-12-30
24,6122.66,False,11,2011-12-02
2,45902.22,False,11,2011-12-23
19,4458.17,False,11,2011-12-16
94,40853.68,True,11,2011-12-30
83,13610.54,True,11,2011-12-30
79,3844.51,False,12,2011-12-02
85,22494.71,False,12,2011-12-02
81,29321.28,False,12,2011-12-23
8,182887.23,False,12,2011-12-23
46,22318.08,False,12,2011-12-02
25,42311.38,True,12,2011-12-30
6,23299.78,False,12,2011-12-09
30,142876.27,False,12,2011-12-23
20,1613.53,False,12,2011-12-02
36,9116.08,False,12,2011-12-09
72,694.28,True,12,2011-12-30
24,34576.82,True,12,2011-12-30
79,54901.28,False,12,2011-12-02
46,1506.28,False,12,2011-12-09
21,2197.25,True,12,2011-12-30
45,27569.39,True,12,2011-12-30
94,5818.27,False,12,2011-12-23
95,37167.1,False,12,2011-12-23
37,8390.28,False,12,2011-12-09
3,12090.87,False,12,2011-12-09
1,18840.95,False,12,2011-12-16
56,3672.96,False,12,2011-12-02
56,12.99,False,12,2011-12-16
38,11623.41,False,12,2011-12-09
48,18333.46,False,12,2011-12-23
81,4537.56,True,12,2011-12-30
97,28.49,False,12,2011-12-02
92,1564.35,False,12,2011-12-16
82,62717.17,False,12,2011-12-16
24,57774.2,False,12,2011-12-02
11,739.87,False,12,2011-12-02
35,8.99,False,12,2011-12-02
71,79022.47,False,12,2011-12-16
28,492.73,False,12,2011-12-30
56,3951.83,False,12,2011-12-02
91,7046.74,False,12,2011-12-16
58,308.06,True,12,2011-12-30
54,48229.86,False,12,2011-12-02
5,10081.37,False,12,2011-12-30
58,40519.55,False,12,2011-12-02
24,68.21,False,12,2011-12-16
56,20.75,False,12,2011-12-23
91,46009.58,False,12,2011-12-16
59,5074.52,False,12,2011-12-02
71,90001.39,False,12,2011-12-23
27,10005.76,False,12,2011-12-02
85,31.88,False,12,2011-12-16
60,41527.02,True,12,2011-12-30
58,16981.42,True,12,2011-12-30
28,2197.84,True,12,2011-12-30
98,2797.44,False,12,2011-12-02
40,3271.59,False,12,2011-12-02
49,43670.64,False,12,2011-12-09
44,20531.14,False,12,2011-12-16
9,1099.29,True,12,2011-12-30
3,3099.69,True,12,2011-12-30
40,8210.19,False,12,2011-12-09
21,10797.12,False,12,2011-12-09
6,2293.98,False,12,2011-12-16
41,26294.61,False,12,2011-12-02
28,14989.19,True,12,2011-12-30
16,1500.37,False,12,2011-12-23
87,675.73,True,12,2011-12-30
24,142.15,False,12,2011-12-30
17,3397.06,True,12,2011-12-30
56,46577.74,False,12,2011-12-23
95,6756.27,False,12,2011-12-16
79,9776.99,False,12,2011-12-30
8,1975.78,False,12,2011-12-02
34,5932.53,False,12,2011-12-09
90,4521.9,True,12,2011-12-30
82,24413.98,False,12,2011-12-02
22,5434.06,True,12,2011-12-30
79,1006.44,False,12,2011-12-02
42,16929.5,False,12,2011-12-16
34,50142.02,False,12,2011-12-09
27,18030.42,False,12,2011-12-02
25,6405.22,False,12,2011-12-02
92,716.44,True,12,2011-12-30
13,63468.6,True,12,2011-12-30
48,20014.99,True,12,2011-12-30
94,5497.7,False,12,2011-12-02
23,5214.66,True,12,2011-12-30
19,9551.4,False,12,2011-12-09
27,31715.75,False,12,2011-12-23
8,28252.32,True,12,2011-12-30
40,8.51,False,12,2011-12-02
40,1163.05,False,12,2011-12-02
93,5343.72,False,12,2011-12-23
58,14870.99,False,12,2011-12-16
20,58.99,True,12,2011-12-30
19,6670.03,False,12,2011-12-16
3,51216.14,True,12,2011-12-30
83,39842.29,False,12,2011-12-16
18,29136.88,True,12,2011-12-30
92,17596.28,False,12,2011-12-02
30,20125.07,False,12,2011-12-09
16,60278.4,False,12,2011-12-09
91,14588.78,False,12,2011-12-16
58,4.79,True,12,2011-12-30
49,220.63,False,12,2011-12-02
30,7137.16,False,12,2011-12-16
54,2939.87,False,12,2011-12-23
93,4711.23,False,12,2011-12-23
95,3350.18,True,12,2011-12-30
46,6786.46,False,12,2011-12-23
9,8940.32,False,12,2011-12-16
5,11.68,True,12,2011-12-30
21,49715.04,False,12,2011-12-16
81,40805.99,False,12,2011-12-09
13,45976.58,False,12,2011-12-23
21,5384.52,False,12,2011-12-09
10,29461.22,False,12,2011-12-23
28,11819.81,False,12,2011-12-16
37,19164.86,False,12,2011-12-02
58,1507.48,False,12,2011-12-16
60,11572.54,False,12,2011-12-16
60,17540.71,False,12,2011-12-23
22,15507.24,False,12,2011-12-02
45,64959.84,False,12,2011-12-16
5,180.01,False,12,2011-12-02
98,503.76,True,12,2011-12-30
1,1915.92,False,12,2011-12-16
26,2420.3,False,12,2011-12-02
32,165.97,True,12,2011-12-30
28,111555.02,False,12,2011-12-02
58,51508.73,False,12,2011-12-02
35,12150.33,True,12,2011-12-30
85,35631.9,False,12,2011-12-02
18,46536.26,False,12,2011-12-23
26,10647.35,False,12,2011-12-23
31,43434.62,False,12,2011-12-16
12,32459.24,True,12,2011-12-30
13,34040.54,False,12,2011-12-09
38,5.95,False,12,2011-12-02
20,40484.72,False,12,2011-12-09
32,56810.34,False,12,2011-12-02
12,38697.78,False,12,2011-12-09
44,29004.14,False,12,2011-12-23
12,9309.24,False,12,2011-12-16
5,28076.52,False,12,2011-12-02
71,8646.24,False,12,2011-12-09
23,87.99,False,12,2011-12-09
56,1755.03,False,12,2011-12-09
90,1514.87,True,12,2011-12-30
35,1901.18,False,12,2011-12-02
24,2734.49,False,12,2011-12-02
20,7425.01,False,12,2011-12-02
19,11424.07,True,12,2011-12-30
80,3265.06,False,12,2011-12-23
1,32.43,False,12,2011-12-02
10,16.8,False,12,2011-12-02
46,721.65,False,12,2011-12-09
98,7284.38,False,12,2011-12-23
85,49302.69,False,12,2011-12-02
9,11065.55,False,12,2011-12-23
8,23271.37,False,12,2011-12-02
42,4149.28,True,12,2011-12-30
59,9349.98,True,12,2011-12-30
46,11798.0,True,12,2011-12-30
1,47878.0,False,12,2011-12-02
97,51943.68,False,12,2011-12-02
42,61316.36,False,12,2011-12-23
12,68345.99,False,12,2011-12-02
82,75666.9,False,12,2011-12-02
56,197.82,True,12,2011-12-30
28,7955.78,False,12,2011-12-02
56,5749.14,False,12,2011-12-23
22,340.41,False,12,2011-12-09
23,3295.5,False,12,2011-12-23
30,20386.43,True,12,2011-12-30
34,8846.67,True,12,2011-12-30
23,812.83,False,12,2011-12-02
14,2363.36,False,12,2011-12-02
93,631.82,True,12,2011-12-30
42,8541.39,True,12,2011-12-30
95,6601.76,False,12,2011-12-23
23,33474.68,False,12,2011-12-16
4,40472.43,False,12,2011-12-02
35,750.12,True,12,2011-12-30
87,337.5,False,12,2011-12-16
6,7037.94,True,12,2011-12-30
28,907.57,False,12,2011-12-02
21,35.91,True,12,2011-12-30
20,6597.76,False,12,2011-12-23
11,43.28,False,12,2011-12-23
44,18.76,False,12,2011-12-02
10,3427.12,False,12,2011-12-30
83,9797.61,False,12,2011-12-23
17,2026.31,False,12,2011-12-23
55,12070.57,True,12,2011-12-30
35,47985.16,False,12,2011-12-16
23,62057.05,False,12,2011-12-09
6,21136.06,False,12,2011-12-16
59,61359.06,False,12,2011-12-02
55,2280.93,False,12,2011-12-23
2,79.42,False,12,2011-12-16
80,77164.14,False,12,2011-12-16
41,2998.63,True,12,2011-12-30
93,32560.56,False,12,2011-12-02
48,13730.81,True,12,2011-12-30
6,7340.96,False,12,2011-12-02
95,4008.34,False,12,2011-12-16
22,20390.59,False,12,2011-12-09
21,25470.83,False,12,2011-12-16
36,4721.68,False,12,2011-12-09
25,9942.76,False,12,2011-12-16
2,57189.22,True,12,2011-12-30
1,25128.75,True,12,2011-12-30
87,22520.04,True,12,2011-12-30
29,7266.15,False,12,2011-12-16
92,28566.85,False,12,2011-12-16
74,990.22,False,12,2011-12-02
46,226.83,False,12,2011-12-23
19,4766.57,True,12,2011-12-30
92,3383.11,False,12,2011-12-02
25,1859.76,False,12,2011-12-02
29,52435.58,True,12,2011-12-30
32,1795.46,False,12,2011-12-02
27,63098.73,False,12,2011-12-23
3,69442.25,False,12,2011-12-16
26,50.56,False,12,2011-12-02
44,901.53,True,12,2011-12-30
8,30023.06,False,12,2011-12-02
34,49304.02,False,12,2011-12-16
10,21001.46,True,12,2011-12-30
20,1221.24,False,12,2011-12-02
1,389.97,False,12,2011-12-02
59,92330.43,False,12,2011-12-23
40,54.38,False,12,2011-12-16
13,8224.5,False,12,2011-12-16
27,61766.01,False,12,2011-12-09
95,7249.2,True,12,2011-12-30
56,2879.77,False,12,2011-12-16
26,1825.28,True,12,2011-12-30
24,9.33,False,12,2011-12-02
60,12330.25,False,12,2011-12-02
40,65583.94,False,12,2011-12-23
18,3.82,False,12,2011-12-02
31,2538.56,False,12,2011-12-09
99,70.73,False,12,2011-12-16
67,52745.18,False,12,2011-12-16
87,9678.13,True,12,2011-12-30
8,25385.31,False,12,2011-12-23
5,27529.85,False,12,2011-12-09
5,2309.51,False,12,2011-12-16
41,2063.2,False,12,2011-12-02
60,8779.86,False,12,2011-12-23
24,52741.06,False,12,2011-12-09
12,79319.46,False,12,2011-12-09
58,99409.62,False,12,2011-12-16
11,4103.04,False,12,2011-12-16
74,286.48,False,12,2011-12-16
6,14984.55,False,12,2011-12-23
36,6922.14,False,12,2011-12-16
60,5442.62,False,12,2011-12-30
67,4912.54,False,12,2011-12-16
18,6962.76,False,12,2011-12-16
29,175.01,False,12,2011-12-02
3,21874.47,False,12,2011-12-16
37,10559.75,False,12,2011-12-23
95,14494.28,False,12,2011-12-02
80,4025.49,True,12,2011-12-30
24,40676.27,True,12,2011-12-30
12,4935.94,False,12,2011-12-22
81,1459.31,False,12,2011-12-16
91,22016.5,False,12,2011-12-09
24,15040.88,False,12,2011-12-16
32,13749.48,True,12,2011-12-30
4,848.92,True,12,2011-12-30
25,28786.76,False,12,2011-12-02
87,9645.58,True,12,2011-12-30
97,21845.62,True,12,2011-12-30
42,5497.81,True,12,2011-12-30
25,873.6,True,12,2011-12-30
13,10711.49,False,12,2011-12-16
90,14253.71,False,12,2011-12-02
19,254.4,False,12,2011-12-16
81,17.52,False,12,2011-12-16
59,25783.42,False,12,2011-12-16
36,25231.87,False,12,2011-12-02
20,5255.32,False,12,2011-12-23
94,1273.23,True,12,2011-12-30
25,49.17,False,12,2011-12-02
60,78881.11,False,12,2011-12-16
74,1827.24,False,12,2011-12-02
27,2739.16,False,12,2011-12-09
85,1220.78,False,12,2011-12-16
25,65403.69,False,12,2011-12-16
38,21698.08,False,12,2011-12-23
18,1836.39,False,12,2011-12-02
36,1238.6,False,12,2011-12-02
13,942.76,True,12,2011-12-30
27,74620.64,False,12,2011-12-09
99,12664.11,False,12,2011-12-09
36,42996.78,False,12,2011-12-09
24,58455.16,True,12,2011-12-30
91,33217.01,False,12,2011-12-02
29,81460.96,True,12,2011-12-30
27,11797.89,True,12,2011-12-30
13,11572.25,False,12,2011-12-16
48,3144.56,False,12,2011-12-09
74,747.3,False,12,2011-12-30
83,3798.83,False,12,2011-12-02
67,4214.61,False,12,2011-12-23
95,613.96,False,12,2011-12-09
9,2297.38,False,12,2011-12-16
87,6543.75,False,12,2011-12-23
60,26011.63,False,12,2011-12-16
26,22383.38,False,12,2011-12-16
96,3001.61,False,12,2011-12-16
54,1435.7,False,12,2011-12-02
59,2893.12,False,12,2011-12-02
58,48365.26,False,12,2011-12-16
3,7389.41,False,12,2011-12-23
48,10583.67,True,12,2011-12-30
16,12062.7,False,12,2011-12-02
29,1118.65,False,12,2011-12-16
83,18404.02,False,12,2011-12-09
34,31021.99,False,12,2011-12-23
11,88676.17,False,12,2011-12-09
33,43978.87,False,12,2011-12-16
18,5656.39,True,12,2011-12-30
4,6160.77,False,12,2011-12-23
20,42022.86,False,12,2011-12-02
5,4549.03,False,12,2011-12-16
5,11156.34,False,12,2011-12-09
81,3628.56,False,12,2011-12-02
25,4467.06,False,12,2011-12-09
85,88518.41,False,12,2011-12-02
40,1192.54,False,12,2011-12-02
27,2438.17,False,12,2011-12-16
7,48072.6,False,12,2011-12-09
55,49.94,False,12,2011-12-02
94,53935.83,False,12,2011-12-02
90,7875.34,False,12,2011-12-09
83,1928.97,False,12,2011-12-02
83,3879.5,False,12,2011-12-02
21,33960.31,False,12,2011-12-23
87,79588.78,True,12,2011-12-30
35,21361.14,False,12,2011-12-02
25,16696.57,False,12,2011-12-16
55,4597.78,False,12,2011-12-02
18,4578.12,False,12,2011-12-02
26,15676.82,False,12,2011-12-16
28,6181.17,False,12,2011-12-23
40,14316.34,False,12,2011-12-09
72,510.09,True,12,2011-12-30
1,699.95,True,12,2011-12-30
83,21262.81,False,12,2011-12-02
82,57942.96,False,12,2011-12-02
56,713.24,False,12,2011-12-23
19,37361.17,False,12,2011-12-09
13,2909.1,False,12,2011-12-05
10,3568.38,False,12,2011-12-30
12,49086.61,False,12,2011-12-09
13,2711.2,False,12,2011-12-30
46,8305.15,True,12,2011-12-30
49,2442.06,False,12,2011-12-23
20,1815.2,False,12,2011-12-09
74,42087.22,False,12,2011-12-16
10,4006.32,True,12,2011-12-30
14,14198.8,True,12,2011-12-30
3,1798.91,False,12,2011-12-02
38,-370.04,True,12,2011-12-30
91,3316.07,False,12,2011-12-16
82,514.79,False,12,2011-12-02
94,10206.92,False,12,2011-12-23
52,95.75,False,12,2011-12-02
6,51.46,False,12,2011-12-30
31,21002.26,False,12,2011-12-16
30,9698.87,False,13,2011-12-23
55,3148.43,False,13,2011-12-09
11,2.59,False,13,2011-12-02
16,22977.72,False,13,2011-12-02
92,20082.12,False,13,2011-12-02
60,1819.03,False,13,2011-12-02
25,30433.48,False,13,2011-12-09
35,1526.39,False,13,2011-12-02
74,3345.76,False,13,2011-12-02
42,66138.93,False,13,2011-12-23
30,1877.5,False,13,2011-12-16
26,39770.44,False,13,2011-12-09
1,265.46,False,13,2011-12-23
22,79646.69,False,13,2011-12-02
21,33437.69,False,13,2011-12-09
21,42028.3,False,13,2011-12-23
36,78249.92,False,13,2011-12-09
91,1605.52,False,13,2011-12-16
45,29633.66,True,13,2011-12-30
52,2092.64,False,13,2011-12-16
83,10470.22,False,13,2011-12-23
10,6055.0,True,13,2011-12-30
83,28496.54,True,13,2011-12-30
91,11740.8,False,13,2011-12-23
81,14161.89,False,13,2011-12-09
25,18200.57,True,13,2011-12-30
92,611.13,False,13,2011-12-09
9,154697.23,False,13,2011-12-09
2,2.1,False,13,2011-12-16
97,78689.02,False,13,2011-12-23
91,60756.48,False,13,2011-12-16
82,2382.81,True,13,2011-12-30
56,16880.74,False,13,2011-12-02
33,14659.35,False,13,2011-12-09
49,17128.24,False,13,2011-12-16
41,5109.21,False,13,2011-12-16
55,134885.45,False,13,2011-12-02
42,1826.63,False,13,2011-12-09
31,374.76,True,13,2011-12-30
26,405.05,True,13,2011-12-30
96,35814.53,False,13,2011-12-23
41,17955.84,False,13,2011-12-23
29,850.62,False,13,2011-12-23
20,57789.58,False,13,2011-12-16
90,18284.24,False,13,2011-12-02
9,6190.52,True,13,2011-12-30
97,1933.65,False,13,2011-12-02
3,69238.66,False,13,2011-12-23
71,45895.69,False,13,2011-12-23
54,14093.65,False,13,2011-12-09
38,2903.43,False,13,2011-12-02
1,83379.5,True,13,2011-12-30
38,5186.52,False,13,2011-12-16
52,15162.53,False,13,2011-12-23
45,6115.33,False,13,2011-12-09
16,1105.56,False,13,2011-12-02
79,11460.89,False,13,2011-12-02
28,12701.15,True,13,2011-12-30
2,6497.1,False,13,2011-12-16
8,17840.69,False,13,2011-12-02
38,13510.61,False,13,2011-12-16
28,1245.69,False,13,2011-12-16
71,2014.62,True,13,2011-12-30
2,89.67,False,13,2011-12-02
14,2931.36,False,13,2011-12-02
90,31211.64,False,13,2011-12-23
71,2532.26,False,13,2011-12-02
1,71295.89,True,13,2011-12-30
59,36636.36,False,13,2011-12-16
58,15255.8,False,13,2011-12-23
40,281.43,True,13,2011-12-30
97,2383.32,False,13,2011-12-09
25,1664.64,False,13,2011-12-16
2,24185.71,False,13,2011-12-16
40,50784.29,False,13,2011-12-02
67,36929.33,False,13,2011-12-02
27,2946.34,False,13,2011-12-09
96,208.08,True,13,2011-12-30
13,782.72,False,13,2011-12-23
38,3852.53,True,13,2011-12-30
72,267.75,False,13,2011-12-09
52,23838.72,False,13,2011-12-16
2,17947.84,False,13,2011-12-02
28,30402.14,False,13,2011-12-23
93,4498.02,False,13,2011-12-16
6,5.11,True,13,2011-12-30
18,33824.43,False,13,2011-12-16
99,20768.8,False,13,2011-12-16
52,705.96,False,13,2011-12-02
56,68570.98,True,13,2011-12-30
17,30861.76,False,13,2011-12-16
71,1726.85,True,13,2011-12-30
32,16613.21,True,13,2011-12-30
56,10327.03,False,13,2011-12-16
5,10431.61,False,13,2011-12-23
98,731.34,False,13,2011-12-16
99,2834.7,False,13,2011-12-23
11,5460.56,False,13,2011-12-16
46,25373.93,False,13,2011-12-02
54,1154.85,True,13,2011-12-30
48,51.82,True,13,2011-12-30
44,3251.1,False,13,2011-12-16
81,1641.19,True,13,2011-12-30
3,24593.16,True,13,2011-12-30
37,7560.94,False,13,2011-12-09
81,6600.7,False,13,2011-12-09
72,13840.87,False,13,2011-12-09
85,11714.26,False,13,2011-12-09
79,36.98,False,13,2011-12-16
87,8342.57,False,13,2011-12-16
81,8197.19,True,13,2011-12-30
79,12688.49,True,13,2011-12-30
26,15012.74,False,13,2011-12-09
71,31380.04,False,13,2011-12-16
42,45359.72,False,13,2011-12-16
92,4694.22,False,13,2011-12-16
96,13747.94,False,13,2011-12-02
25,1606.61,False,13,2011-12-02
85,8811.62,False,13,2011-12-02
55,45967.46,False,13,2011-12-30
20,2752.68,False,13,2011-12-16
21,43571.62,False,13,2011-12-23
23,10822.48,False,13,2011-12-02
81,13.38,False,13,2011-12-09
35,10.93,False,13,2011-12-16
97,111228.14,True,13,2011-12-30
12,12555.72,False,13,2011-12-16
60,22212.06,False,13,2011-12-23
92,17664.78,False,13,2011-12-09
97,2185.12,False,13,2011-12-02
21,8017.12,True,13,2011-12-30
95,17806.51,False,13,2011-12-16
98,21488.22,False,13,2011-12-16
92,5382.1,False,13,2011-12-02
1,172.24,False,13,2011-12-16
26,3956.98,False,13,2011-12-02
30,1764.36,True,13,2011-12-30
96,42.52,False,13,2011-12-23
6,46478.29,True,13,2011-12-30
12,38047.7,False,13,2011-12-02
71,336.12,True,13,2011-12-30
18,49438.7,False,13,2011-12-09
40,21017.01,False,13,2011-12-09
4,343.16,False,13,2011-12-02
32,8624.02,False,13,2011-12-02
93,19079.07,False,13,2011-12-09
9,4388.3,False,13,2011-12-16
16,15578.62,False,13,2011-12-16
3,27646.03,False,13,2011-12-09
94,4204.7,True,13,2011-12-30
44,18933.49,False,13,2011-12-23
44,3288.62,True,13,2011-12-30
80,33192.8,False,13,2011-12-23
67,4127.45,False,13,2011-12-02
91,9770.21,False,13,2011-12-16
28,18979.65,False,13,2011-12-16
71,4.46,False,13,2011-12-09
26,681.15,True,13,2011-12-30
41,11825.06,True,13,2011-12-30
38,11652.67,False,13,2011-12-09
67,12916.13,False,13,2011-12-16
30,13122.0,False,13,2011-12-23
55,64309.42,False,13,2011-12-02
4,13382.38,False,13,2011-12-16
98,1945.81,False,13,2011-12-09
3,5381.15,True,13,2011-12-30
24,1756.27,False,13,2011-12-02
98,3887.4,False,13,2011-12-16
28,109562.13,False,13,2011-12-02
31,1468.28,False,13,2011-12-09
49,27625.31,False,13,2011-12-09
3,47550.55,False,13,2011-12-09
72,3339.28,False,13,2011-12-23
82,4107.3,False,13,2011-12-02
3,1454.17,False,13,2011-12-23
30,7.29,False,13,2011-12-02
20,10334.03,True,13,2011-12-30
95,41063.58,False,13,2011-12-09
1,4830.51,False,13,2011-12-02
82,3119.5,False,13,2011-12-09
7,9100.68,False,13,2011-12-09
71,1456.31,False,13,2011-12-02
37,6483.8,False,13,2011-12-16
97,14176.58,False,13,2011-12-23
24,3157.07,False,13,2011-12-02
42,6522.87,False,13,2011-12-02
18,29662.52,False,13,2011-12-16
35,11915.58,False,13,2011-12-16
37,27090.52,False,13,2011-12-02
36,316.03,False,13,2011-12-02
54,29091.25,True,13,2011-12-30
30,22839.18,False,13,2011-12-16
72,64346.81,False,13,2011-12-30
34,2634.1,True,13,2011-12-30
90,7566.22,False,13,2011-12-16
1,12690.66,False,13,2011-12-14
14,2575.61,False,13,2011-12-16
81,8.91,False,13,2011-12-23
55,8174.19,False,13,2011-12-23
10,517.57,True,13,2011-12-30
1,12055.39,False,13,2011-12-02
21,4012.43,False,13,2011-12-02
58,53019.52,False,13,2011-12-23
40,89430.33,False,13,2011-12-09
11,7638.81,False,13,2011-12-02
8,26737.66,False,13,2011-12-02
7,2666.5,False,13,2011-12-16
52,1776.33,False,13,2011-12-09
27,6362.64,False,13,2011-12-09
33,15579.39,False,13,2011-12-02
56,4827.21,False,13,2011-12-02
7,5425.13,False,13,2011-12-16
26,11980.54,False,13,2011-12-02
4,5919.17,False,13,2011-12-23
96,62538.44,False,13,2011-12-16
67,10875.97,False,13,2011-12-02
31,50289.49,False,13,2011-12-02
94,4164.67,False,13,2011-12-09
90,22048.5,False,13,2011-12-16
90,2316.49,False,13,2011-12-16
2,18.89,False,13,2011-12-16
8,2382.8,False,13,2011-12-09
87,2974.08,False,13,2011-12-16
83,24726.18,True,13,2011-12-30
2,5870.75,False,13,2011-12-04
93,17.74,True,13,2011-12-30
9,157.63,False,13,2011-12-02
79,6456.04,False,13,2011-12-09
71,19824.06,False,13,2011-12-16
90,819.24,False,13,2011-12-23
25,9205.07,False,13,2011-12-09
42,3860.93,False,13,2011-12-23
25,55535.42,False,13,2011-12-09
2,87.62,False,13,2011-12-02
12,2520.79,False,13,2011-12-16
17,12714.52,False,13,2011-12-09
72,39.42,True,13,2011-12-30
2,11709.52,False,13,2011-12-02
1,41568.72,False,13,2011-12-16
92,-428.57,True,13,2011-12-30
67,68543.58,False,13,2011-12-16
56,3481.94,True,13,2011-12-30
22,5942.86,False,13,2011-12-02
42,30538.64,True,13,2011-12-30
46,10020.06,False,13,2011-12-30
26,1008.9,True,13,2011-12-30
18,19385.36,False,13,2011-12-02
2,10934.09,False,13,2011-12-16
42,45716.4,False,13,2011-12-16
71,1459.06,False,13,2011-12-16
8,4852.16,False,13,2011-12-16
4,1066.59,False,13,2011-12-02
18,303614.56,False,13,2011-12-16
40,5597.2,True,13,2011-12-30
26,5798.12,False,13,2011-12-09
60,10317.28,False,13,2011-12-16
77,3756.57,False,13,2011-12-02
21,20344.51,False,13,2011-12-16
67,39672.78,False,13,2011-12-16
18,11615.65,False,13,2011-12-16
28,13158.48,False,13,2011-12-23
46,1176.42,False,13,2011-12-16
31,61409.08,False,13,2011-12-09
59,3582.23,True,13,2011-12-30
30,10108.13,True,13,2011-12-30
44,9269.75,False,13,2011-12-02
14,13384.66,True,13,2011-12-30
30,90.49,False,13,2011-12-09
85,15331.45,False,13,2011-12-16
7,3774.89,False,13,2011-12-23
9,22392.7,False,13,2011-12-02
82,35968.86,False,13,2011-12-16
87,21029.24,False,13,2011-12-16
92,1906.53,True,13,2011-12-30
16,4160.11,False,13,2011-12-09
96,2025.5,False,13,2011-12-16
90,50926.88,False,13,2011-12-23
24,125228.65,True,13,2011-12-30
13,58828.54,False,13,2011-12-16
97,6241.02,False,13,2011-12-23
14,29755.38,False,13,2011-12-09
48,26901.3,True,13,2011-12-30
52,65140.38,False,13,2011-12-09
13,36.18,True,13,2011-12-30
5,14174.56,False,13,2011-12-09
55,5144.1,False,13,2011-12-02
20,3840.13,True,13,2011-12-30
18,6442.62,False,13,2011-12-16
71,12321.79,False,13,2011-12-23
92,35272.36,False,13,2011-12-02
12,107844.98,False,13,2011-12-30
32,194.87,False,13,2011-12-16
93,887.12,True,13,2011-12-30
48,13786.75,False,13,2011-12-09
9,10656.28,False,13,2011-12-02
14,1942.29,False,13,2011-12-09
92,5518.69,False,13,2011-12-02
81,3308.83,False,13,2011-12-16
28,38449.73,False,13,2011-12-09
6,11732.95,False,13,2011-12-16
45,26641.82,False,13,2011-12-09
94,3405.17,True,13,2011-12-30
29,876.18,True,13,2011-12-30
94,7281.13,False,13,2011-12-09
82,19298.33,False,13,2011-12-30
5,18.93,False,13,2011-12-09
95,8252.68,True,13,2011-12-30
93,16035.29,False,13,2011-12-02
13,20486.37,True,13,2011-12-30
92,34462.01,True,13,2011-12-30
49,24122.12,False,13,2011-12-02
35,13622.49,False,13,2011-12-23
18,195.82,False,13,2011-12-09
55,146.6,False,13,2011-12-02
71,40000.18,False,13,2011-12-09
20,63.73,False,13,2011-12-23
48,12951.51,False,13,2011-12-16
56,2857.6,False,13,2011-12-30
81,1205.11,True,13,2011-12-30
60,12099.78,False,13,2011-12-02
31,411.67,False,13,2011-12-09
24,27552.3,False,13,2011-12-09
1,7670.39,False,13,2011-12-02
28,564.14,False,13,2011-12-02
34,17.37,True,13,2011-12-30
19,717.81,True,13,2011-12-30
56,4545.44,False,13,2011-12-23
60,11108.39,False,13,2011-12-09
74,7123.4,False,13,2011-12-23
18,4878.21,False,13,2011-12-16
85,96.51,False,13,2011-12-02
24,43.2,False,13,2011-12-16
93,2514.97,False,13,2011-12-16
72,6757.8,False,13,2011-12-16
82,12167.7,False,13,2011-12-02
8,32851.57,False,13,2011-12-09
26,9865.01,False,13,2011-12-02
27,275324.28,False,13,2011-12-16
60,6836.41,False,13,2011-12-16
42,58834.52,False,13,2011-12-16
79,30759.4,False,13,2011-12-16
81,161421.88,False,13,2011-12-16
29,36375.81,False,13,2011-12-23
91,4111.88,False,13,2011-12-02
35,5020.78,False,13,2011-12-23
60,2302.71,True,13,2011-12-30
19,1314.85,False,13,2011-12-23
45,176895.77,False,13,2011-12-16
67,60701.68,True,13,2011-12-30
91,21255.04,False,13,2011-12-23
9,2439.46,True,13,2011-12-30
81,1152.14,True,13,2011-12-30
94,24462.5,True,13,2011-12-30
22,20651.14,False,13,2011-12-23
18,49803.58,False,13,2011-12-16
34,5040.79,False,13,2011-12-02
12,20981.3,False,13,2011-12-23
82,6246.24,True,14,2011-12-30
94,469.59,False,14,2011-12-23
13,44254.98,False,14,2011-12-09
96,98.89,True,14,2011-12-30
16,22197.0,True,14,2011-12-30
26,18112.02,False,14,2011-12-02
59,239.79,False,14,2011-12-02
9,313.89,False,14,2011-12-23
55,64612.32,True,14,2011-12-30
94,1565.99,False,14,2011-12-23
83,66546.6,True,14,2011-12-30
49,78225.85,False,14,2011-12-16
37,533.64,True,14,2011-12-30
24,32889.3,False,14,2011-12-02
77,1354.43,False,14,2011-12-02
25,1152.63,True,14,2011-12-30
22,3896.41,False,14,2011-12-09
83,10.17,False,14,2011-12-02
46,3969.15,False,14,2011-12-02
79,669.37,False,14,2011-12-02
59,48.91,False,14,2011-12-16
32,1197.61,False,14,2011-12-02
36,7323.43,False,14,2011-12-16
49,2966.68,True,14,2011-12-30
74,14753.01,False,14,2011-12-23
45,23877.67,False,14,2011-12-23
46,19.7,False,14,2011-12-23
25,0.55,True,14,2011-12-30
16,18671.17,True,14,2011-12-30
7,18.27,False,14,2011-12-02
43,3121.65,False,14,2011-12-02
11,807.34,False,14,2011-12-02
52,2082.97,False,14,2011-12-23
34,157.43,False,14,2011-12-16
10,49691.3,False,14,2011-12-23
36,14752.1,True,14,2011-12-30
67,10512.22,False,14,2011-12-09
77,34532.2,False,14,2011-12-02
33,24.0,False,14,2011-12-23
27,2255.31,False,14,2011-12-09
1,31258.68,False,14,2011-12-02
40,13050.6,True,14,2011-12-30
19,45738.9,True,14,2011-12-30
42,48.53,False,14,2011-12-23
92,63370.92,False,14,2011-12-23
13,974.56,False,14,2011-12-09
90,9374.09,False,14,2011-12-16
52,47023.02,False,14,2011-12-09
72,49876.44,False,14,2011-12-23
37,20553.96,False,14,2011-12-09
30,181.84,True,14,2011-12-30
98,1121.13,False,14,2011-12-16
34,15687.22,False,14,2011-12-02
16,24948.02,False,14,2011-12-23
29,10836.44,False,14,2011-12-02
74,12015.93,True,14,2011-12-30
37,94880.44,False,14,2011-12-02
3,4526.92,False,14,2011-12-16
85,16062.12,False,14,2011-12-16
30,2801.56,False,14,2011-12-16
12,117550.54,True,14,2011-12-30
91,74584.1,True,14,2011-12-30
5,9698.35,True,14,2011-12-30
1,13.29,False,14,2011-12-02
4,7069.48,False,14,2011-12-02
38,9557.92,False,14,2011-12-23
32,2992.52,False,14,2011-12-02
5,2534.46,False,14,2011-12-02
6,11744.7,False,14,2011-12-23
13,3378.78,False,14,2011-12-02
32,4348.8,True,14,2011-12-30
60,39454.83,True,14,2011-12-30
81,7210.69,False,14,2011-12-02
95,69267.83,True,14,2011-12-30
55,43889.62,True,14,2011-12-30
94,19807.32,False,14,2011-12-02
52,162332.69,False,14,2011-12-16
58,7478.74,False,14,2011-12-02
87,2184.37,False,14,2011-12-02
42,6950.09,True,14,2011-12-30
21,15964.29,True,14,2011-12-30
54,4955.74,False,14,2011-12-23
45,32228.48,True,14,2011-12-30
16,44566.87,False,14,2011-12-16
35,16723.18,False,14,2011-12-02
99,35607.65,True,14,2011-12-30
4,38584.93,False,14,2011-12-30
92,398.39,False,14,2011-12-02
37,1613.85,False,14,2011-12-02
2,21694.91,False,14,2011-12-02
23,1554.42,False,14,2011-12-02
92,4396.07,True,14,2011-12-30
41,1538.79,True,14,2011-12-30
32,20364.86,False,14,2011-12-02
3,10561.41,False,14,2011-12-09
33,27546.91,False,14,2011-12-23
54,6793.04,True,14,2011-12-30
49,2806.37,True,14,2011-12-30
21,130.93,False,14,2011-12-16
23,1927.05,False,14,2011-12-09
36,5402.34,True,14,2011-12-30
20,11376.56,False,14,2011-12-16
44,3325.9,True,14,2011-12-30
27,1430.65,False,14,2011-12-02
83,134864.67,False,14,2011-12-16
72,7983.5,False,14,2011-12-23
23,63573.81,False,14,2011-12-16
11,13.37,False,14,2011-12-09
96,74.84,True,14,2011-12-30
25,16595.96,False,14,2011-12-16
7,45733.76,False,14,2011-12-02
82,2061.33,False,14,2011-12-23
21,6651.57,False,14,2011-12-23
46,4464.32,False,14,2011-12-23
17,3248.43,False,14,2011-12-16
34,221.83,False,14,2011-12-02
60,20373.54,False,14,2011-12-23
21,3200.13,False,14,2011-12-23
23,66293.19,False,14,2011-12-23
91,318.39,False,14,2011-12-16
83,125.89,True,14,2011-12-30
21,108275.05,False,14,2011-12-23
87,322.83,True,14,2011-12-30
58,13361.9,False,14,2011-12-09
44,46084.58,False,14,2011-12-23
24,4211.2,False,14,2011-12-09
83,6732.8,False,14,2011-12-23
49,683.34,False,14,2011-12-16
59,90101.65,True,14,2011-12-30
94,4038.62,False,14,2011-12-09
21,1337.16,False,14,2011-12-16
83,22140.74,False,14,2011-12-02
59,57976.83,False,14,2011-12-02
40,36967.18,False,14,2011-12-23
98,34482.57,False,14,2011-12-16
97,7107.83,False,14,2011-12-16
59,1303.67,False,14,2011-12-02
60,3798.97,True,14,2011-12-30
34,30817.19,True,14,2011-12-30
36,1377.89,True,14,2011-12-30
20,18453.03,False,14,2011-12-02
49,26.84,False,14,2011-12-09
99,1454.08,False,14,2011-12-23
40,3655.76,False,14,2011-12-16
52,10037.08,True,14,2011-12-30
87,3342.28,False,14,2011-12-23
2,9364.69,False,14,2011-12-23
1,7914.23,False,14,2011-12-16
29,24.21,False,14,2011-12-16
23,1618.59,False,14,2011-12-16
30,1779.34,False,14,2011-12-23
17,7979.08,False,14,2011-12-16
27,11589.12,False,14,2011-12-16
80,6123.67,False,14,2011-12-02
97,6493.47,False,14,2011-12-23
74,78284.54,False,14,2011-12-23
41,8741.88,True,14,2011-12-30
16,36332.42,False,14,2011-12-16
60,36476.27,True,14,2011-12-30
42,9921.32,False,14,2011-12-02
28,3845.72,False,14,2011-12-09
28,456.65,True,14,2011-12-30
55,29530.36,False,14,2011-12-23
6,3417.38,False,14,2011-12-02
92,1839.7,False,14,2011-12-16
42,2788.79,False,14,2011-12-02
24,34647.27,False,14,2011-12-23
60,15943.8,False,14,2011-12-02
52,5782.18,True,14,2011-12-30
87,3366.93,False,14,2011-12-02
14,1758.58,True,14,2011-12-30
9,44656.51,False,14,2011-12-16
1,4326.21,False,14,2011-12-02
80,4141.58,False,14,2011-12-23
5,54709.0,True,14,2011-12-30
6,3317.29,False,14,2011-12-16
90,2043.51,False,14,2011-12-16
90,57865.4,False,14,2011-12-16
74,3532.97,False,14,2011-12-09
24,38052.93,False,14,2011-12-16
96,1567.23,True,14,2011-12-30
85,15542.86,False,14,2011-12-23
79,2505.07,False,14,2011-12-16
67,193.12,False,14,2011-12-16
23,4648.66,False,14,2011-12-16
14,10340.57,True,14,2011-12-30
87,11641.86,False,14,2011-12-23
60,6587.15,True,14,2011-12-30
85,1443.47,False,14,2011-12-16
44,36477.25,False,14,2011-12-23
25,7053.49,False,14,2011-12-16
13,12292.64,False,14,2011-12-23
13,8869.6,False,14,2011-12-16
34,367.6,True,14,2011-12-30
23,8511.04,False,14,2011-12-02
16,8590.14,False,14,2011-12-16
81,14626.63,False,14,2011-12-02
10,5442.75,True,14,2011-12-30
82,21320.82,False,14,2011-12-23
91,19113.15,False,14,2011-12-16
8,23436.64,False,14,2011-12-02
9,87380.08,False,14,2011-12-23
27,24.62,True,14,2011-12-30
12,23128.72,False,14,2011-12-23
2,372.85,False,14,2011-12-16
14,9070.72,True,14,2011-12-30
74,59446.83,False,14,2011-12-09
82,3996.35,True,14,2011-12-30
12,11349.76,False,14,2011-12-02
85,2346.32,False,14,2011-12-16
21,5496.77,False,14,2011-12-16
60,15223.5,False,14,2011-12-02
3,1406.82,False,14,2011-12-09
10,3536.72,False,14,2011-12-23
3,160.93,False,14,2011-12-23
11,2641.69,False,14,2011-12-02
16,15347.87,True,14,2011-12-30
18,1270.36,False,14,2011-12-23
67,12794.91,False,14,2011-12-02
6,22723.26,False,14,2011-12-09
21,1943.12,False,14,2011-12-16
90,36408.83,False,14,2011-12-02
99,-169.17,False,14,2011-12-23
7,24938.76,True,14,2011-12-30
10,810.21,False,14,2011-12-16
7,89735.42,False,14,2011-12-23
58,17374.08,False,14,2011-12-09
38,17260.83,False,14,2011-12-16
58,147226.94,False,14,2011-12-02
90,37.59,True,14,2011-12-30
72,4948.61,False,14,2011-12-16
80,83745.58,False,14,2011-12-23
52,20530.88,True,14,2011-12-30
49,3048.69,False,14,2011-12-23
93,16079.09,True,14,2011-12-30
19,8394.14,False,14,2011-12-09
80,94247.09,False,14,2011-12-16
94,26812.8,False,14,2011-12-23
38,44625.67,False,14,2011-12-16
92,2665.8,False,14,2011-12-02
87,1444.45,False,14,2011-12-23
8,11431.33,True,14,2011-12-30
36,20997.58,True,14,2011-12-30
40,39582.71,False,14,2011-12-23
41,26989.2,False,14,2011-12-02
81,109286.96,False,14,2011-12-02
10,36163.96,False,14,2011-12-02
83,37.95,False,14,2011-12-02
33,9771.91,True,14,2011-12-30
74,29.72,True,14,2011-12-30
33,198.23,False,14,2011-12-02
4,7734.14,False,14,2011-12-02
38,614.56,True,14,2011-12-30
54,13418.56,False,14,2011-12-02
19,147.38,False,14,2011-12-16
79,23561.5,False,14,2011-12-09
23,75066.11,False,14,2011-12-16
3,4869.73,False,14,2011-12-16
87,7057.67,False,14,2011-12-02
99,10319.46,True,14,2011-12-30
46,25152.4,True,14,2011-12-30
34,1.02,False,14,2011-12-16
21,844.17,False,14,2011-12-02
99,95826.73,False,14,2011-12-09
36,18293.16,False,14,2011-12-16
6,29.4,False,14,2011-12-02
85,4491.22,True,14,2011-12-30
36,1780.01,True,14,2011-12-30
74,30382.82,True,14,2011-12-30
40,14812.36,False,14,2011-12-23
32,5583.14,False,14,2011-12-16
8,97.25,False,14,2011-12-23
74,127.23,False,14,2011-12-16
33,156995.94,False,14,2011-12-23
12,4863.08,False,14,2011-12-16
87,37.3,False,14,2011-12-16
94,25028.84,False,14,2011-12-23
45,57153.57,False,14,2011-12-30
29,61826.87,False,14,2011-12-09
79,2656.03,False,14,2011-12-23
93,18837.72,False,14,2011-12-23
47,19679.19,False,14,2011-12-16
17,12145.3,False,14,2011-12-02
11,1543.97,True,14,2011-12-30
90,18270.16,False,14,2011-12-09
19,725.06,False,14,2011-12-02
59,16130.6,False,14,2011-12-02
31,52332.7,True,14,2011-12-30
35,4574.62,False,14,2011-12-16
80,17406.37,False,14,2011-12-02
28,47677.67,False,14,2011-12-09
60,20807.15,False,14,2011-12-09
19,10388.8,True,14,2011-12-30
20,5423.52,False,14,2011-12-16
95,11792.72,False,14,2011-12-09
10,2977.7,False,14,2011-12-02
38,39052.55,False,14,2011-12-23
44,1793.25,True,14,2011-12-30
48,26106.66,False,14,2011-12-23
49,14990.01,False,14,2011-12-02
10,1677.51,True,14,2011-12-30
56,1427.35,True,14,2011-12-30
49,7170.73,False,14,2011-12-23
12,1781.76,False,14,2011-12-23
31,5501.63,False,14,2011-12-02
81,6408.22,False,14,2011-12-02
93,49578.74,False,14,2011-12-09
14,23534.12,False,14,2011-12-23
13,67278.66,False,14,2011-12-02
56,2445.31,False,14,2011-12-09
17,18975.63,False,14,2011-12-02
82,1044.13,False,14,2011-12-02
58,34946.8,False,14,2011-12-30
98,8916.28,False,14,2011-12-16
46,711.2,False,14,2011-12-23
93,1971.33,False,14,2011-12-23
49,10953.47,False,14,2011-12-16
11,24407.46,False,14,2011-12-23
59,1652.46,False,14,2011-12-16
85,11275.81,False,14,2011-12-02
72,8508.88,False,14,2011-12-23
3,9065.42,False,14,2011-12-16
93,6713.02,True,14,2011-12-30
54,18138.81,False,14,2011-12-16
25,1512.59,False,14,2011-12-23
58,11985.57,False,14,2011-12-23
91,2273.81,False,14,2011-12-23
98,37469.46,False,14,2011-12-16
31,62071.9,False,14,2011-12-23
6,80139.4,False,14,2011-12-09
18,3915.23,False,14,2011-12-16
1,11548.23,True,14,2011-12-30
27,8183.73,False,14,2011-12-09
74,22882.02,True,14,2011-12-30
67,231.0,False,14,2011-12-23
8,3028.87,False,14,2011-12-11
29,27097.13,False,14,2011-12-09
93,3888.91,True,14,2011-12-30
71,8231.66,False,14,2011-12-23
40,2105.49,True,14,2011-12-30
8,52915.42,False,14,2011-12-16
33,3799.9,False,14,2011-12-16
92,7720.69,False,14,2011-12-02
52,59930.36,False,14,2011-12-16
93,385.41,True,14,2011-12-30
91,13413.88,False,14,2011-12-02
95,262.76,False,14,2011-12-02
27,10347.39,False,14,2011-12-23
97,14988.43,False,14,2011-12-09
98,7733.94,False,14,2011-12-02
27,106369.48,False,14,2011-12-02
14,13419.6,True,14,2011-12-30
56,69537.64,False,14,2011-12-02
13,1170.93,True,15,2011-12-30
17,2284.92,False,15,2011-12-02
22,3836.1,False,15,2011-12-02
98,5.09,False,15,2011-12-09
55,158.43,False,15,2011-12-02
29,2508.01,False,15,2011-12-02
95,8121.8,False,15,2011-12-02
91,37769.92,True,15,2011-12-30
83,1068.67,False,15,2011-12-02
30,1215.03,False,15,2011-12-23
67,72.42,False,15,2011-12-09
87,46765.66,False,15,2011-12-09
13,13689.94,False,15,2011-12-16
29,2873.49,False,15,2011-12-23
94,10223.56,False,15,2011-12-09
3,6887.51,False,15,2011-12-09
13,10689.41,False,15,2011-12-09
18,21529.24,False,15,2011-12-02
20,11.49,True,15,2011-12-30
98,3596.89,False,15,2011-12-02
6,2093.69,False,15,2011-12-23
44,8.51,True,15,2011-12-30
87,5389.1,True,15,2011-12-30
96,4812.04,False,15,2011-12-16
36,465.84,False,15,2011-12-09
85,23122.13,False,15,2011-12-09
56,22584.66,False,15,2011-12-02
30,10243.14,False,15,2011-12-16
11,1550.79,True,15,2011-12-30
82,23336.86,False,15,2011-12-09
98,24035.33,False,15,2011-12-09
25,2.24,False,15,2011-12-02
67,1621.11,False,15,2011-12-16
42,94101.52,False,15,2011-12-16
1,23916.64,False,15,2011-12-02
6,16110.11,True,15,2011-12-30
90,4904.74,False,15,2011-12-16
3,41396.98,False,15,2011-12-16
9,11367.64,False,15,2011-12-02
29,4045.69,False,15,2011-12-02
60,11463.87,True,15,2011-12-30
26,47789.69,False,15,2011-12-12
8,10879.23,False,15,2011-12-16
85,23.77,True,15,2011-12-30
58,42402.31,False,15,2011-12-30
83,8599.26,False,15,2011-12-02
20,692.26,True,15,2011-12-30
25,702.41,False,15,2011-12-02
96,59809.51,False,15,2011-12-23
17,4999.88,False,15,2011-12-16
82,-3.04,False,15,2011-12-02
32,23153.47,False,15,2011-12-09
5,937.39,False,15,2011-12-09
27,5465.69,True,15,2011-12-30
9,15911.13,False,15,2011-12-23
19,47978.03,False,15,2011-12-02
12,3.02,False,15,2011-12-02
71,36104.92,True,15,2011-12-30
21,930.8,False,15,2011-12-02
94,4316.62,True,15,2011-12-30
5,4272.99,False,15,2011-12-09
46,19976.02,False,15,2011-12-30
40,1051.28,False,15,2011-12-02
72,11122.19,True,15,2011-12-30
98,12.58,True,15,2011-12-30
25,863.15,False,15,2011-12-16
33,22979.45,False,15,2011-12-02
81,2947.99,False,15,2011-12-16
36,24942.37,True,15,2011-12-30
36,174.85,False,15,2011-12-16
90,1162.12,True,15,2011-12-30
40,4.25,False,15,2011-12-23
92,1019.56,False,15,2011-12-02
35,1080.59,False,15,2011-12-23
52,3203.82,True,15,2011-12-30
33,1093.74,True,15,2011-12-30
92,9857.68,True,15,2011-12-30
36,12598.31,True,15,2011-12-30
4,34.63,False,15,2011-12-02
35,71565.57,False,15,2011-12-09
94,12132.26,False,15,2011-12-23
94,2637.46,False,15,2011-12-16
92,9.23,False,15,2011-12-09
71,1189.96,False,15,2011-12-02
98,36946.02,False,15,2011-12-02
85,19740.06,False,15,2011-12-16
77,4671.17,True,15,2011-12-30
5,11188.44,True,15,2011-12-30
16,7328.73,False,15,2011-12-02
33,1899.39,False,15,2011-12-16
13,734.97,False,15,2011-12-02
12,15266.4,False,15,2011-12-02
56,300.35,False,15,2011-12-02
91,7021.3,False,15,2011-12-02
17,53841.56,False,15,2011-12-09
2,27394.46,False,15,2011-12-02
56,43.01,False,15,2011-12-16
26,31133.7,False,15,2011-12-09
60,40803.45,False,15,2011-12-02
22,15197.04,True,15,2011-12-30
44,17536.48,True,15,2011-12-30
30,38866.74,False,15,2011-12-16
34,14889.48,False,15,2011-12-16
2,28306.25,True,15,2011-12-30
20,6982.07,True,15,2011-12-30
95,444.23,True,15,2011-12-30
97,2779.03,False,15,2011-12-16
5,912.02,True,15,2011-12-30
71,14.97,True,15,2011-12-30
91,5388.61,False,15,2011-12-09
20,39670.19,True,15,2011-12-30
94,5104.54,True,15,2011-12-30
67,71007.94,False,15,2011-12-02
82,21771.4,True,15,2011-12-30
59,7232.58,False,15,2011-12-23
33,2765.5,False,15,2011-12-16
12,15372.48,False,15,2011-12-16
4,17966.84,False,15,2011-12-02
27,4013.6,False,15,2011-12-09
22,679.53,True,15,2011-12-30
2,21630.57,False,15,2011-12-23
81,84501.47,False,15,2011-12-09
80,7.1,False,15,2011-12-09
3,12051.24,False,15,2011-12-30
92,3762.84,False,15,2011-12-09
67,3064.57,False,15,2011-12-30
27,1608.91,False,15,2011-12-09
80,53371.24,False,15,2011-12-02
71,129016.8,False,15,2011-12-16
36,348.1,False,15,2011-12-02
2,24358.0,False,15,2011-12-02
16,93610.43,False,15,2011-12-23
52,54699.62,False,15,2011-12-02
23,13092.54,False,15,2011-12-16
6,13785.29,True,15,2011-12-30
12,19984.24,True,15,2011-12-30
80,35291.96,False,15,2011-12-09
41,160.93,False,15,2011-12-16
9,2583.14,False,15,2011-12-16
30,32575.27,False,15,2011-12-30
55,9798.16,False,15,2011-12-16
14,14629.65,False,15,2011-12-16
30,47377.33,True,15,2011-12-30
98,3099.18,False,15,2011-12-30
26,14160.91,False,15,2011-12-02
20,1069.74,True,15,2011-12-30
42,498.1,False,15,2011-12-16
41,121479.41,False,15,2011-12-16
77,10258.97,False,15,2011-12-09
4,1443.59,False,15,2011-12-09
42,1286.0,True,15,2011-12-30
85,18.82,False,15,2011-12-02
27,58132.78,False,15,2011-12-30
28,12155.61,False,15,2011-12-23
44,143641.66,False,15,2011-12-23
5,53430.29,False,15,2011-12-02
59,9425.09,False,15,2011-12-23
42,20127.59,False,15,2011-12-02
87,6577.96,True,15,2011-12-30
97,89479.53,False,15,2011-12-09
30,20800.64,False,15,2011-12-09
92,11579.03,False,15,2011-12-02
35,6172.03,False,15,2011-12-09
38,49861.63,True,15,2011-12-30
38,2225.35,False,15,2011-12-02
23,18299.01,False,15,2011-12-02
71,39046.42,False,15,2011-12-30
81,5727.54,False,15,2011-12-23
52,5105.09,False,15,2011-12-02
45,14821.9,False,15,2011-12-02
5,9.61,True,15,2011-12-30
99,2580.79,False,15,2011-12-02
85,29215.4,False,15,2011-12-02
10,1031.15,False,15,2011-12-02
54,923.32,False,15,2011-12-16
5,2525.19,False,15,2011-12-02
35,53240.14,False,15,2011-12-23
5,22090.37,False,15,2011-12-09
38,13041.78,False,15,2011-12-09
41,8176.02,False,15,2011-12-16
31,3329.16,False,15,2011-12-09
4,22835.22,False,15,2011-12-09
4,3314.2,False,15,2011-12-02
83,710.0,False,15,2011-12-02
10,1999.65,False,15,2011-12-09
83,195.14,False,15,2011-12-09
10,1571.09,True,15,2011-12-30
49,25955.13,False,15,2011-12-02
94,78069.72,True,15,2011-12-30
94,20353.56,False,15,2011-12-09
81,3625.87,False,15,2011-12-23
67,16819.9,False,15,2011-12-02
35,1901.7,False,15,2011-12-02
18,2275.96,False,15,2011-12-09
28,5317.59,False,15,2011-12-02
67,37379.66,False,15,2011-12-02
28,7917.77,True,15,2011-12-30
10,686.02,False,15,2011-12-09
2,2134.85,False,15,2011-12-02
11,151213.22,False,15,2011-12-16
24,21275.06,False,15,2011-12-16
25,3951.36,False,15,2011-12-09
22,50653.85,False,15,2011-12-30
18,7416.26,False,15,2011-12-09
98,84.77,False,15,2011-12-02
90,2576.86,False,15,2011-12-02
20,8996.66,False,15,2011-12-09
42,4561.73,False,15,2011-12-16
32,12574.58,False,15,2011-12-16
82,2111.99,False,15,2011-12-16
44,338.4,True,15,2011-12-30
9,7534.35,False,15,2011-12-02
56,68593.22,False,15,2011-12-23
16,2278.58,False,15,2011-12-16
67,22121.28,True,15,2011-12-30
81,14373.65,False,15,2011-12-16
56,2401.59,False,15,2011-12-16
35,354.65,False,15,2011-12-16
42,1384.42,True,15,2011-12-30
14,946.77,False,15,2011-12-02
36,13022.43,False,15,2011-12-09
4,4099.56,True,15,2011-12-30
20,2985.48,False,15,2011-12-30
10,6820.36,False,15,2011-12-09
28,9470.22,False,15,2011-12-16
40,15858.12,False,15,2011-12-09
22,91852.58,False,15,2011-12-09
52,25.43,False,15,2011-12-02
58,2741.96,True,15,2011-12-30
97,2485.86,False,15,2011-12-09
5,52262.22,False,15,2011-12-16
95,5044.57,False,15,2011-12-09
79,4418.34,False,15,2011-12-09
32,21453.66,False,15,2011-12-02
18,225.48,True,15,2011-12-30
90,202.44,False,15,2011-12-16
5,27574.58,False,15,2011-12-16
74,9555.78,False,15,2011-12-02
72,14730.0,False,15,2011-12-02
81,12.63,False,15,2011-12-02
5,28660.52,True,15,2011-12-30
72,8.64,True,15,2011-12-30
9,6504.1,False,15,2011-12-02
46,45644.38,True,15,2011-12-30
28,3411.08,False,15,2011-12-09
16,6647.78,False,15,2011-12-09
16,2645.6,False,15,2011-12-16
59,13795.76,False,15,2011-12-02
95,98856.84,False,15,2011-12-16
25,8639.96,True,15,2011-12-30
17,3940.38,False,15,2011-12-02
3,14353.64,False,15,2011-12-02
83,36708.24,False,15,2011-12-16
91,22679.06,False,15,2011-12-16
94,6665.36,False,15,2011-12-30
7,27408.67,True,15,2011-12-30
98,11951.9,False,15,2011-12-16
1,857.09,False,15,2011-12-09
95,25633.71,False,15,2011-12-02
95,5196.38,False,15,2011-12-23
95,6912.47,False,15,2011-12-09
12,15293.05,False,15,2011-12-09
46,19949.69,True,15,2011-12-30
52,412.07,False,15,2011-12-02
54,8710.33,False,15,2011-12-30
83,1367.27,False,15,2011-12-02
81,17505.26,False,15,2011-12-09
72,108.53,False,15,2011-12-16
98,5031.31,False,15,2011-12-02
36,6453.88,False,15,2011-12-16
18,250.59,True,15,2011-12-30
95,6905.2,False,15,2011-12-02
93,1.28,False,15,2011-12-16
11,8644.95,False,15,2011-12-09
7,19876.5,False,15,2011-12-09
95,2211.82,False,15,2011-12-02
55,27836.98,True,15,2011-12-30
51,97180.41,False,15,2011-12-09
46,1625.28,True,15,2011-12-30
4,6796.42,False,15,2011-12-23
11,73791.34,False,15,2011-12-02
22,4303.17,False,15,2011-12-16
82,10586.84,False,15,2011-12-09
85,146.99,True,15,2011-12-30
81,10331.19,False,15,2011-12-09
13,3499.9,False,15,2011-12-16
23,67.47,False,15,2011-12-09
85,23508.17,True,15,2011-12-30
99,3044.79,False,15,2011-12-23
99,47.89,True,15,2011-12-30
92,60071.82,False,15,2011-12-02
83,126.1,False,15,2011-12-09
99,818.37,False,15,2011-12-16
9,3682.62,False,15,2011-12-09
82,13843.64,False,15,2011-12-23
18,28083.22,True,15,2011-12-30
36,16688.66,True,15,2011-12-30
80,19200.68,False,15,2011-12-02
90,2036.17,False,15,2011-12-23
46,16887.93,False,15,2011-12-09
31,22498.71,True,15,2011-12-30
14,58213.28,False,15,2011-12-09
17,4037.21,False,15,2011-12-09
16,12396.1,True,15,2011-12-30
92,23120.36,False,15,2011-12-02
72,5608.16,False,15,2011-12-09
25,11897.63,True,15,2011-12-30
91,12001.92,False,15,2011-12-02
22,22346.7,True,15,2011-12-30
41,43149.88,False,15,2011-12-02
11,29.07,False,15,2011-12-16
2,4289.47,True,15,2011-12-30
52,9394.37,False,15,2011-12-02
79,3781.87,True,15,2011-12-30
55,24079.43,False,15,2011-12-02
11,1984.99,False,15,2011-12-30
12,128474.13,False,15,2011-12-16
7,17030.02,False,15,2011-12-16
7,9290.94,False,15,2011-12-02
52,416.71,False,15,2011-12-23
46,5144.13,False,15,2011-12-16
34,917.36,False,15,2011-12-16
3,3525.97,True,15,2011-12-30
54,91.46,False,15,2011-12-09
67,11940.74,False,15,2011-12-23
81,140002.67,False,15,2011-12-23
3,93376.09,False,15,2011-12-16
8,2090.89,True,15,2011-12-30
13,3634.8,False,15,2011-12-16
16,79563.78,False,15,2011-12-09
4,34786.52,True,15,2011-12-30
21,18050.31,False,15,2011-12-02
31,13397.02,False,15,2011-12-16
3,452.43,False,15,2011-12-16
94,8030.07,False,15,2011-12-02
81,829.0,False,15,2011-12-02
85,4356.0,True,15,2011-12-30
96,3622.86,False,15,2011-12-23
12,6784.0,False,15,2011-12-23
96,2395.81,True,15,2011-12-30
46,11879.38,False,15,2011-12-16
87,33022.53,False,15,2011-12-02
5,5115.04,False,15,2011-12-09
38,46778.46,True,15,2011-12-30
10,2589.1,True,16,2011-12-30
87,36971.98,True,16,2011-12-30
59,173.05,False,16,2011-12-16
18,3163.54,False,16,2011-12-02
38,9655.09,False,16,2011-12-02
29,-452.1,False,16,2011-12-16
96,15882.32,False,16,2011-12-23
90,26955.8,False,16,2011-12-02
90,12271.77,False,16,2011-12-16
29,3441.14,False,16,2011-12-23
83,23174.54,False,16,2011-12-09
24,4080.75,False,16,2011-12-16
14,15648.49,True,16,2011-12-30
28,7599.01,False,16,2011-12-02
55,1130.38,False,16,2011-12-23
49,40307.62,False,16,2011-12-16
95,8765.66,False,16,2011-12-02
18,30513.03,False,16,2011-12-23
36,7597.2,False,16,2011-12-23
81,21792.14,True,16,2011-12-30
29,250.62,False,16,2011-12-09
19,252.07,False,16,2011-12-16
52,25552.91,False,16,2011-12-02
24,22570.28,False,16,2011-12-02
20,5549.27,False,16,2011-12-16
92,1326.67,False,16,2011-12-02
17,6988.47,False,16,2011-12-02
42,7394.38,False,16,2011-12-09
35,3765.57,True,16,2011-12-30
19,107115.29,False,16,2011-12-09
45,23234.04,False,16,2011-12-09
7,3853.9,True,16,2011-12-30
37,8648.24,True,16,2011-12-30
82,10253.21,False,16,2011-12-09
49,6751.0,False,16,2011-12-23
96,23335.08,False,16,2011-12-09
46,6763.51,False,16,2011-12-23
29,1236.08,False,16,2011-12-02
82,120101.18,True,16,2011-12-30
96,13390.95,False,16,2011-12-02
28,-51.93,True,16,2011-12-30
79,1312.64,False,16,2011-12-16
10,2878.69,False,16,2011-12-16
72,149.4,True,16,2011-12-30
7,11238.58,True,16,2011-12-30
72,71204.54,False,16,2011-12-16
13,10321.15,False,16,2011-12-16
26,140132.84,False,16,2011-12-16
36,8063.09,False,16,2011-12-02
11,12130.1,True,16,2011-12-30
54,60843.64,False,16,2011-12-16
18,53020.49,True,16,2011-12-30
67,69102.16,False,16,2011-12-16
58,9541.42,True,16,2011-12-30
49,1667.95,True,16,2011-12-30
99,1287.94,False,16,2011-12-02
82,1268.77,True,16,2011-12-30
82,34912.0,False,16,2011-12-02
94,46.52,False,16,2011-12-23
95,23863.28,False,16,2011-12-16
98,22507.47,False,16,2011-12-23
97,2519.84,True,16,2011-12-30
30,16979.16,False,16,2011-12-23
16,3826.1,False,16,2011-12-16
98,1874.83,False,16,2011-12-02
67,729.86,False,16,2011-12-16
29,28558.23,False,16,2011-12-09
81,6071.01,False,16,2011-12-23
5,1242.7,False,16,2011-12-02
71,1277.55,False,16,2011-12-02
96,2686.65,False,16,2011-12-02
11,58027.84,False,16,2011-12-23
98,286.99,False,16,2011-12-09
83,64146.78,False,16,2011-12-16
9,4685.21,False,16,2011-12-09
19,21237.57,False,16,2011-12-23
23,37494.49,False,16,2011-12-02
85,5362.32,False,16,2011-12-16
25,1539.39,False,16,2011-12-02
81,5892.57,False,16,2011-12-02
8,8234.93,False,16,2011-12-16
67,9442.26,False,16,2011-12-02
27,15045.98,False,16,2011-12-16
37,10508.14,False,16,2011-12-16
28,66.01,True,16,2011-12-30
17,72749.08,False,16,2011-12-23
90,135888.14,False,16,2011-12-16
7,16391.85,False,16,2011-12-23
98,4360.68,True,16,2011-12-30
35,12.29,False,16,2011-12-16
4,64043.24,False,16,2011-12-23
41,19822.52,False,16,2011-12-02
58,1132.37,False,16,2011-12-16
42,954.26,False,16,2011-12-23
18,7645.63,True,16,2011-12-30
12,28241.84,False,16,2011-12-02
58,2452.0,False,16,2011-12-16
80,31678.46,False,16,2011-12-09
33,12909.13,False,16,2011-12-09
40,1229.22,False,16,2011-12-16
81,40.68,True,16,2011-12-30
71,46.68,False,16,2011-12-02
10,3366.48,True,16,2011-12-30
83,94907.62,True,16,2011-12-30
79,52405.24,False,16,2011-12-02
2,32222.64,False,16,2011-12-09
91,13.03,False,16,2011-12-09
87,14207.57,False,16,2011-12-02
98,3545.52,False,16,2011-12-16
10,18140.12,False,16,2011-12-16
87,979.85,False,16,2011-12-16
83,6830.36,False,16,2011-12-02
46,126292.65,False,16,2011-12-09
94,8784.63,False,16,2011-12-16
19,24425.0,False,16,2011-12-23
52,27416.04,True,16,2011-12-30
18,5040.02,False,16,2011-12-16
23,847.1,False,16,2011-12-16
27,20681.26,False,16,2011-12-02
11,9429.23,False,16,2011-12-02
26,12270.82,False,16,2011-12-09
80,1081.01,False,16,2011-12-09
82,1367.8,False,16,2011-12-16
82,2017.19,False,16,2011-12-16
85,4584.87,True,16,2011-12-30
80,31826.28,False,16,2011-12-02
95,494.38,True,16,2011-12-30
8,22924.99,False,16,2011-12-16
12,3302.23,False,16,2011-12-02
40,22521.6,True,16,2011-12-30
22,199.17,False,16,2011-12-16
8,6567.23,False,16,2011-12-16
92,2090.85,False,16,2011-12-02
4,57826.61,False,16,2011-12-09
18,4090.44,False,16,2011-12-04
32,75104.6,False,16,2011-12-16
87,5861.94,False,16,2011-12-02
96,18952.34,False,16,2011-12-16
21,38541.96,False,16,2011-12-02
18,3227.75,False,16,2011-12-16
13,5387.4,True,16,2011-12-30
32,866.92,False,16,2011-12-02
16,17921.62,False,16,2011-12-30
38,2405.93,True,16,2011-12-30
55,4356.87,False,16,2011-12-16
4,81.81,True,16,2011-12-30
56,13370.2,False,16,2011-12-02
25,503.52,True,16,2011-12-30
98,7746.38,True,16,2011-12-30
93,14506.35,False,16,2011-12-09
4,45763.72,False,16,2011-12-30
21,77.12,False,16,2011-12-16
38,1628.03,False,16,2011-12-16
98,17156.06,False,16,2011-12-23
31,11321.91,False,16,2011-12-16
13,1092.02,False,16,2011-12-16
12,6044.24,True,16,2011-12-30
91,2805.76,False,16,2011-12-16
45,13182.5,False,16,2011-12-16
42,10651.53,True,16,2011-12-30
34,2013.43,True,16,2011-12-30
80,35838.76,False,16,2011-12-02
54,21488.07,False,16,2011-12-16
42,39090.04,False,16,2011-12-02
41,5360.7,False,16,2011-12-23
67,1122.19,False,16,2011-12-23
20,50047.64,False,16,2011-12-09
32,33927.64,False,16,2011-12-16
6,2802.58,False,16,2011-12-23
92,8059.62,False,16,2011-12-09
12,58346.14,True,16,2011-12-30
12,21328.52,False,16,2011-12-02
12,22299.45,True,16,2011-12-30
10,2398.69,False,16,2011-12-09
23,98812.88,False,16,2011-12-23
3,10242.74,False,16,2011-12-23
23,18892.72,False,16,2011-12-30
30,4501.35,True,16,2011-12-30
46,18277.53,True,16,2011-12-30
83,79900.76,False,16,2011-12-23
25,83052.02,False,16,2011-12-23
60,24742.78,False,16,2011-12-09
49,4135.02,False,16,2011-12-23
49,14834.75,True,16,2011-12-30
4,287.48,False,16,2011-12-09
71,14367.44,False,16,2011-12-02
93,18425.28,False,16,2011-12-16
95,14393.81,False,16,2011-12-23
52,17984.43,False,16,2011-12-02
25,78260.46,False,16,2011-12-16
95,1135.39,True,16,2011-12-30
92,2785.64,True,16,2011-12-30
6,4688.07,False,16,2011-12-09
95,26695.64,False,16,2011-12-16
98,28838.81,False,16,2011-12-23
6,3322.21,False,16,2011-12-02
87,2011.57,False,16,2011-12-09
17,3058.74,False,16,2011-12-02
41,21753.39,False,16,2011-12-16
80,2091.8,False,16,2011-12-16
85,3435.01,True,16,2011-12-30
97,1581.87,False,16,2011-12-16
38,7733.7,False,16,2011-12-02
72,4400.65,False,16,2011-12-02
22,10970.85,False,16,2011-12-02
48,15198.26,False,16,2011-12-16
52,82697.14,False,16,2011-12-09
21,8395.39,True,16,2011-12-30
36,12010.52,False,16,2011-12-23
26,27903.84,True,16,2011-12-30
87,1260.06,False,16,2011-12-09
82,10644.55,False,16,2011-12-16
14,1162.72,False,16,2011-12-23
74,-7.25,False,16,2011-12-16
21,56556.04,False,16,2011-12-02
25,98.58,False,16,2011-12-23
2,8110.56,False,16,2011-12-02
12,63003.9,False,16,2011-12-09
38,5285.77,True,16,2011-12-30
97,9990.06,True,16,2011-12-30
25,5236.24,False,16,2011-12-09
49,29762.03,False,16,2011-12-02
38,38497.36,False,16,2011-12-23
94,14763.47,False,16,2011-12-02
56,12292.13,False,16,2011-12-16
12,59034.38,False,16,2011-12-23
90,10234.28,False,16,2011-12-16
42,12485.99,False,16,2011-12-09
1,26649.98,False,16,2011-12-23
92,133.84,True,16,2011-12-30
1,8452.74,False,16,2011-12-02
48,4484.17,False,16,2011-12-02
32,13766.19,False,16,2011-12-02
95,1736.43,False,16,2011-12-23
47,34316.55,False,16,2011-12-23
55,1674.75,False,16,2011-12-16
74,1223.67,False,16,2011-12-02
91,12391.5,False,16,2011-12-09
8,4953.79,False,16,2011-12-16
93,18132.24,True,16,2011-12-30
83,10339.5,True,16,2011-12-30
52,1025.99,False,16,2011-12-02
87,5693.02,False,16,2011-12-09
23,42153.3,False,16,2011-12-16
2,2271.56,False,16,2011-12-09
77,9251.68,False,16,2011-12-02
46,16335.8,False,16,2011-12-02
58,24511.1,False,16,2011-12-23
9,5175.56,False,16,2011-12-09
14,16485.41,True,16,2011-12-30
33,14751.32,False,16,2011-12-16
10,39468.08,False,16,2011-12-09
50,93718.89,False,16,2011-12-09
21,8114.52,False,16,2011-12-16
6,-3.6,False,16,2011-12-16
55,21540.65,False,16,2011-12-16
42,2825.06,False,16,2011-12-02
16,990.56,False,16,2011-12-16
13,35.2,False,16,2011-12-02
17,4825.34,False,16,2011-12-16
36,12616.48,False,16,2011-12-23
74,4915.78,False,16,2011-12-02
72,42250.01,False,16,2011-12-02
34,63161.24,True,16,2011-12-30
2,11539.96,True,16,2011-12-30
92,32675.82,False,16,2011-12-16
8,43.41,False,16,2011-12-02
9,3711.56,False,16,2011-12-02
91,158.29,True,16,2011-12-30
28,1801.27,False,16,2011-12-02
92,16788.36,False,16,2011-12-09
72,2761.31,False,16,2011-12-02
83,86.53,False,16,2011-12-02
67,3637.12,False,16,2011-12-02
29,14951.17,True,16,2011-12-30
93,6230.07,False,16,2011-12-02
31,9612.59,False,16,2011-12-16
3,13792.53,True,16,2011-12-30
25,7137.81,True,16,2011-12-30
90,1209.08,True,16,2011-12-30
97,3779.7,False,16,2011-12-30
14,6831.73,False,16,2011-12-16
13,52393.67,False,16,2011-12-09
49,17656.56,False,16,2011-12-16
80,7089.6,False,16,2011-12-23
94,4043.62,False,16,2011-12-09
41,30206.72,False,16,2011-12-09
37,8997.72,False,16,2011-12-30
79,33302.16,False,16,2011-12-02
2,31256.78,True,16,2011-12-30
5,25415.04,False,16,2011-12-02
22,19.31,False,16,2011-12-02
25,19.04,False,16,2011-12-02
46,17532.43,True,16,2011-12-30
97,1695.47,False,16,2011-12-23
56,50688.99,True,16,2011-12-30
56,3434.8,False,16,2011-12-16
94,6222.46,True,16,2011-12-30
46,18402.64,True,16,2011-12-30
26,373.55,False,16,2011-12-23
41,7102.74,False,16,2011-12-09
13,37622.44,False,16,2011-12-16
94,23491.42,False,16,2011-12-16
7,11124.46,False,16,2011-12-09
7,31152.36,False,16,2011-12-02
36,42680.52,True,16,2011-12-30
6,57081.19,False,16,2011-12-02
41,19032.2,False,16,2011-12-16
97,487.83,False,16,2011-12-16
1,4470.75,True,16,2011-12-30
42,46378.89,False,16,2011-12-30
80,7436.59,False,16,2011-12-23
17,76.49,False,16,2011-12-16
44,4557.67,False,16,2011-12-30
9,11538.1,False,16,2011-12-02
97,12905.15,False,16,2011-12-16
6,1890.06,False,16,2011-12-16
2,22762.04,False,16,2011-12-09
21,28948.3,False,16,2011-12-16
72,55973.72,True,16,2011-12-30
97,27321.14,False,16,2011-12-16
38,34412.69,False,16,2011-12-23
55,6382.74,False,16,2011-12-16
32,15699.87,False,16,2011-12-23
93,21912.63,False,16,2011-12-02
22,2524.41,False,16,2011-12-02
60,44578.62,False,16,2011-12-02
49,642.21,False,16,2011-12-09
90,1156.68,False,16,2011-12-23
91,35142.39,False,16,2011-12-02
3,53990.42,False,16,2011-12-23
97,40017.52,False,16,2011-12-02
11,84.05,False,16,2011-12-09
30,229.65,False,16,2011-12-16
59,18371.99,False,16,2011-12-23
18,13801.02,False,16,2011-12-23
20,2819.15,False,16,2011-12-02
58,32010.88,False,16,2011-12-09
2,20192.97,False,16,2011-12-16
9,4031.16,False,16,2011-12-16
36,34575.8,True,16,2011-12-30
34,6812.17,False,16,2011-12-02
85,45221.22,False,16,2011-12-16
10,47217.96,False,16,2011-12-02
17,3919.68,False,16,2011-12-16
24,6229.38,False,16,2011-12-23
13,14715.41,False,16,2011-12-02
56,33.21,False,16,2011-12-16
90,147.8,True,16,2011-12-30
20,2505.68,False,16,2011-12-02
42,4922.83,False,16,2011-12-16
30,15012.02,False,17,2011-12-23
60,12.3,False,17,2011-12-02
82,2605.8,False,17,2011-12-02
2,848.25,True,17,2011-12-30
36,7192.51,False,17,2011-12-09
60,1943.59,True,17,2011-12-30
7,2063.0,False,17,2011-12-16
93,4228.41,False,17,2011-12-02
60,422.93,False,17,2011-12-02
44,23969.07,False,17,2011-12-02
32,254.89,False,17,2011-12-02
41,5.35,True,17,2011-12-30
60,1561.53,False,17,2011-12-02
46,24.02,False,17,2011-12-02
52,1127.63,False,17,2011-12-09
16,17260.22,False,17,2011-12-02
31,7445.11,False,17,2011-12-09
95,16713.74,False,17,2011-12-16
87,163248.55,True,17,2011-12-30
26,629.39,True,17,2011-12-30
87,12086.92,False,17,2011-12-02
83,16811.08,False,17,2011-12-02
12,20343.42,False,17,2011-12-02
17,3523.21,True,17,2011-12-30
85,21228.98,False,17,2011-12-02
22,5485.79,False,17,2011-12-23
99,377.79,False,17,2011-12-16
36,56762.04,False,17,2011-12-16
80,9471.65,True,17,2011-12-30
98,4521.52,False,17,2011-12-09
55,11224.61,False,17,2011-12-23
28,-1.24,False,17,2011-12-02
29,52.3,True,17,2011-12-30
7,34087.0,False,17,2011-12-23
3,23895.38,False,17,2011-12-16
13,2048.93,True,17,2011-12-30
28,5236.44,True,17,2011-12-30
50,15858.49,False,17,2011-12-16
27,14342.12,True,17,2011-12-30
85,1803.71,False,17,2011-12-09
83,6495.4,False,17,2011-12-23
96,49649.64,False,17,2011-12-16
90,235.96,False,17,2011-12-09
90,905.87,True,17,2011-12-30
25,3381.41,False,17,2011-12-23
97,12853.84,True,17,2011-12-30
91,70331.34,False,17,2011-12-23
98,7650.9,False,17,2011-12-09
20,22282.83,False,17,2011-12-23
32,2108.72,False,17,2011-12-16
52,62804.12,False,17,2011-12-16
46,16100.23,False,17,2011-12-23
16,7489.68,False,17,2011-12-02
21,18064.77,False,17,2011-12-09
78,20917.58,False,17,2011-12-02
14,34069.87,False,17,2011-12-23
59,359.64,False,17,2011-12-09
94,93.42,False,17,2011-12-02
3,1712.94,False,17,2011-12-02
20,65747.74,True,17,2011-12-30
26,49.97,False,17,2011-12-09
38,69.33,False,17,2011-12-16
12,54.45,True,17,2011-12-30
46,34312.16,False,17,2011-12-09
35,4179.56,False,17,2011-12-02
25,16601.74,False,17,2011-12-16
90,35501.17,False,17,2011-12-02
49,38831.83,True,17,2011-12-30
20,12726.36,True,17,2011-12-30
19,13983.19,False,17,2011-12-16
37,59499.77,False,17,2011-12-02
49,65771.44,False,17,2011-12-02
3,5352.28,False,17,2011-12-02
5,6919.82,False,17,2011-12-16
71,356.29,False,17,2011-12-02
56,14451.98,True,17,2011-12-30
52,15416.4,True,17,2011-12-30
36,400.81,False,17,2011-12-09
21,4358.96,False,17,2011-12-09
29,85.91,False,17,2011-12-23
97,7204.03,True,17,2011-12-30
93,504.16,False,17,2011-12-02
25,20458.06,True,17,2011-12-30
22,2670.19,True,17,2011-12-30
33,78.96,True,17,2011-12-30
38,38504.48,False,17,2011-12-23
74,38779.74,False,17,2011-12-16
55,617.48,False,17,2011-12-09
8,24561.56,True,17,2011-12-30
51,4825.89,False,17,2011-12-09
40,3360.85,True,17,2011-12-30
60,579.31,False,17,2011-12-30
49,73325.14,False,17,2011-12-16
55,10234.11,False,17,2011-12-23
90,377.66,True,17,2011-12-30
22,20979.47,False,17,2011-12-23
32,2520.62,False,17,2011-12-09
30,193.2,True,17,2011-12-30
85,47774.4,False,17,2011-12-23
29,54286.19,False,17,2011-12-16
52,3911.34,False,17,2011-12-09
42,11037.46,False,17,2011-12-16
10,8064.5,False,17,2011-12-23
24,17709.71,False,17,2011-12-02
60,8062.27,False,17,2011-12-16
44,17695.35,False,17,2011-12-09
2,3.49,True,17,2011-12-30
18,91202.97,False,17,2011-12-16
99,4015.22,False,17,2011-12-23
49,19.27,True,17,2011-12-30
38,9418.86,False,17,2011-12-09
77,34726.44,True,17,2011-12-30
38,6738.58,False,17,2011-12-02
32,8686.73,False,17,2011-12-02
27,108482.39,True,17,2011-12-30
13,49657.01,False,17,2011-12-09
81,4069.75,False,17,2011-12-02
41,88.13,False,17,2011-12-02
29,9300.12,False,17,2011-12-02
67,25316.9,False,17,2011-12-16
22,66.39,False,17,2011-12-23
23,170.77,True,17,2011-12-30
44,6554.41,False,17,2011-12-23
11,2275.33,False,17,2011-12-23
85,1555.96,False,17,2011-12-16
59,2461.91,False,17,2011-12-02
36,8556.57,False,17,2011-12-02
27,72190.5,False,17,2011-12-09
80,1124.89,False,17,2011-12-16
85,12613.8,False,17,2011-12-02
29,9414.99,False,17,2011-12-16
20,2104.52,False,17,2011-12-02
42,11086.0,True,17,2011-12-30
87,4456.24,False,17,2011-12-16
28,16189.62,False,17,2011-12-16
96,1024.18,False,17,2011-12-02
93,5955.68,False,17,2011-12-30
22,32.53,False,17,2011-12-16
32,6095.54,False,17,2011-12-30
10,-0.89,False,17,2011-12-09
79,9.08,False,17,2011-12-16
7,71749.38,False,17,2011-12-23
81,29746.53,False,17,2011-12-16
81,185476.16,False,17,2011-12-23
16,7191.49,True,17,2011-12-30
52,45.13,False,17,2011-12-02
25,7641.07,False,17,2011-12-30
58,24138.66,False,17,2011-12-09
94,16767.18,False,17,2011-12-16
56,3882.58,False,17,2011-12-02
54,2895.05,True,17,2011-12-30
92,1058.93,False,17,2011-12-16
96,33103.62,False,17,2011-12-09
29,20815.54,False,17,2011-12-30
28,471.06,False,17,2011-12-09
82,35711.4,False,17,2011-12-16
44,16176.76,True,17,2011-12-30
30,26537.54,False,17,2011-12-09
7,640.51,True,17,2011-12-30
19,1945.27,False,17,2011-12-02
81,21461.22,False,17,2011-12-09
7,96345.28,False,17,2011-12-16
9,3389.99,False,17,2011-12-16
8,1986.67,False,17,2011-12-02
98,5688.3,False,17,2011-12-16
28,1546.62,False,17,2011-12-16
99,7107.99,False,17,2011-12-23
4,1362.18,False,17,2011-12-23
46,124.05,False,17,2011-12-09
81,12665.3,True,17,2011-12-30
23,4854.31,True,17,2011-12-30
32,347.18,False,17,2011-12-02
79,136535.1,True,17,2011-12-30
2,23957.03,True,17,2011-12-30
72,2060.15,False,17,2011-12-09
85,61750.6,False,17,2011-12-16
79,20113.24,False,17,2011-12-23
81,6740.57,True,17,2011-12-30
24,111748.72,True,17,2011-12-30
94,52002.58,False,17,2011-12-16
46,12815.47,False,17,2011-12-30
58,2873.2,False,17,2011-12-09
11,7272.67,False,17,2011-12-16
24,6344.06,False,17,2011-12-02
85,7233.74,False,17,2011-12-23
17,8914.03,False,17,2011-12-02
10,23430.46,False,17,2011-12-23
18,2717.17,False,17,2011-12-23
42,101.76,True,17,2011-12-30
7,29378.92,False,17,2011-12-16
80,87.26,False,17,2011-12-02
81,41126.76,False,17,2011-12-16
18,131600.97,False,17,2011-12-23
98,24.64,True,17,2011-12-30
97,18134.75,False,17,2011-12-02
72,4378.59,False,17,2011-12-23
60,503.19,True,17,2011-12-30
60,1595.03,False,17,2011-12-02
36,39326.03,False,17,2011-12-23
27,2673.2,False,17,2011-12-16
80,105448.42,False,17,2011-12-09
25,3626.63,False,17,2011-12-16
52,15195.12,False,17,2011-12-02
42,164.96,False,17,2011-12-16
8,4856.0,False,17,2011-12-02
7,22627.42,False,17,2011-12-02
2,50611.9,True,17,2011-12-30
85,17972.01,False,17,2011-12-09
67,10740.84,True,17,2011-12-30
46,129856.95,False,17,2011-12-09
33,73073.29,False,17,2011-12-09
72,7423.11,False,17,2011-12-02
28,53.83,False,17,2011-12-02
7,73779.14,False,17,2011-12-02
58,15769.86,True,17,2011-12-30
67,4881.36,False,17,2011-12-16
35,4483.4,False,17,2011-12-23
26,48511.51,True,17,2011-12-30
81,8609.29,True,17,2011-12-30
60,39610.37,False,17,2011-12-23
32,9541.26,True,17,2011-12-30
36,36562.9,False,17,2011-12-16
52,20337.58,False,17,2011-12-02
35,20937.81,False,17,2011-12-30
54,27093.76,False,17,2011-12-30
1,17850.96,False,17,2011-12-02
71,45104.54,True,17,2011-12-30
82,46107.64,False,17,2011-12-02
33,3309.84,False,17,2011-12-02
94,3171.76,False,17,2011-12-02
95,54230.44,False,17,2011-12-02
16,49467.42,False,17,2011-12-09
1,6867.53,False,17,2011-12-09
42,3314.41,False,17,2011-12-02
24,16359.26,True,17,2011-12-30
46,34054.97,False,17,2011-12-09
31,38571.52,False,17,2011-12-23
7,4593.94,False,17,2011-12-02
17,8076.56,False,17,2011-12-30
40,36654.74,False,17,2011-12-02
3,9301.79,False,17,2011-12-09
2,10889.2,False,17,2011-12-23
56,2575.1,False,17,2011-12-09
20,32707.32,False,17,2011-12-02
97,17911.59,False,17,2011-12-16
71,22087.47,False,17,2011-12-23
74,15682.52,False,17,2011-12-16
1,36924.42,True,17,2011-12-30
19,5711.93,True,17,2011-12-30
7,3101.9,False,17,2011-12-16
55,20215.52,False,17,2011-12-02
52,2750.68,False,17,2011-12-16
35,6912.91,True,17,2011-12-30
97,16734.3,False,17,2011-12-09
33,14650.5,True,17,2011-12-30
79,1588.56,False,17,2011-12-02
24,27884.81,False,17,2011-12-02
72,826.27,False,17,2011-12-02
59,39576.43,False,17,2011-12-09
14,7469.35,False,17,2011-12-23
74,10212.97,False,17,2011-12-09
46,365.49,True,17,2011-12-30
31,20365.62,False,17,2011-12-09
40,16303.58,False,17,2011-12-02
72,27390.1,False,17,2011-12-16
46,17.11,False,17,2011-12-09
11,4547.84,False,17,2011-12-16
6,26035.92,False,17,2011-12-23
95,5853.1,False,17,2011-12-16
7,4718.45,False,17,2011-12-20
97,12913.78,False,17,2011-12-02
72,32.92,True,17,2011-12-30
48,2668.04,False,17,2011-12-02
14,4904.61,False,17,2011-12-23
90,22719.27,False,17,2011-12-23
98,2136.49,True,17,2011-12-30
30,2703.43,False,17,2011-12-16
42,853.26,False,17,2011-12-16
8,1121.9,False,17,2011-12-23
7,23774.98,False,17,2011-12-23
13,5349.25,False,17,2011-12-09
72,49617.14,True,17,2011-12-30
87,-653.84,False,17,2011-12-16
9,27340.74,True,17,2011-12-30
67,22149.02,False,17,2011-12-09
93,83607.56,True,17,2011-12-30
71,1356.76,False,17,2011-12-22
31,4372.98,False,17,2011-12-02
20,123643.28,False,17,2011-12-23
87,13134.87,True,17,2011-12-30
56,42033.1,False,17,2011-12-30
83,4286.75,False,17,2011-12-02
83,76485.38,False,17,2011-12-02
13,16448.0,False,17,2011-12-16
31,6000.24,False,17,2011-12-09
28,3562.85,True,17,2011-12-30
10,14243.42,False,17,2011-12-16
21,926.6,False,17,2011-12-02
93,8580.3,True,17,2011-12-30
10,643.02,False,17,2011-12-16
55,10233.0,True,17,2011-12-30
79,7861.63,True,17,2011-12-30
25,4820.79,False,17,2011-12-02
6,2734.91,False,17,2011-12-16
9,8975.06,False,17,2011-12-09
41,7125.58,False,17,2011-12-09
27,17544.36,False,17,2011-12-16
97,188829.55,False,17,2011-12-02
81,16978.95,True,17,2011-12-30
93,42133.02,False,17,2011-12-24
23,41717.13,False,17,2011-12-09
93,26998.76,False,17,2011-12-09
52,9546.02,False,17,2011-12-09
41,14172.3,False,17,2011-12-16
52,17284.01,False,17,2011-12-23
49,10320.31,True,17,2011-12-30
95,5211.7,True,17,2011-12-30
60,12.46,False,17,2011-12-16
21,4504.28,False,17,2011-12-16
6,52904.29,False,17,2011-12-23
98,3924.84,False,17,2011-12-16
90,17980.25,False,17,2011-12-09
93,2781.49,False,17,2011-12-16
96,33333.38,False,17,2011-12-02
98,49.21,False,17,2011-12-09
11,14635.41,False,17,2011-12-02
25,17175.1,True,17,2011-12-30
14,22953.0,False,17,2011-12-16
16,7423.63,False,17,2011-12-09
3,14468.88,False,17,2011-12-16
56,2237.12,False,17,2011-12-09
52,5174.77,False,17,2011-12-09
72,5254.04,False,17,2011-12-16
33,31.72,False,17,2011-12-23
92,27489.38,False,17,2011-12-09
13,16.27,True,17,2011-12-30
11,11866.15,False,17,2011-12-09
18,4569.18,False,17,2011-12-16
80,38133.45,True,17,2011-12-30
18,12.59,False,17,2011-12-16
97,1209.52,False,17,2011-12-23
94,16623.35,False,17,2011-12-16
83,16922.85,False,17,2011-12-16
92,970.04,False,17,2011-12-02
96,737.67,False,17,2011-12-16
9,13393.85,False,17,2011-12-23
58,48149.82,False,17,2011-12-02
90,2009.73,False,17,2011-12-09
21,11647.82,False,17,2011-12-02
59,6207.77,True,17,2011-12-30
23,28343.58,False,17,2011-12-02
31,48995.39,False,17,2011-12-02
49,10.75,True,18,2011-12-30
98,93163.52,True,18,2011-12-30
42,14596.5,False,18,2011-12-09
28,6574.3,False,18,2011-12-23
54,32347.58,False,18,2011-12-09
3,29299.08,False,18,2011-12-23
82,915.22,False,18,2011-12-02
56,67981.1,False,18,2011-12-23
12,1251.7,False,18,2011-12-16
38,6331.53,False,18,2011-12-16
80,19780.04,False,18,2011-12-02
12,101188.98,False,18,2011-12-23
97,13365.99,False,18,2011-12-02
19,9558.89,False,18,2011-12-09
10,8919.04,False,18,2011-12-16
24,30322.38,False,18,2011-12-02
5,4717.88,True,18,2011-12-30
11,6130.05,False,18,2011-12-02
11,17742.07,False,18,2011-12-16
79,80247.62,True,18,2011-12-30
25,2660.92,False,18,2011-12-02
25,3838.15,False,18,2011-12-02
30,5683.32,False,18,2011-12-16
23,44133.77,True,18,2011-12-30
82,18313.94,False,18,2011-12-02
91,1711.52,False,18,2011-12-23
24,389.24,False,18,2011-12-09
6,4200.53,False,18,2011-12-16
74,14714.87,False,18,2011-12-02
60,171326.38,False,18,2011-12-23
55,31560.68,False,18,2011-12-23
14,143.27,False,18,2011-12-16
34,13684.17,True,18,2011-12-30
11,29244.11,False,18,2011-12-16
85,15340.54,False,18,2011-12-09
81,16084.52,False,18,2011-12-02
94,2253.31,True,18,2011-12-30
85,4803.99,True,18,2011-12-30
72,56218.3,False,18,2011-12-02
5,14016.89,False,18,2011-12-09
93,39753.13,True,18,2011-12-30
81,5033.21,False,18,2011-12-16
40,23289.84,False,18,2011-12-23
33,2782.7,False,18,2011-12-16
27,68.01,True,18,2011-12-30
22,17541.98,False,18,2011-12-16
35,19185.29,False,18,2011-12-02
19,1540.55,False,18,2011-12-16
4,17835.12,False,18,2011-12-02
14,1164.35,False,18,2011-12-02
11,8104.89,False,18,2011-12-30
59,14821.07,False,18,2011-12-16
95,5842.43,False,18,2011-12-16
41,16747.17,False,18,2011-12-02
10,127.27,False,18,2011-12-02
1,5179.29,True,18,2011-12-30
92,1429.5,False,18,2011-12-16
41,4114.95,False,18,2011-12-23
87,61587.5,False,18,2011-12-02
10,34707.61,False,18,2011-12-16
14,16441.56,True,18,2011-12-30
21,196.31,False,18,2011-12-02
85,7430.2,False,18,2011-12-30
79,5273.38,False,18,2011-12-16
31,14887.19,False,18,2011-12-02
94,50756.62,False,18,2011-12-23
92,29158.66,False,18,2011-12-23
79,9954.02,False,18,2011-12-16
34,17173.35,True,18,2011-12-30
40,20608.65,True,18,2011-12-30
92,26603.03,False,18,2011-12-16
30,3165.58,False,18,2011-12-16
82,3829.04,False,18,2011-12-09
99,97131.79,False,18,2011-12-02
87,28127.27,False,18,2011-12-16
97,4827.34,False,18,2011-12-09
38,11677.08,False,18,2011-12-23
80,29318.66,False,18,2011-12-09
72,2720.81,False,18,2011-12-02
72,26018.92,False,18,2011-12-23
31,1159.74,False,18,2011-12-16
55,29136.59,False,18,2011-12-16
98,12113.08,True,18,2011-12-30
31,61238.86,False,18,2011-12-09
3,36012.96,False,18,2011-12-23
91,28875.5,False,18,2011-12-09
91,347.4,True,18,2011-12-30
81,1594.01,False,18,2011-12-02
18,28554.28,False,18,2011-12-09
34,30004.02,False,18,2011-12-02
52,515.73,False,18,2011-12-23
27,12719.18,True,18,2011-12-30
7,51725.92,True,18,2011-12-30
14,2543.29,False,18,2011-12-09
13,62.21,False,18,2011-12-02
23,11758.67,False,18,2011-12-09
98,1838.23,False,18,2011-12-02
49,14776.92,False,18,2011-12-16
13,10929.56,False,18,2011-12-02
60,3.27,True,18,2011-12-30
16,5736.01,True,18,2011-12-30
54,130809.22,False,18,2011-12-09
38,148668.39,False,18,2011-12-02
91,53333.96,False,18,2011-12-16
30,23234.56,True,18,2011-12-30
13,12918.44,False,18,2011-12-09
41,11061.16,True,18,2011-12-30
44,506.52,False,18,2011-12-09
85,10449.08,False,18,2011-12-16
26,1759.66,False,18,2011-12-02
19,4260.45,False,18,2011-12-09
41,29973.52,False,18,2011-12-23
26,12221.98,True,18,2011-12-30
97,78147.08,False,18,2011-12-16
35,8573.13,True,18,2011-12-30
23,17.16,False,18,2011-12-02
93,90938.98,False,18,2011-12-09
34,63084.4,False,18,2011-12-30
17,34.02,False,18,2011-12-02
80,50.04,False,18,2011-12-16
11,-461.56,True,18,2011-12-30
46,10498.94,False,18,2011-12-02
98,103918.15,False,18,2011-12-23
60,33083.04,False,18,2011-12-02
96,12098.58,False,18,2011-12-16
40,9049.54,False,18,2011-12-09
60,69718.85,False,18,2011-12-02
49,313.3,False,18,2011-12-09
10,124467.66,True,18,2011-12-30
49,10257.39,True,18,2011-12-30
20,138986.67,False,18,2011-12-16
90,79.87,False,18,2011-12-09
17,46442.98,False,18,2011-12-02
87,116.65,False,18,2011-12-02
6,28872.2,False,18,2011-12-23
16,4614.72,False,18,2011-12-16
38,37676.57,True,18,2011-12-30
56,15487.17,False,18,2011-12-23
18,1167.03,False,18,2011-12-16
83,59103.76,False,18,2011-12-16
38,26.03,True,18,2011-12-30
83,388.55,False,18,2011-12-02
37,4259.07,False,18,2011-12-30
13,7580.78,False,18,2011-12-02
59,967.22,False,18,2011-12-02
55,197.53,False,18,2011-12-16
11,76.38,False,18,2011-12-16
98,29658.72,True,18,2011-12-30
42,404.05,False,18,2011-12-02
21,478.34,False,18,2011-12-02
5,13438.29,True,18,2011-12-30
10,39954.18,True,18,2011-12-30
10,3760.57,False,18,2011-12-09
93,85560.11,False,18,2011-12-30
25,10954.84,False,18,2011-12-09
28,22773.25,False,18,2011-12-02
82,10025.43,True,18,2011-12-30
4,89.55,False,18,2011-12-09
2,1106.84,False,18,2011-12-16
30,5419.97,False,18,2011-12-16
91,127487.02,False,18,2011-12-23
67,24592.0,False,18,2011-12-02
33,19581.92,False,18,2011-12-02
60,21457.46,False,18,2011-12-16
27,46.56,False,18,2011-12-09
87,23897.28,False,18,2011-12-16
25,4161.51,False,18,2011-12-02
10,6337.33,False,18,2011-12-09
16,7412.83,True,18,2011-12-30
85,46013.84,False,18,2011-12-09
97,40447.9,False,18,2011-12-09
79,40883.14,False,18,2011-12-23
52,1793.36,False,18,2011-12-23
36,84828.8,False,18,2011-12-23
92,2711.99,True,18,2011-12-30
40,327.27,False,18,2011-12-02
21,18530.05,False,18,2011-12-23
71,10232.06,False,18,2011-12-02
25,7064.39,False,18,2011-12-02
3,4003.9,False,18,2011-12-09
9,4707.61,False,18,2011-12-02
85,86693.72,False,18,2011-12-16
6,6463.85,True,18,2011-12-30
85,39692.62,False,18,2011-12-02
94,17920.42,False,18,2011-12-16
19,2623.48,False,18,2011-12-09
30,3245.78,False,18,2011-12-23
3,1839.35,False,18,2011-12-23
8,30657.03,True,18,2011-12-30
41,17463.32,True,18,2011-12-30
26,62247.68,False,18,2011-12-16
33,1681.31,False,18,2011-12-09
6,469.98,False,18,2011-12-23
2,33897.33,True,18,2011-12-30
92,29762.78,False,18,2011-12-09
11,34590.5,False,18,2011-12-16
8,7517.74,False,18,2011-12-23
91,7505.7,False,18,2011-12-16
67,37920.44,False,18,2011-12-16
38,15799.82,False,18,2011-12-23
10,57487.74,False,18,2011-12-23
19,12116.81,False,18,2011-12-09
83,1277.53,False,18,2011-12-23
55,29434.99,False,18,2011-12-16
60,20948.01,False,18,2011-12-23
26,4805.61,False,18,2011-12-09
30,2157.54,False,18,2011-12-09
74,23740.48,False,18,2011-12-19
97,81337.53,True,18,2011-12-30
30,2604.77,False,18,2011-12-02
4,5779.35,False,18,2011-12-23
21,33471.97,False,18,2011-12-16
11,22279.08,True,18,2011-12-30
52,33036.03,False,18,2011-12-02
20,6802.03,False,18,2011-12-16
58,18837.71,False,18,2011-12-16
26,6791.24,False,18,2011-12-02
17,15552.68,False,18,2011-12-16
48,19904.28,False,18,2011-12-23
50,977.57,False,18,2011-12-09
11,240.86,False,18,2011-12-16
60,12214.44,False,18,2011-12-09
72,100971.48,False,18,2011-12-02
20,3678.74,False,18,2011-12-23
10,30280.05,False,18,2011-12-09
31,806.83,False,18,2011-12-16
52,7304.28,False,18,2011-12-30
1,39636.67,False,18,2011-12-16
12,43696.37,False,18,2011-12-16
7,19998.02,False,18,2011-12-09
58,5388.56,False,18,2011-12-09
31,9477.25,False,18,2011-12-23
95,11017.31,True,18,2011-12-30
42,110140.2,False,18,2011-12-23
85,130912.95,False,18,2011-12-23
13,2882.17,True,18,2011-12-30
9,12099.96,True,18,2011-12-30
58,52436.16,True,18,2011-12-30
95,16043.2,False,18,2011-12-02
16,6677.3,True,18,2011-12-30
22,453.35,False,18,2011-12-09
74,12347.26,False,18,2011-12-16
28,4187.83,False,18,2011-12-16
49,3997.43,True,18,2011-12-30
85,11751.59,False,18,2011-12-09
4,23446.0,False,18,2011-12-30
41,13.25,False,18,2011-12-09
45,10163.73,False,18,2011-12-16
35,16760.74,False,18,2011-12-02
25,12.97,True,18,2011-12-30
3,15651.05,False,18,2011-12-16
6,709.64,False,18,2011-12-23
60,43504.5,False,18,2011-12-16
10,5238.87,False,18,2011-12-02
79,19851.5,False,18,2011-12-23
14,61280.38,False,18,2011-12-09
24,8466.95,False,18,2011-12-09
83,18267.86,True,18,2011-12-30
80,3813.36,False,18,2011-12-02
92,9127.24,False,18,2011-12-09
17,8007.6,True,18,2011-12-30
1,1109.55,False,18,2011-12-23
41,3160.05,False,18,2011-12-02
27,56.3,False,18,2011-12-02
33,10107.02,False,18,2011-12-16
95,3855.45,False,18,2011-12-09
46,92.96,False,18,2011-12-16
29,16027.3,False,18,2011-12-02
58,13710.31,False,18,2011-12-16
97,11653.01,False,18,2011-12-16
92,8783.28,True,18,2011-12-30
18,28296.51,False,18,2011-12-02
79,9067.55,False,18,2011-12-16
94,85200.67,False,18,2011-12-23
72,59240.76,False,18,2011-12-30
32,27725.34,False,18,2011-12-09
80,12916.34,False,18,2011-12-23
60,680.67,False,18,2011-12-02
44,4497.27,False,18,2011-12-02
34,7287.69,False,18,2011-12-02
67,45456.37,False,18,2011-12-16
42,37869.68,False,18,2011-12-09
2,10968.93,True,18,2011-12-30
49,8856.26,False,18,2011-12-02
90,33172.08,False,18,2011-12-02
51,5128.69,True,18,2011-12-30
49,302.46,False,18,2011-12-09
49,1054.94,False,18,2011-12-09
98,3580.97,False,18,2011-12-16
87,480.85,False,18,2011-12-16
18,79291.24,True,18,2011-12-30
2,19216.97,False,18,2011-12-02
97,15661.87,True,18,2011-12-30
96,18935.25,True,18,2011-12-30
33,4146.22,False,18,2011-12-09
35,26938.79,False,18,2011-12-02
90,667.41,False,18,2011-12-23
35,13.08,False,18,2011-12-09
32,2578.3,False,18,2011-12-16
9,203.47,False,18,2011-12-02
41,731.85,False,18,2011-12-09
6,5472.76,False,18,2011-12-16
17,5150.96,False,18,2011-12-02
38,28665.19,False,18,2011-12-30
40,16113.92,False,18,2011-12-23
38,154298.11,False,18,2011-12-23
3,23146.64,False,18,2011-12-23
40,45185.42,False,18,2011-12-16
36,75662.34,False,18,2011-12-23
30,27133.87,False,18,2011-12-23
46,28079.27,True,18,2011-12-30
2,2615.43,False,18,2011-12-02
60,21436.78,False,18,2011-12-30
10,62415.82,True,18,2011-12-30
59,16176.55,False,18,2011-12-23
22,14563.72,False,18,2011-12-23
16,9011.36,False,18,2011-12-09
12,64206.88,False,18,2011-12-30
26,4520.81,False,18,2011-12-23
93,34274.3,False,18,2011-12-02
30,49797.14,False,18,2011-12-02
42,1.28,True,18,2011-12-30
90,11859.78,False,18,2011-12-23
2,31124.82,False,18,2011-12-30
80,888.38,True,18,2011-12-30
19,42330.8,True,18,2011-12-30
25,1789.26,True,18,2011-12-30
37,4932.53,False,18,2011-12-30
79,20219.19,False,18,2011-12-16
1,11378.51,False,18,2011-12-16
95,296.81,False,18,2011-12-02
2,6381.57,True,18,2011-12-30
77,1961.64,False,18,2011-12-16
98,15154.08,False,18,2011-12-09
99,86.49,False,18,2011-12-02
11,5483.66,False,18,2011-12-23
49,13623.31,True,18,2011-12-30
67,58516.28,False,18,2011-12-09
10,20764.87,False,18,2011-12-16
87,7954.72,True,18,2011-12-30
46,4926.4,True,18,2011-12-30
59,122614.3,False,18,2011-12-16
10,40762.09,False,18,2011-12-23
1,70206.01,False,18,2011-12-02
30,135444.08,False,18,2011-12-09
55,2665.0,False,18,2011-12-16
49,4073.91,False,18,2011-12-23
2,13969.63,False,18,2011-12-09
19,10946.34,False,18,2011-12-16
32,21833.56,True,18,2011-12-30
16,6836.3,False,18,2011-12-02
2,4255.72,False,18,2011-12-09
94,7327.62,False,18,2011-12-23
74,204.85,False,18,2011-12-16
28,2077.89,True,18,2011-12-30
96,1488.73,False,18,2011-12-09
1,15.1,True,18,2011-12-30
7,5425.09,False,18,2011-12-23
21,12951.08,False,18,2011-12-23
95,9618.9,False,18,2011-12-09
20,3240.52,False,19,2011-12-02
7,10028.41,True,19,2011-12-30
93,63.47,False,19,2011-12-09
38,761.44,True,19,2011-12-30
95,19651.81,False,19,2011-12-02
80,5215.84,True,19,2011-12-30
87,73985.68,False,19,2011-12-02
71,28951.43,False,19,2011-12-23
36,176.49,False,19,2011-12-09
38,11701.1,False,19,2011-12-09
54,36706.63,False,19,2011-12-02
82,79448.75,True,19,2011-12-30
17,6428.47,True,19,2011-12-30
87,30502.73,False,19,2011-12-02
94,4111.76,False,19,2011-12-30
92,7801.36,False,19,2011-12-02
95,1166.15,False,19,2011-12-02
21,14.66,False,19,2011-12-23
55,44980.33,False,19,2011-12-23
56,38.46,False,19,2011-12-02
83,49703.0,False,19,2011-12-09
21,37.7,False,19,2011-12-02
83,49131.56,False,19,2011-12-16
94,10592.19,False,19,2011-12-09
9,99833.69,False,19,2011-12-09
46,12907.38,True,19,2011-12-30
5,19.94,False,19,2011-12-02
46,18032.01,False,19,2011-12-02
8,1803.31,False,19,2011-12-02
2,6260.88,False,19,2011-12-09
83,24769.03,True,19,2011-12-30
45,13477.78,False,19,2011-12-16
9,853.45,True,19,2011-12-30
60,19488.34,False,19,2011-12-02
24,2750.37,False,19,2011-12-16
6,36674.82,False,19,2011-12-02
58,21908.34,False,19,2011-12-02
44,13050.28,False,19,2011-12-16
52,45680.28,False,19,2011-12-23
60,25692.32,False,19,2011-12-09
32,45764.17,False,19,2011-12-16
17,13461.58,False,19,2011-12-09
4,13246.08,False,19,2011-12-23
20,41044.34,False,19,2011-12-30
22,2098.49,False,19,2011-12-02
55,33005.35,False,19,2011-12-16
52,604.02,True,19,2011-12-30
99,4199.16,False,19,2011-12-23
16,4793.02,False,19,2011-12-16
80,1048.72,True,19,2011-12-30
30,24291.85,False,19,2011-12-23
95,3871.9,False,19,2011-12-23
58,10070.54,False,19,2011-12-16
44,1289.46,False,19,2011-12-02
71,5067.36,False,19,2011-12-23
80,2541.29,False,19,2011-12-02
16,41.23,False,19,2011-12-16
92,5886.3,True,19,2011-12-30
20,4503.96,False,19,2011-12-02
20,763.47,False,19,2011-12-02
60,4469.69,False,19,2011-12-16
94,31810.02,False,19,2011-12-02
59,38595.64,False,19,2011-12-16
6,6880.62,True,19,2011-12-30
60,125911.15,False,19,2011-12-09
90,6863.01,True,19,2011-12-30
55,83988.34,True,19,2011-12-30
9,8472.79,False,19,2011-12-23
59,3012.66,True,19,2011-12-30
2,23447.16,False,19,2011-12-02
97,67836.46,False,19,2011-12-16
56,890.67,False,19,2011-12-09
18,20167.88,False,19,2011-12-02
23,6603.92,False,19,2011-12-16
22,803.09,False,19,2011-12-02
44,2697.93,False,19,2011-12-16
45,1562.52,False,19,2011-12-02
99,8761.76,False,19,2011-12-16
91,369.38,False,19,2011-12-02
4,572.56,False,19,2011-12-02
72,8263.52,False,19,2011-12-02
90,16383.75,True,19,2011-12-30
49,9785.64,False,19,2011-12-09
92,181449.5,False,19,2011-12-09
10,1163.63,True,19,2011-12-30
46,2616.68,False,19,2011-12-16
23,12235.59,False,19,2011-12-09
56,132.38,False,19,2011-12-09
59,9703.01,False,19,2011-12-02
11,8921.52,False,19,2011-12-16
17,135.93,True,19,2011-12-30
41,67170.44,False,19,2011-12-02
26,38.05,False,19,2011-12-02
81,22215.84,False,19,2011-12-23
20,20985.16,False,19,2011-12-23
10,7304.77,False,19,2011-12-16
81,18005.81,False,19,2011-12-16
5,7070.87,True,19,2011-12-30
81,3788.72,False,19,2011-12-16
24,2482.44,False,19,2011-12-02
8,67041.06,True,19,2011-12-30
41,4060.15,False,19,2011-12-02
5,18035.76,False,19,2011-12-23
7,48198.06,False,19,2011-12-23
98,105976.38,False,19,2011-12-16
31,2125.37,False,19,2011-12-30
85,7298.58,False,19,2011-12-23
83,3027.36,True,19,2011-12-30
9,1948.21,True,19,2011-12-30
37,2019.87,False,19,2011-12-02
4,3376.35,True,19,2011-12-30
32,59123.39,False,19,2011-12-09
5,6036.54,False,19,2011-12-02
52,24847.33,False,19,2011-12-16
71,36667.17,True,19,2011-12-30
80,4437.24,True,19,2011-12-30
90,5274.95,True,19,2011-12-30
49,2265.19,False,19,2011-12-09
90,25367.34,False,19,2011-12-09
42,447.47,False,19,2011-12-16
19,1839.38,False,19,2011-12-09
97,5048.64,True,19,2011-12-30
77,73844.34,False,19,2011-12-02
96,2657.49,False,19,2011-12-09
6,37603.4,False,19,2011-12-09
40,9946.14,False,19,2011-12-23
85,6440.29,False,19,2011-12-30
52,1719.98,False,19,2011-12-02
21,68.47,True,19,2011-12-30
52,31110.4,False,19,2011-12-23
12,17337.38,False,19,2011-12-02
22,940.75,False,19,2011-12-16
21,639.15,True,19,2011-12-30
41,9232.36,False,19,2011-12-02
13,298649.84,False,19,2011-12-16
27,24835.99,False,19,2011-12-16
21,26134.61,False,19,2011-12-16
87,598.87,False,19,2011-12-16
42,12053.41,False,19,2011-12-02
94,10472.03,False,19,2011-12-23
32,4191.57,False,19,2011-12-02
49,896.35,False,19,2011-12-16
26,55515.22,False,19,2011-12-16
92,10457.86,False,19,2011-12-02
54,10375.03,False,19,2011-12-09
59,7710.39,False,19,2011-12-16
80,3585.29,True,19,2011-12-30
52,16797.22,True,19,2011-12-30
11,1100.71,False,19,2011-12-09
32,1713.94,True,19,2011-12-30
2,5201.19,False,19,2011-12-09
22,7616.79,False,19,2011-12-23
11,57451.08,False,19,2011-12-09
20,24788.28,False,19,2011-12-02
11,5077.69,False,19,2011-12-02
52,15802.53,False,19,2011-12-16
23,29145.75,False,19,2011-12-16
52,40419.51,False,19,2011-12-02
52,18614.59,False,19,2011-12-09
4,109858.11,False,19,2011-12-02
31,22245.88,False,19,2011-12-16
46,35685.42,False,19,2011-12-09
85,872.36,True,19,2011-12-30
55,44267.38,True,19,2011-12-30
58,6810.67,False,19,2011-12-16
79,11208.64,False,19,2011-12-23
24,22921.74,False,19,2011-12-02
97,42182.13,False,19,2011-12-23
22,52833.28,False,19,2011-12-09
97,1127.23,True,19,2011-12-30
35,207.86,False,19,2011-12-16
90,10556.82,False,19,2011-12-16
16,3037.75,False,19,2011-12-02
10,12937.72,False,19,2011-12-02
38,1356.19,True,19,2011-12-30
5,63571.91,False,19,2011-12-09
4,45.12,False,19,2011-12-02
60,11.28,True,19,2011-12-30
95,11.09,True,19,2011-12-30
4,49348.85,False,19,2011-12-23
5,3877.11,False,19,2011-12-09
18,63475.36,False,19,2011-12-09
11,1950.17,False,19,2011-12-09
6,5538.69,False,19,2011-12-02
67,4195.98,False,19,2011-12-23
18,3402.0,False,19,2011-12-23
27,41878.89,False,19,2011-12-16
74,124581.13,False,19,2011-12-02
46,17868.76,False,19,2011-12-02
22,15460.19,True,19,2011-12-30
97,6446.44,False,19,2011-12-16
40,19600.34,False,19,2011-12-09
4,52255.65,False,19,2011-12-16
24,39893.77,False,19,2011-12-30
98,1519.93,False,19,2011-12-09
93,10387.7,False,19,2011-12-16
14,6401.48,False,19,2011-12-16
11,1350.73,True,19,2011-12-30
7,36963.0,True,19,2011-12-30
30,65896.82,True,19,2011-12-30
82,413.76,False,19,2011-12-02
72,31211.38,False,19,2011-12-02
58,5037.42,False,19,2011-12-16
44,696.01,False,19,2011-12-09
4,25.92,False,19,2011-12-02
46,44044.98,False,19,2011-12-23
24,8.75,False,19,2011-12-09
19,78804.12,False,19,2011-12-23
21,24383.9,False,19,2011-12-09
59,284.38,True,19,2011-12-30
16,13708.36,True,19,2011-12-30
19,8951.26,False,19,2011-12-16
31,1057.99,False,19,2011-12-23
24,5307.24,False,19,2011-12-02
38,1981.94,False,19,2011-12-09
21,2167.9,True,19,2011-12-30
93,20228.86,False,19,2011-12-09
56,9805.96,False,19,2011-12-23
81,23253.75,False,19,2011-12-02
87,15.41,False,19,2011-12-16
20,887.76,False,19,2011-12-02
81,9847.74,True,19,2011-12-30
93,100.6,False,19,2011-12-02
87,6849.9,False,19,2011-12-16
67,26558.66,False,19,2011-12-09
92,10136.2,False,19,2011-12-16
80,2523.04,True,19,2011-12-30
93,22411.6,True,19,2011-12-30
83,6510.1,False,19,2011-12-09
13,22164.71,False,19,2011-12-09
23,92311.07,False,19,2011-12-16
7,33051.65,False,19,2011-12-16
83,46045.34,False,19,2011-12-23
91,49754.04,False,19,2011-12-09
7,236.8,True,19,2011-12-30
56,27474.74,False,19,2011-12-16
1,709.1,True,19,2011-12-30
67,12098.79,False,19,2011-12-23
8,7748.76,True,19,2011-12-30
81,37360.74,False,19,2011-12-16
6,66041.92,True,19,2011-12-30
16,-1.15,False,19,2011-12-02
67,33820.51,False,19,2011-12-23
67,18952.48,False,19,2011-12-02
16,79906.39,False,19,2011-12-23
13,728.13,True,19,2011-12-30
18,956.88,False,19,2011-12-23
30,20102.66,True,19,2011-12-30
32,5105.93,False,19,2011-12-16
52,281.89,False,19,2011-12-16
9,26240.12,False,19,2011-12-23
9,11739.58,False,19,2011-12-23
98,2522.08,False,19,2011-12-02
31,4908.97,False,19,2011-12-16
16,567.86,False,19,2011-12-02
20,20052.82,False,19,2011-12-16
37,8136.35,False,19,2011-12-02
21,15339.0,False,19,2011-12-09
74,83628.46,True,19,2011-12-30
24,3509.04,True,19,2011-12-30
85,110327.09,False,19,2011-12-23
16,32052.04,False,19,2011-12-16
81,4890.98,False,19,2011-12-30
22,9617.01,False,19,2011-12-16
59,14101.95,False,19,2011-12-23
8,5786.8,False,19,2011-12-02
85,3322.68,False,19,2011-12-02
85,1609.7,False,19,2011-12-09
92,1962.62,True,19,2011-12-30
17,31215.04,False,19,2011-12-16
18,16670.83,False,19,2011-12-16
52,22889.11,False,19,2011-12-02
4,17782.35,False,19,2011-12-30
80,2249.74,True,19,2011-12-30
58,2799.73,True,19,2011-12-30
21,2636.56,False,19,2011-12-16
9,34492.38,False,19,2011-12-30
67,45751.84,True,19,2011-12-30
90,7341.28,True,19,2011-12-30
16,20602.24,False,19,2011-12-02
97,11276.84,False,19,2011-12-30
71,7311.78,True,19,2011-12-30
91,28796.68,False,19,2011-12-16
58,6350.26,False,19,2011-12-16
2,11657.35,False,19,2011-12-16
82,29135.53,False,19,2011-12-16
91,33617.01,False,19,2011-12-23
54,4728.61,False,19,2011-12-09
16,287742.97,False,19,2011-12-16
79,3104.76,False,19,2011-12-16
7,1385.12,True,19,2011-12-30
56,27089.38,False,19,2011-12-09
6,4115.02,False,19,2011-12-09
12,8526.45,False,19,2011-12-09
4,14614.46,False,19,2011-12-09
35,35659.28,False,19,2011-12-16
19,62032.67,True,19,2011-12-30
79,43860.96,False,19,2011-12-23
55,5868.7,True,19,2011-12-30
4,5549.72,False,19,2011-12-16
56,397.51,False,19,2011-12-02
31,7082.23,False,19,2011-12-09
40,66338.81,False,19,2011-12-09
16,4025.03,False,19,2011-12-30
16,125573.41,False,19,2011-12-02
24,13757.35,False,19,2011-12-02
92,162.16,False,19,2011-12-09
6,15794.56,False,19,2011-12-16
36,104901.4,False,19,2011-12-16
35,62.75,False,19,2011-12-16
46,15779.0,False,19,2011-12-02
81,54094.52,False,19,2011-12-02
44,1724.33,False,19,2011-12-16
49,2247.07,False,19,2011-12-09
28,59849.88,False,19,2011-12-23
85,10657.63,True,19,2011-12-30
23,17569.15,False,19,2011-12-02
16,162676.31,False,19,2011-12-23
4,2001.13,False,19,2011-12-02
74,13852.73,False,19,2011-12-16
16,11280.24,False,19,2011-12-09
9,45324.62,False,19,2011-12-23
44,3671.87,False,19,2011-12-16
18,1977.61,False,19,2011-12-02
81,37417.55,False,19,2011-12-23
12,995.08,False,19,2011-12-08
74,36281.92,False,19,2011-12-02
95,28314.3,False,19,2011-12-16
71,13006.29,False,19,2011-12-02
22,44994.72,False,19,2011-12-09
24,18004.42,False,19,2011-12-02
26,21947.6,False,19,2011-12-16
44,1236.06,False,19,2011-12-02
60,4811.17,False,19,2011-12-16
5,71326.96,False,19,2011-12-02
45,873.73,False,19,2011-12-16
80,3046.69,True,19,2011-12-30
74,34124.33,False,19,2011-12-23
3,21293.9,True,19,2011-12-30
16,3454.19,False,19,2011-12-23
17,11984.9,False,19,2011-12-23
26,29626.09,True,19,2011-12-30
45,7791.56,False,19,2011-12-23
92,1040.58,True,19,2011-12-30
44,4237.98,True,19,2011-12-30
60,8235.14,False,19,2011-12-16
92,115892.05,False,19,2011-12-02
92,5414.6,False,19,2011-12-02
34,1332.37,False,19,2011-12-16
25,14913.61,False,19,2011-12-02
55,254.24,False,19,2011-12-09
41,3171.09,False,19,2011-12-09
11,1022.92,False,19,2011-12-16
82,15438.57,False,19,2011-12-16
52,45938.12,True,19,2011-12-30
25,23707.12,False,19,2011-12-16
6,57.04,True,19,2011-12-30
38,22032.75,True,19,2011-12-30
9,11872.14,False,19,2011-12-16
40,46238.81,False,19,2011-12-09
32,1544.84,True,19,2011-12-30
30,55423.88,False,19,2011-12-09
5,4603.79,False,19,2011-12-23
3,56983.46,False,19,2011-12-02
36,9786.55,True,19,2011-12-30
29,2015.48,True,19,2011-12-30
4,122755.66,False,20,2011-12-02
30,11444.16,True,20,2011-12-30
79,3747.57,False,20,2011-12-09
54,406.29,False,20,2011-12-23
41,9481.34,False,20,2011-12-02
50,7116.3,False,20,2011-12-16
94,823.61,False,20,2011-12-02
27,37217.94,False,20,2011-12-16
95,16361.05,False,20,2011-12-02
9,57915.14,False,20,2011-12-09
67,19687.76,False,20,2011-12-16
52,1192.19,False,20,2011-12-02
74,39414.19,True,20,2011-12-30
26,17471.9,False,20,2011-12-02
95,4545.19,False,20,2011-12-23
98,11859.7,False,20,2011-12-23
67,47120.5,False,20,2011-12-30
6,36054.4,True,20,2011-12-30
91,5230.19,False,20,2011-12-23
85,68239.02,False,20,2011-12-16
10,2391.08,False,20,2011-12-04
18,176864.73,False,20,2011-12-09
82,6411.3,False,20,2011-12-09
71,10.94,False,20,2011-12-02
90,995.1,True,20,2011-12-30
10,26237.3,True,20,2011-12-30
90,39.33,False,20,2011-12-02
5,20056.78,False,20,2011-12-09
52,6628.98,False,20,2011-12-02
14,1971.35,False,20,2011-12-02
97,35283.44,False,20,2011-12-02
36,9398.08,False,20,2011-12-16
26,15223.11,False,20,2011-12-16
97,5472.56,True,20,2011-12-30
40,46720.22,False,20,2011-12-16
47,8888.08,True,20,2011-12-30
74,1677.63,True,20,2011-12-30
3,83481.21,True,20,2011-12-30
67,20512.6,False,20,2011-12-23
83,110849.66,False,20,2011-12-16
58,39971.61,True,20,2011-12-30
21,68.02,False,20,2011-12-02
32,3356.31,False,20,2011-12-23
56,26709.5,False,20,2011-12-16
16,100196.42,False,20,2011-12-23
55,109827.2,False,20,2011-12-23
20,8199.25,False,20,2011-12-02
94,8878.23,True,20,2011-12-30
6,19901.44,False,20,2011-12-09
98,4695.75,False,20,2011-12-16
33,98054.64,False,20,2011-12-23
42,6852.33,False,20,2011-12-23
35,63148.51,False,20,2011-12-16
58,12915.4,False,20,2011-12-16
93,9.7,True,20,2011-12-30
22,13717.89,False,20,2011-12-23
44,2283.53,False,20,2011-12-02
25,1393.57,False,20,2011-12-02
91,48311.94,False,20,2011-12-09
54,9280.63,True,20,2011-12-30
4,603.2,False,20,2011-12-16
40,42566.62,False,20,2011-12-09
35,1217.88,False,20,2011-12-09
38,3394.89,True,20,2011-12-30
38,3334.94,True,20,2011-12-30
44,65723.07,False,20,2011-12-16
74,5494.34,False,20,2011-12-02
5,16757.48,False,20,2011-12-16
31,48876.98,False,20,2011-12-23
52,179239.56,False,20,2011-12-03
67,28028.63,False,20,2011-12-16
92,30166.9,False,20,2011-12-30
26,6139.81,True,20,2011-12-30
97,27676.36,False,20,2011-12-09
32,2075.78,False,20,2011-12-02
42,34.09,False,20,2011-12-02
11,17.99,False,20,2011-12-09
90,2704.98,False,20,2011-12-09
9,1447.87,False,20,2011-12-02
31,5286.17,False,20,2011-12-02
3,26037.17,False,20,2011-12-02
10,24499.96,False,20,2011-12-16
10,9436.35,False,20,2011-12-16
1,7428.99,False,20,2011-12-16
95,673.78,False,20,2011-12-16
55,12405.96,False,20,2011-12-16
41,41185.95,False,20,2011-12-09
11,12703.83,False,20,2011-12-02
28,1911.66,False,20,2011-12-02
98,2894.93,False,20,2011-12-16
34,22141.38,False,20,2011-12-09
36,4241.8,False,20,2011-12-02
6,106956.84,False,20,2011-12-02
1,8112.24,False,20,2011-12-02
17,4600.53,True,20,2011-12-30
41,5023.83,False,20,2011-12-16
9,5396.67,False,20,2011-12-16
27,163.82,False,20,2011-12-02
7,5387.91,False,20,2011-12-09
46,404.89,False,20,2011-12-02
2,3337.28,False,20,2011-12-30
7,16690.94,True,20,2011-12-30
71,52.92,True,20,2011-12-30
60,-254.39,False,20,2011-12-16
56,869.15,False,20,2011-12-09
22,9235.02,True,20,2011-12-30
5,20073.37,False,20,2011-12-02
96,39062.5,False,20,2011-12-23
1,3361.53,False,20,2011-12-09
91,6377.87,False,20,2011-12-16
59,9601.07,True,20,2011-12-30
79,8372.86,False,20,2011-12-16
30,7593.64,False,20,2011-12-16
67,6707.54,False,20,2011-12-02
18,573.65,False,20,2011-12-16
44,39064.56,True,20,2011-12-30
18,5389.69,False,20,2011-12-16
2,6888.73,True,20,2011-12-30
91,2640.59,False,20,2011-12-02
97,47447.17,False,20,2011-12-16
47,7127.69,False,20,2011-12-16
16,49818.58,False,20,2011-12-09
5,33092.67,False,20,2011-12-02
90,4580.66,False,20,2011-12-09
36,36759.6,False,20,2011-12-09
41,2255.07,False,20,2011-12-16
19,25336.93,True,20,2011-12-30
38,9346.25,False,20,2011-12-16
40,9206.92,False,20,2011-12-16
8,9796.84,False,20,2011-12-23
21,16425.0,False,20,2011-12-09
31,85.15,False,20,2011-12-23
3,12688.56,False,20,2011-12-09
2,319081.75,False,20,2011-12-30
2,13639.28,False,20,2011-12-30
22,2002.52,False,20,2011-12-23
41,4.39,True,20,2011-12-30
36,3278.55,False,20,2011-12-16
31,30.94,False,20,2011-12-16
23,27273.5,False,20,2011-12-02
1,10672.76,True,20,2011-12-30
7,9.7,True,20,2011-12-30
26,19188.65,False,20,2011-12-16
4,2546.29,False,20,2011-12-16
27,12967.76,False,20,2011-12-02
35,3257.74,True,20,2011-12-30
22,9165.74,False,20,2011-12-16
46,22274.18,False,20,2011-12-02
97,36.6,False,20,2011-12-23
48,82633.97,False,20,2011-12-16
21,6337.92,False,20,2011-12-09
11,8301.32,False,20,2011-12-27
46,54614.48,False,20,2011-12-23
4,86687.52,False,20,2011-12-16
12,55907.49,False,20,2011-12-16
72,16735.81,True,20,2011-12-30
26,5359.25,False,20,2011-12-09
79,49657.7,False,20,2011-12-16
67,39159.1,True,20,2011-12-30
9,21466.68,False,20,2011-12-09
55,814.6,True,20,2011-12-30
48,24324.61,False,20,2011-12-09
85,2448.15,False,20,2011-12-02
56,3253.33,False,20,2011-12-09
79,14019.4,False,20,2011-12-16
9,16.1,False,20,2011-12-02
24,11375.74,True,20,2011-12-30
3,63991.5,False,20,2011-12-02
97,2806.5,False,20,2011-12-16
80,12.73,False,20,2011-12-16
42,2868.58,False,20,2011-12-09
93,78.1,False,20,2011-12-09
14,5769.24,False,20,2011-12-02
52,3941.14,False,20,2011-12-09
12,44116.35,True,20,2011-12-30
17,2489.85,False,20,2011-12-02
87,6452.44,False,20,2011-12-09
56,22303.61,True,20,2011-12-30
10,134.12,False,20,2011-12-16
20,1199.36,True,20,2011-12-30
21,28153.01,False,20,2011-12-16
55,6427.12,False,20,2011-12-09
12,59137.28,False,20,2011-12-09
87,2184.6,False,20,2011-12-09
52,40683.76,False,20,2011-12-16
72,13285.27,False,20,2011-12-16
90,3419.54,True,20,2011-12-30
34,2185.24,False,20,2011-12-02
16,31918.12,False,20,2011-12-02
19,17.16,False,20,2011-12-09
52,1807.96,False,20,2011-12-23
93,23215.7,False,20,2011-12-16
34,29858.93,False,20,2011-12-02
87,26073.41,False,20,2011-12-02
92,27464.57,True,20,2011-12-30
44,31638.78,False,20,2011-12-02
59,1388.03,False,20,2011-12-02
42,6581.76,False,20,2011-12-02
56,5235.16,False,20,2011-12-16
47,961.44,True,20,2011-12-30
91,9588.21,False,20,2011-12-09
46,26290.69,False,20,2011-12-02
93,82.54,False,20,2011-12-02
60,103.86,False,20,2011-12-02
59,64073.54,False,20,2011-12-23
97,5083.87,False,20,2011-12-09
20,5116.06,False,20,2011-12-16
40,6471.49,False,20,2011-12-16
40,5386.48,True,20,2011-12-30
60,200.33,False,20,2011-12-23
11,9377.08,True,20,2011-12-30
8,4859.55,False,20,2011-12-16
67,1509.13,False,20,2011-12-16
79,2662.78,False,20,2011-12-09
67,53792.52,False,20,2011-12-02
3,961.98,False,20,2011-12-02
48,14043.8,False,20,2011-12-02
96,42344.2,False,20,2011-12-02
87,36969.82,False,20,2011-12-02
77,4153.52,True,20,2011-12-30
55,50462.84,False,20,2011-12-02
40,5187.51,True,20,2011-12-30
27,44.52,True,20,2011-12-30
96,6041.61,False,20,2011-12-16
72,26571.35,False,20,2011-12-30
14,3559.6,False,20,2011-12-23
79,4172.41,True,20,2011-12-30
35,6737.25,False,20,2011-12-16
59,4510.87,False,20,2011-12-02
44,4839.21,False,20,2011-12-16
11,29598.36,False,20,2011-12-09
7,628.71,False,20,2011-12-02
1,7700.3,False,20,2011-12-16
22,1091.7,True,20,2011-12-30
29,432.93,False,20,2011-12-16
12,21854.56,False,20,2011-12-16
2,7802.44,False,20,2011-12-02
22,53675.72,False,20,2011-12-16
27,21511.97,False,20,2011-12-09
74,34871.35,False,20,2011-12-16
31,8111.47,True,20,2011-12-30
67,40.04,False,20,2011-12-16
32,51.0,False,20,2011-12-02
60,3528.66,False,20,2011-12-23
32,2446.78,False,20,2011-12-30
29,49103.88,False,20,2011-12-23
56,16410.18,False,20,2011-12-16
90,64173.66,True,20,2011-12-30
77,11105.7,False,20,2011-12-02
24,12368.27,False,20,2011-12-09
3,16964.19,False,20,2011-12-02
9,1685.02,True,20,2011-12-30
8,2772.02,False,20,2011-12-16
8,9158.01,False,20,2011-12-02
45,23155.48,False,20,2011-12-16
60,63572.99,False,20,2011-12-02
11,158736.2,False,20,2011-12-16
71,15.96,True,20,2011-12-30
29,46.31,False,20,2011-12-16
95,33017.52,False,20,2011-12-02
3,5020.65,False,20,2011-12-02
97,135.93,False,20,2011-12-16
14,1103.23,False,20,2011-12-02
58,16.05,False,20,2011-12-02
14,49833.92,False,20,2011-12-02
6,1749.97,False,20,2011-12-09
17,127255.34,False,20,2011-12-30
12,255.79,True,20,2011-12-30
81,31494.65,False,20,2011-12-02
87,957.14,False,20,2011-12-02
82,-0.2,False,20,2011-12-02
2,24735.94,False,20,2011-12-09
98,12042.11,False,20,2011-12-02
29,69052.93,False,20,2011-12-09
19,7259.04,False,20,2011-12-23
9,45.74,False,20,2011-12-02
24,2575.48,False,20,2011-12-02
8,2727.01,False,20,2011-12-16
22,12727.08,False,20,2011-12-09
47,1212.74,True,20,2011-12-30
49,54230.44,False,20,2011-12-02
83,28394.44,False,20,2011-12-09
97,77.4,False,20,2011-12-09
37,7678.95,False,20,2011-12-16
67,363.25,True,20,2011-12-30
18,78957.36,False,20,2011-12-02
59,11413.66,True,20,2011-12-30
83,7864.25,True,20,2011-12-30
42,19099.3,True,20,2011-12-30
98,1462.28,False,20,2011-12-09
7,1272.3,False,20,2011-12-02
97,2499.7,False,20,2011-12-02
85,113.12,True,20,2011-12-30
98,23230.84,False,20,2011-12-16
80,54608.42,False,20,2011-12-02
24,777.43,False,20,2011-12-02
99,11951.98,False,20,2011-12-30
27,25978.74,True,20,2011-12-30
5,1442.09,False,20,2011-12-16
48,76707.66,False,20,2011-12-02
67,2182.14,False,20,2011-12-02
35,1869.11,False,20,2011-12-09
1,54878.14,True,20,2011-12-30
87,5301.54,False,20,2011-12-02
12,2784.95,True,20,2011-12-30
2,2431.32,False,20,2011-12-09
27,35.78,False,20,2011-12-09
54,161.52,True,20,2011-12-30
25,968.02,False,20,2011-12-02
92,15393.76,False,20,2011-12-02
74,19996.44,False,20,2011-12-02
47,133.1,False,20,2011-12-09
49,5666.52,False,20,2011-12-02
41,3106.7,False,20,2011-12-16
7,1603.84,False,20,2011-12-09
27,5144.18,True,20,2011-12-30
95,6809.21,False,20,2011-12-16
95,590.65,False,20,2011-12-16
74,10187.68,False,20,2011-12-09
60,48360.42,False,20,2011-12-23
13,1507.01,True,20,2011-12-30
17,3060.41,False,20,2011-12-02
23,1265.67,False,20,2011-12-09
17,3630.67,True,20,2011-12-30
85,3784.12,False,20,2011-12-09
24,4279.28,False,20,2011-12-09
96,14903.81,False,20,2011-12-23
24,4319.94,False,20,2011-12-16
56,53514.92,False,20,2011-12-02
10,7327.12,False,20,2011-12-16
9,18231.15,False,20,2011-12-16
90,1814.83,False,20,2011-12-09
13,25147.96,False,20,2011-12-23
18,2561.02,False,20,2011-12-02
93,6480.1,False,20,2011-12-02
91,26514.1,True,20,2011-12-30
87,38469.7,False,20,2011-12-16
16,4211.81,False,20,2011-12-16
51,11335.92,False,20,2011-12-16
52,9.7,False,20,2011-12-16
28,3386.7,False,20,2011-12-02
28,64739.81,False,20,2011-12-23
56,8197.35,False,20,2011-12-09
16,75901.84,False,21,2011-12-16
18,81577.47,False,21,2011-12-02
72,24584.43,False,21,2011-12-16
71,8801.54,False,21,2011-12-02
16,-780.88,False,21,2011-12-23
31,15866.95,False,21,2011-12-16
27,140271.77,False,21,2011-12-02
44,11261.8,False,21,2011-12-23
59,978.54,False,21,2011-12-16
87,20889.07,False,21,2011-12-16
16,14581.3,False,21,2011-12-16
24,9.37,False,21,2011-12-02
81,4074.33,True,21,2011-12-30
59,8016.08,False,21,2011-12-23
20,591.95,False,21,2011-12-02
21,26714.68,True,21,2011-12-30
20,7954.27,False,21,2011-12-16
6,102.95,False,21,2011-12-09
14,39370.05,True,21,2011-12-30
30,3392.66,False,21,2011-12-16
91,108415.61,False,21,2011-12-02
25,1226.65,True,21,2011-12-30
71,8042.23,False,21,2011-12-02
67,100811.55,False,21,2011-12-16
3,2048.86,False,21,2011-12-02
1,5191.91,False,21,2011-12-16
4,83.72,False,21,2011-12-09
81,5358.3,True,21,2011-12-30
7,2346.48,False,21,2011-12-16
28,48208.02,True,21,2011-12-30
46,391.65,False,21,2011-12-09
52,39497.02,False,21,2011-12-02
67,75453.89,False,21,2011-12-16
60,10978.83,False,21,2011-12-16
59,75733.88,False,21,2011-12-30
20,83954.86,False,21,2011-12-02
72,1925.99,False,21,2011-12-16
98,81350.84,False,21,2011-12-23
1,316.79,False,21,2011-12-02
95,6493.39,False,21,2011-12-02
74,11242.77,True,21,2011-12-30
40,17940.24,True,21,2011-12-30
52,6022.08,False,21,2011-12-23
3,15425.47,False,21,2011-12-09
2,10292.04,False,21,2011-12-23
80,23627.91,False,21,2011-12-02
98,13385.09,False,21,2011-12-09
83,22140.62,False,21,2011-12-02
93,53607.15,True,21,2011-12-30
28,4151.6,False,21,2011-12-16
40,14518.36,False,21,2011-12-18
22,37499.26,False,21,2011-12-23
74,12085.6,True,21,2011-12-30
98,32919.52,False,21,2011-12-16
12,9742.51,True,21,2011-12-30
60,41003.34,False,21,2011-12-23
87,230.91,True,21,2011-12-30
7,7872.8,True,21,2011-12-30
6,33225.06,False,21,2011-12-23
21,81420.7,False,21,2011-12-02
85,20.62,False,21,2011-12-02
32,20959.32,False,21,2011-12-16
20,615.24,True,21,2011-12-30
67,13602.06,False,21,2011-12-23
19,2313.93,True,21,2011-12-30
56,31471.82,True,21,2011-12-30
32,71248.62,False,21,2011-12-23
96,24582.92,False,21,2011-12-09
24,4923.79,True,21,2011-12-30
14,-634.97,False,21,2011-12-23
90,34116.26,False,21,2011-12-30
50,45534.65,False,21,2011-12-30
90,1815.82,False,21,2011-12-23
34,1463.07,True,21,2011-12-30
92,498.53,False,21,2011-12-23
47,21992.71,False,21,2011-12-16
94,48468.11,False,21,2011-12-09
47,3215.37,True,21,2011-12-30
18,5796.62,True,21,2011-12-30
7,343.14,False,21,2011-12-16
98,26981.23,False,21,2011-12-23
95,4592.61,False,21,2011-12-09
67,7969.32,False,21,2011-12-16
49,3182.19,True,21,2011-12-30
67,9635.22,False,21,2011-12-02
95,1743.42,False,21,2011-12-09
67,164462.22,False,21,2011-12-23
32,7934.8,False,21,2011-12-09
8,139.13,True,21,2011-12-30
30,8614.78,True,21,2011-12-30
32,13736.87,False,21,2011-12-16
7,4520.1,True,21,2011-12-30
98,14202.09,False,21,2011-12-23
31,28632.5,False,21,2011-12-23
55,69165.74,False,21,2011-12-16
81,365.89,False,21,2011-12-02
91,164.13,False,21,2011-12-16
54,20.6,False,21,2011-12-09
85,3007.68,True,21,2011-12-30
18,82051.78,False,21,2011-12-23
67,29115.84,False,21,2011-12-16
12,42769.61,False,21,2011-12-09
82,3596.25,False,21,2011-12-02
91,4507.41,False,21,2011-12-23
1,11928.19,False,21,2011-12-30
10,12395.7,False,21,2011-12-23
17,28604.98,False,21,2011-12-23
36,33821.83,False,21,2011-12-09
82,619.94,False,21,2011-12-02
29,40359.49,True,21,2011-12-30
42,2548.61,False,21,2011-12-23
94,19.26,False,21,2011-12-02
67,254.34,False,21,2011-12-02
4,5478.03,False,21,2011-12-02
18,25.31,False,21,2011-12-23
4,40500.77,False,21,2011-12-09
38,1200.68,False,21,2011-12-09
50,44838.19,False,21,2011-12-02
4,33427.26,False,21,2011-12-23
26,3344.88,False,21,2011-12-16
46,73776.62,False,21,2011-12-09
52,50526.64,False,21,2011-12-02
44,2468.35,False,21,2011-12-23
25,33129.24,False,21,2011-12-23
2,3433.19,False,21,2011-12-02
31,4510.72,True,21,2011-12-30
42,4988.78,False,21,2011-12-16
10,34209.35,False,21,2011-12-16
90,68196.3,False,21,2011-12-16
2,661.3,False,21,2011-12-02
10,3872.52,False,21,2011-12-09
90,1757.35,False,21,2011-12-30
87,3936.91,False,21,2011-12-09
23,12905.28,False,21,2011-12-16
13,13519.84,False,21,2011-12-09
97,16260.39,False,21,2011-12-16
34,977.14,True,21,2011-12-30
81,6115.78,True,21,2011-12-30
55,6947.79,False,21,2011-12-16
92,61264.88,False,21,2011-12-02
77,48914.14,True,21,2011-12-30
28,56830.95,False,21,2011-12-09
29,12324.01,True,21,2011-12-30
95,17714.32,False,21,2011-12-23
19,74712.97,True,21,2011-12-30
24,18035.87,False,21,2011-12-23
21,4840.7,False,21,2011-12-02
21,93633.27,False,21,2011-12-02
21,19928.99,False,21,2011-12-09
83,1165.94,False,21,2011-12-16
87,13761.33,False,21,2011-12-16
36,64638.28,False,21,2011-12-23
52,533.25,False,21,2011-12-02
4,14926.53,False,21,2011-12-09
25,15092.71,True,21,2011-12-30
67,54096.88,False,21,2011-12-23
87,13632.66,False,21,2011-12-02
55,2265.65,False,21,2011-12-23
32,6028.29,False,21,2011-12-02
49,75.5,False,21,2011-12-02
9,10139.96,False,21,2011-12-23
5,13077.49,False,21,2011-12-23
67,4618.72,False,21,2011-12-02
54,7268.01,False,21,2011-12-23
17,643.09,True,21,2011-12-30
71,33224.41,True,21,2011-12-30
34,71513.18,False,21,2011-12-02
14,7284.8,False,21,2011-12-02
92,26828.14,False,21,2011-12-16
2,1372.92,False,21,2011-12-16
2,3785.5,False,21,2011-12-23
22,10132.38,True,21,2011-12-30
81,31230.74,False,21,2011-12-09
58,75947.98,False,21,2011-12-16
33,11034.74,True,21,2011-12-30
11,623.52,False,21,2011-12-02
38,5648.98,False,21,2011-12-16
60,1016.05,False,21,2011-12-09
33,739.36,False,21,2011-12-09
35,-11.24,False,21,2011-12-16
95,31.87,False,21,2011-12-02
37,62811.21,False,21,2011-12-23
12,1795.11,False,21,2011-12-02
90,8554.51,False,21,2011-12-02
71,15.37,False,21,2011-12-16
45,385.5,False,21,2011-12-02
5,16039.67,False,21,2011-12-16
20,4131.44,False,21,2011-12-02
38,81582.19,False,21,2011-12-09
38,20232.16,False,21,2011-12-09
97,38864.52,False,21,2011-12-23
28,18783.73,False,21,2011-12-02
54,6713.78,False,21,2011-12-09
79,696.18,False,21,2011-12-02
52,3207.39,False,21,2011-12-16
79,46128.4,False,21,2011-12-16
29,13892.97,False,21,2011-12-23
22,3066.52,True,21,2011-12-30
4,14286.3,True,21,2011-12-30
40,52658.46,False,21,2011-12-09
79,139.03,False,21,2011-12-09
5,467.38,False,21,2011-12-16
81,6315.25,False,21,2011-12-16
31,11908.33,False,21,2011-12-16
95,4675.04,False,21,2011-12-23
37,5911.14,False,21,2011-12-02
14,5119.45,False,21,2011-12-23
23,7587.65,False,21,2011-12-02
42,8298.73,False,21,2011-12-09
82,40.96,False,21,2011-12-09
97,37340.81,False,21,2011-12-02
23,12264.59,False,21,2011-12-09
2,252.6,False,21,2011-12-23
74,6294.19,False,21,2011-12-09
11,7452.6,True,21,2011-12-30
12,22955.96,False,21,2011-12-16
1,49494.14,False,21,2011-12-09
1,3150.43,False,21,2011-12-02
12,2762.13,False,21,2011-12-16
41,2793.3,False,21,2011-12-16
80,2937.37,False,21,2011-12-16
87,3194.68,False,21,2011-12-02
67,32342.47,True,21,2011-12-30
54,6865.04,False,21,2011-12-23
11,5099.77,False,21,2011-12-02
4,4423.28,False,21,2011-12-09
83,8136.38,False,21,2011-12-09
87,8586.32,False,21,2011-12-23
25,14212.17,False,21,2011-12-02
17,3228.44,False,21,2011-12-02
32,45012.78,False,21,2011-12-16
52,2684.51,False,21,2011-12-02
3,77808.89,True,21,2011-12-30
28,17746.36,True,21,2011-12-30
20,12.54,True,21,2011-12-30
6,130.47,False,21,2011-12-16
59,3436.67,False,21,2011-12-02
12,2335.36,False,21,2011-12-09
28,6429.46,False,21,2011-12-04
42,158.52,False,21,2011-12-02
6,37142.45,False,21,2011-12-09
42,1393.68,True,21,2011-12-30
60,18177.48,False,21,2011-12-30
93,39760.71,False,21,2011-12-23
36,3400.81,True,21,2011-12-30
3,13580.93,False,21,2011-12-09
42,51084.14,False,21,2011-12-02
71,63357.88,True,21,2011-12-30
60,214.11,False,21,2011-12-09
8,24060.97,False,21,2011-12-23
67,421.93,False,21,2011-12-23
54,138486.78,False,21,2011-12-09
18,1693.27,False,21,2011-12-16
4,18963.05,False,21,2011-12-30
24,46361.9,False,21,2011-12-23
98,20335.07,False,21,2011-12-16
98,21.48,False,21,2011-12-02
74,6964.22,False,21,2011-12-16
11,610.94,False,21,2011-12-02
67,27607.88,False,21,2011-12-02
22,5488.84,False,21,2011-12-16
49,2321.11,False,21,2011-12-16
25,27065.32,True,21,2011-12-30
45,1919.7,True,21,2011-12-30
31,15310.57,False,21,2011-12-30
85,1185.85,True,21,2011-12-30
52,257.5,False,21,2011-12-23
8,53.68,True,21,2011-12-30
95,8698.67,True,21,2011-12-30
14,7639.45,False,21,2011-12-16
83,16759.56,True,21,2011-12-30
46,8845.33,False,21,2011-12-02
1,156.41,True,21,2011-12-30
29,7849.04,True,21,2011-12-30
54,16694.15,True,21,2011-12-30
25,38715.35,False,21,2011-12-09
59,1340.7,False,21,2011-12-02
1,29288.39,False,21,2011-12-30
17,39603.62,False,21,2011-12-02
56,25616.36,False,21,2011-12-16
7,3746.36,False,21,2011-12-02
22,43059.84,False,21,2011-12-30
33,2683.88,False,21,2011-12-05
16,147.4,False,21,2011-12-16
18,21949.56,True,21,2011-12-30
23,2166.18,False,21,2011-12-02
29,7041.93,False,21,2011-12-16
46,9989.8,False,21,2011-12-09
90,26444.95,False,21,2011-12-02
85,2818.87,False,21,2011-12-09
12,630.07,False,21,2011-12-09
28,7103.21,False,21,2011-12-30
27,53.96,True,21,2011-12-30
98,10310.37,False,21,2011-12-09
71,9749.92,False,21,2011-12-16
32,410.03,False,21,2011-12-09
85,8522.87,True,21,2011-12-30
91,22058.34,True,21,2011-12-30
58,41348.75,False,21,2011-12-09
40,68772.2,False,21,2011-12-16
90,7591.78,False,21,2011-12-23
27,8168.95,False,21,2011-12-09
41,15138.32,False,21,2011-12-23
10,4840.39,False,21,2011-12-23
21,22007.16,False,21,2011-12-02
60,40080.89,False,21,2011-12-02
33,55494.64,False,21,2011-12-16
28,45277.51,True,21,2011-12-30
71,50.57,False,21,2011-12-02
4,83.79,False,21,2011-12-09
85,4551.94,False,21,2011-12-02
3,2618.94,False,21,2011-12-16
14,7656.55,True,21,2011-12-30
2,1966.77,False,21,2011-12-16
85,413.32,False,21,2011-12-02
1,2166.76,False,21,2011-12-16
25,13483.62,False,21,2011-12-23
44,10691.47,False,21,2011-12-02
38,1366.49,True,21,2011-12-30
71,2694.74,False,21,2011-12-16
40,12277.44,False,21,2011-12-09
2,3979.33,False,21,2011-12-09
87,3655.4,False,21,2011-12-23
1,36362.92,False,21,2011-12-02
38,1927.05,True,21,2011-12-30
4,3532.48,True,21,2011-12-30
40,3906.36,False,21,2011-12-23
41,25047.92,False,21,2011-12-11
41,236.28,True,21,2011-12-30
46,52606.98,False,21,2011-12-16
67,31.93,False,21,2011-12-16
44,14095.38,False,21,2011-12-09
79,66594.28,True,21,2011-12-30
83,16156.74,False,21,2011-12-02
36,17218.0,False,21,2011-12-16
26,766.81,False,21,2011-12-02
72,6558.92,True,21,2011-12-30
54,7491.87,False,21,2011-12-09
85,13447.67,False,21,2011-12-09
85,30302.05,False,21,2011-12-16
13,9240.96,False,21,2011-12-23
13,9905.53,False,21,2011-12-02
60,73256.54,False,21,2011-12-23
74,26309.41,True,21,2011-12-30
1,5776.3,True,22,2011-12-30
26,459.92,False,22,2011-12-16
4,13995.36,False,22,2011-12-02
90,298.79,False,22,2011-12-02
20,15383.69,False,22,2011-12-16
98,4.98,False,22,2011-12-23
27,26786.6,True,22,2011-12-30
55,807.22,False,22,2011-12-16
24,29479.55,False,22,2011-12-09
23,10242.33,False,22,2011-12-23
14,27806.1,False,22,2011-12-16
94,15230.98,False,22,2011-12-16
92,31.32,False,22,2011-12-02
5,25349.68,True,22,2011-12-30
18,11421.47,False,22,2011-12-09
92,8056.34,False,22,2011-12-09
35,22041.92,False,22,2011-12-16
38,144.3,True,22,2011-12-30
23,33710.07,False,22,2011-12-02
94,37331.38,False,22,2011-12-02
21,86958.46,False,22,2011-12-14
44,18590.39,False,22,2011-12-09
72,41751.79,True,22,2011-12-30
47,14271.01,False,22,2011-12-16
99,160.6,False,22,2011-12-02
22,10.23,True,22,2011-12-30
81,1753.16,False,22,2011-12-09
32,1923.05,False,22,2011-12-02
81,8657.39,False,22,2011-12-09
5,35773.29,False,22,2011-12-23
24,2558.47,False,22,2011-12-23
93,72121.57,False,22,2011-12-16
55,66990.17,False,22,2011-12-23
36,16930.64,False,22,2011-12-16
85,3698.49,False,22,2011-12-23
13,4793.16,True,22,2011-12-30
95,12432.7,False,22,2011-12-02
60,9765.56,False,22,2011-12-09
21,33778.17,False,22,2011-12-23
9,15873.56,False,22,2011-12-16
41,82894.6,False,22,2011-12-23
82,4830.16,False,22,2011-12-23
28,25746.48,False,22,2011-12-23
29,62332.82,False,22,2011-12-30
59,11773.69,False,22,2011-12-02
4,28537.26,False,22,2011-12-02
16,3239.98,False,22,2011-12-23
21,54571.38,True,22,2011-12-30
4,8342.06,False,22,2011-12-02
26,127377.3,False,22,2011-12-16
83,12474.42,False,22,2011-12-23
13,2851.98,False,22,2011-12-02
17,1165.1,False,22,2011-12-23
36,14219.82,False,22,2011-12-16
21,89863.34,False,22,2011-12-02
81,6654.87,False,22,2011-12-16
6,65.09,True,22,2011-12-30
12,3998.11,False,22,2011-12-02
6,7992.26,True,22,2011-12-30
8,40390.94,False,22,2011-12-09
18,26867.77,False,22,2011-12-02
95,9541.2,False,22,2011-12-16
79,2741.17,False,22,2011-12-09
40,123.87,True,22,2011-12-30
79,8909.03,False,22,2011-12-16
1,105.81,False,22,2011-12-23
9,5391.8,False,22,2011-12-02
90,651.27,False,22,2011-12-23
38,9121.73,False,22,2011-12-16
30,31.21,False,22,2011-12-02
92,6287.9,False,22,2011-12-02
31,4066.21,True,22,2011-12-30
79,37097.62,False,22,2011-12-16
95,13989.45,False,22,2011-12-09
6,51612.18,False,22,2011-12-16
49,31.08,False,22,2011-12-16
56,4398.08,False,22,2011-12-02
13,44465.62,False,22,2011-12-09
91,997.29,False,22,2011-12-09
26,9221.42,False,22,2011-12-23
2,20020.36,False,22,2011-12-30
92,1487.68,False,22,2011-12-16
58,8510.6,False,22,2011-12-23
41,36238.3,False,22,2011-12-16
97,39032.9,True,22,2011-12-30
38,16997.0,True,22,2011-12-30
20,106096.77,False,22,2011-12-16
30,14044.02,False,22,2011-12-23
41,5005.53,False,22,2011-12-09
26,2580.36,False,22,2011-12-23
13,15539.68,False,22,2011-12-16
54,9016.39,False,22,2011-12-16
94,11144.0,False,22,2011-12-23
7,22.39,False,22,2011-12-02
17,611.89,False,22,2011-12-16
11,3201.54,False,22,2011-12-02
16,860.47,True,22,2011-12-30
28,13796.57,False,22,2011-12-23
71,1572.48,True,22,2011-12-30
83,79992.79,False,22,2011-12-30
36,6706.1,False,22,2011-12-02
91,2840.25,False,22,2011-12-16
9,5325.59,False,22,2011-12-09
41,26709.62,False,22,2011-12-23
97,20659.08,False,22,2011-12-16
59,975.12,False,22,2011-12-23
56,7877.72,False,22,2011-12-09
81,113735.45,False,22,2011-12-23
40,8508.95,True,22,2011-12-30
71,2756.74,False,22,2011-12-16
16,45890.0,False,22,2011-12-02
11,48596.02,False,22,2011-12-16
28,29751.01,False,22,2011-12-09
18,5272.09,False,22,2011-12-09
20,18284.74,False,22,2011-12-16
54,494.29,True,22,2011-12-30
29,4136.74,False,22,2011-12-02
93,10319.26,True,22,2011-12-30
30,8032.53,False,22,2011-12-16
35,170.18,False,22,2011-12-16
92,21164.02,False,22,2011-12-09
26,58879.67,True,22,2011-12-30
37,8582.4,False,22,2011-12-02
74,20.77,True,22,2011-12-30
14,16.42,False,22,2011-12-09
13,43.36,False,22,2011-12-02
96,14491.52,False,22,2011-12-30
6,17689.16,False,22,2011-12-02
20,50176.18,False,22,2011-12-02
58,728.11,True,22,2011-12-30
82,182039.45,False,22,2011-12-09
6,33829.62,False,22,2011-12-09
94,53847.49,False,22,2011-12-23
12,8431.75,False,22,2011-12-16
27,17718.56,True,22,2011-12-30
59,2308.51,False,22,2011-12-09
74,2949.51,False,22,2011-12-09
74,57684.76,False,22,2011-12-16
44,9656.49,False,22,2011-12-02
94,96626.1,False,22,2011-12-16
97,1434.19,False,22,2011-12-16
6,5275.62,True,22,2011-12-30
80,14003.6,False,22,2011-12-02
17,3056.13,True,22,2011-12-30
67,42197.3,False,22,2011-12-16
82,50023.17,False,22,2011-12-16
5,6351.7,False,22,2011-12-02
19,17347.68,False,22,2011-12-02
8,1831.61,False,22,2011-12-09
6,49249.74,False,22,2011-12-02
2,4502.17,False,22,2011-12-12
36,26236.55,False,22,2011-12-09
95,9819.69,False,22,2011-12-09
23,1838.33,False,22,2011-12-16
59,245.6,False,22,2011-12-23
2,68866.06,True,22,2011-12-30
49,19207.63,False,22,2011-12-23
91,26293.53,True,22,2011-12-30
99,2730.7,False,22,2011-12-16
11,2606.3,False,22,2011-12-02
29,14305.54,True,22,2011-12-30
67,1156.61,False,22,2011-12-09
91,68158.38,False,22,2011-12-02
71,3637.2,True,22,2011-12-30
95,5739.7,False,22,2011-12-23
28,5984.78,False,22,2011-12-23
8,23304.58,False,22,2011-12-16
71,145607.27,False,22,2011-12-09
67,2583.9,True,22,2011-12-30
38,1579.17,True,22,2011-12-30
7,62394.72,False,22,2011-12-02
90,5856.88,False,22,2011-12-16
8,1388.79,False,22,2011-12-09
11,15601.98,False,22,2011-12-23
46,71436.44,False,22,2011-12-30
29,874.84,False,22,2011-12-09
55,1043.68,True,22,2011-12-30
21,5823.46,False,22,2011-12-09
81,1403.97,False,22,2011-12-02
33,6744.14,False,22,2011-12-16
74,17342.99,False,22,2011-12-16
10,3518.25,True,22,2011-12-30
95,3164.06,True,22,2011-12-30
7,16399.41,False,22,2011-12-16
40,11105.19,False,22,2011-12-02
95,673.59,False,22,2011-12-23
41,763.99,False,22,2011-12-09
72,4624.46,False,22,2011-12-09
7,21064.78,False,22,2011-12-23
97,30317.42,False,22,2011-12-09
49,11920.29,False,22,2011-12-16
46,8504.47,False,22,2011-12-02
35,8186.32,False,22,2011-12-09
22,2073.15,False,22,2011-12-02
23,51283.09,False,22,2011-12-02
35,10393.79,False,22,2011-12-16
98,1400.97,False,22,2011-12-02
74,12.58,False,22,2011-12-09
1,33055.56,False,22,2011-12-09
25,2793.19,False,22,2011-12-09
92,6392.74,True,22,2011-12-30
94,9998.72,False,22,2011-12-02
92,10994.92,False,22,2011-12-02
14,20872.95,False,22,2011-12-16
16,2545.3,True,22,2011-12-30
10,5137.99,False,22,2011-12-02
72,29599.89,False,22,2011-12-02
13,15451.5,False,22,2011-12-09
40,106.64,False,22,2011-12-02
9,750.76,False,22,2011-12-16
67,152.22,False,22,2011-12-16
9,5420.04,True,22,2011-12-30
81,11848.6,False,22,2011-12-16
2,16007.47,False,22,2011-12-02
55,10236.5,False,22,2011-12-02
59,78350.94,False,22,2011-12-16
5,3107.75,False,22,2011-12-02
46,10934.29,False,22,2011-12-02
32,18230.48,False,22,2011-12-16
1,4600.4,False,22,2011-12-09
46,16400.92,False,22,2011-12-23
42,1619.5,False,22,2011-12-02
92,12264.24,True,22,2011-12-30
13,39789.02,True,22,2011-12-30
67,2.29,True,22,2011-12-30
85,22924.44,False,22,2011-12-23
48,18245.01,True,22,2011-12-30
19,39150.94,True,22,2011-12-30
5,1881.36,False,22,2011-12-23
41,2780.42,False,22,2011-12-02
16,170246.1,True,22,2011-12-30
58,64971.85,False,22,2011-12-23
8,60739.26,False,22,2011-12-23
30,14079.73,False,22,2011-12-02
38,14130.71,True,22,2011-12-30
94,15361.11,False,22,2011-12-23
59,8744.38,False,22,2011-12-30
25,54210.76,True,22,2011-12-30
4,11828.97,False,22,2011-12-16
82,14081.58,False,22,2011-12-23
87,31233.52,False,22,2011-12-09
14,39952.9,True,22,2011-12-30
29,6418.72,False,22,2011-12-02
56,32833.84,False,22,2011-12-09
85,5807.49,False,22,2011-12-09
49,1042.71,False,22,2011-12-02
87,212.44,False,22,2011-12-16
3,28221.23,True,22,2011-12-30
90,8709.1,False,22,2011-12-16
19,31765.14,False,22,2011-12-02
9,7173.41,False,22,2011-12-16
67,9412.32,False,22,2011-12-16
91,6932.0,True,22,2011-12-30
96,117.98,True,22,2011-12-30
97,5747.31,False,22,2011-12-16
7,35.91,False,22,2011-12-09
91,7677.21,True,22,2011-12-30
10,16553.69,False,22,2011-12-16
87,4087.02,False,22,2011-12-02
49,5939.33,False,22,2011-12-09
2,3770.02,False,22,2011-12-02
92,320.63,False,22,2011-12-02
79,18392.74,False,22,2011-12-09
10,13455.06,True,22,2011-12-30
56,9798.73,False,22,2011-12-23
95,9032.79,True,22,2011-12-30
28,12676.19,False,22,2011-12-23
31,8204.0,False,22,2011-12-02
5,9518.17,False,22,2011-12-16
74,15818.32,False,22,2011-12-16
44,83.18,False,22,2011-12-16
56,2773.64,True,22,2011-12-30
26,2347.09,False,22,2011-12-02
41,11688.03,False,22,2011-12-16
87,1975.03,False,22,2011-12-02
95,47707.24,True,22,2011-12-30
3,86626.94,False,22,2011-12-23
60,42.9,False,22,2011-12-16
14,13547.99,False,22,2011-12-09
21,23143.12,False,22,2011-12-09
29,22.68,False,22,2011-12-09
56,435.68,False,22,2011-12-02
93,16203.06,False,22,2011-12-30
6,6764.38,False,22,2011-12-02
92,4639.43,False,22,2011-12-02
41,4866.71,False,22,2011-12-16
54,20945.29,False,22,2011-12-02
99,17187.17,True,22,2011-12-30
46,6732.97,True,22,2011-12-30
38,6817.49,False,22,2011-12-16
2,5200.3,False,22,2011-12-16
9,17416.21,False,22,2011-12-02
24,6613.85,False,22,2011-12-16
40,21704.94,False,22,2011-12-16
97,10451.81,False,22,2011-12-16
8,13088.67,False,22,2011-12-16
79,3229.35,False,22,2011-12-02
1,14888.1,False,22,2011-12-09
5,2809.36,False,22,2011-12-30
7,62370.26,True,22,2011-12-30
10,13383.73,False,22,2011-12-23
46,8201.01,False,22,2011-12-16
1,1502.86,True,22,2011-12-30
83,26098.39,False,22,2011-12-09
14,74806.94,False,22,2011-12-23
90,6983.42,False,22,2011-12-09
67,40824.46,True,22,2011-12-30
33,5099.86,False,22,2011-12-16
38,2236.44,False,22,2011-12-23
24,30954.4,False,22,2011-12-23
30,7251.08,True,22,2011-12-30
54,11857.65,False,22,2011-12-16
8,7132.0,True,22,2011-12-30
21,6655.2,False,22,2011-12-16
91,4917.74,False,22,2011-12-02
49,19.18,True,22,2011-12-30
20,37292.96,False,22,2011-12-09
74,9003.89,False,22,2011-12-09
85,9116.94,False,22,2011-12-16
30,31614.09,True,22,2011-12-30
67,12549.6,False,22,2011-12-02
1,1123.99,False,22,2011-12-02
22,18753.44,False,22,2011-12-16
12,200.18,False,22,2011-12-16
12,1497.82,False,22,2011-12-16
94,873.27,False,22,2011-12-23
72,5213.54,True,22,2011-12-30
95,14.44,False,22,2011-12-02
34,3932.15,True,22,2011-12-30
99,17448.28,False,22,2011-12-09
83,16235.92,False,22,2011-12-16
56,1645.05,True,22,2011-12-30
29,2.27,True,22,2011-12-30
74,8698.59,False,22,2011-12-09
10,45759.48,False,22,2011-12-09
4,4284.52,False,22,2011-12-02
94,115528.3,False,22,2011-12-02
6,103240.76,False,22,2011-12-23
32,15472.04,False,22,2011-12-16
59,109088.29,False,22,2011-12-02
25,12954.38,False,22,2011-12-02
97,5022.19,False,22,2011-12-23
9,381.7,False,22,2011-12-09
2,23046.36,False,22,2011-12-02
10,7426.33,False,22,2011-12-02
27,36337.14,True,22,2011-12-30
72,57244.24,True,22,2011-12-30
81,11099.36,False,22,2011-12-23
72,55644.07,True,22,2011-12-30
5,28383.73,False,22,2011-12-23
58,1230.32,False,22,2011-12-09
30,59.22,False,22,2011-12-16
49,31686.14,True,22,2011-12-30
14,49119.59,False,22,2011-12-23
83,13807.81,False,22,2011-12-02
32,3608.79,False,22,2011-12-19
31,7703.06,True,22,2011-12-30
18,4897.94,False,22,2011-12-02
25,317794.34,True,22,2011-12-30
81,96.51,False,22,2011-12-16
20,2347.96,False,22,2011-12-16
74,10.66,True,22,2011-12-30
7,71846.54,False,23,2011-12-30
6,15522.05,False,23,2011-12-23
95,4537.88,False,23,2011-12-02
27,67532.53,True,23,2011-12-30
49,4246.51,False,23,2011-12-16
83,3392.19,False,23,2011-12-02
93,8006.44,False,23,2011-12-02
10,46924.22,False,23,2011-12-09
11,6315.9,False,23,2011-12-16
12,12660.44,False,23,2011-12-02
80,122.52,False,23,2011-12-02
24,48.81,True,23,2011-12-30
7,847.92,True,23,2011-12-30
52,1617.54,False,23,2011-12-02
44,43581.54,False,23,2011-12-02
56,54542.4,False,23,2011-12-30
71,750.54,False,23,2011-12-02
95,31284.26,True,23,2011-12-30
7,17609.88,False,23,2011-12-09
74,1769.76,True,23,2011-12-30
58,4839.08,False,23,2011-12-09
16,2192.36,False,23,2011-12-02
79,7667.8,False,23,2011-12-16
56,590.36,True,23,2011-12-30
3,7057.14,True,23,2011-12-30
12,11085.69,True,23,2011-12-30
56,66775.64,False,23,2011-12-16
55,6083.18,False,23,2011-12-16
17,1445.72,False,23,2011-12-09
55,73614.92,True,23,2011-12-30
82,72218.84,False,23,2011-12-02
90,4786.91,False,23,2011-12-02
71,2378.57,False,23,2011-12-02
54,11934.17,True,23,2011-12-30
19,36.77,False,23,2011-12-09
20,9916.16,False,23,2011-12-16
99,11365.1,False,23,2011-12-02
24,68739.0,False,23,2011-12-02
35,3019.09,False,23,2011-12-09
58,-638.85,True,23,2011-12-30
25,878.83,False,23,2011-12-02
10,5794.78,False,23,2011-12-02
13,4833.15,False,23,2011-12-02
55,1121.1,False,23,2011-12-09
96,2115.31,False,23,2011-12-02
22,53298.54,False,23,2011-12-02
19,2425.44,False,23,2011-12-23
36,2464.51,False,23,2011-12-09
95,-719.79,False,23,2011-12-02
35,101996.09,False,23,2011-12-02
25,1642.87,False,23,2011-12-16
67,1840.02,False,23,2011-12-23
52,20536.02,False,23,2011-12-02
52,1644.66,False,23,2011-12-16
3,4786.88,False,23,2011-12-02
8,3810.44,True,23,2011-12-30
46,4440.12,False,23,2011-12-02
97,13778.64,False,23,2011-12-02
97,8913.51,False,23,2011-12-16
44,2676.67,False,23,2011-12-16
32,11166.73,False,23,2011-12-16
30,4570.63,True,23,2011-12-30
12,9540.79,True,23,2011-12-30
4,118.28,True,23,2011-12-30
21,10729.74,False,23,2011-12-09
18,12717.16,True,23,2011-12-30
30,645.44,False,23,2011-12-02
30,62027.34,False,23,2011-12-09
74,27064.73,False,23,2011-12-16
94,7962.55,True,23,2011-12-30
8,13656.12,False,23,2011-12-23
91,44582.32,False,23,2011-12-23
40,1470.06,False,23,2011-12-09
71,36235.24,False,23,2011-12-02
23,24.19,False,23,2011-12-09
67,2285.79,False,23,2011-12-02
9,1599.11,False,23,2011-12-02
93,5240.36,True,23,2011-12-30
34,4394.02,False,23,2011-12-02
58,13375.07,False,23,2011-12-16
16,12189.03,False,23,2011-12-23
96,47664.85,False,23,2011-12-09
72,19546.62,False,23,2011-12-09
60,5702.79,False,23,2011-12-23
28,1432.55,True,23,2011-12-30
93,964.9,False,23,2011-12-02
95,35871.27,False,23,2011-12-09
29,26142.34,False,23,2011-12-02
18,11965.38,True,23,2011-12-30
96,32616.38,False,23,2011-12-02
95,6994.12,False,23,2011-12-16
54,831.99,False,23,2011-12-16
46,1568.29,False,23,2011-12-16
12,13588.48,False,23,2011-12-02
2,15552.58,False,23,2011-12-02
7,1229.1,False,23,2011-12-30
32,2234.09,False,23,2011-12-23
11,6271.09,False,23,2011-12-16
22,4262.96,False,23,2011-12-23
23,302534.16,False,23,2011-12-23
71,898.25,True,23,2011-12-30
91,555.51,False,23,2011-12-02
8,2408.54,True,23,2011-12-30
94,22826.42,False,23,2011-12-02
41,23234.35,False,23,2011-12-23
96,2318.55,False,23,2011-12-09
16,33530.67,False,23,2011-12-02
16,12189.66,True,23,2011-12-30
1,20597.32,False,23,2011-12-23
34,5050.04,False,23,2011-12-23
49,56071.66,False,23,2011-12-23
81,8827.23,False,23,2011-12-16
1,11896.22,False,23,2011-12-09
1,73227.42,False,23,2011-12-02
59,10054.79,False,23,2011-12-15
79,49761.49,False,23,2011-12-02
31,399.03,False,23,2011-12-16
42,74173.14,False,23,2011-12-16
94,67567.61,False,23,2011-12-02
21,2924.81,False,23,2011-12-09
23,3722.7,False,23,2011-12-02
8,8990.74,True,23,2011-12-30
3,18469.77,False,23,2011-12-02
9,27296.92,False,23,2011-12-16
48,97917.06,False,23,2011-12-16
60,1768.02,False,23,2011-12-23
96,10622.63,False,23,2011-12-09
58,16026.11,False,23,2011-12-16
82,348.07,False,23,2011-12-09
59,6731.84,False,23,2011-12-02
95,33255.82,False,23,2011-12-16
81,5994.61,False,23,2011-12-02
20,7826.51,False,23,2011-12-16
12,18915.35,False,23,2011-12-02
95,4888.18,False,23,2011-12-13
96,6341.45,False,23,2011-12-16
33,1647.88,False,23,2011-12-16
79,12699.73,False,23,2011-12-16
23,44128.67,False,23,2011-12-16
72,10481.9,False,23,2011-12-02
11,12473.02,True,23,2011-12-30
54,79773.48,False,23,2011-12-02
41,41283.44,False,23,2011-12-02
95,10904.12,False,23,2011-12-02
44,9679.73,False,23,2011-12-09
23,12075.23,False,23,2011-12-09
79,1111.44,False,23,2011-12-09
58,5738.48,False,23,2011-12-16
49,19420.0,False,23,2011-12-09
91,10676.16,False,23,2011-12-16
59,48.01,False,23,2011-12-16
13,21098.81,False,23,2011-12-02
2,4370.26,False,23,2011-12-16
1,23474.17,False,23,2011-12-02
21,72520.72,False,23,2011-12-23
9,32943.38,False,23,2011-12-02
12,1008.36,False,23,2011-12-23
31,16862.49,False,23,2011-12-23
85,1641.11,False,23,2011-12-16
97,20807.64,False,23,2011-12-18
14,1595.79,False,23,2011-12-16
21,15676.44,False,23,2011-12-23
29,20130.8,True,23,2011-12-30
7,25204.63,False,23,2011-12-09
42,52189.83,False,23,2011-12-16
93,684.66,False,23,2011-12-16
2,23813.06,False,23,2011-12-23
14,12167.3,False,23,2011-12-02
46,384.95,False,23,2011-12-16
52,13249.74,True,23,2011-12-30
28,20918.35,True,23,2011-12-30
72,2653.33,False,23,2011-12-09
23,8895.45,True,23,2011-12-30
87,189.86,False,23,2011-12-16
72,38.44,False,23,2011-12-23
4,7953.14,True,23,2011-12-30
98,3097.02,False,23,2011-12-02
9,697.83,False,23,2011-12-09
55,881.31,False,23,2011-12-02
8,29851.55,True,23,2011-12-30
25,1.99,False,23,2011-12-02
60,5878.2,False,23,2011-12-16
26,3525.91,False,23,2011-12-16
8,2621.26,False,23,2011-12-23
17,946.19,False,23,2011-12-02
44,169.65,False,23,2011-12-02
23,4381.94,False,23,2011-12-23
97,29532.02,True,23,2011-12-30
67,10221.71,True,23,2011-12-30
5,35190.17,False,23,2011-12-30
33,121254.51,False,23,2011-12-02
38,36694.15,False,23,2011-12-16
25,15490.57,False,23,2011-12-23
38,59998.54,False,23,2011-12-16
46,22802.88,False,23,2011-12-23
93,34697.0,False,23,2011-12-09
72,27291.52,False,23,2011-12-09
67,2254.97,True,23,2011-12-30
67,17.94,False,23,2011-12-16
59,22440.23,False,23,2011-12-09
25,22929.46,True,23,2011-12-30
60,25967.5,True,23,2011-12-30
27,5388.57,False,23,2011-12-09
23,12960.24,False,23,2011-12-09
1,5903.0,True,23,2011-12-30
93,19053.4,False,23,2011-12-02
44,46084.31,False,23,2011-12-23
17,13390.74,True,23,2011-12-30
28,31337.31,False,23,2011-12-16
98,2801.74,False,23,2011-12-02
67,10716.93,False,23,2011-12-02
49,16486.36,True,23,2011-12-30
92,4040.95,True,23,2011-12-30
60,13480.51,False,23,2011-12-02
34,46.59,False,23,2011-12-02
19,63877.7,False,23,2011-12-23
32,250.48,False,23,2011-12-16
78,24421.5,False,23,2011-12-23
74,11117.74,False,23,2011-12-16
71,16656.6,False,23,2011-12-23
91,2944.1,False,23,2011-12-23
54,18551.34,False,23,2011-12-09
96,4029.05,False,23,2011-12-30
12,38897.0,False,23,2011-12-02
17,7416.89,False,23,2011-12-16
98,737.9,True,23,2011-12-30
11,6564.24,False,23,2011-12-16
1,20643.93,False,23,2011-12-09
8,4849.72,False,23,2011-12-16
23,109781.6,False,23,2011-12-23
10,215.01,True,23,2011-12-30
92,18651.59,False,23,2011-12-09
26,48019.31,False,23,2011-12-23
33,40354.08,False,23,2011-12-09
10,6201.41,False,23,2011-12-16
6,30927.77,True,23,2011-12-30
28,1461.45,False,23,2011-12-02
48,14186.82,False,23,2011-12-16
14,9416.27,False,23,2011-12-02
82,66250.86,False,23,2011-12-23
95,18798.64,False,23,2011-12-09
28,3802.73,False,23,2011-12-09
91,28180.78,False,23,2011-12-16
46,1904.49,False,23,2011-12-16
1,6592.36,False,23,2011-12-02
97,59771.5,False,23,2011-12-23
55,13384.96,False,23,2011-12-02
11,1302.7,False,23,2011-12-02
42,148.51,False,23,2011-12-02
80,101843.12,False,23,2011-12-30
26,63482.04,False,23,2011-12-02
29,20105.9,True,23,2011-12-30
13,49747.44,False,23,2011-12-02
95,309.78,False,23,2011-12-02
99,11319.15,True,23,2011-12-30
8,37512.74,False,23,2011-12-16
7,5887.94,True,23,2011-12-30
41,9243.81,False,23,2011-12-02
5,43478.35,False,23,2011-12-02
2,2578.64,True,23,2011-12-30
22,6860.05,False,23,2011-12-30
33,14517.42,False,23,2011-12-02
51,174.47,False,23,2011-12-23
17,13060.67,False,23,2011-12-02
56,23167.76,False,23,2011-12-16
11,14.14,False,23,2011-12-09
71,1857.47,False,23,2011-12-23
10,10363.25,False,23,2011-12-02
30,1657.59,False,23,2011-12-02
33,49.06,True,23,2011-12-30
87,15.2,False,23,2011-12-02
17,66.68,False,23,2011-12-09
87,81366.67,False,23,2011-12-16
80,12688.69,True,23,2011-12-30
8,18756.51,False,23,2011-12-23
17,6951.54,False,23,2011-12-19
9,2956.81,False,23,2011-12-09
94,16371.42,False,23,2011-12-23
16,23081.11,False,23,2011-12-23
16,10587.17,False,23,2011-12-16
40,748.05,True,23,2011-12-30
60,53923.5,False,23,2011-12-16
3,58471.52,False,23,2011-12-09
74,8936.18,False,23,2011-12-09
90,12684.14,True,23,2011-12-30
9,24592.11,False,23,2011-12-09
32,36.0,False,23,2011-12-23
12,4822.14,False,23,2011-12-16
90,5143.85,True,23,2011-12-30
91,26915.94,True,23,2011-12-30
44,21516.77,False,23,2011-12-23
26,10818.69,False,23,2011-12-09
87,22765.9,False,23,2011-12-02
71,42631.51,False,23,2011-12-16
22,21664.93,False,23,2011-12-16
28,3108.51,False,23,2011-12-02
59,2423.48,False,23,2011-12-23
56,2631.82,False,23,2011-12-02
80,39669.46,False,23,2011-12-16
97,3969.15,False,23,2011-12-16
16,80896.02,False,23,2011-12-23
46,3496.1,False,23,2011-12-02
6,6841.96,True,23,2011-12-30
38,38562.4,False,23,2011-12-16
9,7644.35,True,23,2011-12-30
30,7933.04,False,23,2011-12-09
99,8873.07,False,23,2011-12-30
71,1052.94,False,23,2011-12-16
2,6157.58,False,23,2011-12-23
22,54695.05,False,23,2011-12-16
97,3229.67,False,23,2011-12-16
67,40380.78,False,23,2011-12-16
93,64614.5,False,23,2011-12-02
54,24026.0,False,23,2011-12-02
18,10854.99,False,23,2011-12-16
80,14480.32,True,23,2011-12-30
14,4913.05,True,23,2011-12-30
25,1963.39,False,23,2011-12-23
97,11396.88,False,23,2011-12-16
82,15747.74,True,23,2011-12-30
21,2769.94,False,23,2011-12-09
72,9814.73,False,23,2011-12-16
20,513.16,False,23,2011-12-02
25,11142.59,False,23,2011-12-09
47,2436.86,False,23,2011-12-23
81,20.42,False,23,2011-12-16
12,25230.32,False,23,2011-12-30
93,2411.12,True,23,2011-12-30
97,26607.31,False,23,2011-12-16
36,28185.19,False,23,2011-12-09
30,16587.05,False,23,2011-12-02
17,19676.2,True,23,2011-12-30
5,711.92,False,23,2011-12-02
18,12124.51,False,23,2011-12-02
17,4528.32,True,23,2011-12-30
58,9620.77,False,23,2011-12-02
35,14781.18,False,23,2011-12-09
79,63921.72,True,23,2011-12-30
90,933.74,True,23,2011-12-30
22,51844.83,False,23,2011-12-16
55,109917.39,False,23,2011-12-23
23,7.6,True,23,2011-12-30
17,52792.98,False,23,2011-12-23
19,892.22,False,23,2011-12-02
28,45752.96,False,23,2011-12-23
36,12533.74,False,23,2011-12-23
36,158.58,False,23,2011-12-02
85,1691.7,True,23,2011-12-30
77,25898.73,False,23,2011-12-09
28,300.4,False,23,2011-12-02
59,33272.02,False,23,2011-12-02
85,12.5,False,23,2011-12-16
82,1298.88,False,23,2011-12-02
17,28941.53,False,23,2011-12-09
12,76337.52,False,23,2011-12-23
35,35499.59,False,23,2011-12-02
74,15981.56,False,23,2011-12-16
47,20345.33,False,23,2011-12-23
58,9062.78,True,23,2011-12-30
80,23975.78,False,23,2011-12-09
2,23539.74,True,23,2011-12-30
3,1414.49,False,23,2011-12-02
3,9419.71,False,24,2011-12-16
14,51362.18,False,24,2011-12-02
21,3979.91,False,24,2011-12-23
18,23148.32,False,24,2011-12-02
40,1162.97,False,24,2011-12-16
44,19572.22,False,24,2011-12-02
31,8851.99,True,24,2011-12-30
71,109157.7,False,24,2011-12-23
10,29887.64,False,24,2011-12-23
59,18614.24,True,24,2011-12-30
60,38.39,False,24,2011-12-09
41,4791.89,False,24,2011-12-09
6,74846.38,False,24,2011-12-16
27,1954.97,False,24,2011-12-02
32,5719.79,False,24,2011-12-16
8,145.29,False,24,2011-12-02
16,1154.93,True,24,2011-12-30
40,9564.23,True,24,2011-12-30
14,4531.2,True,24,2011-12-30
26,713.53,True,24,2011-12-30
26,48622.48,False,24,2011-12-02
95,4774.71,False,24,2011-12-23
10,13.61,True,24,2011-12-30
56,8050.32,True,24,2011-12-30
8,825.24,False,24,2011-12-02
83,7045.97,False,24,2011-12-16
80,11481.98,False,24,2011-12-16
5,50804.6,False,24,2011-12-09
96,42305.48,False,24,2011-12-02
21,15827.2,False,24,2011-12-23
1,20157.85,True,24,2011-12-30
6,4414.67,True,24,2011-12-30
49,48645.48,False,24,2011-12-02
32,70995.64,False,24,2011-12-02
4,129.81,False,24,2011-12-23
1,35786.8,True,24,2011-12-30
60,4808.41,False,24,2011-12-23
56,54126.43,False,24,2011-12-23
85,4435.95,False,24,2011-12-23
7,4002.25,False,24,2011-12-16
85,25784.1,False,24,2011-12-02
95,2077.81,True,24,2011-12-30
67,15300.3,False,24,2011-12-30
2,89046.38,False,24,2011-12-02
11,5776.34,False,24,2011-12-02
91,2752.5,True,24,2011-12-30
35,143.71,False,24,2011-12-23
74,9584.67,False,24,2011-12-02
33,29365.44,False,24,2011-12-23
81,629.64,True,24,2011-12-30
83,900.02,False,24,2011-12-09
94,13473.34,False,24,2011-12-09
40,192029.92,False,24,2011-12-16
81,61387.28,True,24,2011-12-30
12,1081.16,False,24,2011-12-02
90,3401.38,True,24,2011-12-30
94,4431.36,True,24,2011-12-30
83,60904.4,True,24,2011-12-30
38,9793.1,False,24,2011-12-02
36,6778.74,False,24,2011-12-02
71,219.93,False,24,2011-12-09
85,1371.19,False,24,2011-12-02
30,8796.94,False,24,2011-12-09
19,5387.07,False,24,2011-12-09
27,9052.44,False,24,2011-12-09
46,16967.36,True,24,2011-12-30
59,37472.03,False,24,2011-12-23
49,145974.56,False,24,2011-12-02
28,75208.64,False,24,2011-12-16
12,75461.43,False,24,2011-12-23
29,38405.51,False,24,2011-12-16
4,7062.53,False,24,2011-12-16
24,30003.07,False,24,2011-12-16
82,12712.24,False,24,2011-12-23
60,4921.76,False,24,2011-12-02
97,18329.98,False,24,2011-12-02
71,3373.9,False,24,2011-12-02
79,2695.24,False,24,2011-12-02
95,5447.83,False,24,2011-12-16
90,2546.67,False,24,2011-12-16
47,8415.68,False,24,2011-12-09
92,30281.65,False,24,2011-12-09
18,88566.23,False,24,2011-12-16
17,1726.16,False,24,2011-12-16
3,64825.62,False,24,2011-12-09
71,70796.64,False,24,2011-12-16
28,821.86,False,24,2011-12-30
81,48619.46,False,24,2011-12-02
41,18011.68,False,24,2011-12-09
17,12801.77,True,24,2011-12-30
99,4436.07,False,24,2011-12-09
72,10358.86,False,24,2011-12-30
12,607.67,True,24,2011-12-30
81,12917.86,False,24,2011-12-02
20,17465.25,False,24,2011-12-09
74,9723.04,False,24,2011-12-02
72,3990.16,True,24,2011-12-30
23,3190.66,False,24,2011-12-16
3,39514.82,False,24,2011-12-02
28,3483.68,False,24,2011-12-16
14,32289.98,False,24,2011-12-09
40,4911.99,True,24,2011-12-30
42,204.12,True,24,2011-12-30
98,2447.49,False,24,2011-12-02
30,22662.05,True,24,2011-12-30
21,4483.22,False,24,2011-12-02
99,94482.46,False,24,2011-12-09
82,4539.07,False,24,2011-12-16
4,11413.96,True,24,2011-12-30
33,29429.16,False,24,2011-12-09
23,56520.69,True,24,2011-12-30
50,25013.92,True,24,2011-12-30
90,15495.74,False,24,2011-12-09
29,7321.2,True,24,2011-12-30
23,40819.89,False,24,2011-12-16
72,4819.92,False,24,2011-12-02
79,9534.78,False,24,2011-12-16
54,6.14,False,24,2011-12-02
42,44321.7,False,24,2011-12-23
17,3344.79,False,24,2011-12-09
32,5277.68,False,24,2011-12-09
40,67987.04,True,24,2011-12-30
94,12652.06,True,24,2011-12-30
74,37110.94,False,24,2011-12-02
5,38441.27,False,24,2011-12-02
4,3067.72,False,24,2011-12-09
1,6336.78,False,24,2011-12-16
67,25764.9,False,24,2011-12-02
9,20386.53,False,24,2011-12-02
12,32915.11,False,24,2011-12-16
42,92919.66,False,24,2011-12-02
56,8014.72,False,24,2011-12-09
77,12421.71,False,24,2011-12-23
98,24503.16,True,24,2011-12-30
23,25271.39,False,24,2011-12-16
52,2468.66,False,24,2011-12-09
72,32087.58,False,24,2011-12-16
25,43630.52,False,24,2011-12-02
59,4085.74,False,24,2011-12-02
48,1145.98,False,24,2011-12-02
44,2650.3,False,24,2011-12-02
13,7598.27,False,24,2011-12-09
33,9052.1,True,24,2011-12-30
71,826.21,True,24,2011-12-30
52,15532.58,False,24,2011-12-16
44,10473.43,False,24,2011-12-16
97,7570.39,True,24,2011-12-30
56,3741.8,False,24,2011-12-02
46,12.06,True,24,2011-12-30
32,416.58,False,24,2011-12-16
4,33560.34,False,24,2011-12-16
56,59548.88,True,24,2011-12-30
10,12295.52,False,24,2011-12-16
46,30.01,False,24,2011-12-02
67,1789.34,False,24,2011-12-02
2,9307.91,True,24,2011-12-30
67,3254.51,False,24,2011-12-09
34,27427.87,True,24,2011-12-30
36,33053.83,False,24,2011-12-16
4,18409.01,False,24,2011-12-02
6,2917.39,False,24,2011-12-23
19,15904.91,False,24,2011-12-09
27,33759.34,True,24,2011-12-30
44,8.62,True,24,2011-12-30
99,1693.62,True,24,2011-12-30
54,25792.03,False,24,2011-12-02
19,2833.4,True,24,2011-12-30
27,64612.7,False,24,2011-12-02
6,26854.77,False,24,2011-12-16
54,5744.82,False,24,2011-12-23
49,11852.14,True,24,2011-12-30
16,16.69,False,24,2011-12-16
36,6302.93,False,24,2011-12-02
18,78447.96,False,24,2011-12-23
9,3480.09,False,24,2011-12-16
26,45822.3,False,24,2011-12-02
3,2737.37,False,24,2011-12-02
17,3561.83,False,24,2011-12-16
82,12387.12,False,24,2011-12-09
54,3262.86,False,24,2011-12-16
60,6657.34,True,24,2011-12-30
93,37414.72,True,24,2011-12-30
12,9132.06,False,24,2011-12-23
37,40830.24,False,24,2011-12-16
6,129515.16,False,24,2011-12-16
93,768.23,False,24,2011-12-16
77,100.91,False,24,2011-12-09
34,32933.01,False,24,2011-12-09
25,6802.28,False,24,2011-12-23
13,18590.36,False,24,2011-12-16
91,31410.63,False,24,2011-12-23
90,18722.98,True,24,2011-12-30
20,73866.8,False,24,2011-12-02
37,21381.09,False,24,2011-12-09
4,19458.08,True,24,2011-12-30
79,22551.86,False,24,2011-12-23
31,11485.61,False,24,2011-12-02
32,38523.0,True,24,2011-12-30
67,5801.22,False,24,2011-12-23
98,4187.47,False,24,2011-12-09
32,363.05,False,24,2011-12-02
56,47066.88,False,24,2011-12-30
42,28904.1,False,24,2011-12-23
79,2004.63,False,24,2011-12-02
32,6180.28,True,24,2011-12-30
79,4373.2,False,24,2011-12-09
46,3888.04,False,24,2011-12-23
85,11330.38,False,24,2011-12-02
31,16827.17,False,24,2011-12-23
36,47.25,True,24,2011-12-30
97,8500.57,False,24,2011-12-16
23,57672.4,False,24,2011-12-02
21,10574.74,False,24,2011-12-23
18,15519.12,False,24,2011-12-02
38,91.91,False,24,2011-12-16
12,13169.81,False,24,2011-12-02
12,32401.55,False,24,2011-12-02
5,12001.98,False,24,2011-12-09
2,1828.34,False,24,2011-12-09
41,13036.37,False,24,2011-12-23
90,28256.66,False,24,2011-12-16
44,95144.81,True,24,2011-12-30
30,37119.97,False,24,2011-12-23
22,140922.9,False,24,2011-12-16
38,1555.26,False,24,2011-12-16
10,2179.14,True,24,2011-12-30
32,7288.69,False,24,2011-12-02
55,37128.28,False,24,2011-12-02
81,41639.86,True,24,2011-12-30
29,19971.69,True,24,2011-12-30
97,9111.34,False,24,2011-12-16
19,9973.19,False,24,2011-12-16
21,70470.67,True,24,2011-12-30
52,28455.99,False,24,2011-12-16
20,840.44,True,24,2011-12-30
29,30893.82,False,24,2011-12-30
32,10614.62,False,24,2011-12-16
49,8240.02,False,24,2011-12-02
55,9387.5,False,24,2011-12-02
4,26594.33,False,24,2011-12-23
28,4217.17,False,24,2011-12-09
8,2300.54,False,24,2011-12-02
81,5519.58,False,24,2011-12-16
7,674.64,False,24,2011-12-02
46,5133.9,False,24,2011-12-02
38,18757.9,False,24,2011-12-23
58,10244.09,False,24,2011-12-02
31,2198.28,False,24,2011-12-16
2,66.01,False,24,2011-12-30
55,4079.74,False,24,2011-12-16
67,16481.06,False,24,2011-12-16
36,2541.91,False,24,2011-12-02
30,11.25,True,24,2011-12-30
60,198.54,False,24,2011-12-16
36,17094.12,False,24,2011-12-02
19,1297.3,True,24,2011-12-30
40,59990.65,False,24,2011-12-02
74,27457.84,False,24,2011-12-23
44,7823.27,False,24,2011-12-09
11,495.6,False,24,2011-12-02
5,4707.63,True,24,2011-12-30
72,4239.48,False,24,2011-12-16
96,69769.67,False,24,2011-12-02
54,23948.8,False,24,2011-12-23
36,34.5,False,24,2011-12-02
67,18.93,True,24,2011-12-30
74,13325.24,False,24,2011-12-09
22,3701.27,False,24,2011-12-02
10,8938.13,False,24,2011-12-02
21,2287.08,False,24,2011-12-09
18,29561.76,False,24,2011-12-09
14,718.71,False,24,2011-12-09
91,25933.57,False,24,2011-12-16
71,11788.53,False,24,2011-12-23
3,6415.83,False,24,2011-12-23
59,38943.67,False,24,2011-12-09
94,48425.06,False,24,2011-12-23
81,31951.7,True,24,2011-12-30
92,49175.65,False,24,2011-12-16
90,1707.33,True,24,2011-12-30
91,732.13,False,24,2011-12-16
3,17204.29,False,24,2011-12-16
2,1862.97,False,24,2011-12-30
28,12187.05,False,24,2011-12-16
4,28464.87,True,24,2011-12-30
28,8683.48,False,24,2011-12-09
91,148.27,True,24,2011-12-30
4,1256.93,False,24,2011-12-02
55,7090.44,True,24,2011-12-30
14,-9.23,True,24,2011-12-30
90,2262.45,False,24,2011-12-02
38,7517.41,True,24,2011-12-30
82,507.5,True,24,2011-12-30
23,21755.32,False,24,2011-12-16
16,13573.81,True,24,2011-12-30
96,11240.12,False,24,2011-12-23
1,37925.96,True,24,2011-12-30
24,6247.95,True,24,2011-12-30
26,21210.91,True,24,2011-12-30
10,7647.22,False,24,2011-12-15
18,7866.17,False,24,2011-12-02
49,2170.8,False,24,2011-12-02
58,9349.43,False,24,2011-12-23
10,34191.35,True,24,2011-12-30
79,45633.1,False,24,2011-12-23
54,13562.19,True,24,2011-12-30
28,102605.77,False,24,2011-12-30
87,200.75,True,24,2011-12-30
16,39126.66,False,24,2011-12-30
99,84804.8,False,24,2011-12-02
40,4549.33,False,24,2011-12-23
11,19257.04,False,24,2011-12-09
2,20669.25,False,24,2011-12-09
34,63837.06,False,24,2011-12-02
81,23727.06,False,24,2011-12-09
24,6625.78,False,24,2011-12-02
71,16669.35,False,24,2011-12-02
16,5357.94,False,24,2011-12-02
85,525.76,True,24,2011-12-30
17,20983.76,False,24,2011-12-02
28,9788.85,True,24,2011-12-30
72,38012.98,False,24,2011-12-02
49,4547.76,False,24,2011-12-02
97,5099.44,True,24,2011-12-30
41,567.41,False,24,2011-12-02
36,6582.09,False,24,2011-12-09
87,17112.9,True,24,2011-12-30
95,2588.77,False,24,2011-12-23
27,14890.52,True,24,2011-12-30
32,17112.28,False,24,2011-12-16
20,23465.7,True,24,2011-12-30
19,24580.92,True,24,2011-12-30
60,11744.92,False,24,2011-12-23
34,11302.62,True,24,2011-12-30
35,35933.66,True,24,2011-12-30
1,18818.44,False,24,2011-12-09
8,49019.38,False,24,2011-12-16
13,15670.82,False,24,2011-12-02
12,85031.83,False,24,2011-12-16
3,39981.64,True,24,2011-12-30
91,4746.9,True,24,2011-12-30
5,20342.72,False,24,2011-12-16
32,100694.91,True,24,2011-12-30
7,3006.3,False,24,2011-12-23
18,10637.04,False,25,2011-12-23
10,842.2,False,25,2011-12-23
38,58.9,True,25,2011-12-30
81,1706.84,False,25,2011-12-16
20,123326.27,True,25,2011-12-30
16,60.59,False,25,2011-12-16
55,54291.34,False,25,2011-12-16
6,30003.23,False,25,2011-12-09
4,26690.01,False,25,2011-12-16
93,85308.38,False,25,2011-12-23
25,3932.44,True,25,2011-12-30
31,48014.89,False,25,2011-12-16
25,37698.6,False,25,2011-12-09
91,22586.68,False,25,2011-12-16
8,124.45,False,25,2011-12-16
3,3740.8,False,25,2011-12-02
60,46195.06,False,25,2011-12-16
32,2319.89,False,25,2011-12-09
55,123610.73,False,25,2011-12-09
87,1368.89,True,25,2011-12-30
4,17674.17,False,25,2011-12-09
23,21503.34,False,25,2011-12-16
18,11114.32,False,25,2011-12-30
42,1612.69,False,25,2011-12-02
74,5230.89,False,25,2011-12-02
4,7832.27,False,25,2011-12-23
30,4535.89,False,25,2011-12-09
17,50178.01,False,25,2011-12-16
77,23687.97,True,25,2011-12-30
98,2653.43,False,25,2011-12-16
94,4908.22,False,25,2011-12-23
55,70132.04,False,25,2011-12-02
2,4074.02,False,25,2011-12-30
42,874.01,False,25,2011-12-16
27,3869.2,False,25,2011-12-02
6,1694.52,False,25,2011-12-16
44,505.22,False,25,2011-12-16
27,13893.18,False,25,2011-12-16
9,27516.23,False,25,2011-12-16
23,19369.27,False,25,2011-12-09
40,2524.68,False,25,2011-12-02
80,6665.34,False,25,2011-12-22
50,5253.21,True,25,2011-12-30
87,2759.36,False,25,2011-12-09
81,38225.84,False,25,2011-12-02
26,23800.44,False,25,2011-12-09
29,417.71,False,25,2011-12-16
10,2872.78,False,25,2011-12-23
52,17837.61,False,25,2011-12-09
82,24862.42,False,25,2011-12-30
22,11451.68,False,25,2011-12-16
58,4920.5,False,25,2011-12-02
21,14038.97,False,25,2011-12-16
7,3540.64,False,25,2011-12-16
29,75114.19,False,25,2011-12-30
6,45773.76,False,25,2011-12-16
94,1208.31,False,25,2011-12-09
95,8.98,False,25,2011-12-02
98,249.47,True,25,2011-12-30
48,39573.17,False,25,2011-12-16
21,3631.41,False,25,2011-12-02
16,26811.07,False,25,2011-12-02
79,2197.63,False,25,2011-12-16
91,49647.83,False,25,2011-12-02
60,2452.0,False,25,2011-12-02
33,31085.82,False,25,2011-12-16
27,46491.2,False,25,2011-12-16
3,1949.58,True,25,2011-12-30
30,14169.06,False,25,2011-12-16
38,41.63,False,25,2011-12-16
82,1279.28,False,25,2011-12-02
5,10781.06,False,25,2011-12-23
11,27619.32,True,25,2011-12-30
49,4812.93,False,25,2011-12-02
45,52242.68,False,25,2011-12-23
55,35931.04,False,25,2011-12-16
83,12478.73,False,25,2011-12-16
55,24.96,False,25,2011-12-23
1,3998.23,False,25,2011-12-09
95,3813.99,False,25,2011-12-16
90,6266.72,False,25,2011-12-09
12,18505.11,False,25,2011-12-30
16,52266.77,False,25,2011-12-09
96,262.14,False,25,2011-12-16
90,183.56,False,25,2011-12-02
5,6140.54,False,25,2011-12-16
11,9411.02,True,25,2011-12-30
49,31117.82,False,25,2011-12-09
80,23963.5,True,25,2011-12-30
67,2201.51,False,25,2011-12-02
17,19528.88,False,25,2011-12-09
92,46749.48,False,25,2011-12-16
90,13269.49,False,25,2011-12-09
72,16916.39,False,25,2011-12-23
98,29777.58,False,25,2011-12-23
44,1619.81,False,25,2011-12-09
71,31306.04,False,25,2011-12-30
94,8096.45,False,25,2011-12-02
59,1668.57,True,25,2011-12-30
1,825.41,False,25,2011-12-09
71,1044.71,False,25,2011-12-16
90,4323.65,True,25,2011-12-30
80,32161.86,False,25,2011-12-23
60,1108.8,False,25,2011-12-02
25,17.19,False,25,2011-12-02
80,4983.44,True,25,2011-12-30
32,2375.77,False,25,2011-12-02
2,48067.87,False,25,2011-12-02
21,2926.73,False,25,2011-12-30
81,8508.84,True,25,2011-12-30
56,6906.45,False,25,2011-12-09
95,3623.28,True,25,2011-12-30
36,22405.12,False,25,2011-12-02
80,4823.62,True,25,2011-12-30
92,2039.37,True,25,2011-12-30
6,4920.48,False,25,2011-12-09
95,7816.57,False,25,2011-12-16
85,17394.6,False,25,2011-12-02
13,67508.62,False,25,2011-12-02
6,3204.19,True,25,2011-12-30
2,1781.68,False,25,2011-12-16
31,300.56,True,25,2011-12-30
93,3.06,True,25,2011-12-30
8,6731.64,False,25,2011-12-23
14,18145.99,False,25,2011-12-02
87,9390.19,False,25,2011-12-02
38,754.91,False,25,2011-12-16
7,806.72,False,25,2011-12-09
4,14187.47,False,25,2011-12-02
56,106593.17,True,25,2011-12-30
74,3013.79,False,25,2011-12-23
21,10134.44,False,25,2011-12-23
21,19827.35,False,25,2011-12-23
42,2128.29,False,25,2011-12-23
74,1750.11,True,25,2011-12-30
8,28231.56,False,25,2011-12-02
12,32777.73,True,25,2011-12-30
43,3885.92,False,25,2011-12-23
28,3553.5,False,25,2011-12-23
81,5177.31,False,25,2011-12-02
24,53962.68,False,25,2011-12-16
17,503.79,False,25,2011-12-30
55,2530.44,False,25,2011-12-09
6,489.78,False,25,2011-12-09
81,4854.61,False,25,2011-12-23
25,120977.76,False,25,2011-12-23
41,36193.56,False,25,2011-12-23
58,8512.27,False,25,2011-12-23
13,9504.79,False,25,2011-12-16
12,3109.43,True,25,2011-12-30
32,78293.31,True,25,2011-12-30
85,85464.74,False,25,2011-12-30
2,3301.8,False,25,2011-12-02
29,665.79,False,25,2011-12-16
23,114689.33,True,25,2011-12-30
74,7741.82,False,25,2011-12-16
92,9.63,True,25,2011-12-30
41,933.59,False,25,2011-12-09
21,401.56,False,25,2011-12-23
92,91497.15,False,25,2011-12-16
74,617.78,True,25,2011-12-30
71,9514.64,False,25,2011-12-02
17,3995.59,False,25,2011-12-16
67,43616.82,False,25,2011-12-23
94,25.38,True,25,2011-12-30
25,1174.8,False,25,2011-12-02
52,52.73,False,25,2011-12-02
4,19002.38,False,25,2011-12-16
20,23293.08,False,25,2011-12-02
17,1460.34,True,25,2011-12-30
33,13115.8,False,25,2011-12-02
33,28870.04,False,25,2011-12-23
40,27221.98,False,25,2011-12-23
79,7054.84,False,25,2011-12-23
92,5399.81,True,25,2011-12-30
56,25.46,False,25,2011-12-16
20,9058.66,False,25,2011-12-09
22,2641.37,False,25,2011-12-02
42,45254.65,False,25,2011-12-23
37,2646.27,False,25,2011-12-16
31,14262.83,False,25,2011-12-02
18,9433.84,True,25,2011-12-30
18,7706.13,False,25,2011-12-16
38,41019.34,False,25,2011-12-16
30,2.1,False,25,2011-12-02
2,5895.21,False,25,2011-12-09
92,35274.26,False,25,2011-12-02
5,1030.07,True,25,2011-12-30
72,15004.15,True,25,2011-12-30
20,14436.48,False,25,2011-12-02
48,15336.34,False,25,2011-12-09
8,1828.35,True,25,2011-12-30
46,11473.47,False,25,2011-12-09
97,8367.35,False,25,2011-12-09
92,732.29,True,25,2011-12-30
32,19968.56,False,25,2011-12-16
91,39553.28,False,25,2011-12-02
60,3150.32,False,25,2011-12-02
16,31374.7,False,25,2011-12-23
36,10544.26,False,25,2011-12-02
59,100157.36,False,25,2011-12-02
99,522.52,True,25,2011-12-30
48,8086.73,False,25,2011-12-02
19,532.4,False,25,2011-12-23
8,1445.06,False,25,2011-12-16
92,9638.2,False,25,2011-12-02
94,1893.79,False,25,2011-12-16
82,32556.75,True,25,2011-12-30
60,652.44,True,25,2011-12-30
95,25897.26,False,25,2011-12-16
91,52396.6,False,25,2011-12-09
54,9836.69,False,25,2011-12-02
24,62631.84,True,25,2011-12-30
60,18220.49,False,25,2011-12-02
4,2439.74,False,25,2011-12-09
10,4056.22,False,25,2011-12-02
81,3002.35,False,25,2011-12-23
13,64.21,False,25,2011-12-21
42,29132.82,False,25,2011-12-09
42,4921.81,False,25,2011-12-16
42,67182.34,True,25,2011-12-30
25,1322.4,False,25,2011-12-02
81,12210.6,False,25,2011-12-16
56,1399.39,False,25,2011-12-02
11,9879.84,False,25,2011-12-09
5,5663.42,False,25,2011-12-02
34,5224.34,True,25,2011-12-30
45,2438.33,False,25,2011-12-16
92,7002.68,False,25,2011-12-30
74,6902.79,True,25,2011-12-30
67,4.73,True,25,2011-12-30
59,15223.59,False,25,2011-12-23
92,2300.87,False,25,2011-12-02
24,21296.51,False,25,2011-12-16
92,13382.06,False,25,2011-12-02
26,39639.1,False,25,2011-12-02
28,6544.14,True,25,2011-12-30
94,35742.1,False,25,2011-12-09
67,4084.31,False,25,2011-12-02
45,24698.39,True,25,2011-12-30
67,24612.42,False,25,2011-12-23
59,11282.78,False,25,2011-12-23
8,9807.74,False,25,2011-12-09
72,1430.48,False,25,2011-12-16
55,5212.4,False,25,2011-12-02
10,1141.7,True,25,2011-12-30
12,2796.44,False,25,2011-12-16
96,10895.59,True,25,2011-12-30
81,2394.73,False,25,2011-12-02
18,16228.45,False,25,2011-12-16
23,55700.14,False,25,2011-12-16
83,8902.08,False,25,2011-12-02
37,3408.21,True,25,2011-12-30
7,98135.3,False,25,2011-12-16
29,2249.33,False,25,2011-12-02
12,21853.93,False,25,2011-12-09
79,51897.76,False,25,2011-12-23
74,64.74,False,25,2011-12-09
48,98.67,False,25,2011-12-16
92,14367.81,False,25,2011-12-09
6,1270.57,False,25,2011-12-02
38,84526.14,False,25,2011-12-02
83,148.9,False,25,2011-12-30
25,1097.84,False,25,2011-12-23
91,14495.23,False,25,2011-12-16
26,7123.62,False,25,2011-12-09
3,11801.93,False,25,2011-12-02
41,39162.5,False,25,2011-12-16
82,18.88,False,25,2011-12-16
80,6741.13,False,25,2011-12-02
38,10636.64,False,25,2011-12-09
42,6531.63,False,25,2011-12-02
52,79020.43,False,25,2011-12-09
36,10460.54,True,25,2011-12-30
41,20909.81,True,25,2011-12-30
79,34455.45,True,25,2011-12-30
24,22885.99,True,25,2011-12-30
4,29766.43,False,25,2011-12-16
41,26906.41,False,25,2011-12-16
82,1612.39,True,25,2011-12-30
18,10057.74,True,25,2011-12-30
46,41967.68,False,25,2011-12-02
42,65231.7,False,25,2011-12-16
85,2606.8,False,25,2011-12-02
32,9.93,False,25,2011-12-23
25,40.78,False,25,2011-12-16
40,9569.73,False,25,2011-12-23
6,34366.03,False,25,2011-12-23
46,13596.6,False,25,2011-12-02
26,18750.13,True,25,2011-12-30
6,10392.07,False,25,2011-12-02
2,1641.46,False,25,2011-12-02
46,106.46,True,25,2011-12-30
71,6231.57,False,25,2011-12-16
28,13453.64,False,25,2011-12-23
92,8.76,True,25,2011-12-30
33,8711.9,False,25,2011-12-09
7,41.67,False,25,2011-12-09
49,2010.53,True,25,2011-12-30
14,2107.81,False,25,2011-12-16
2,45643.94,True,25,2011-12-30
34,1158.41,False,25,2011-12-02
1,92.34,False,25,2011-12-16
2,419.74,False,25,2011-12-02
3,4001.52,False,25,2011-12-02
13,2472.82,False,25,2011-12-30
78,60668.92,False,25,2011-12-23
59,5288.55,False,25,2011-12-09
5,4778.67,False,25,2011-12-09
18,3795.22,True,25,2011-12-30
67,1948.32,False,25,2011-12-02
81,9236.9,False,25,2011-12-02
72,10953.47,False,25,2011-12-23
58,12151.5,True,25,2011-12-30
8,498.66,False,25,2011-12-09
35,8165.93,False,25,2011-12-23
82,4952.44,False,25,2011-12-09
91,8703.36,False,25,2011-12-09
40,2855.93,False,25,2011-12-09
28,15580.42,False,25,2011-12-09
94,11871.62,False,25,2011-12-02
11,1028.93,False,25,2011-12-02
38,10134.22,False,25,2011-12-16
33,154404.3,False,25,2011-12-16
24,60728.76,True,25,2011-12-30
11,50080.8,False,25,2011-12-02
17,3884.48,False,25,2011-12-02
40,2536.37,True,25,2011-12-30
5,35502.11,True,25,2011-12-30
71,1468.73,False,25,2011-12-09
12,239.99,False,25,2011-12-23
82,161385.89,False,25,2011-12-02
33,3316.34,False,25,2011-12-09
2,51944.99,False,25,2011-12-16
3,7017.73,False,25,2011-12-02
82,63939.38,False,25,2011-12-09
80,137.44,True,25,2011-12-30
83,16459.99,False,25,2011-12-16
14,29.43,False,25,2011-12-02
81,13743.68,False,25,2011-12-16
40,4625.79,False,25,2011-12-16
60,51056.7,False,25,2011-12-09
5,2316.21,True,25,2011-12-30
12,26666.59,False,25,2011-12-09
98,55685.01,True,25,2011-12-30
10,12238.01,True,25,2011-12-30
37,1096.17,False,25,2011-12-09
31,619.01,False,25,2011-12-16
24,642.18,False,25,2011-12-02
94,2226.79,False,25,2011-12-23
1,16573.7,False,25,2011-12-02
54,17665.41,True,25,2011-12-30
46,-2.67,False,25,2011-12-16
93,8395.51,False,25,2011-12-23
28,129.73,False,26,2011-12-23
41,6156.19,False,26,2011-12-02
1,4092.61,True,26,2011-12-30
80,367.69,True,26,2011-12-30
90,5738.12,False,26,2011-12-02
2,4833.89,False,26,2011-12-16
18,150.13,True,26,2011-12-30
5,16851.0,False,26,2011-12-09
91,5191.94,False,26,2011-12-09
42,7589.63,False,26,2011-12-23
80,40629.94,False,26,2011-12-02
79,2944.73,True,26,2011-12-30
8,24401.38,False,26,2011-12-02
32,108695.91,True,26,2011-12-30
33,2184.85,False,26,2011-12-02
56,78116.33,False,26,2011-12-02
31,102966.45,False,26,2011-12-02
55,69605.01,False,26,2011-12-23
90,2243.52,False,26,2011-12-16
71,22628.02,True,26,2011-12-30
18,31881.08,False,26,2011-12-02
55,1353.77,True,26,2011-12-30
45,2410.2,False,26,2011-12-09
21,50203.95,False,26,2011-12-23
41,91429.17,False,26,2011-12-23
83,28786.84,False,26,2011-12-23
80,688.13,False,26,2011-12-02
42,3700.63,False,26,2011-12-23
7,66642.42,False,26,2011-12-02
2,12240.6,False,26,2011-12-16
33,4778.69,False,26,2011-12-02
97,4950.89,False,26,2011-12-23
17,26578.88,False,26,2011-12-16
32,33780.11,False,26,2011-12-23
55,66736.8,False,26,2011-12-16
82,5781.84,False,26,2011-12-19
42,11325.86,False,26,2011-12-23
79,1051.26,False,26,2011-12-16
71,1803.07,False,26,2011-12-16
31,2058.94,False,26,2011-12-02
87,54858.85,False,26,2011-12-16
5,3234.4,True,26,2011-12-30
97,36.75,False,26,2011-12-16
22,91.64,False,26,2011-12-16
93,30588.4,True,26,2011-12-30
81,9471.95,False,26,2011-12-23
10,10174.49,False,26,2011-12-09
80,6895.05,False,26,2011-12-15
48,2042.49,False,26,2011-12-23
3,2135.72,False,26,2011-12-16
81,622.61,False,26,2011-12-02
65,8406.57,False,26,2011-12-09
12,8212.78,True,26,2011-12-30
2,953.07,False,26,2011-12-02
1,2554.38,True,26,2011-12-30
55,10343.12,False,26,2011-12-09
91,26294.79,False,26,2011-12-09
38,33965.69,False,26,2011-12-09
58,1364.96,False,26,2011-12-16
38,1459.88,False,26,2011-12-02
1,87.39,False,26,2011-12-02
38,89.74,True,26,2011-12-30
44,29090.36,False,26,2011-12-23
32,1425.86,True,26,2011-12-30
40,22166.75,False,26,2011-12-23
94,2450.5,False,26,2011-12-02
90,1276.43,False,26,2011-12-23
21,44934.6,False,26,2011-12-02
11,50185.67,False,26,2011-12-09
46,48876.88,True,26,2011-12-30
36,9773.8,False,26,2011-12-02
81,11216.3,False,26,2011-12-30
44,29488.92,False,26,2011-12-23
71,30170.32,False,26,2011-12-02
96,19331.68,False,26,2011-12-09
92,62356.73,False,26,2011-12-02
31,15783.26,False,26,2011-12-09
17,3434.2,False,26,2011-12-16
46,312.69,False,26,2011-12-16
79,8213.65,False,26,2011-12-16
74,7436.16,False,26,2011-12-09
48,2690.98,False,26,2011-12-02
81,29924.64,False,26,2011-12-02
27,7764.57,False,26,2011-12-16
77,13175.04,False,26,2011-12-16
7,67686.99,True,26,2011-12-30
83,5446.25,False,26,2011-12-16
27,8435.08,True,26,2011-12-30
27,36044.2,False,26,2011-12-16
40,36606.98,False,26,2011-12-02
27,13630.41,False,26,2011-12-16
5,19105.7,False,26,2011-12-02
21,5025.39,False,26,2011-12-09
1,2219.84,False,26,2011-12-09
55,1122.16,False,26,2011-12-02
5,11431.06,False,26,2011-12-02
14,93.03,False,26,2011-12-02
90,22264.75,False,26,2011-12-09
1,12863.57,False,26,2011-12-16
96,10409.29,False,26,2011-12-16
6,60237.08,False,26,2011-12-02
41,90635.2,True,26,2011-12-30
5,9094.9,False,26,2011-12-02
49,2273.4,False,26,2011-12-09
38,25879.82,False,26,2011-12-23
36,2.16,False,26,2011-12-16
31,8970.64,False,26,2011-12-16
79,11044.29,False,26,2011-12-16
37,54805.5,False,26,2011-12-02
58,2549.21,False,26,2011-12-02
54,56560.5,True,26,2011-12-30
82,12082.57,False,26,2011-12-09
5,51.15,False,26,2011-12-16
96,15.02,False,26,2011-12-16
8,4287.91,False,26,2011-12-16
21,5091.59,True,26,2011-12-30
14,7970.54,False,26,2011-12-02
16,2220.69,False,26,2011-12-23
82,40929.33,True,26,2011-12-30
5,85457.48,False,26,2011-12-16
12,1177.12,False,26,2011-12-02
59,9498.89,False,26,2011-12-02
34,146285.17,False,26,2011-12-02
6,1925.94,False,26,2011-12-16
34,4790.2,False,26,2011-12-16
6,8.16,True,26,2011-12-30
49,2860.58,False,26,2011-12-16
4,1080.07,True,26,2011-12-30
74,2343.23,True,26,2011-12-30
94,174.98,False,26,2011-12-16
74,29886.32,False,26,2011-12-23
65,34531.66,False,26,2011-12-16
27,36211.84,False,26,2011-12-23
32,1826.85,False,26,2011-12-16
4,62024.85,False,26,2011-12-16
93,4646.3,False,26,2011-12-09
60,18909.08,False,26,2011-12-02
52,12508.26,False,26,2011-12-09
81,25450.03,False,26,2011-12-02
96,26612.06,False,26,2011-12-02
5,94232.66,False,26,2011-12-16
59,11018.96,False,26,2011-12-16
18,6492.6,False,26,2011-12-16
92,23143.39,False,26,2011-12-02
5,20615.5,False,26,2011-12-02
93,61.99,True,26,2011-12-30
23,16959.8,False,26,2011-12-23
60,9592.49,False,26,2011-12-09
29,5158.18,False,26,2011-12-02
20,18622.6,False,26,2011-12-09
12,5158.14,False,26,2011-12-09
74,32296.88,False,26,2011-12-02
8,13779.46,False,26,2011-12-16
90,932.27,False,26,2011-12-09
34,50899.6,False,26,2011-12-02
90,58.3,False,26,2011-12-02
98,394.02,False,26,2011-12-02
96,858.85,False,26,2011-12-16
28,55636.88,False,26,2011-12-09
16,20976.61,True,26,2011-12-30
46,25062.82,False,26,2011-12-09
14,3115.42,True,26,2011-12-30
38,14122.6,False,26,2011-12-02
33,14690.33,False,26,2011-12-16
85,3790.62,False,26,2011-12-16
56,969.87,True,26,2011-12-30
16,19039.56,False,26,2011-12-02
94,5700.22,True,26,2011-12-30
23,7692.46,True,26,2011-12-30
7,682.89,False,26,2011-12-09
23,9777.4,True,26,2011-12-30
21,94.75,False,26,2011-12-23
91,1511.19,False,26,2011-12-02
4,102225.45,False,26,2011-12-02
67,34761.5,False,26,2011-12-18
91,19909.55,False,26,2011-12-02
49,32879.0,False,26,2011-12-02
27,494.54,True,26,2011-12-30
22,4965.12,False,26,2011-12-30
12,5942.44,False,26,2011-12-23
81,1639.76,False,26,2011-12-02
30,1526.28,False,26,2011-12-02
59,3242.02,False,26,2011-12-02
81,9691.84,False,26,2011-12-09
36,9354.06,False,26,2011-12-23
58,200.49,False,26,2011-12-02
49,19028.53,False,26,2011-12-17
37,2795.4,False,26,2011-12-16
35,74627.72,False,26,2011-12-30
1,13076.72,False,26,2011-12-16
41,23690.92,False,26,2011-12-30
21,3841.01,False,26,2011-12-23
23,162.54,False,26,2011-12-09
11,61164.96,False,26,2011-12-02
17,2866.93,False,26,2011-12-02
27,10823.98,True,26,2011-12-30
91,1526.8,False,26,2011-12-02
8,583.05,False,26,2011-12-02
78,6283.61,False,26,2011-12-16
81,33181.42,False,26,2011-12-16
38,45431.7,False,26,2011-12-16
96,12011.89,False,26,2011-12-30
81,12205.74,True,26,2011-12-30
40,1926.42,False,26,2011-12-09
83,8313.64,False,26,2011-12-23
87,3328.5,False,26,2011-12-02
13,32018.21,False,26,2011-12-16
20,8927.64,False,26,2011-12-16
6,22147.04,False,26,2011-12-09
56,49533.84,False,26,2011-12-23
3,5542.5,True,26,2011-12-30
95,44975.06,False,26,2011-12-16
90,52934.74,False,26,2011-12-16
9,19922.11,False,26,2011-12-09
25,6457.28,False,26,2011-12-02
9,396.43,False,26,2011-12-02
96,6710.37,True,26,2011-12-30
59,14017.8,False,26,2011-12-09
37,24723.84,True,26,2011-12-30
26,19522.71,False,26,2011-12-09
10,18089.51,True,26,2011-12-30
58,9947.46,False,26,2011-12-02
5,21679.07,False,26,2011-12-09
81,391.3,False,26,2011-12-02
98,38079.05,False,26,2011-12-16
81,9434.87,True,26,2011-12-30
94,3609.6,False,26,2011-12-16
80,21570.54,False,26,2011-12-16
16,2996.05,False,26,2011-12-23
1,1101.05,True,26,2011-12-30
11,27208.51,False,26,2011-12-23
71,1553.39,True,26,2011-12-30
71,50566.15,True,26,2011-12-30
12,83117.4,True,26,2011-12-30
80,6706.44,False,26,2011-12-30
20,2066.35,False,26,2011-12-02
17,1454.73,False,26,2011-12-02
44,7023.78,True,26,2011-12-30
56,6019.67,False,26,2011-12-16
35,6252.22,False,26,2011-12-23
6,312.72,False,26,2011-12-16
74,27298.78,True,26,2011-12-30
32,2577.56,True,26,2011-12-30
1,109549.34,False,26,2011-12-16
52,84868.79,True,26,2011-12-30
14,174.1,False,26,2011-12-16
97,9920.43,False,26,2011-12-23
35,2429.46,False,26,2011-12-16
30,517.11,False,26,2011-12-09
42,21032.98,False,26,2011-12-23
60,12422.13,False,26,2011-12-16
6,37872.69,True,26,2011-12-30
58,69260.88,False,26,2011-12-23
37,18.01,False,26,2011-12-02
36,4457.4,True,26,2011-12-30
33,14270.46,False,26,2011-12-16
38,1565.0,False,26,2011-12-02
18,1555.95,False,26,2011-12-02
49,80.65,False,26,2011-12-02
23,1289.69,False,26,2011-12-02
79,8515.76,False,26,2011-12-30
52,63756.56,True,26,2011-12-30
23,12765.44,False,26,2011-12-02
79,28728.04,True,26,2011-12-30
5,2818.24,False,26,2011-12-09
6,85193.78,False,26,2011-12-16
58,40961.96,True,26,2011-12-30
36,36408.29,False,26,2011-12-16
9,10202.62,False,26,2011-12-09
17,94.0,True,26,2011-12-30
58,19447.7,True,26,2011-12-30
22,16698.1,False,26,2011-12-02
11,5602.78,False,26,2011-12-02
13,4714.73,False,26,2011-12-09
16,78913.75,False,26,2011-12-16
97,34075.97,False,26,2011-12-02
30,40208.34,False,26,2011-12-16
18,565.5,False,26,2011-12-16
60,18056.14,False,26,2011-12-09
17,405.24,False,26,2011-12-09
81,-734.3,False,26,2011-12-09
71,7370.08,False,26,2011-12-02
20,421.65,False,26,2011-12-16
36,21327.22,False,26,2011-12-16
35,18.13,False,26,2011-12-02
72,15470.05,False,26,2011-12-02
37,2778.85,False,26,2011-12-23
9,10121.26,False,26,2011-12-09
41,12956.65,False,26,2011-12-16
37,4054.49,False,26,2011-12-16
59,23213.71,True,26,2011-12-30
3,15123.52,False,26,2011-12-23
5,169.89,False,26,2011-12-09
17,4382.56,False,26,2011-12-02
55,19027.53,True,26,2011-12-30
91,7251.02,False,26,2011-12-16
95,22668.15,False,26,2011-12-23
10,5845.57,True,26,2011-12-30
67,2077.26,False,26,2011-12-16
81,1616.7,False,26,2011-12-02
56,3014.99,True,26,2011-12-30
56,5186.82,False,26,2011-12-02
37,3644.8,False,26,2011-12-23
22,9529.2,False,26,2011-12-02
46,5250.29,True,26,2011-12-30
3,11274.89,False,26,2011-12-16
87,2848.38,False,26,2011-12-02
6,30550.67,False,26,2011-12-16
26,2726.92,False,26,2011-12-02
93,10300.37,False,26,2011-12-02
3,11084.37,False,26,2011-12-23
28,1046.38,False,26,2011-12-02
7,19060.94,True,26,2011-12-30
49,1444.1,False,26,2011-12-02
4,9856.25,True,26,2011-12-30
85,6043.32,False,26,2011-12-16
87,22616.96,False,26,2011-12-02
83,4524.19,False,26,2011-12-16
58,2838.47,False,26,2011-12-09
33,13599.44,False,26,2011-12-23
87,38503.38,False,26,2011-12-09
95,33892.2,False,26,2011-12-02
56,9453.32,False,26,2011-12-02
51,3606.12,False,26,2011-12-23
30,1805.18,False,26,2011-12-02
90,26601.38,False,26,2011-12-02
12,20774.85,False,26,2011-12-16
21,3753.44,False,26,2011-12-16
52,5290.64,False,26,2011-12-09
93,91.97,False,26,2011-12-09
94,2.09,False,26,2011-12-02
19,3778.57,False,26,2011-12-09
87,4184.86,False,26,2011-12-02
60,866.51,True,26,2011-12-30
23,32924.11,False,26,2011-12-09
3,43172.32,False,26,2011-12-23
37,2038.29,False,26,2011-12-02
19,3522.22,False,26,2011-12-02
26,22698.65,False,26,2011-12-02
22,502.75,False,26,2011-12-09
24,33929.71,False,26,2011-12-09
36,67284.8,False,26,2011-12-23
41,1743.23,False,26,2011-12-16
45,9330.95,False,26,2011-12-09
74,8671.58,False,26,2011-12-30
31,16652.28,False,26,2011-12-02
6,79.43,False,26,2011-12-09
52,67635.33,False,26,2011-12-02
60,16815.06,False,26,2011-12-02
2,2640.11,False,26,2011-12-09
94,28.46,True,26,2011-12-30
3,38830.44,False,26,2011-12-23
24,23233.05,True,26,2011-12-30
87,50612.7,True,26,2011-12-30
92,78319.26,False,26,2011-12-23
54,23.49,False,26,2011-12-16
10,1159.07,True,26,2011-12-30
16,15946.86,False,26,2011-12-09
13,2807.17,False,26,2011-12-02
24,778.45,True,26,2011-12-30
93,13231.14,False,26,2011-12-23
93,2766.65,True,26,2011-12-30
34,12083.69,False,26,2011-12-02
83,3176.39,False,26,2011-12-02
10,44310.91,False,27,2011-12-02
72,1167.68,False,27,2011-12-02
13,6455.73,False,27,2011-12-02
3,65165.66,False,27,2011-12-16
11,37096.0,False,27,2011-12-09
22,3451.1,False,27,2011-12-16
40,14926.68,False,27,2011-12-02
97,373.58,False,27,2011-12-16
49,28.71,False,27,2011-12-02
7,744.97,False,27,2011-12-23
14,1149.03,False,27,2011-12-23
1,21556.9,True,27,2011-12-30
92,189.94,False,27,2011-12-23
92,2221.69,False,27,2011-12-02
23,12270.38,False,27,2011-12-16
91,2519.84,False,27,2011-12-16
72,20771.79,True,27,2011-12-30
14,26607.12,True,27,2011-12-30
33,1083.11,True,27,2011-12-30
82,204.35,False,27,2011-12-23
5,23441.15,False,27,2011-12-02
36,2242.92,False,27,2011-12-02
3,17245.32,True,27,2011-12-30
46,62.45,False,27,2011-12-16
9,11436.14,False,27,2011-12-16
49,43817.36,False,27,2011-12-23
99,30382.22,False,27,2011-12-30
31,42534.6,True,27,2011-12-30
44,1109.15,True,27,2011-12-30
55,1632.37,False,27,2011-12-02
83,1458.82,False,27,2011-12-16
21,10687.06,False,27,2011-12-09
1,51446.64,True,27,2011-12-30
32,1069.32,False,27,2011-12-16
24,2817.1,False,27,2011-12-16
71,15290.74,False,27,2011-12-16
47,14164.85,False,27,2011-12-23
6,24015.2,True,27,2011-12-30
83,24551.06,False,27,2011-12-02
31,1239.19,False,27,2011-12-02
56,23291.54,True,27,2011-12-30
83,2376.04,True,27,2011-12-30
92,1629.48,False,27,2011-12-23
40,14898.32,True,27,2011-12-30
74,22281.54,False,27,2011-12-16
95,13798.92,False,27,2011-12-16
20,11265.33,False,27,2011-12-09
83,28605.16,False,27,2011-12-09
98,3068.24,False,27,2011-12-23
52,8689.23,False,27,2011-12-23
14,8031.09,False,27,2011-12-02
14,20066.56,False,27,2011-12-30
83,2754.19,False,27,2011-12-16
1,12130.47,False,27,2011-12-09
17,28923.77,False,27,2011-12-09
83,77.52,True,27,2011-12-30
8,3920.75,False,27,2011-12-02
35,30401.38,False,27,2011-12-16
10,17680.38,True,27,2011-12-30
97,9811.97,False,27,2011-12-09
14,732.46,False,27,2011-12-09
46,3824.12,True,27,2011-12-30
4,8919.38,False,27,2011-12-09
8,53520.79,True,27,2011-12-30
25,27872.48,False,27,2011-12-02
49,10133.48,True,27,2011-12-30
56,285.61,False,27,2011-12-16
90,27817.76,False,27,2011-12-16
27,3617.34,True,27,2011-12-30
31,15766.16,False,27,2011-12-16
34,7585.4,False,27,2011-12-30
29,9172.21,True,27,2011-12-30
38,2505.08,False,27,2011-12-16
81,167.28,False,27,2011-12-02
40,4118.63,False,27,2011-12-16
90,518.66,True,27,2011-12-30
17,7561.22,True,27,2011-12-30
41,40028.23,False,27,2011-12-02
36,83.54,False,27,2011-12-16
98,787.36,True,27,2011-12-30
17,27.98,False,27,2011-12-09
80,59560.46,False,27,2011-12-23
90,35981.1,False,27,2011-12-16
60,3363.91,False,27,2011-12-23
52,2194.38,False,27,2011-12-16
46,54782.56,False,27,2011-12-16
24,2988.28,False,27,2011-12-16
20,141591.33,True,27,2011-12-30
90,1339.04,True,27,2011-12-30
18,90.51,False,27,2011-12-16
18,12.69,False,27,2011-12-23
31,48502.85,False,27,2011-12-09
26,406.33,False,27,2011-12-02
40,21.36,True,27,2011-12-30
74,19684.1,False,27,2011-12-23
5,14733.23,False,27,2011-12-09
17,15462.0,False,27,2011-12-02
23,5573.42,False,27,2011-12-16
2,13066.79,False,27,2011-12-02
1,22291.1,False,27,2011-12-09
17,7712.19,True,27,2011-12-30
44,5191.25,False,27,2011-12-23
40,35848.53,False,27,2011-12-23
32,6518.0,False,27,2011-12-23
4,3280.42,False,27,2011-12-16
3,4588.7,False,27,2011-12-16
3,6647.49,False,27,2011-12-10
2,102.23,False,27,2011-12-16
45,4903.09,False,27,2011-12-09
87,144928.44,False,27,2011-12-16
22,38.2,False,27,2011-12-02
35,15138.0,False,27,2011-12-02
17,5152.32,True,27,2011-12-30
60,2081.93,False,27,2011-12-09
25,13397.48,False,27,2011-12-16
2,1073.28,False,27,2011-12-02
46,40783.63,True,27,2011-12-30
32,17364.48,False,27,2011-12-23
4,9827.64,False,27,2011-12-16
6,85676.68,False,27,2011-12-09
79,16190.07,False,27,2011-12-16
9,17058.34,False,27,2011-12-23
8,19539.73,False,27,2011-12-09
54,2381.41,False,27,2011-12-02
13,6368.6,False,27,2011-12-02
38,5873.33,False,27,2011-12-16
9,157.36,False,27,2011-12-02
38,11864.62,False,27,2011-12-09
21,13866.32,False,27,2011-12-16
46,42256.9,False,27,2011-12-02
22,698.42,True,27,2011-12-30
9,9163.26,False,27,2011-12-16
36,1680.23,False,27,2011-12-16
11,2282.61,True,27,2011-12-30
83,31171.1,True,27,2011-12-30
44,4030.88,False,27,2011-12-16
40,5218.14,False,27,2011-12-16
55,8123.39,False,27,2011-12-23
16,18792.88,True,27,2011-12-30
91,105610.94,False,27,2011-12-16
31,17964.59,False,27,2011-12-02
35,1730.27,False,27,2011-12-16
20,15372.19,True,27,2011-12-30
59,73870.82,False,27,2011-12-23
90,3279.22,False,27,2011-12-02
56,76724.35,False,27,2011-12-30
2,101643.11,False,27,2011-12-09
81,8652.88,True,27,2011-12-30
4,1308.29,False,27,2011-12-09
97,4.27,False,27,2011-12-09
60,12.05,False,27,2011-12-02
90,13153.44,False,27,2011-12-02
18,3867.54,False,27,2011-12-16
1,12.2,False,27,2011-12-02
5,184.12,True,27,2011-12-30
42,19.42,False,27,2011-12-02
35,5732.92,False,27,2011-12-09
74,28.89,False,27,2011-12-16
91,15548.6,False,27,2011-12-16
96,4360.88,False,27,2011-12-16
42,40389.85,False,27,2011-12-23
99,20762.1,False,27,2011-12-16
1,9190.0,False,27,2011-12-02
36,13505.33,False,27,2011-12-16
93,53169.12,True,27,2011-12-30
25,-278.22,False,27,2011-12-02
41,1136.7,False,27,2011-12-16
3,78233.4,False,27,2011-12-23
55,37728.99,True,27,2011-12-30
18,2727.52,True,27,2011-12-30
72,12874.59,False,27,2011-12-09
85,909.14,False,27,2011-12-16
28,54616.49,False,27,2011-12-23
16,8194.55,False,27,2011-12-02
67,208.44,True,27,2011-12-30
93,9831.37,False,27,2011-12-16
38,1777.26,False,27,2011-12-16
30,5857.93,False,27,2011-12-09
8,13704.96,True,27,2011-12-30
14,62254.94,False,27,2011-12-09
27,18622.1,False,27,2011-12-09
98,17294.65,False,27,2011-12-16
83,891.6,False,27,2011-12-02
72,101584.43,False,27,2011-12-16
30,898.05,True,27,2011-12-30
4,15714.74,False,27,2011-12-16
19,158.6,True,27,2011-12-30
85,5668.91,False,27,2011-12-16
1,44013.64,False,27,2011-12-02
11,15726.09,False,27,2011-12-23
95,12771.01,False,27,2011-12-16
42,5590.6,False,27,2011-12-23
56,12299.02,False,27,2011-12-02
38,57026.72,False,27,2011-12-16
19,13488.64,True,27,2011-12-30
87,6737.25,False,27,2011-12-16
85,11717.84,True,27,2011-12-30
34,67096.62,False,27,2011-12-23
32,4024.52,False,27,2011-12-23
48,81.84,False,27,2011-12-16
34,35803.21,False,27,2011-12-09
90,3139.39,False,27,2011-12-09
28,15770.97,True,27,2011-12-30
11,7963.08,False,27,2011-12-02
33,21979.35,False,27,2011-12-16
37,32776.9,False,27,2011-12-02
56,3965.17,False,27,2011-12-23
9,6859.83,False,27,2011-12-23
81,12534.0,False,27,2011-12-23
34,57945.26,True,27,2011-12-30
19,1561.35,False,27,2011-12-23
79,45361.8,False,27,2011-12-23
21,8804.88,False,27,2011-12-02
24,17009.03,True,27,2011-12-30
56,37.43,False,27,2011-12-16
23,9433.65,False,27,2011-12-16
40,26137.29,False,27,2011-12-02
83,6111.0,False,27,2011-12-23
44,74780.52,False,27,2011-12-09
23,29661.74,True,27,2011-12-30
95,1925.3,False,27,2011-12-02
7,13128.6,True,27,2011-12-30
95,66338.46,False,27,2011-12-09
36,37003.29,False,27,2011-12-23
92,19287.24,True,27,2011-12-30
74,17861.63,False,27,2011-12-16
85,6323.78,False,27,2011-12-09
36,57430.2,False,27,2011-12-09
80,20030.48,False,27,2011-12-23
17,4619.7,False,27,2011-12-23
56,2515.22,False,27,2011-12-02
45,9201.85,True,27,2011-12-30
2,17320.43,False,27,2011-12-16
9,1173.72,False,27,2011-12-16
98,6237.58,False,27,2011-12-16
79,6945.63,False,27,2011-12-16
49,9458.7,False,27,2011-12-02
9,2275.19,False,27,2011-12-16
40,8508.17,True,27,2011-12-30
8,108835.34,False,27,2011-12-02
24,9709.36,False,27,2011-12-16
10,1400.82,False,27,2011-12-02
11,157.88,False,27,2011-12-16
16,14141.44,False,27,2011-12-02
95,22485.21,False,27,2011-12-16
93,4208.88,False,27,2011-12-23
40,2770.3,False,27,2011-12-02
9,15433.14,True,27,2011-12-30
41,233.1,False,27,2011-12-02
16,4168.15,False,27,2011-12-02
26,2705.87,False,27,2011-12-16
92,20101.56,False,27,2011-12-02
3,5225.48,True,27,2011-12-30
29,24.48,True,27,2011-12-30
38,62657.29,False,27,2011-12-09
23,10270.69,False,27,2011-12-30
33,10497.25,False,27,2011-12-16
55,2182.9,False,27,2011-12-16
2,3325.9,False,27,2011-12-02
92,13381.03,False,27,2011-12-16
90,174052.3,False,27,2011-12-16
41,41919.13,False,27,2011-12-23
42,50973.58,False,27,2011-12-02
98,11269.41,False,27,2011-12-23
36,3756.87,False,27,2011-12-23
60,2066.11,False,27,2011-12-23
17,35436.18,False,27,2011-12-02
80,2478.46,False,27,2011-12-23
35,13831.11,False,27,2011-12-02
40,72113.35,False,27,2011-12-02
71,2719.94,True,27,2011-12-30
40,-703.26,False,27,2011-12-02
32,66725.16,False,27,2011-12-16
93,702.69,False,27,2011-12-02
95,34143.7,False,27,2011-12-16
99,26202.16,False,27,2011-12-30
35,15672.65,True,27,2011-12-30
91,44786.46,True,27,2011-12-30
4,41972.72,False,27,2011-12-02
46,2592.32,False,27,2011-12-02
97,27204.8,False,27,2011-12-02
38,22925.9,True,27,2011-12-30
71,1876.33,False,27,2011-12-02
31,49421.78,False,27,2011-12-09
48,1335.67,False,27,2011-12-16
41,2223.27,True,27,2011-12-30
99,16894.03,False,27,2011-12-02
77,15992.92,False,27,2011-12-23
17,13080.29,False,27,2011-12-23
24,44.81,False,27,2011-12-09
4,76.17,False,27,2011-12-23
28,13677.19,False,27,2011-12-16
59,24500.62,False,27,2011-12-23
56,80010.71,False,27,2011-12-30
2,4357.26,True,27,2011-12-30
12,2493.61,False,27,2011-12-23
56,5249.1,False,27,2011-12-23
87,40.78,True,27,2011-12-30
91,36383.22,False,27,2011-12-02
59,72447.96,True,27,2011-12-30
42,6328.62,False,27,2011-12-02
58,3969.38,False,27,2011-12-16
12,171676.7,False,27,2011-12-23
31,15907.42,False,27,2011-12-08
22,305.98,True,27,2011-12-30
3,42015.07,False,27,2011-12-23
46,93557.35,True,27,2011-12-30
34,1694.05,False,27,2011-12-09
9,6188.5,False,27,2011-12-23
50,7618.52,True,27,2011-12-30
79,17882.4,False,27,2011-12-23
4,16748.78,True,27,2011-12-30
52,4365.76,False,27,2011-12-09
71,65611.3,False,27,2011-12-23
2,8462.06,False,27,2011-12-02
26,15487.06,True,27,2011-12-30
7,28211.24,False,27,2011-12-21
24,6681.05,False,27,2011-12-16
80,18720.28,False,27,2011-12-09
14,6222.36,False,27,2011-12-16
49,54122.96,True,27,2011-12-30
17,15320.39,False,27,2011-12-02
95,7577.35,False,27,2011-12-02
87,686.46,False,27,2011-12-16
46,2429.55,False,27,2011-12-23
26,9157.9,True,27,2011-12-30
60,19099.17,False,27,2011-12-23
58,7524.01,False,27,2011-12-02
33,3094.31,False,27,2011-12-16
49,2598.07,False,27,2011-12-16
85,34923.39,False,27,2011-12-09
21,17242.05,False,27,2011-12-23
71,15438.25,False,27,2011-12-02
9,58776.15,False,27,2011-12-16
27,224.54,False,27,2011-12-16
49,876.15,False,27,2011-12-23
52,1208.61,True,27,2011-12-30
29,10261.32,False,27,2011-12-23
7,2527.38,True,27,2011-12-30
33,19993.25,False,27,2011-12-16
58,1780.23,False,27,2011-12-16
32,6828.35,False,27,2011-12-02
48,3170.24,False,27,2011-12-02
11,24333.12,False,27,2011-12-30
67,440.93,False,27,2011-12-02
30,352.74,True,27,2011-12-30
33,3143.78,False,27,2011-12-23
38,9.83,False,27,2011-12-23
14,44629.2,False,27,2011-12-09
97,114823.72,False,27,2011-12-16
72,26047.38,True,27,2011-12-30
56,7134.88,False,27,2011-12-02
36,35055.44,False,27,2011-12-09
59,16253.15,False,27,2011-12-02
83,87700.66,False,27,2011-12-16
2,8398.03,False,27,2011-12-16
12,9739.51,False,27,2011-12-02
85,48887.49,False,27,2011-12-02
87,22884.87,True,27,2011-12-30
67,4574.11,False,27,2011-12-02
87,12813.32,False,27,2011-12-02
44,20150.12,False,28,2011-12-23
12,1220.33,False,28,2011-12-02
81,9181.58,False,28,2011-12-02
67,848.69,False,28,2011-12-02
17,84755.93,False,28,2011-12-16
79,59243.26,False,28,2011-12-23
99,64680.43,False,28,2011-12-23
33,9662.8,False,28,2011-12-23
90,6891.92,False,28,2011-12-16
56,5648.18,True,28,2011-12-30
32,75341.6,False,28,2011-12-02
92,28453.5,False,28,2011-12-16
60,4387.13,False,28,2011-12-16
82,48900.35,False,28,2011-12-02
26,14774.74,True,28,2011-12-30
37,25.25,False,28,2011-12-09
87,4557.67,True,28,2011-12-30
34,12774.62,False,28,2011-12-09
87,60734.56,False,28,2011-12-02
17,31580.97,False,28,2011-12-23
3,3655.19,False,28,2011-12-08
3,28022.41,True,28,2011-12-30
31,43377.4,False,28,2011-12-23
14,26684.16,False,28,2011-12-02
30,10417.85,False,28,2011-12-16
13,40146.56,True,28,2011-12-30
9,8051.55,True,28,2011-12-30
13,502.5,True,28,2011-12-30
3,55894.72,False,28,2011-12-09
85,750.33,False,28,2011-12-02
90,2354.93,True,28,2011-12-30
35,159.06,False,28,2011-12-02
45,130.28,False,28,2011-12-16
79,46621.88,False,28,2011-12-23
11,125698.42,False,28,2011-12-23
8,14260.21,False,28,2011-12-02
5,46247.8,False,28,2011-12-09
79,28038.84,False,28,2011-12-16
2,699.1,False,28,2011-12-30
81,3607.5,False,28,2011-12-02
41,15786.02,False,28,2011-12-09
56,31443.0,False,28,2011-12-16
72,18876.75,False,28,2011-12-16
60,3426.04,False,28,2011-12-02
41,9443.94,False,28,2011-12-23
1,24510.02,False,28,2011-12-16
85,13418.85,False,28,2011-12-02
13,524.22,False,28,2011-12-09
85,8810.38,False,28,2011-12-02
21,2875.97,False,28,2011-12-09
42,11208.16,False,28,2011-12-02
74,9119.64,False,28,2011-12-02
79,3889.17,False,28,2011-12-23
3,4238.57,False,28,2011-12-02
87,1613.22,False,28,2011-12-16
31,90.87,True,28,2011-12-30
94,3986.75,True,28,2011-12-30
42,2851.17,False,28,2011-12-16
67,59807.14,False,28,2011-12-02
94,12609.74,True,28,2011-12-30
7,358.0,True,28,2011-12-30
12,2362.6,True,28,2011-12-30
44,266.99,False,28,2011-12-16
27,2116.68,True,28,2011-12-30
94,80.09,False,28,2011-12-16
20,40752.89,True,28,2011-12-30
80,9048.88,False,28,2011-12-02
5,169896.52,False,28,2011-12-02
83,2330.49,False,28,2011-12-09
1,24397.26,False,28,2011-12-09
12,62374.24,False,28,2011-12-16
10,5190.87,False,28,2011-12-02
98,18550.62,False,28,2011-12-09
98,9092.47,False,28,2011-12-16
81,30411.08,False,28,2011-12-23
29,15663.61,False,28,2011-12-23
28,51944.8,False,28,2011-12-02
33,18927.83,False,28,2011-12-23
97,44625.87,True,28,2011-12-30
93,38672.79,True,28,2011-12-30
10,2355.24,True,28,2011-12-30
52,736.72,False,28,2011-12-23
85,47696.81,False,28,2011-12-09
87,50723.5,False,28,2011-12-09
90,61356.42,False,28,2011-12-02
46,33248.06,False,28,2011-12-02
23,9097.21,False,28,2011-12-09
92,8931.77,False,28,2011-12-16
18,1551.12,False,28,2011-12-09
30,16923.36,True,28,2011-12-30
54,1398.78,False,28,2011-12-16
9,62.24,False,28,2011-12-02
74,1265.84,False,28,2011-12-23
80,42250.74,False,28,2011-12-23
11,634.37,True,28,2011-12-30
7,6502.42,False,28,2011-12-02
1,39585.74,False,28,2011-12-23
50,72820.2,False,28,2011-12-23
36,365.43,True,28,2011-12-30
14,18139.63,False,28,2011-12-16
8,29042.7,False,28,2011-12-16
38,58088.19,False,28,2011-12-23
93,58893.4,False,28,2011-12-16
81,92.25,False,28,2011-12-09
11,9219.72,False,28,2011-12-02
72,18094.19,True,28,2011-12-30
19,3831.16,False,28,2011-12-02
85,45292.34,False,28,2011-12-09
52,5314.28,False,28,2011-12-16
82,14612.09,False,28,2011-12-16
14,2933.8,False,28,2011-12-16
2,154.64,False,28,2011-12-16
30,15024.97,False,28,2011-12-23
85,4832.61,False,28,2011-12-16
29,1565.34,False,28,2011-12-09
60,7732.32,False,28,2011-12-16
6,162792.86,False,28,2011-12-16
9,4603.05,False,28,2011-12-02
11,15345.91,False,28,2011-12-23
81,34.57,False,28,2011-12-16
7,20615.95,False,28,2011-12-23
13,118416.97,True,28,2011-12-30
74,13778.44,True,28,2011-12-30
93,2248.6,False,28,2011-12-09
93,97036.63,True,28,2011-12-30
99,34014.07,True,28,2011-12-30
34,38486.96,False,28,2011-12-02
72,53484.02,False,28,2011-12-30
92,411.15,False,28,2011-12-02
14,2799.71,True,28,2011-12-30
32,49402.1,False,28,2011-12-02
17,8988.1,False,28,2011-12-02
87,2373.41,False,28,2011-12-23
55,22148.36,False,28,2011-12-09
13,69796.36,False,28,2011-12-02
10,6867.18,False,28,2011-12-02
95,23526.97,False,28,2011-12-02
2,23868.42,False,28,2011-12-09
97,8036.14,False,28,2011-12-23
38,34051.12,False,28,2011-12-09
11,981.38,False,28,2011-12-02
87,7456.62,False,28,2011-12-16
59,2971.97,False,28,2011-12-30
59,8912.42,False,28,2011-12-16
38,36970.02,False,28,2011-12-16
52,7257.16,False,28,2011-12-02
55,854.05,False,28,2011-12-02
83,5775.5,False,28,2011-12-02
31,14284.9,False,28,2011-12-02
14,8748.46,False,28,2011-12-09
7,28938.59,False,28,2011-12-23
10,6695.05,False,28,2011-12-02
2,61878.44,False,28,2011-12-16
71,157.3,False,28,2011-12-02
59,15327.08,False,28,2011-12-09
3,58374.56,False,28,2011-12-16
46,6714.62,False,28,2011-12-02
52,3839.1,True,28,2011-12-30
36,59136.75,False,28,2011-12-16
3,9403.27,False,28,2011-12-16
37,4966.61,False,28,2011-12-16
49,27210.72,False,28,2011-12-02
8,81560.3,False,28,2011-12-16
44,3168.95,False,28,2011-12-02
91,14182.06,False,28,2011-12-16
52,4475.08,False,28,2011-12-02
85,18020.98,False,28,2011-12-23
55,13849.64,False,28,2011-12-16
8,3802.37,False,28,2011-12-02
92,26558.63,False,28,2011-12-09
37,1961.69,True,28,2011-12-30
30,6708.86,False,28,2011-12-16
13,4097.02,False,28,2011-12-09
91,97.59,False,28,2011-12-16
6,15.39,False,28,2011-12-02
94,24508.43,False,28,2011-12-23
7,5397.39,False,28,2011-12-15
2,5442.94,False,28,2011-12-09
24,7270.97,True,28,2011-12-30
81,29847.82,False,28,2011-12-23
4,4448.44,False,28,2011-12-30
72,6923.51,False,28,2011-12-23
58,2283.82,False,28,2011-12-23
21,10.07,False,28,2011-12-16
3,11921.99,True,28,2011-12-30
47,18504.55,False,28,2011-12-16
41,1157.38,False,28,2011-12-02
32,1.9,False,28,2011-12-23
21,1310.46,False,28,2011-12-16
3,72677.56,True,28,2011-12-30
3,19709.56,False,28,2011-12-16
12,10092.72,False,28,2011-12-02
2,49231.09,False,28,2011-12-16
58,24164.72,True,28,2011-12-30
59,13598.25,False,28,2011-12-02
55,3287.73,False,28,2011-12-09
82,6113.78,False,28,2011-12-16
20,2640.65,False,28,2011-12-02
55,14107.87,False,28,2011-12-02
96,11282.75,True,28,2011-12-30
35,60.08,True,28,2011-12-30
16,6294.77,True,28,2011-12-30
44,23628.23,False,28,2011-12-02
98,278.51,False,28,2011-12-16
55,20944.19,False,28,2011-12-09
92,27282.57,False,28,2011-12-02
38,13681.18,False,28,2011-12-02
93,4268.12,False,28,2011-12-23
4,3550.61,True,28,2011-12-30
81,11099.28,False,28,2011-12-02
7,2519.37,False,28,2011-12-09
3,179716.78,False,28,2011-12-16
40,64188.96,True,28,2011-12-30
85,8204.74,True,28,2011-12-30
26,15632.59,False,28,2011-12-23
22,51312.76,False,28,2011-12-09
96,5239.61,False,28,2011-12-23
6,13957.88,True,28,2011-12-30
49,17466.02,False,28,2011-12-02
54,12049.81,False,28,2011-12-16
4,5342.68,True,28,2011-12-30
82,22251.72,True,28,2011-12-30
19,74690.19,True,28,2011-12-30
31,1412.42,False,28,2011-12-16
7,49468.64,True,28,2011-12-30
87,57414.4,False,28,2011-12-09
31,2105.79,False,28,2011-12-16
24,13489.3,False,28,2011-12-02
13,36145.5,True,28,2011-12-30
12,352.8,False,28,2011-12-02
6,523.78,False,28,2011-12-09
38,120691.77,False,28,2011-12-09
16,9674.53,True,28,2011-12-30
5,20688.58,False,28,2011-12-09
5,6884.09,False,28,2011-12-02
13,3693.59,True,28,2011-12-30
97,-607.04,False,28,2011-12-16
3,20322.47,False,28,2011-12-09
42,11336.16,False,28,2011-12-09
79,5583.17,True,28,2011-12-30
87,3174.06,False,28,2011-12-23
13,50067.78,False,28,2011-12-23
22,48753.8,False,28,2011-12-09
26,4202.1,False,28,2011-12-16
32,2012.68,False,28,2011-12-02
98,104.72,False,28,2011-12-09
28,43638.42,False,28,2011-12-23
95,2495.83,False,28,2011-12-23
60,1321.38,False,28,2011-12-09
90,14422.63,False,28,2011-12-02
52,31474.47,False,28,2011-12-16
18,5168.72,False,28,2011-12-16
42,22274.69,True,28,2011-12-30
17,11382.87,False,28,2011-12-02
33,36322.14,False,28,2011-12-16
99,5281.32,True,28,2011-12-30
95,55125.44,True,28,2011-12-30
49,3047.34,False,28,2011-12-16
90,14304.47,False,28,2011-12-16
30,17024.71,False,28,2011-12-16
19,45.27,False,28,2011-12-16
56,15.23,False,28,2011-12-16
24,5098.0,False,28,2011-12-02
12,11494.16,False,28,2011-12-16
91,158.48,False,28,2011-12-02
55,92.28,True,28,2011-12-30
8,1675.03,True,28,2011-12-30
38,8684.61,False,28,2011-12-16
91,93.66,True,28,2011-12-30
79,22535.82,False,28,2011-12-02
8,43647.82,False,28,2011-12-02
34,39.06,False,28,2011-12-02
10,8636.85,False,28,2011-12-16
95,3257.93,False,28,2011-12-23
35,992.87,False,28,2011-12-16
56,31182.74,False,28,2011-12-09
90,3981.45,False,28,2011-12-16
79,29041.18,False,28,2011-12-30
74,536.35,False,28,2011-12-16
82,28648.16,False,28,2011-12-16
87,77330.42,False,28,2011-12-23
60,425.97,False,28,2011-12-23
55,6194.6,True,28,2011-12-30
92,3333.86,True,28,2011-12-30
52,1244.84,False,28,2011-12-16
95,922.02,False,28,2011-12-02
16,4015.53,False,28,2011-12-16
2,2552.57,True,28,2011-12-30
52,12881.95,True,28,2011-12-30
1,68926.44,False,28,2011-12-02
17,36534.3,False,28,2011-12-16
40,385.42,True,28,2011-12-30
95,18165.55,False,28,2011-12-09
81,1748.15,False,28,2011-12-09
35,16995.98,True,28,2011-12-30
82,65786.65,False,28,2011-12-23
24,93385.21,False,28,2011-12-02
35,3984.76,False,28,2011-12-09
6,7014.87,True,28,2011-12-30
12,1709.07,False,28,2011-12-09
23,24701.53,False,28,2011-12-23
16,2307.11,False,28,2011-12-09
52,22948.4,False,28,2011-12-09
14,52.41,True,28,2011-12-30
99,4350.38,True,28,2011-12-30
33,7096.04,False,28,2011-12-16
34,1608.67,False,28,2011-12-02
49,49507.01,False,28,2011-12-16
38,16334.59,True,28,2011-12-30
7,28627.35,False,28,2011-12-16
26,2624.41,False,28,2011-12-02
13,6633.44,True,28,2011-12-30
95,9660.19,False,28,2011-12-02
16,2362.99,False,28,2011-12-02
71,8684.98,False,28,2011-12-09
9,19896.95,True,28,2011-12-30
31,1428.8,True,28,2011-12-30
87,989.96,False,28,2011-12-16
42,7355.41,False,28,2011-12-16
95,14678.65,False,28,2011-12-30
14,2159.75,True,28,2011-12-30
97,1659.92,False,28,2011-12-02
46,1685.29,False,28,2011-12-02
38,9418.68,False,28,2011-12-16
93,6715.33,False,28,2011-12-16
5,36818.34,False,28,2011-12-02
80,35481.06,True,28,2011-12-30
20,21351.57,False,28,2011-12-16
29,2455.98,True,28,2011-12-30
19,2331.3,False,28,2011-12-02
46,2687.26,False,28,2011-12-23
5,5436.16,False,28,2011-12-16
13,3972.22,True,28,2011-12-30
28,42264.28,False,28,2011-12-09
79,38064.83,False,28,2011-12-23
98,2445.61,False,29,2011-12-09
98,14026.91,False,29,2011-12-02
81,303.78,True,29,2011-12-30
20,54539.56,False,29,2011-12-02
16,8458.71,False,29,2011-12-09
91,4687.55,False,29,2011-12-16
24,43851.5,False,29,2011-12-23
22,5381.81,True,29,2011-12-30
81,8351.25,True,29,2011-12-30
93,26134.06,False,29,2011-12-16
31,19375.95,False,29,2011-12-02
1,345.01,False,29,2011-12-02
71,9084.14,False,29,2011-12-16
80,59376.35,False,29,2011-12-09
85,169.42,True,29,2011-12-30
25,5136.76,True,29,2011-12-30
18,1363.25,True,29,2011-12-30
38,244.45,True,29,2011-12-30
35,7394.89,False,29,2011-12-16
46,21767.98,False,29,2011-12-16
93,888.44,False,29,2011-12-02
42,7607.59,False,29,2011-12-09
91,6254.91,False,29,2011-12-09
92,30848.88,False,29,2011-12-23
82,4071.48,False,29,2011-12-09
12,7.95,False,29,2011-12-02
38,34274.19,False,29,2011-12-09
36,6805.76,True,29,2011-12-30
36,6682.8,False,29,2011-12-16
90,101186.59,False,29,2011-12-16
97,35733.86,False,29,2011-12-16
8,88165.0,False,29,2011-12-02
92,20514.84,False,29,2011-12-09
79,2635.26,False,29,2011-12-16
17,43660.88,False,29,2011-12-16
13,11762.56,False,29,2011-12-16
1,11116.89,False,29,2011-12-16
97,38352.9,False,29,2011-12-09
87,7097.83,False,29,2011-12-16
92,17189.44,True,29,2011-12-30
9,4795.16,False,29,2011-12-02
18,5165.83,False,29,2011-12-16
16,4683.87,False,29,2011-12-02
49,18286.2,False,29,2011-12-02
11,17880.03,True,29,2011-12-30
95,39932.87,False,29,2011-12-16
83,13165.24,False,29,2011-12-02
25,23.5,False,29,2011-12-16
80,6807.66,True,29,2011-12-30
98,66564.36,True,29,2011-12-30
4,7474.99,False,29,2011-12-02
2,23525.74,False,29,2011-12-02
52,14635.08,False,29,2011-12-09
18,4808.34,False,29,2011-12-02
35,7.41,False,29,2011-12-02
20,4329.42,False,29,2011-12-02
11,84797.33,False,29,2011-12-16
7,2732.15,True,29,2011-12-30
23,2515.81,False,29,2011-12-16
38,11333.92,False,29,2011-12-09
18,6630.08,False,29,2011-12-16
21,33715.73,False,29,2011-12-02
81,28175.74,False,29,2011-12-09
30,2513.76,True,29,2011-12-30
67,2462.05,False,29,2011-12-09
16,11605.35,False,29,2011-12-02
38,41167.08,True,29,2011-12-30
74,61462.2,False,29,2011-12-23
16,12636.23,False,29,2011-12-16
25,4614.05,False,29,2011-12-09
37,42258.09,False,29,2011-12-30
38,3873.96,True,29,2011-12-30
11,3614.64,False,29,2011-12-02
38,11149.12,True,29,2011-12-30
8,8332.08,False,29,2011-12-23
96,21.96,True,29,2011-12-30
27,25308.29,False,29,2011-12-02
19,23351.31,False,29,2011-12-16
72,67504.34,True,29,2011-12-30
40,15830.99,False,29,2011-12-23
97,31719.68,False,29,2011-12-16
3,9718.63,True,29,2011-12-30
95,-435.07,False,29,2011-12-09
83,16769.26,False,29,2011-12-16
30,17550.48,False,29,2011-12-02
38,85036.4,False,29,2011-12-02
91,72048.31,True,29,2011-12-30
13,3428.12,False,29,2011-12-02
41,14312.53,True,29,2011-12-30
14,202.78,False,29,2011-12-02
48,59319.75,False,29,2011-12-16
22,137.48,False,29,2011-12-02
94,45001.34,False,29,2011-12-09
27,16512.32,False,29,2011-12-09
4,7130.14,False,29,2011-12-16
47,156.21,False,29,2011-12-02
91,9.03,False,29,2011-12-16
9,21840.84,False,29,2011-12-16
81,96320.45,False,29,2011-12-02
38,49539.89,False,29,2011-12-16
83,1106.07,False,29,2011-12-16
81,414.26,False,29,2011-12-23
4,997.53,False,29,2011-12-02
81,545.44,False,29,2011-12-16
12,35420.92,True,29,2011-12-30
92,14894.36,False,29,2011-12-02
82,11629.13,False,29,2011-12-16
79,708.69,False,29,2011-12-02
46,5024.22,False,29,2011-12-02
71,11186.06,True,29,2011-12-30
5,1629.1,False,29,2011-12-16
59,12026.05,False,29,2011-12-16
3,13385.24,False,29,2011-12-23
27,17.7,False,29,2011-12-16
55,16656.53,False,29,2011-12-02
80,1772.75,False,29,2011-12-09
99,11174.76,True,29,2011-12-30
72,15521.44,False,29,2011-12-16
56,22776.86,True,29,2011-12-30
10,10653.67,False,29,2011-12-16
35,2420.31,True,29,2011-12-30
95,59002.9,False,29,2011-12-16
9,1144.29,False,29,2011-12-16
4,5859.72,False,29,2011-12-09
10,6.46,True,29,2011-12-30
28,2255.77,False,29,2011-12-23
87,4706.38,False,29,2011-12-23
67,92941.36,False,29,2011-12-16
81,53831.24,False,29,2011-12-16
44,2293.42,False,29,2011-12-09
80,91438.58,True,29,2011-12-30
12,780.43,False,29,2011-12-02
41,8022.62,False,29,2011-12-02
42,13676.89,True,29,2011-12-30
25,27354.84,True,29,2011-12-30
49,3854.82,False,29,2011-12-02
9,1699.43,False,29,2011-12-16
97,5564.06,True,29,2011-12-30
31,1334.53,False,29,2011-12-16
49,10249.6,False,29,2011-12-09
91,10256.99,False,29,2011-12-09
41,18952.26,False,29,2011-12-09
92,76899.98,False,29,2011-12-16
17,68656.32,False,29,2011-12-16
83,5240.79,True,29,2011-12-30
55,1588.27,True,29,2011-12-30
91,4742.31,False,29,2011-12-09
24,4028.3,False,29,2011-12-02
28,58946.7,True,29,2011-12-30
32,79532.1,False,29,2011-12-23
90,18843.99,False,29,2011-12-23
21,2828.1,False,29,2011-12-09
7,2247.34,False,29,2011-12-16
79,12063.68,True,29,2011-12-30
58,2053.35,False,29,2011-12-02
5,6106.51,True,29,2011-12-30
83,27756.96,False,29,2011-12-02
59,14195.63,False,29,2011-12-16
59,6389.22,False,29,2011-12-09
12,57489.85,False,29,2011-12-02
17,17479.13,False,29,2011-12-02
72,82.77,False,29,2011-12-02
95,57578.38,False,29,2011-12-02
40,40.28,False,29,2011-12-16
46,18666.64,False,29,2011-12-16
42,8755.86,False,29,2011-12-16
28,58233.58,True,29,2011-12-30
98,15046.46,False,29,2011-12-16
31,257.25,False,29,2011-12-02
14,5057.95,True,29,2011-12-30
44,21686.34,False,29,2011-12-23
49,5.4,False,29,2011-12-02
87,41.71,False,29,2011-12-16
6,29984.9,False,29,2011-12-23
52,24546.0,False,29,2011-12-02
14,7580.91,True,29,2011-12-30
60,1899.32,False,29,2011-12-16
29,636.54,True,29,2011-12-30
85,4512.14,False,29,2011-12-09
55,30003.52,False,29,2011-12-16
4,12209.11,False,29,2011-12-23
36,45705.88,False,29,2011-12-23
6,555.38,False,29,2011-12-09
85,141.46,False,29,2011-12-16
34,2106.07,False,29,2011-12-09
19,16591.12,False,29,2011-12-23
31,66.0,True,29,2011-12-30
3,47147.95,False,29,2011-12-02
25,6674.76,False,29,2011-12-16
94,16311.85,False,29,2011-12-16
9,8206.87,False,29,2011-12-16
32,19167.75,True,29,2011-12-30
38,93830.52,False,29,2011-12-16
20,5786.46,False,29,2011-12-02
42,1396.97,False,29,2011-12-02
8,10525.82,False,29,2011-12-23
85,6963.8,False,29,2011-12-02
96,-548.31,True,29,2011-12-30
46,49279.92,True,29,2011-12-30
23,145365.3,False,29,2011-12-23
85,472.25,True,29,2011-12-30
92,1726.26,True,29,2011-12-30
79,1582.49,False,29,2011-12-23
37,13134.39,False,29,2011-12-09
87,14033.28,False,29,2011-12-09
18,34157.41,True,29,2011-12-30
96,3011.01,False,29,2011-12-09
56,8506.3,False,29,2011-12-09
17,5645.02,True,29,2011-12-30
8,3550.69,False,29,2011-12-02
94,1508.47,False,29,2011-12-23
26,4887.04,False,29,2011-12-09
59,85150.77,False,29,2011-12-02
67,8428.16,False,29,2011-12-02
16,7762.96,False,29,2011-12-09
29,7824.24,False,29,2011-12-02
30,80700.97,False,29,2011-12-16
18,32074.86,False,29,2011-12-16
67,446.56,False,29,2011-12-02
56,6232.62,False,29,2011-12-09
23,42256.9,False,29,2011-12-09
29,3291.26,False,29,2011-12-09
74,45094.07,True,29,2011-12-30
17,10887.04,False,29,2011-12-09
37,15536.35,False,29,2011-12-23
72,4237.71,False,29,2011-12-16
27,34028.81,False,29,2011-12-09
21,376.79,True,29,2011-12-30
1,4677.27,False,29,2011-12-23
23,13.25,True,29,2011-12-30
72,1734.11,False,29,2011-12-16
56,126310.88,False,29,2011-12-16
50,30174.34,False,29,2011-12-16
72,100.54,False,29,2011-12-02
23,3551.43,True,29,2011-12-30
11,24231.59,False,29,2011-12-09
79,62778.62,False,29,2011-12-16
49,13.54,False,29,2011-12-02
36,34931.25,True,29,2011-12-30
52,37437.09,False,29,2011-12-16
24,24552.68,False,29,2011-12-02
42,17541.26,False,29,2011-12-23
3,1025.48,False,29,2011-12-02
21,29265.82,False,29,2011-12-09
8,70551.8,False,29,2011-12-09
18,14732.13,False,29,2011-12-16
9,10628.58,False,29,2011-12-02
23,15002.18,False,29,2011-12-23
16,3963.9,False,29,2011-12-02
3,1182.46,False,29,2011-12-02
25,10676.42,True,29,2011-12-30
28,36949.02,False,29,2011-12-09
28,14312.24,False,29,2011-12-02
8,685.44,False,29,2011-12-02
2,641.56,False,29,2011-12-23
74,122828.71,False,29,2011-12-16
28,31576.5,True,29,2011-12-30
23,1239.8,False,29,2011-12-02
27,6666.58,False,29,2011-12-02
79,259.5,False,30,2011-12-23
17,34431.08,False,30,2011-12-02
71,4425.79,False,30,2011-12-16
22,4828.39,False,30,2011-12-23
24,10366.39,False,30,2011-12-09
38,5891.79,False,30,2011-12-23
36,25813.84,False,30,2011-12-09
56,67431.1,False,30,2011-12-16
56,677.37,False,30,2011-12-16
23,2528.21,False,30,2011-12-09
54,15973.96,False,30,2011-12-16
80,168.75,False,30,2011-12-02
10,7368.12,True,30,2011-12-30
91,4896.33,True,30,2011-12-30
60,24075.3,False,30,2011-12-09
72,4675.16,False,30,2011-12-02
27,6183.62,False,30,2011-12-09
4,3301.24,False,30,2011-12-16
98,20704.5,False,30,2011-12-23
44,1029.62,False,30,2011-12-09
11,17761.02,False,30,2011-12-02
97,4169.28,False,30,2011-12-23
96,16.28,False,30,2011-12-09
21,8.54,True,30,2011-12-30
55,3267.58,False,30,2011-12-02
14,3814.51,False,30,2011-12-16
59,19246.07,False,30,2011-12-02
60,2807.02,True,30,2011-12-30
2,8153.51,False,30,2011-12-02
4,2122.33,False,30,2011-12-23
8,7568.34,False,30,2011-12-16
5,11956.22,False,30,2011-12-16
23,7489.55,True,30,2011-12-30
22,10109.83,False,30,2011-12-09
97,1489.63,False,30,2011-12-16
22,16308.37,False,30,2011-12-23
6,2214.35,True,30,2011-12-30
3,14254.24,False,30,2011-12-02
23,21282.14,False,30,2011-12-02
74,5108.34,True,30,2011-12-30
95,420.13,True,30,2011-12-30
93,518.2,False,30,2011-12-09
42,927.33,False,30,2011-12-09
33,2267.18,True,30,2011-12-30
21,42692.64,False,30,2011-12-23
20,1555.36,False,30,2011-12-02
18,11.5,True,30,2011-12-30
4,8491.22,True,30,2011-12-30
79,6453.02,True,30,2011-12-30
22,209.95,False,30,2011-12-16
9,3381.3,False,30,2011-12-16
81,2870.49,False,30,2011-12-02
41,10678.07,False,30,2011-12-16
3,6803.19,False,30,2011-12-16
79,2541.29,False,30,2011-12-02
55,10212.6,False,30,2011-12-23
6,8636.52,False,30,2011-12-09
9,50587.15,False,30,2011-12-16
36,20.03,False,30,2011-12-02
1,44715.02,False,30,2011-12-09
1,964.04,False,30,2011-12-16
80,4795.74,False,30,2011-12-23
52,3910.47,False,30,2011-12-16
1,12071.9,False,30,2011-12-02
36,1169.05,False,30,2011-12-02
19,16755.24,False,30,2011-12-16
58,1092.89,False,30,2011-12-16
16,1969.29,False,30,2011-12-09
24,7981.34,True,30,2011-12-30
82,28116.93,False,30,2011-12-16
59,5401.71,False,30,2011-12-09
34,7595.73,False,30,2011-12-30
93,1614.65,False,30,2011-12-23
95,5361.5,True,30,2011-12-30
26,42428.56,False,30,2011-12-02
52,6948.33,False,30,2011-12-02
9,81.44,False,30,2011-12-23
13,55.57,False,30,2011-12-23
98,2764.78,False,30,2011-12-02
17,17470.13,False,30,2011-12-23
97,22506.74,False,30,2011-12-16
33,11041.64,False,30,2011-12-02
2,2477.13,False,30,2011-12-23
35,70344.85,False,30,2011-12-16
67,3203.91,False,30,2011-12-16
27,12973.88,False,30,2011-12-16
35,15406.28,True,30,2011-12-30
6,1786.92,True,30,2011-12-30
94,2572.55,True,30,2011-12-30
58,14531.75,False,30,2011-12-02
81,2894.34,False,30,2011-12-23
22,25.41,False,30,2011-12-16
14,211.22,False,30,2011-12-02
17,36002.81,False,30,2011-12-16
97,55386.36,False,30,2011-12-23
28,55030.78,False,30,2011-12-09
17,11047.87,True,30,2011-12-30
49,310.19,False,30,2011-12-30
82,96.65,False,30,2011-12-09
58,5311.52,False,30,2011-12-23
17,442.83,True,30,2011-12-30
56,59097.85,True,30,2011-12-30
9,2391.31,False,30,2011-12-16
20,31.49,False,30,2011-12-23
11,3722.42,True,30,2011-12-30
35,1569.61,False,30,2011-12-09
10,63554.5,False,30,2011-12-02
80,1.22,False,30,2011-12-09
3,20862.69,False,30,2011-12-02
67,2.4,False,30,2011-12-16
79,1252.0,False,30,2011-12-02
17,20978.86,True,30,2011-12-30
24,1396.6,False,30,2011-12-23
91,64316.15,False,30,2011-12-02
94,10251.67,False,30,2011-12-16
55,4226.81,False,30,2011-12-02
27,1082.47,False,30,2011-12-02
98,4924.13,False,30,2011-12-23
20,5948.85,False,30,2011-12-02
36,25621.03,False,30,2011-12-09
97,161.55,False,30,2011-12-16
60,2728.22,False,30,2011-12-09
82,13201.24,False,30,2011-12-02
23,9052.61,False,30,2011-12-09
40,11140.39,False,30,2011-12-16
11,43285.06,False,30,2011-12-09
71,5564.35,False,30,2011-12-02
40,20762.24,True,30,2011-12-30
59,34891.66,False,30,2011-12-23
81,9393.75,False,30,2011-12-09
27,1784.05,False,30,2011-12-23
31,18158.59,False,30,2011-12-16
36,279731.47,False,30,2011-12-16
90,13164.76,False,30,2011-12-16
1,8446.15,False,30,2011-12-09
4,390.35,True,30,2011-12-30
11,1655.43,False,30,2011-12-09
1,23503.66,False,30,2011-12-23
14,21833.32,False,30,2011-12-16
83,19015.99,False,30,2011-12-30
31,4393.82,False,30,2011-12-16
27,13404.86,False,30,2011-12-16
5,11119.88,True,30,2011-12-30
13,23023.62,False,30,2011-12-23
24,31224.34,False,30,2011-12-12
12,18990.89,False,30,2011-12-16
28,15749.78,False,30,2011-12-16
74,6503.03,False,30,2011-12-02
98,5117.94,True,30,2011-12-30
38,21840.59,False,30,2011-12-23
41,1283.46,False,30,2011-12-02
16,8097.98,True,30,2011-12-30
38,19858.02,False,30,2011-12-23
98,1937.38,False,30,2011-12-09
20,35518.26,False,30,2011-12-09
56,3578.68,False,30,2011-12-16
8,7205.36,False,30,2011-12-02
36,17279.96,False,30,2011-12-09
3,6366.8,False,30,2011-12-09
36,15068.8,False,30,2011-12-16
92,44.36,True,30,2011-12-30
82,18284.14,False,30,2011-12-23
32,5350.64,True,30,2011-12-30
25,12161.74,False,30,2011-12-16
90,20825.57,False,30,2011-12-09
33,24273.12,False,30,2011-12-02
6,23945.28,False,30,2011-12-16
59,26433.02,False,30,2011-12-16
81,11108.66,False,30,2011-12-09
55,4438.82,False,30,2011-12-02
16,6419.82,False,30,2011-12-02
82,276.87,True,30,2011-12-30
42,28682.64,False,30,2011-12-23
11,7074.12,False,30,2011-12-02
91,6277.77,False,30,2011-12-16
14,9209.55,True,30,2011-12-30
27,13160.18,False,30,2011-12-02
91,37596.64,False,30,2011-12-16
94,3830.53,False,30,2011-12-23
6,197.48,False,30,2011-12-16
94,69054.83,False,30,2011-12-23
60,21364.71,False,30,2011-12-23
90,2700.6,False,30,2011-12-16
40,16496.35,True,30,2011-12-30
18,3983.1,True,30,2011-12-30
31,8171.06,False,30,2011-12-16
56,14729.99,False,30,2011-12-16
26,4101.37,False,30,2011-12-02
10,19287.24,False,30,2011-12-23
80,20852.24,False,30,2011-12-23
16,6682.31,False,30,2011-12-16
98,3020.16,True,30,2011-12-30
97,42189.48,True,30,2011-12-30
41,117040.84,False,30,2011-12-16
23,7951.6,False,30,2011-12-16
21,30710.16,False,30,2011-12-23
46,26219.49,False,30,2011-12-09
79,4073.93,False,30,2011-12-02
11,6993.47,True,30,2011-12-30
3,24042.11,False,30,2011-12-09
35,29010.42,True,30,2011-12-30
27,161348.47,False,30,2011-12-16
22,2781.0,False,30,2011-12-16
60,3138.55,False,30,2011-12-09
32,3060.03,True,30,2011-12-30
19,83803.24,False,30,2011-12-16
16,328.53,False,30,2011-12-16
83,1097.11,False,30,2011-12-23
25,54850.0,False,30,2011-12-02
87,3374.13,False,30,2011-12-02
56,9864.31,False,30,2011-12-02
14,12151.7,False,30,2011-12-23
34,35825.67,False,30,2011-12-16
16,18017.81,False,30,2011-12-02
80,27779.6,False,30,2011-12-09
10,15278.87,False,30,2011-12-16
31,825.14,False,30,2011-12-30
1,15056.69,True,30,2011-12-30
40,12358.18,False,30,2011-12-02
97,46004.54,False,30,2011-12-16
14,45877.08,False,30,2011-12-09
74,2107.27,True,30,2011-12-30
25,3499.63,False,30,2011-12-23
13,30294.01,False,30,2011-12-02
21,530.82,True,30,2011-12-30
67,72.83,False,30,2011-12-09
17,2320.94,False,30,2011-12-16
79,15134.71,False,30,2011-12-02
82,11308.96,False,30,2011-12-09
71,8798.3,False,30,2011-12-02
14,5143.93,False,30,2011-12-09
40,14158.71,True,30,2011-12-30
32,19454.53,False,30,2011-12-02
9,231.78,True,30,2011-12-30
82,200.17,False,30,2011-12-16
92,26239.45,False,30,2011-12-09
25,22139.56,True,30,2011-12-30
9,2044.6,False,30,2011-12-23
34,46600.67,False,30,2011-12-16
18,14799.12,False,30,2011-12-16
98,59451.88,False,30,2011-12-16
23,17057.43,False,30,2011-12-09
13,778.05,True,30,2011-12-30
6,21305.5,False,30,2011-12-09
20,32800.6,False,30,2011-12-02
22,8618.61,False,30,2011-12-09
16,46.97,True,30,2011-12-30
83,1246.93,False,30,2011-12-02
34,2046.83,False,30,2011-12-16
14,125230.62,False,30,2011-12-16
8,76212.06,False,30,2011-12-02
35,33408.04,False,30,2011-12-02
72,530.8,True,30,2011-12-30
71,63830.27,True,30,2011-12-30
56,30510.34,False,30,2011-12-16
81,2231.31,False,30,2011-12-02
9,2309.37,False,30,2011-12-02
21,14.74,True,30,2011-12-30
21,27690.63,False,30,2011-12-16
13,24815.58,False,30,2011-12-02
96,8549.35,False,30,2011-12-23
44,179.87,False,30,2011-12-02
10,2900.48,False,30,2011-12-16
11,16401.46,False,30,2011-12-23
37,1457.43,True,30,2011-12-30
93,22081.02,False,30,2011-12-30
42,392.95,False,30,2011-12-09
50,2498.04,False,30,2011-12-02
8,2251.68,False,30,2011-12-30
22,3693.1,True,30,2011-12-30
80,13013.78,False,30,2011-12-02
72,5218.08,False,30,2011-12-02
96,9182.66,False,30,2011-12-23
31,15499.36,False,30,2011-12-02
58,14614.16,False,30,2011-12-16
32,62935.27,False,30,2011-12-02
12,56297.94,False,30,2011-12-16
29,6969.8,False,30,2011-12-09
13,23.76,False,30,2011-12-09
82,1635.01,False,30,2011-12-09
31,782.38,True,30,2011-12-30
19,11064.11,False,30,2011-12-23
52,26805.85,False,30,2011-12-09
9,2393.35,False,30,2011-12-16
17,45136.22,False,30,2011-12-09
98,10323.31,False,30,2011-12-09
36,22028.66,True,30,2011-12-30
54,64916.16,False,30,2011-12-09
45,12499.34,False,30,2011-12-02
59,10332.51,False,30,2011-12-02
13,42462.34,False,30,2011-12-23
16,11286.45,True,30,2011-12-30
90,6069.98,False,30,2011-12-16
10,13816.78,False,30,2011-12-23
2,14875.02,False,30,2011-12-23
7,2738.39,True,30,2011-12-30
6,12348.77,True,30,2011-12-30
20,267.74,True,30,2011-12-30
18,32484.8,False,30,2011-12-02
72,179.0,False,30,2011-12-09
90,6324.61,False,30,2011-12-23
29,14873.48,False,30,2011-12-16
3,3021.39,False,30,2011-12-09
94,7513.32,True,30,2011-12-30
31,6969.04,False,30,2011-12-02
28,2122.15,True,30,2011-12-30
4,52147.46,False,30,2011-12-02
82,61115.94,False,30,2011-12-09
18,1.64,False,30,2011-12-02
10,105714.45,False,30,2011-12-23
5,517.28,True,30,2011-12-30
59,5358.05,False,30,2011-12-02
40,2436.87,False,30,2011-12-02
27,36394.95,False,30,2011-12-16
25,11615.07,False,30,2011-12-23
21,570.13,False,30,2011-12-16
71,2046.42,False,30,2011-12-16
67,25617.7,True,30,2011-12-30
91,2736.82,False,30,2011-12-02
11,357.6,False,30,2011-12-02
30,20770.12,False,30,2011-12-23
1,2418.89,False,30,2011-12-16
1,100301.7,False,30,2011-12-16
10,12958.12,False,30,2011-12-16
54,15321.71,False,30,2011-12-23
27,15488.86,False,30,2011-12-02
34,22285.84,False,30,2011-12-23
67,34389.29,False,30,2011-12-23
52,72.04,True,30,2011-12-30
35,69217.24,False,30,2011-12-09
29,1547.75,True,30,2011-12-30
1,3421.57,True,30,2011-12-30
93,1482.44,False,30,2011-12-16
97,5339.18,False,30,2011-12-23
87,4110.61,False,30,2011-12-16
22,41829.61,True,30,2011-12-30
24,34856.58,False,30,2011-12-23
60,3770.36,True,30,2011-12-30
10,56.99,False,30,2011-12-09
96,47876.85,False,30,2011-12-02
67,13927.91,False,30,2011-12-02
83,6904.92,False,30,2011-12-23
27,61196.54,True,30,2011-12-30
55,2656.13,False,30,2011-12-02
92,71726.93,True,30,2011-12-30
85,44720.24,False,30,2011-12-23
36,5680.59,False,30,2011-12-02
67,9022.63,False,30,2011-12-09
31,5094.09,False,30,2011-12-16
83,3096.35,False,30,2011-12-23
94,24.11,False,30,2011-12-02
5,59.52,False,30,2011-12-02
81,7939.64,False,30,2011-12-23
18,10978.51,False,30,2011-12-02
83,53.63,False,30,2011-12-02
92,16614.74,False,30,2011-12-30
44,11796.79,False,30,2011-12-30
2,12972.64,True,30,2011-12-30
34,5656.92,False,31,2011-12-09
95,4932.54,False,31,2011-12-09
17,2157.99,False,31,2011-12-02
31,54397.76,False,31,2011-12-16
10,32005.27,False,31,2011-12-02
26,2751.66,False,31,2011-12-02
30,8476.04,False,31,2011-12-02
72,4637.44,False,31,2011-12-02
12,751.74,False,31,2011-12-02
8,32474.32,False,31,2011-12-23
18,35943.6,False,31,2011-12-09
6,55073.82,False,31,2011-12-16
24,163455.23,True,31,2011-12-30
11,4924.52,False,31,2011-12-23
98,36482.94,False,31,2011-12-02
94,10507.08,False,31,2011-12-16
52,2148.09,False,31,2011-12-09
13,4364.99,True,31,2011-12-30
95,23827.12,False,31,2011-12-16
52,28992.46,False,31,2011-12-02
26,7457.39,False,31,2011-12-02
80,2912.36,False,31,2011-12-02
81,4811.01,True,31,2011-12-30
38,3822.66,False,31,2011-12-09
4,6714.15,False,31,2011-12-02
87,16311.12,False,31,2011-12-16
38,38113.3,False,31,2011-12-09
55,38484.52,False,31,2011-12-02
26,3101.69,False,31,2011-12-16
34,68321.31,False,31,2011-12-02
33,39127.96,False,31,2011-12-23
83,9935.28,False,31,2011-12-02
49,6640.32,False,31,2011-12-09
93,9618.7,True,31,2011-12-30
7,75283.9,False,31,2011-12-23
79,180123.77,False,31,2011-12-02
22,2716.95,False,31,2011-12-02
4,3628.15,False,31,2011-12-02
98,7478.43,False,31,2011-12-09
13,3252.79,False,31,2011-12-16
52,5370.41,False,31,2011-12-02
54,60116.66,True,31,2011-12-30
60,2587.72,False,31,2011-12-02
6,3332.13,False,31,2011-12-16
92,9988.3,False,31,2011-12-09
31,18177.47,False,31,2011-12-09
55,20700.4,False,31,2011-12-02
56,29640.46,True,31,2011-12-30
6,34342.63,False,31,2011-12-02
9,49555.72,False,31,2011-12-23
44,286.81,False,31,2011-12-23
85,9863.75,False,31,2011-12-02
21,16597.22,True,31,2011-12-30
34,2371.11,False,31,2011-12-09
5,7850.22,False,31,2011-12-16
40,174.71,True,31,2011-12-30
24,11317.22,False,31,2011-12-09
4,9724.6,False,31,2011-12-02
23,16654.07,False,31,2011-12-02
31,79532.9,False,31,2011-12-23
83,13090.25,False,31,2011-12-30
81,2970.54,True,31,2011-12-30
87,20069.04,False,31,2011-12-16
46,10911.57,False,31,2011-12-02
35,49427.97,False,31,2011-12-16
10,6330.82,False,31,2011-12-16
56,77296.08,False,31,2011-12-16
97,6453.52,False,31,2011-12-02
37,3518.24,False,31,2011-12-23
97,10149.38,True,31,2011-12-30
29,9714.42,False,31,2011-12-02
40,4590.77,False,31,2011-12-09
40,1926.36,False,31,2011-12-16
35,22231.42,False,31,2011-12-23
81,647.12,False,31,2011-12-16
56,6244.45,True,31,2011-12-30
99,1096.11,False,31,2011-12-16
95,63904.74,True,31,2011-12-30
97,16678.11,False,31,2011-12-16
3,4469.93,False,31,2011-12-09
17,1690.02,False,31,2011-12-16
40,953.71,False,31,2011-12-02
83,7455.48,True,31,2011-12-30
9,21859.88,False,31,2011-12-09
13,25608.93,False,31,2011-12-16
50,38666.22,False,31,2011-12-16
41,2371.37,True,31,2011-12-30
91,3181.63,False,31,2011-12-02
41,5752.65,False,31,2011-12-09
94,1928.18,False,31,2011-12-02
13,27496.46,False,31,2011-12-02
1,33101.58,False,31,2011-12-09
95,25.44,True,31,2011-12-30
98,16742.97,False,31,2011-12-09
83,11437.76,False,31,2011-12-02
79,804.87,False,31,2011-12-02
97,15353.83,True,31,2011-12-30
8,26543.5,True,31,2011-12-30
81,24672.42,False,31,2011-12-16
36,26900.65,False,31,2011-12-16
22,976.88,False,31,2011-12-30
59,713.9,False,31,2011-12-23
21,4567.92,False,31,2011-12-02
14,83510.51,False,31,2011-12-02
52,17087.98,True,31,2011-12-30
98,25232.59,False,31,2011-12-09
17,283682.47,False,31,2011-12-02
30,17403.79,False,31,2011-12-16
12,2183.91,False,31,2011-12-16
72,1640.48,True,31,2011-12-30
97,2232.61,False,31,2011-12-16
26,24143.4,False,31,2011-12-16
20,42219.82,False,31,2011-12-02
34,3949.96,False,31,2011-12-16
48,3351.17,False,31,2011-12-09
55,33432.34,False,31,2011-12-23
4,740.46,False,31,2011-12-16
95,58177.5,False,31,2011-12-23
20,27757.5,False,31,2011-12-16
12,19381.56,False,31,2011-12-09
94,7718.51,True,31,2011-12-30
17,34713.36,True,31,2011-12-30
25,18736.23,False,31,2011-12-09
44,709.19,False,31,2011-12-02
8,21704.35,False,31,2011-12-02
83,4221.65,False,31,2011-12-02
72,6392.41,False,31,2011-12-23
44,10499.44,False,31,2011-12-02
26,31764.43,False,31,2011-12-03
79,2215.98,False,31,2011-12-09
5,20302.34,False,31,2011-12-16
24,66125.68,True,31,2011-12-30
79,1162.59,False,31,2011-12-09
27,5057.85,False,31,2011-12-16
17,19.37,True,31,2011-12-30
1,602.13,False,31,2011-12-16
93,12963.53,False,31,2011-12-16
13,67174.6,False,31,2011-12-16
7,23160.06,False,31,2011-12-16
4,12851.2,False,31,2011-12-09
24,827.14,False,31,2011-12-16
59,49824.62,False,31,2011-12-09
79,5229.38,False,31,2011-12-23
38,68680.48,True,31,2011-12-30
59,9385.94,False,31,2011-12-16
83,7013.51,False,31,2011-12-16
1,2057.16,True,31,2011-12-30
41,2470.37,False,31,2011-12-23
9,3876.81,False,31,2011-12-09
31,5152.17,False,31,2011-12-16
71,27.27,True,31,2011-12-30
27,36572.98,False,31,2011-12-23
10,10494.7,True,31,2011-12-30
19,1295.97,True,31,2011-12-30
26,17688.13,False,31,2011-12-02
40,6451.12,False,31,2011-12-02
52,7556.7,False,31,2011-12-09
46,4872.97,True,31,2011-12-30
29,96.81,False,31,2011-12-02
87,2747.82,False,31,2011-12-23
21,14771.86,True,31,2011-12-30
85,1397.65,False,31,2011-12-16
9,7637.87,False,31,2011-12-23
30,24347.46,True,31,2011-12-30
81,64.21,False,31,2011-12-16
67,6624.9,True,31,2011-12-30
7,25824.68,False,31,2011-12-16
12,18956.93,False,31,2011-12-23
25,77283.69,False,31,2011-12-02
1,10500.09,True,31,2011-12-30
38,66.96,False,31,2011-12-02
41,45910.9,True,31,2011-12-30
21,36980.4,False,31,2011-12-09
60,71.53,False,31,2011-12-23
74,117301.93,False,31,2011-12-09
36,696.36,False,31,2011-12-12
44,26311.22,False,31,2011-12-09
7,1718.23,False,31,2011-12-09
48,923.35,False,31,2011-12-09
7,2134.65,False,31,2011-12-16
6,60516.68,True,31,2011-12-30
13,12107.48,False,31,2011-12-23
2,22569.22,False,31,2011-12-02
13,2432.72,False,31,2011-12-02
20,4146.58,False,31,2011-12-30
25,4110.27,False,31,2011-12-02
47,37548.13,False,31,2011-12-16
80,55023.54,True,31,2011-12-30
42,18393.14,True,31,2011-12-30
42,15691.43,True,31,2011-12-30
29,14979.91,False,31,2011-12-23
82,11054.87,False,31,2011-12-09
46,12312.97,False,31,2011-12-23
5,2189.04,True,31,2011-12-30
60,13954.68,False,31,2011-12-23
38,27732.15,False,31,2011-12-16
94,412.55,False,31,2011-12-02
14,572.48,False,31,2011-12-09
8,4502.07,False,31,2011-12-16
91,4516.44,False,31,2011-12-02
31,24046.36,False,31,2011-12-09
49,8896.2,False,31,2011-12-16
77,2328.2,True,31,2011-12-30
26,1467.15,False,31,2011-12-02
71,7722.67,False,31,2011-12-16
30,4091.5,False,31,2011-12-02
17,10653.27,False,31,2011-12-16
10,25281.67,True,31,2011-12-30
82,2545.44,False,31,2011-12-23
26,7365.45,True,31,2011-12-30
12,16483.58,False,31,2011-12-09
29,17801.63,False,31,2011-12-02
82,4190.09,False,31,2011-12-09
44,42042.02,False,31,2011-12-23
27,3183.72,False,31,2011-12-16
91,10393.86,False,31,2011-12-16
71,3780.28,True,31,2011-12-30
90,2760.74,False,31,2011-12-16
4,2912.01,True,31,2011-12-30
90,4536.04,False,31,2011-12-02
95,29661.52,False,31,2011-12-16
19,37245.51,False,31,2011-12-09
4,1143.45,False,31,2011-12-16
6,45548.41,True,31,2011-12-30
71,15916.2,True,31,2011-12-30
79,500.23,False,31,2011-12-16
52,1504.61,False,31,2011-12-23
91,17696.33,False,31,2011-12-09
34,5949.87,True,31,2011-12-30
14,6977.14,True,31,2011-12-30
18,13773.85,True,31,2011-12-30
93,9916.31,False,31,2011-12-02
56,1769.46,False,31,2011-12-23
32,10219.48,False,31,2011-12-02
59,13949.74,False,31,2011-12-23
80,8484.0,False,31,2011-12-02
42,910.05,True,31,2011-12-30
50,26202.81,False,31,2011-12-02
59,138798.08,False,31,2011-12-09
92,11322.69,False,31,2011-12-02
32,7916.97,False,31,2011-12-23
81,204.74,False,31,2011-12-09
94,56.67,True,31,2011-12-30
19,1534.59,False,31,2011-12-02
5,53872.8,False,31,2011-12-30
4,37741.37,False,31,2011-12-16
9,16769.68,False,31,2011-12-23
91,4308.61,False,31,2011-12-16
22,4903.09,False,31,2011-12-09
79,5236.66,False,31,2011-12-16
74,1814.41,False,31,2011-12-16
26,18645.76,False,31,2011-12-02
94,12134.04,False,31,2011-12-23
11,7899.9,True,31,2011-12-30
26,920.38,True,31,2011-12-30
60,17293.64,False,31,2011-12-02
22,28730.72,False,31,2011-12-02
23,38110.41,False,31,2011-12-09
12,9595.6,True,31,2011-12-30
50,90660.1,True,31,2011-12-30
35,2756.95,False,31,2011-12-23
98,663.28,False,31,2011-12-02
36,4937.35,False,31,2011-12-09
26,4237.44,True,31,2011-12-30
26,16688.05,False,31,2011-12-02
34,16609.92,False,31,2011-12-09
6,26545.46,True,31,2011-12-30
4,57.82,False,31,2011-12-02
24,2975.32,False,31,2011-12-02
26,19680.28,False,31,2011-12-23
1,485.64,False,31,2011-12-16
29,9328.51,False,31,2011-12-02
31,1214.39,False,31,2011-12-16
30,6932.42,False,31,2011-12-02
20,6437.01,False,31,2011-12-16
4,63536.64,True,31,2011-12-30
36,28972.53,False,31,2011-12-16
31,98.05,False,31,2011-12-02
42,6788.55,False,31,2011-12-02
52,23819.4,False,31,2011-12-02
32,8069.28,False,31,2011-12-23
96,36779.74,False,31,2011-12-23
83,21815.88,False,31,2011-12-16
90,39593.18,False,31,2011-12-16
82,38235.11,False,31,2011-12-23
55,3309.24,False,31,2011-12-09
59,25133.81,False,31,2011-12-16
94,14828.18,False,31,2011-12-02
71,7283.05,False,31,2011-12-02
8,3611.56,True,31,2011-12-30
32,80837.42,False,31,2011-12-02
21,46246.26,False,31,2011-12-02
67,2956.25,True,31,2011-12-30
36,16.96,False,31,2011-12-09
9,40593.85,False,31,2011-12-02
74,6019.49,False,31,2011-12-02
25,117.43,True,31,2011-12-30
58,10490.83,False,31,2011-12-23
23,4596.41,False,31,2011-12-16
5,19079.9,True,31,2011-12-30
55,3635.45,False,31,2011-12-09
10,13252.89,True,31,2011-12-30
79,2408.88,False,31,2011-12-02
80,12.24,False,31,2011-12-16
91,10443.74,False,31,2011-12-16
16,39748.74,False,31,2011-12-02
38,142.94,False,31,2011-12-16
98,46591.81,True,31,2011-12-30
95,7907.53,False,31,2011-12-16
16,18711.13,False,31,2011-12-02
93,1.72,False,31,2011-12-02
60,17626.47,False,31,2011-12-16
80,45167.43,False,31,2011-12-16
37,62501.76,False,31,2011-12-16
52,9979.87,False,31,2011-12-02
99,6225.18,False,31,2011-12-09
5,119.0,False,31,2011-12-02
94,8873.04,True,31,2011-12-30
87,15299.02,False,31,2011-12-16
2,16150.6,False,31,2011-12-16
9,28.58,False,31,2011-12-16
79,11896.69,False,31,2011-12-02
79,5228.07,True,31,2011-12-30
20,40216.46,False,31,2011-12-16
2,8868.06,False,31,2011-12-09
14,15796.18,False,31,2011-12-23
33,9412.24,True,31,2011-12-30
38,6757.79,False,31,2011-12-16
83,10938.06,False,31,2011-12-16
36,11660.66,False,31,2011-12-02
24,184.82,False,31,2011-12-02
91,29406.62,False,31,2011-12-23
33,8575.58,False,31,2011-12-16
14,22652.52,False,31,2011-12-02
94,54964.12,False,31,2011-12-23
74,53336.44,False,31,2011-12-16
4,6267.39,False,31,2011-12-02
28,168.71,False,31,2011-12-02
22,4458.62,False,31,2011-12-02
30,6499.55,False,31,2011-12-16
54,10757.45,False,31,2011-12-16
82,10253.95,False,31,2011-12-16
18,20303.95,False,31,2011-12-09
40,52351.52,False,31,2011-12-16
2,7743.47,False,31,2011-12-02
98,42301.94,False,31,2011-12-23
40,749.39,False,31,2011-12-02
28,9499.83,False,31,2011-12-02
58,7519.5,True,31,2011-12-30
27,34368.42,True,31,2011-12-30
67,3627.72,False,31,2011-12-02
35,26887.83,False,31,2011-12-23
29,108430.94,False,31,2011-12-16
60,25309.07,False,31,2011-12-23
95,749.73,False,31,2011-12-09
12,4519.62,True,31,2011-12-30
23,339.07,True,31,2011-12-30
22,19436.4,False,31,2011-12-23
20,28136.16,False,32,2011-12-09
97,6857.72,False,32,2011-12-02
29,9648.34,False,32,2011-12-16
32,75803.26,False,32,2011-12-09
24,91180.04,True,32,2011-12-30
11,28.5,False,32,2011-12-02
37,3793.6,False,32,2011-12-02
87,5936.73,True,32,2011-12-30
17,3384.62,False,32,2011-12-02
72,86.5,False,32,2011-12-16
32,17894.67,False,32,2011-12-23
23,26086.68,False,32,2011-12-23
25,482.14,False,32,2011-12-16
26,5861.18,False,32,2011-12-23
30,13.45,False,32,2011-12-23
38,6940.34,False,32,2011-12-16
79,240.54,True,32,2011-12-30
8,3638.09,False,32,2011-12-23
38,42045.26,False,32,2011-12-16
71,7896.9,False,32,2011-12-09
74,2787.66,True,32,2011-12-30
42,2004.08,False,32,2011-12-09
17,7689.85,False,32,2011-12-16
83,28458.46,False,32,2011-12-16
67,973.57,False,32,2011-12-02
33,2534.34,True,32,2011-12-30
5,80460.42,False,32,2011-12-09
54,5398.39,True,32,2011-12-30
20,24278.7,False,32,2011-12-16
49,29.7,False,32,2011-12-09
42,19538.56,False,32,2011-12-16
74,24555.88,False,32,2011-12-02
3,5.79,False,32,2011-12-16
85,50793.4,True,32,2011-12-30
91,3110.23,True,32,2011-12-30
10,39.29,False,32,2011-12-30
52,6170.84,False,32,2011-12-30
90,5257.64,False,32,2011-12-02
1,8356.66,True,32,2011-12-30
49,3501.36,True,32,2011-12-30
33,3203.8,False,32,2011-12-02
67,3065.43,True,32,2011-12-30
35,41.5,False,32,2011-12-16
27,5848.7,False,32,2011-12-02
96,8157.14,False,32,2011-12-16
58,2503.61,False,32,2011-12-09
90,31110.58,False,32,2011-12-23
32,10056.61,False,32,2011-12-02
90,2151.51,False,32,2011-12-09
42,8871.96,False,32,2011-12-10
67,16016.15,True,32,2011-12-30
11,-436.16,False,32,2011-12-09
2,674.38,False,32,2011-12-23
26,10.84,False,32,2011-12-02
40,967.03,True,32,2011-12-30
16,1841.24,False,32,2011-12-09
19,26231.7,False,32,2011-12-09
92,5586.24,False,32,2011-12-09
4,2978.62,True,32,2011-12-30
67,57.72,True,32,2011-12-30
71,1125.92,True,32,2011-12-30
6,60113.8,False,32,2011-12-16
42,15319.41,False,32,2011-12-02
40,36.07,False,32,2011-12-02
8,3957.01,False,32,2011-12-16
27,17273.32,True,32,2011-12-30
24,55804.86,False,32,2011-12-09
67,465.14,True,32,2011-12-30
97,41655.04,False,32,2011-12-09
23,20258.06,True,32,2011-12-30
18,14563.52,True,32,2011-12-30
67,28034.22,False,32,2011-12-02
5,4030.96,False,32,2011-12-02
95,4211.36,False,32,2011-12-02
17,30090.62,False,32,2011-12-02
97,240.47,True,32,2011-12-30
80,9804.06,False,32,2011-12-02
40,24.04,False,32,2011-12-09
17,38980.88,True,32,2011-12-30
96,13916.22,False,32,2011-12-02
42,3026.62,False,32,2011-12-23
29,2588.97,False,32,2011-12-02
60,1283.35,False,32,2011-12-16
30,45.47,False,32,2011-12-02
67,18407.83,False,32,2011-12-09
35,9.87,False,32,2011-12-09
97,1118.4,False,32,2011-12-09
82,13408.92,False,32,2011-12-09
12,4544.85,False,32,2011-12-09
25,2546.34,False,32,2011-12-02
40,13239.63,False,32,2011-12-09
12,12879.87,False,32,2011-12-09
67,53788.06,False,32,2011-12-23
58,744.22,False,32,2011-12-16
60,13407.1,False,32,2011-12-09
42,5295.88,False,32,2011-12-02
93,1379.36,False,32,2011-12-23
49,20968.85,False,32,2011-12-16
52,44.8,False,32,2011-12-02
37,2190.87,True,32,2011-12-30
3,84863.6,False,32,2011-12-02
29,11322.26,True,32,2011-12-30
90,4790.51,False,32,2011-12-02
17,10041.16,False,32,2011-12-02
16,6228.75,False,32,2011-12-30
13,40196.35,False,32,2011-12-16
1,2756.09,False,32,2011-12-16
9,39.44,True,32,2011-12-30
94,30.11,False,32,2011-12-02
56,4449.5,False,32,2011-12-02
28,15618.76,False,32,2011-12-16
1,84449.09,False,32,2011-12-16
30,14188.95,False,32,2011-12-16
28,23.28,False,32,2011-12-02
93,16008.43,True,32,2011-12-30
24,243.96,False,32,2011-12-16
72,45467.79,False,32,2011-12-23
97,38672.66,False,32,2011-12-16
91,25646.72,False,32,2011-12-02
6,2240.44,True,32,2011-12-30
26,1123.36,False,32,2011-12-16
5,16660.25,False,32,2011-12-09
26,84773.12,False,32,2011-12-02
60,38.76,True,32,2011-12-30
81,13648.1,False,32,2011-12-16
54,15824.28,False,32,2011-12-30
59,8.09,True,32,2011-12-30
7,38.79,False,32,2011-12-02
97,6493.27,False,32,2011-12-02
59,1335.01,False,32,2011-12-16
6,193.77,True,32,2011-12-30
93,538.78,False,32,2011-12-23
17,10853.49,False,32,2011-12-23
55,19826.1,False,32,2011-12-02
98,1243.54,False,32,2011-12-16
27,9412.13,False,32,2011-12-30
13,442.86,False,32,2011-12-16
8,10600.8,False,32,2011-12-16
26,31352.5,False,32,2011-12-23
16,6644.57,False,32,2011-12-02
33,2270.85,False,32,2011-12-09
40,34938.08,False,32,2011-12-16
31,54920.44,False,32,2011-12-02
59,177.16,True,32,2011-12-30
17,28696.58,False,32,2011-12-09
98,2877.12,False,32,2011-12-23
95,41407.14,False,32,2011-12-02
56,4425.65,False,32,2011-12-16
83,54310.98,True,32,2011-12-30
24,54218.35,False,32,2011-12-16
5,641.24,False,32,2011-12-23
32,11.03,False,32,2011-12-09
10,15875.9,False,32,2011-12-09
96,4485.81,False,32,2011-12-16
60,10584.38,False,32,2011-12-02
22,1886.3,False,32,2011-12-09
25,15698.05,False,32,2011-12-02
32,7273.98,False,32,2011-12-16
80,3413.05,True,32,2011-12-30
20,108.8,False,32,2011-12-09
2,25555.39,False,32,2011-12-16
92,1078.26,True,32,2011-12-30
4,107846.62,False,32,2011-12-23
23,5144.03,False,32,2011-12-16
56,3309.66,False,32,2011-12-02
38,1937.13,True,32,2011-12-30
18,34765.38,False,32,2011-12-16
98,3302.82,False,32,2011-12-09
18,3924.56,False,32,2011-12-30
7,10535.27,False,32,2011-12-09
98,5781.47,False,32,2011-12-02
12,34206.58,False,32,2011-12-23
91,28544.78,False,32,2011-12-16
2,15712.66,False,32,2011-12-02
6,76723.26,False,32,2011-12-16
12,34145.44,False,32,2011-12-02
45,599.61,False,32,2011-12-02
2,1331.24,True,32,2011-12-30
28,32467.7,False,32,2011-12-02
14,41183.19,False,32,2011-12-09
44,8191.48,False,32,2011-12-30
48,1747.33,False,32,2011-12-09
90,1153.89,True,32,2011-12-30
38,38641.36,False,32,2011-12-02
36,19130.02,False,32,2011-12-16
90,48280.65,False,32,2011-12-09
38,47132.17,False,32,2011-12-23
48,5493.56,True,32,2011-12-30
59,9443.34,False,32,2011-12-02
92,7516.64,False,32,2011-12-02
4,7134.94,False,32,2011-12-09
31,48751.58,False,32,2011-12-23
80,2901.47,False,32,2011-12-23
14,10017.52,True,32,2011-12-30
52,21.71,False,32,2011-12-30
29,2879.6,False,32,2011-12-16
60,11966.25,False,32,2011-12-23
95,10302.05,False,32,2011-12-16
27,17217.06,False,32,2011-12-09
21,103691.38,False,32,2011-12-30
74,5471.34,False,32,2011-12-02
41,20097.15,True,32,2011-12-30
16,19313.42,False,32,2011-12-16
81,3066.99,False,32,2011-12-16
59,24112.96,False,32,2011-12-16
60,1.06,False,32,2011-12-23
13,1023.9,False,32,2011-12-02
60,5157.93,False,32,2011-12-16
97,687.32,False,32,2011-12-09
67,4004.91,False,32,2011-12-09
11,19045.56,False,32,2011-12-16
8,12136.1,False,32,2011-12-23
22,1613.44,False,32,2011-12-16
93,23128.26,False,32,2011-12-02
90,3408.93,False,32,2011-12-02
31,5605.19,False,32,2011-12-02
40,2097.82,False,32,2011-12-02
23,2321.06,False,32,2011-12-23
82,57233.02,True,32,2011-12-30
33,1340.83,False,32,2011-12-02
83,546.55,False,32,2011-12-16
22,75010.61,False,32,2011-12-16
56,18277.14,False,32,2011-12-02
38,139252.69,False,32,2011-12-09
30,9348.6,False,32,2011-12-02
14,9963.78,False,32,2011-12-02
35,12521.22,False,32,2011-12-23
1,233.67,False,32,2011-12-09
32,17.18,False,32,2011-12-23
94,2586.77,True,32,2011-12-30
85,1147.21,False,32,2011-12-23
23,34832.93,False,32,2011-12-02
40,6738.75,False,32,2011-12-16
22,22049.56,False,32,2011-12-09
67,10790.6,True,32,2011-12-30
71,18364.63,False,32,2011-12-02
47,11796.49,False,32,2011-12-09
38,12928.64,True,32,2011-12-30
52,1680.98,False,32,2011-12-02
46,7470.56,False,32,2011-12-02
27,1200.38,False,32,2011-12-30
79,3572.98,False,32,2011-12-16
17,34.48,False,33,2011-12-23
95,12678.13,False,33,2011-12-16
3,7669.73,True,33,2011-12-30
3,40324.14,False,33,2011-12-02
67,7919.27,False,33,2011-12-02
24,3556.43,False,33,2011-12-16
82,18126.56,False,33,2011-12-02
19,85798.8,False,33,2011-12-09
27,8913.54,False,33,2011-12-02
10,6189.94,False,33,2011-12-16
55,10735.45,True,33,2011-12-30
96,23745.45,False,33,2011-12-09
16,4925.88,False,33,2011-12-09
31,3245.21,False,33,2011-12-09
10,44705.96,False,33,2011-12-09
10,26887.17,False,33,2011-12-23
74,20694.53,True,33,2011-12-30
29,5392.21,True,33,2011-12-30
13,1605.08,False,33,2011-12-02
31,11904.24,False,33,2011-12-02
9,2903.94,False,33,2011-12-02
31,1149.98,False,33,2011-12-23
94,615.7,True,33,2011-12-30
71,1777.87,False,33,2011-12-02
59,13020.9,True,33,2011-12-30
38,1147.71,False,33,2011-12-16
13,87.14,True,33,2011-12-30
54,8117.26,False,33,2011-12-23
94,493.72,False,33,2011-12-02
9,19705.36,False,33,2011-12-16
18,2.14,False,33,2011-12-30
59,3477.98,False,33,2011-12-16
8,19591.04,False,33,2011-12-02
27,94662.04,False,33,2011-12-09
56,103.14,False,33,2011-12-02
50,360.98,False,33,2011-12-16
10,1521.79,False,33,2011-12-16
92,67525.25,False,33,2011-12-16
22,14971.51,True,33,2011-12-30
1,784.48,False,33,2011-12-09
58,29705.22,False,33,2011-12-16
19,24244.06,False,33,2011-12-09
7,11656.94,True,33,2011-12-30
8,17480.64,False,33,2011-12-16
21,11635.09,False,33,2011-12-16
90,4104.9,False,33,2011-12-09
27,2486.91,False,33,2011-12-16
46,95546.81,False,33,2011-12-09
82,101.12,False,33,2011-12-02
25,5.72,False,33,2011-12-02
55,2616.25,False,33,2011-12-23
56,5777.06,False,33,2011-12-16
87,13.0,False,33,2011-12-02
60,14711.56,False,33,2011-12-09
20,41771.17,False,33,2011-12-23
81,1178.54,False,33,2011-12-23
14,1460.03,False,33,2011-12-16
80,10554.55,False,33,2011-12-02
16,50493.54,True,33,2011-12-30
42,28950.84,False,33,2011-12-23
41,5980.99,True,33,2011-12-30
29,16514.98,False,33,2011-12-02
20,148.05,False,33,2011-12-02
21,20501.45,True,33,2011-12-30
58,4029.61,False,33,2011-12-30
28,14244.02,True,33,2011-12-30
9,42221.0,False,33,2011-12-16
42,11685.32,False,33,2011-12-16
12,4524.6,False,33,2011-12-16
14,4976.78,False,33,2011-12-02
90,5667.63,False,33,2011-12-16
31,18117.26,False,33,2011-12-16
94,1840.65,True,33,2011-12-30
6,38324.74,False,33,2011-12-16
44,60569.28,False,33,2011-12-30
8,20376.27,True,33,2011-12-30
71,1928.71,False,33,2011-12-16
23,60.72,False,33,2011-12-02
45,2060.37,False,33,2011-12-23
81,23.23,False,33,2011-12-16
13,4192.22,False,33,2011-12-16
82,12850.11,False,33,2011-12-02
98,595.91,False,33,2011-12-02
85,1522.71,False,33,2011-12-30
10,15947.41,False,33,2011-12-23
27,9722.29,False,33,2011-12-02
96,383.66,False,33,2011-12-16
52,12919.35,False,33,2011-12-16
94,31995.64,False,33,2011-12-16
25,76886.81,False,33,2011-12-02
22,4219.09,False,33,2011-12-16
91,22503.81,False,33,2011-12-02
28,4278.46,False,33,2011-12-09
95,4286.37,True,33,2011-12-30
28,63861.53,True,33,2011-12-30
2,1179.86,False,33,2011-12-02
46,18967.46,False,33,2011-12-02
98,4273.34,False,33,2011-12-09
74,42111.36,False,33,2011-12-16
45,1646.9,False,33,2011-12-16
18,48153.8,False,33,2011-12-02
55,65467.16,False,33,2011-12-16
8,6107.26,False,33,2011-12-16
42,79390.32,False,33,2011-12-23
33,4097.72,True,33,2011-12-30
21,19359.99,False,33,2011-12-02
94,12875.3,False,33,2011-12-16
3,8009.6,False,33,2011-12-16
49,8052.61,False,33,2011-12-16
22,12360.08,False,33,2011-12-23
59,5579.04,False,33,2011-12-16
26,7192.31,True,33,2011-12-30
16,72497.81,False,33,2011-12-09
90,2622.68,False,33,2011-12-09
83,160.86,False,33,2011-12-02
42,11412.57,False,33,2011-12-02
40,35196.08,True,33,2011-12-30
38,24633.55,False,33,2011-12-16
40,8496.48,False,33,2011-12-16
2,1161.09,False,33,2011-12-02
6,36595.07,False,33,2011-12-16
20,48436.13,True,33,2011-12-30
6,13492.68,False,33,2011-12-23
30,1736.28,False,33,2011-12-23
30,9705.76,False,33,2011-12-16
71,4.18,False,33,2011-12-02
27,1125.7,False,33,2011-12-16
36,3782.54,True,33,2011-12-30
92,17831.68,False,33,2011-12-02
94,1417.31,True,33,2011-12-30
60,5133.24,True,33,2011-12-30
52,2225.42,False,33,2011-12-02
11,12781.85,True,33,2011-12-30
94,49294.12,False,33,2011-12-09
79,3146.9,False,33,2011-12-02
2,928.67,True,33,2011-12-30
91,2408.56,False,33,2011-12-16
91,5259.57,False,33,2011-12-16
6,63725.24,False,33,2011-12-16
82,2196.06,False,33,2011-12-16
93,5596.08,True,33,2011-12-30
42,8266.78,False,33,2011-12-09
90,0.88,True,33,2011-12-30
82,144097.84,False,33,2011-12-16
40,9099.34,False,33,2011-12-16
31,7407.79,False,33,2011-12-09
4,2963.14,False,33,2011-12-02
83,17411.18,False,33,2011-12-09
94,1517.43,False,33,2011-12-23
4,2912.98,False,33,2011-12-02
51,12736.02,False,33,2011-12-09
82,28952.42,False,33,2011-12-09
36,3947.02,True,33,2011-12-30
40,6609.91,True,33,2011-12-30
29,25945.35,False,33,2011-12-02
48,8079.53,False,33,2011-12-16
98,2514.54,False,33,2011-12-16
94,11019.53,False,33,2011-12-16
93,1793.13,False,33,2011-12-16
56,12361.72,False,33,2011-12-02
74,3276.54,True,33,2011-12-30
13,1200.14,True,33,2011-12-30
24,74848.36,False,33,2011-12-09
81,68061.08,False,33,2011-12-16
67,3826.68,False,33,2011-12-02
17,39529.94,False,33,2011-12-23
40,20075.85,False,33,2011-12-02
92,5758.77,False,33,2011-12-02
87,1576.47,False,33,2011-12-09
35,47863.73,True,33,2011-12-30
91,4465.25,False,33,2011-12-02
28,5867.02,False,33,2011-12-02
71,2810.79,False,33,2011-12-16
37,10465.03,False,33,2011-12-09
83,2687.3,False,33,2011-12-23
37,5227.97,False,33,2011-12-16
81,7304.63,False,33,2011-12-02
20,39342.26,False,33,2011-12-02
17,953.92,True,33,2011-12-30
97,3594.05,False,33,2011-12-02
32,26418.77,False,33,2011-12-16
4,3458.51,False,33,2011-12-09
11,111625.72,False,33,2011-12-09
9,34683.96,False,33,2011-12-16
58,17144.76,False,33,2011-12-02
12,17420.74,False,33,2011-12-23
59,41720.6,False,33,2011-12-23
21,5445.68,False,33,2011-12-23
34,28128.84,True,33,2011-12-30
25,11647.84,True,33,2011-12-30
5,4003.38,False,33,2011-12-02
56,2742.25,False,33,2011-12-02
2,12840.5,False,33,2011-12-09
67,52.25,False,33,2011-12-16
47,2681.64,False,33,2011-12-23
1,10535.86,True,33,2011-12-30
11,6545.9,False,33,2011-12-16
12,12859.87,False,33,2011-12-09
79,166.88,False,33,2011-12-16
30,8181.65,False,33,2011-12-23
90,24527.64,False,33,2011-12-16
91,14733.04,False,33,2011-12-02
26,10.12,False,33,2011-12-02
85,596.64,True,33,2011-12-30
32,168.35,True,33,2011-12-30
96,46899.96,True,33,2011-12-30
93,3636.12,False,33,2011-12-16
34,74956.49,False,33,2011-12-23
16,13568.85,False,33,2011-12-02
81,3989.81,True,33,2011-12-30
33,10821.11,False,33,2011-12-16
82,14756.38,False,33,2011-12-09
31,2114.03,False,33,2011-12-09
87,79735.12,False,33,2011-12-30
32,3961.96,False,33,2011-12-23
47,37606.6,False,33,2011-12-16
27,8400.22,True,33,2011-12-30
47,2712.02,False,33,2011-12-09
87,129.01,True,33,2011-12-30
5,16073.31,False,33,2011-12-02
23,5244.31,True,33,2011-12-30
44,24.05,False,33,2011-12-16
58,822.08,False,33,2011-12-02
94,5458.3,True,33,2011-12-30
95,2.17,False,33,2011-12-23
55,18803.66,True,33,2011-12-30
25,15187.42,False,33,2011-12-23
56,3534.31,False,33,2011-12-16
94,4541.0,False,33,2011-12-23
33,41.22,False,33,2011-12-23
52,1157.04,False,33,2011-12-02
79,10220.71,False,33,2011-12-09
80,45085.78,False,33,2011-12-02
8,19.22,True,33,2011-12-30
13,11691.63,True,33,2011-12-30
28,15724.59,False,33,2011-12-23
72,31844.36,False,33,2011-12-09
82,5624.84,False,33,2011-12-02
5,3150.14,True,33,2011-12-30
55,2708.99,True,33,2011-12-30
33,88538.42,False,33,2011-12-16
83,9176.46,False,33,2011-12-02
40,4374.96,False,33,2011-12-16
29,22008.25,False,33,2011-12-02
94,208.9,False,33,2011-12-09
97,23.6,False,33,2011-12-02
19,3716.95,False,33,2011-12-02
41,12994.81,False,33,2011-12-02
38,3919.77,False,33,2011-12-09
50,5127.39,False,33,2011-12-16
21,3207.22,False,33,2011-12-02
91,690.92,False,33,2011-12-02
14,331.55,False,33,2011-12-02
87,9318.56,False,33,2011-12-16
6,1.38,False,33,2011-12-02
19,53620.9,False,33,2011-12-09
1,27415.28,False,33,2011-12-02
5,5224.66,False,33,2011-12-02
45,10423.75,False,33,2011-12-09
37,20754.97,False,33,2011-12-23
46,89064.37,True,33,2011-12-30
97,1529.76,False,33,2011-12-30
3,36980.62,True,33,2011-12-30
59,12881.5,False,33,2011-12-02
50,6523.17,False,33,2011-12-23
40,10153.76,False,33,2011-12-09
94,3297.95,False,33,2011-12-09
32,37607.37,True,33,2011-12-30
80,182.94,False,33,2011-12-16
92,55764.92,False,33,2011-12-23
30,16194.4,False,33,2011-12-09
91,129.03,False,33,2011-12-02
58,6985.42,False,33,2011-12-23
5,35781.64,True,33,2011-12-30
52,407.08,False,33,2011-12-16
83,6890.65,False,33,2011-12-09
77,2711.39,False,33,2011-12-23
8,3280.32,False,33,2011-12-02
34,32.08,False,33,2011-12-23
74,8171.88,False,33,2011-12-16
1,3891.68,True,33,2011-12-30
95,13633.89,False,33,2011-12-02
18,7838.88,False,33,2011-12-16
1,32018.5,False,33,2011-12-02
97,11212.36,False,33,2011-12-16
94,1437.03,False,33,2011-12-23
81,17757.92,False,33,2011-12-02
20,3431.0,False,33,2011-12-16
25,5786.39,False,33,2011-12-02
14,12.22,False,33,2011-12-02
18,700.83,False,33,2011-12-16
85,6780.43,False,33,2011-12-09
58,40246.51,False,33,2011-12-16
94,22517.41,False,33,2011-12-02
97,2838.85,False,33,2011-12-23
79,22471.08,False,33,2011-12-02
29,6113.38,True,33,2011-12-30
35,57710.64,True,33,2011-12-30
27,70630.03,False,33,2011-12-02
18,8255.21,False,33,2011-12-02
25,43867.94,False,33,2011-12-23
14,5761.69,False,33,2011-12-09
22,43794.19,False,33,2011-12-09
95,37334.88,False,33,2011-12-30
82,16660.02,True,33,2011-12-30
59,1609.34,False,33,2011-12-16
44,-701.25,False,33,2011-12-02
8,5284.53,False,33,2011-12-16
38,2442.17,False,33,2011-12-02
5,7948.94,False,33,2011-12-09
12,4629.18,True,33,2011-12-30
58,19277.02,False,33,2011-12-23
27,29327.68,False,33,2011-12-16
67,5065.32,False,33,2011-12-09
82,12432.66,False,33,2011-12-16
44,14208.79,False,33,2011-12-16
12,57152.2,False,33,2011-12-09
23,2736.78,True,33,2011-12-30
24,3772.34,False,33,2011-12-02
6,14137.01,True,33,2011-12-30
10,29587.24,False,33,2011-12-02
46,56145.56,False,33,2011-12-16
42,213.28,True,33,2011-12-30
34,30184.32,False,33,2011-12-02
85,4153.38,False,33,2011-12-02
18,32340.24,False,33,2011-12-16
52,1407.63,True,33,2011-12-30
52,15775.04,False,33,2011-12-23
20,6018.15,False,33,2011-12-02
45,32790.14,False,33,2011-12-23
41,14164.66,False,33,2011-12-16
80,6.24,False,33,2011-12-30
56,1121.67,False,33,2011-12-02
18,40198.34,False,33,2011-12-02
94,44018.86,False,33,2011-12-02
81,2057.71,False,33,2011-12-02
46,2099.8,False,33,2011-12-02
56,22861.35,False,33,2011-12-23
72,233.04,False,33,2011-12-23
9,35904.35,False,33,2011-12-16
52,1751.79,False,33,2011-12-16
74,11732.54,False,33,2011-12-30
8,1352.32,False,33,2011-12-16
90,34594.69,True,33,2011-12-30
1,3764.92,False,33,2011-12-09
24,8278.59,False,33,2011-12-02
26,7555.45,False,33,2011-12-02
41,2036.75,False,33,2011-12-02
30,10498.95,True,33,2011-12-30
1,8943.54,False,33,2011-12-30
90,3476.06,True,33,2011-12-30
44,42144.52,False,33,2011-12-09
87,5902.52,True,33,2011-12-30
55,22341.24,False,33,2011-12-02
6,5468.79,False,33,2011-12-16
56,33484.28,True,33,2011-12-30
74,243.15,False,33,2011-12-16
36,5126.69,False,33,2011-12-30
93,432.25,True,33,2011-12-30
17,149505.78,False,34,2011-12-16
9,18876.11,True,34,2011-12-30
38,20149.62,False,34,2011-12-23
24,18093.17,False,34,2011-12-16
99,990.85,False,34,2011-12-23
24,9350.55,False,34,2011-12-16
21,5.85,False,34,2011-12-09
11,4853.99,False,34,2011-12-02
32,-374.29,False,34,2011-12-02
74,25288.31,True,34,2011-12-30
67,1266.02,False,34,2011-12-16
55,1754.63,True,34,2011-12-30
7,6556.69,False,34,2011-12-02
81,34832.08,False,34,2011-12-23
36,5853.57,False,34,2011-12-23
85,33237.77,False,34,2011-12-02
40,489.79,True,34,2011-12-30
32,34242.87,True,34,2011-12-30
77,16044.5,False,34,2011-12-09
27,18084.63,False,34,2011-12-16
52,108.39,False,34,2011-12-02
60,2928.84,False,34,2011-12-02
13,51937.92,False,34,2011-12-23
90,10378.86,False,34,2011-12-02
56,36991.24,False,34,2011-12-16
23,18122.06,True,34,2011-12-30
44,37946.62,False,34,2011-12-23
26,60311.86,False,34,2011-12-02
4,17184.26,False,34,2011-12-16
46,21663.12,False,34,2011-12-02
11,50886.48,True,34,2011-12-30
45,51565.75,False,34,2011-12-02
5,1765.19,False,34,2011-12-23
59,13.75,False,34,2011-12-09
13,30324.6,False,34,2011-12-09
94,21439.12,False,34,2011-12-02
30,8821.31,False,34,2011-12-23
11,18201.94,False,34,2011-12-23
20,15939.6,True,34,2011-12-30
55,13262.15,False,34,2011-12-02
3,51495.35,False,34,2011-12-16
33,17725.71,False,34,2011-12-09
52,3830.11,False,34,2011-12-09
14,2912.91,False,34,2011-12-02
72,13575.93,False,34,2011-12-23
24,5053.16,False,34,2011-12-30
42,7746.87,False,34,2011-12-16
74,251.67,True,34,2011-12-30
4,836.68,False,34,2011-12-02
46,36179.2,False,34,2011-12-23
56,13.27,False,34,2011-12-02
7,297.55,False,34,2011-12-02
67,54928.63,False,34,2011-12-02
38,97.2,True,34,2011-12-30
9,15766.38,True,34,2011-12-30
49,40363.36,False,34,2011-12-02
25,25925.74,False,34,2011-12-30
2,1420.01,True,34,2011-12-30
87,12600.02,False,34,2011-12-16
9,421.09,False,34,2011-12-23
21,97713.09,False,34,2011-12-23
25,12028.15,False,34,2011-12-09
18,22946.18,False,34,2011-12-23
74,103208.25,False,34,2011-12-02
81,158.2,False,34,2011-12-09
10,3580.25,False,34,2011-12-16
41,7889.63,False,34,2011-12-23
16,63.74,True,34,2011-12-30
16,799.46,False,34,2011-12-02
45,10171.29,True,34,2011-12-30
25,2301.17,False,34,2011-12-16
96,14774.43,False,34,2011-12-23
17,66515.54,False,34,2011-12-02
38,1783.59,False,34,2011-12-09
82,19113.15,False,34,2011-12-23
24,35490.6,True,34,2011-12-30
49,358.1,False,34,2011-12-16
52,480.72,False,34,2011-12-09
60,14676.58,False,34,2011-12-09
18,127728.16,False,34,2011-12-02
12,5582.32,True,34,2011-12-30
28,1484.8,False,34,2011-12-16
48,7550.42,False,34,2011-12-16
91,24354.8,False,34,2011-12-16
38,1402.58,False,34,2011-12-02
16,2726.93,False,34,2011-12-16
3,15032.43,True,34,2011-12-30
31,8490.42,True,34,2011-12-30
67,11099.92,False,34,2011-12-02
9,54003.25,False,34,2011-12-02
22,7221.23,False,34,2011-12-23
29,32983.14,False,34,2011-12-02
5,12545.51,False,34,2011-12-02
46,10.58,False,34,2011-12-02
56,4260.92,False,34,2011-12-16
50,48556.77,False,34,2011-12-02
6,2523.3,False,34,2011-12-16
38,1096.76,False,34,2011-12-23
28,9772.93,False,34,2011-12-09
9,61376.57,True,34,2011-12-30
30,8105.05,False,34,2011-12-02
59,3022.57,True,34,2011-12-30
82,6519.8,False,34,2011-12-02
85,2633.36,False,34,2011-12-23
32,16152.46,False,34,2011-12-16
4,19486.54,False,34,2011-12-23
72,65269.62,False,34,2011-12-09
95,4410.13,False,34,2011-12-02
27,9844.76,True,34,2011-12-30
59,49.74,False,34,2011-12-02
58,58421.38,False,34,2011-12-16
5,1480.06,True,34,2011-12-30
5,8247.87,False,34,2011-12-02
10,30095.29,True,34,2011-12-30
38,2209.46,False,34,2011-12-16
28,5032.1,False,34,2011-12-02
94,8827.09,False,34,2011-12-02
27,14740.68,True,34,2011-12-30
95,4081.56,True,34,2011-12-30
37,54673.6,False,34,2011-12-16
32,27043.6,False,34,2011-12-02
82,116935.62,True,34,2011-12-30
11,537.99,False,34,2011-12-09
85,10239.37,False,34,2011-12-09
23,43719.52,True,34,2011-12-30
56,90763.09,False,34,2011-12-16
12,1341.58,False,34,2011-12-02
52,37808.35,False,34,2011-12-09
85,130453.55,False,34,2011-12-02
93,1626.81,False,34,2011-12-23
82,847.71,False,34,2011-12-16
74,111009.55,False,34,2011-12-09
4,699.48,True,34,2011-12-30
22,-7.7,False,34,2011-12-14
31,2816.88,False,34,2011-12-16
31,483.94,False,34,2011-12-09
19,4052.86,False,34,2011-12-02
80,119.01,False,34,2011-12-02
49,93433.48,True,34,2011-12-30
92,25095.89,False,34,2011-12-16
93,12743.88,False,34,2011-12-02
2,34958.1,False,34,2011-12-23
18,46631.8,False,34,2011-12-16
95,37610.41,False,34,2011-12-16
31,82.7,True,34,2011-12-30
5,17042.28,True,34,2011-12-30
3,47123.35,False,34,2011-12-16
82,1334.61,False,34,2011-12-02
93,3765.5,False,34,2011-12-09
44,5411.83,False,34,2011-12-02
24,475.4,True,34,2011-12-30
18,35192.53,False,34,2011-12-02
6,4080.66,False,34,2011-12-02
29,216.41,False,34,2011-12-02
18,20927.65,False,34,2011-12-23
38,1165.6,False,34,2011-12-16
82,1798.36,False,34,2011-12-09
6,812.66,False,34,2011-12-23
9,2262.31,False,34,2011-12-02
46,25.55,False,34,2011-12-16
52,13760.48,False,34,2011-12-16
26,3207.53,False,34,2011-12-09
97,72415.16,False,34,2011-12-09
60,7877.73,True,34,2011-12-30
5,21804.13,True,34,2011-12-30
91,24364.43,False,34,2011-12-09
9,4792.4,False,34,2011-12-02
97,71001.86,False,34,2011-12-16
78,11923.92,False,34,2011-12-02
67,24652.32,False,34,2011-12-16
93,11338.89,True,34,2011-12-30
24,24362.26,False,34,2011-12-02
91,64581.66,True,34,2011-12-30
35,24.65,True,34,2011-12-30
50,330.52,False,34,2011-12-16
95,4277.06,True,34,2011-12-30
46,42017.17,False,34,2011-12-16
11,46722.65,False,34,2011-12-09
16,34522.92,False,34,2011-12-09
24,315.67,False,34,2011-12-02
11,31875.73,False,34,2011-12-02
59,6170.51,True,34,2011-12-30
9,16919.69,False,34,2011-12-02
23,1652.27,False,34,2011-12-09
7,7.56,True,34,2011-12-30
56,3376.66,False,34,2011-12-23
49,18642.65,True,34,2011-12-30
95,12541.71,True,34,2011-12-30
85,20668.27,False,34,2011-12-02
36,6899.2,False,34,2011-12-16
81,16668.94,False,34,2011-12-02
19,11964.57,False,34,2011-12-09
14,37617.92,False,34,2011-12-23
27,4883.92,False,34,2011-12-16
40,534.35,False,34,2011-12-16
11,15855.84,False,34,2011-12-09
31,43815.9,False,34,2011-12-23
42,11992.28,False,34,2011-12-02
41,32407.16,False,34,2011-12-23
33,330.96,True,34,2011-12-30
9,55534.62,False,34,2011-12-16
33,53287.78,False,34,2011-12-09
38,42916.99,False,34,2011-12-09
85,13672.21,False,34,2011-12-02
92,1817.88,False,34,2011-12-02
19,17593.88,False,34,2011-12-02
38,17136.96,False,34,2011-12-02
4,22762.6,False,34,2011-12-16
11,1755.24,False,34,2011-12-23
2,7285.74,False,34,2011-12-16
40,15403.17,True,34,2011-12-30
8,3364.12,True,34,2011-12-30
10,10258.56,True,34,2011-12-30
20,20314.19,False,34,2011-12-02
30,1.11,False,34,2011-12-02
32,13840.76,True,34,2011-12-30
10,10067.64,False,34,2011-12-16
18,7170.04,True,34,2011-12-30
41,147657.64,False,34,2011-12-09
93,52.18,False,34,2011-12-09
74,9262.09,False,34,2011-12-16
9,66392.71,True,34,2011-12-30
6,49881.75,False,34,2011-12-09
90,8903.79,True,34,2011-12-30
23,95.65,False,34,2011-12-02
34,24.8,False,34,2011-12-02
6,82.76,False,34,2011-12-09
11,58981.22,False,34,2011-12-16
33,58982.3,False,34,2011-12-16
25,-10.37,False,34,2011-12-16
30,2998.1,True,34,2011-12-30
54,1730.21,True,34,2011-12-30
14,21695.0,False,34,2011-12-16
13,10336.23,False,34,2011-12-16
10,2942.05,True,34,2011-12-30
49,10906.9,True,34,2011-12-30
34,7572.53,True,34,2011-12-30
97,31944.5,False,34,2011-12-02
83,42971.19,True,34,2011-12-30
4,41.88,False,34,2011-12-02
79,125.65,True,34,2011-12-30
17,7642.27,False,34,2011-12-23
80,410.29,False,34,2011-12-02
7,3220.99,False,34,2011-12-16
28,4555.34,False,34,2011-12-23
40,68298.08,False,34,2011-12-02
79,49235.12,False,34,2011-12-02
98,10442.92,False,34,2011-12-16
16,7331.62,False,34,2011-12-02
35,5300.82,False,34,2011-12-09
11,10608.98,False,34,2011-12-09
9,22692.94,True,34,2011-12-30
12,11363.94,False,34,2011-12-02
37,6283.8,False,34,2011-12-30
41,380.65,True,34,2011-12-30
71,35237.5,True,34,2011-12-30
23,4404.2,False,34,2011-12-16
85,26532.17,True,34,2011-12-30
16,15527.95,False,34,2011-12-09
83,27583.4,False,34,2011-12-23
17,11625.74,True,34,2011-12-30
10,1898.33,True,34,2011-12-30
98,340.86,True,34,2011-12-30
28,54298.46,False,34,2011-12-09
96,1352.69,False,34,2011-12-02
77,190.62,False,34,2011-12-16
28,836.98,True,34,2011-12-30
2,6054.08,False,34,2011-12-23
9,932.22,False,34,2011-12-30
40,66.43,False,34,2011-12-02
19,14358.5,False,34,2011-12-30
26,21814.76,False,34,2011-12-16
11,2465.66,False,34,2011-12-09
52,30955.82,False,34,2011-12-16
56,1531.06,False,34,2011-12-09
32,9825.32,False,34,2011-12-16
14,20897.88,True,34,2011-12-30
40,16122.84,False,34,2011-12-02
91,22453.28,True,34,2011-12-30
17,7291.49,True,34,2011-12-30
94,27115.5,False,34,2011-12-16
42,21512.23,False,34,2011-12-02
98,37967.29,True,34,2011-12-30
35,10680.75,False,34,2011-12-16
38,4787.02,False,34,2011-12-02
23,4729.04,False,34,2011-12-09
41,13174.04,False,34,2011-12-09
4,12251.68,False,34,2011-12-23
91,73930.02,False,34,2011-12-16
80,1689.9,False,34,2011-12-09
95,34005.38,False,34,2011-12-02
38,54029.49,False,34,2011-12-02
91,68646.3,False,34,2011-12-16
52,28771.22,True,34,2011-12-30
93,1110.71,False,34,2011-12-16
77,67003.32,False,34,2011-12-02
74,11915.33,False,34,2011-12-02
41,632.75,True,34,2011-12-30
6,16645.16,False,34,2011-12-16
18,16768.71,True,34,2011-12-30
83,35658.58,False,34,2011-12-09
31,15877.63,True,34,2011-12-30
4,34078.92,False,34,2011-12-02
80,1814.7,False,34,2011-12-02
20,2921.45,False,34,2011-12-02
83,1849.33,False,34,2011-12-23
8,4000.49,False,34,2011-12-09
32,1687.41,True,34,2011-12-30
72,27652.27,False,34,2011-12-16
5,21350.49,False,34,2011-12-02
90,133.2,False,34,2011-12-16
28,2325.26,False,34,2011-12-02
29,12276.33,False,34,2011-12-02
37,8595.73,False,34,2011-12-30
17,50604.7,True,34,2011-12-30
49,17102.75,False,34,2011-12-02
25,15242.34,True,34,2011-12-30
25,5137.22,False,34,2011-12-17
94,19326.28,False,34,2011-12-02
6,132.13,False,34,2011-12-02
92,4675.13,False,34,2011-12-02
95,1400.93,False,34,2011-12-16
33,1525.9,False,34,2011-12-02
40,11891.47,True,34,2011-12-30
36,16592.99,True,34,2011-12-30
24,16622.64,False,34,2011-12-09
38,105209.77,False,34,2011-12-23
83,10833.75,False,34,2011-12-16
60,17901.46,False,34,2011-12-02
38,21658.4,False,34,2011-12-09
74,18991.9,False,34,2011-12-16
74,13199.54,False,34,2011-12-16
29,36966.16,False,34,2011-12-30
45,102958.96,True,34,2011-12-30
7,7205.57,True,34,2011-12-30
17,45517.63,True,34,2011-12-30
1,178.91,False,34,2011-12-09
95,3593.55,False,34,2011-12-16
8,1836.84,False,34,2011-12-16
1,312.24,False,34,2011-12-02
92,300.24,False,35,2011-12-23
46,3937.46,False,35,2011-12-02
56,19038.94,False,35,2011-12-23
92,27530.85,True,35,2011-12-30
59,144.69,False,35,2011-12-02
25,833.58,False,35,2011-12-16
7,20416.46,True,35,2011-12-30
12,32976.49,True,35,2011-12-30
37,7401.34,True,35,2011-12-30
90,1610.44,False,35,2011-12-02
8,13345.39,False,35,2011-12-09
91,15606.46,False,35,2011-12-16
46,108958.66,True,35,2011-12-30
99,1157.88,False,35,2011-12-16
1,1252.1,False,35,2011-12-02
52,1673.85,False,35,2011-12-16
77,20048.99,False,35,2011-12-30
90,13947.42,False,35,2011-12-05
92,16834.35,False,35,2011-12-09
87,50255.08,False,35,2011-12-16
13,4129.43,False,35,2011-12-02
93,8354.53,False,35,2011-12-02
41,276.52,False,35,2011-12-09
91,59.74,False,35,2011-12-02
34,34050.62,True,35,2011-12-30
35,2659.76,True,35,2011-12-30
3,526.05,False,35,2011-12-16
41,11269.4,False,35,2011-12-02
6,1813.9,False,35,2011-12-30
30,24912.84,False,35,2011-12-16
32,48129.6,True,35,2011-12-30
40,8244.86,True,35,2011-12-30
46,11299.58,False,35,2011-12-16
81,1246.78,False,35,2011-12-16
80,27674.84,False,35,2011-12-23
3,2805.86,True,35,2011-12-30
10,25390.58,False,35,2011-12-16
91,813.31,False,35,2011-12-09
46,30209.56,False,35,2011-12-21
30,339.37,False,35,2011-12-16
99,25476.76,False,35,2011-12-02
79,39604.77,False,35,2011-12-23
42,23226.78,False,35,2011-12-30
83,183.68,False,35,2011-12-02
6,136362.6,False,35,2011-12-16
25,17837.7,False,35,2011-12-09
16,33849.24,True,35,2011-12-30
74,19071.8,False,35,2011-12-23
85,4659.35,True,35,2011-12-30
18,26961.4,False,35,2011-12-23
33,106248.05,False,35,2011-12-02
8,1324.09,False,35,2011-12-02
48,1500.93,False,35,2011-12-09
3,44086.89,False,35,2011-12-02
96,3670.19,True,35,2011-12-30
25,12644.64,False,35,2011-12-23
8,3489.96,False,35,2011-12-02
10,7735.54,False,35,2011-12-23
18,8938.17,False,35,2011-12-23
16,4266.32,False,35,2011-12-02
22,8032.73,False,35,2011-12-02
16,3345.13,False,35,2011-12-02
80,148.84,True,35,2011-12-30
6,28578.65,False,35,2011-12-02
35,7342.28,False,35,2011-12-16
54,599.65,False,35,2011-12-02
67,14979.32,False,35,2011-12-09
85,1181.19,False,35,2011-12-16
8,38.06,True,35,2011-12-30
85,5564.76,False,35,2011-12-23
38,88184.77,True,35,2011-12-30
52,6205.17,False,35,2011-12-09
54,34572.58,False,35,2011-12-23
52,162.12,True,35,2011-12-30
72,39938.79,True,35,2011-12-30
31,2301.65,False,35,2011-12-16
31,432.66,True,35,2011-12-30
85,16627.16,False,35,2011-12-23
95,33367.38,False,35,2011-12-09
50,510.29,False,35,2011-12-16
93,66547.3,False,35,2011-12-02
93,16087.65,False,35,2011-12-16
30,1538.5,False,35,2011-12-02
22,3180.13,False,35,2011-12-09
85,66275.98,False,35,2011-12-16
16,14899.3,False,35,2011-12-02
97,22448.53,False,35,2011-12-23
34,471.53,False,35,2011-12-09
42,67.92,False,35,2011-12-02
20,25547.7,True,35,2011-12-30
34,491.84,False,35,2011-12-02
71,21559.43,True,35,2011-12-30
22,21648.32,False,35,2011-12-23
93,1866.6,False,35,2011-12-02
74,5351.35,False,35,2011-12-16
38,113.09,True,35,2011-12-30
33,42454.48,False,35,2011-12-16
36,635.65,False,35,2011-12-02
98,2689.31,False,35,2011-12-23
35,8600.26,False,35,2011-12-02
25,1761.7,False,35,2011-12-16
95,4093.68,False,35,2011-12-09
3,18770.26,False,35,2011-12-02
67,1252.87,True,35,2011-12-30
71,40358.78,False,35,2011-12-02
92,14749.51,False,35,2011-12-02
97,58579.32,False,35,2011-12-16
59,82.56,False,35,2011-12-02
4,304834.12,False,35,2011-12-16
60,1226.69,False,35,2011-12-23
34,45662.34,False,35,2011-12-16
19,3029.39,False,35,2011-12-02
5,10232.89,False,35,2011-12-09
27,12152.48,False,35,2011-12-16
3,33031.7,True,35,2011-12-30
6,7062.69,False,35,2011-12-09
36,7942.9,False,35,2011-12-23
18,30352.92,False,35,2011-12-09
30,4149.66,True,35,2011-12-30
49,9077.04,False,35,2011-12-02
21,8851.49,True,35,2011-12-30
30,9587.84,False,35,2011-12-02
18,29576.31,False,35,2011-12-16
55,3397.3,True,35,2011-12-30
95,15302.38,False,35,2011-12-16
14,80857.47,False,35,2011-12-23
41,2167.22,False,35,2011-12-23
87,7600.7,False,35,2011-12-09
82,17476.09,False,35,2011-12-09
17,4935.63,True,35,2011-12-30
26,14401.96,True,35,2011-12-30
5,76070.53,False,35,2011-12-23
95,3752.25,True,35,2011-12-30
27,31121.7,False,35,2011-12-23
2,26251.9,False,35,2011-12-02
79,2522.52,False,35,2011-12-02
87,19526.8,False,35,2011-12-16
72,27783.86,False,35,2011-12-09
44,62495.54,False,35,2011-12-09
94,4169.27,True,35,2011-12-30
94,16957.35,False,35,2011-12-16
92,1465.09,False,35,2011-12-23
72,25964.71,True,35,2011-12-30
28,14814.46,False,35,2011-12-02
34,105824.66,False,35,2011-12-02
92,1125.89,True,35,2011-12-30
20,59845.47,False,35,2011-12-16
41,8058.59,False,35,2011-12-16
81,18968.14,False,35,2011-12-23
18,11790.29,True,35,2011-12-30
74,6966.77,False,35,2011-12-02
79,34.98,False,35,2011-12-16
25,45272.78,False,35,2011-12-16
85,12298.76,False,35,2011-12-02
2,108.77,False,35,2011-12-04
29,323804.1,False,35,2011-12-02
17,2485.25,False,35,2011-12-09
54,56.34,False,35,2011-12-09
35,47347.06,False,35,2011-12-09
85,15193.09,False,35,2011-12-02
46,274.48,True,35,2011-12-30
12,6103.35,False,35,2011-12-09
90,108084.73,False,35,2011-12-02
91,1395.44,True,35,2011-12-30
71,11479.54,False,35,2011-12-09
2,2776.94,False,35,2011-12-02
90,96888.64,False,35,2011-12-16
30,28860.96,False,35,2011-12-23
31,3884.71,False,35,2011-12-16
30,13448.56,False,35,2011-12-09
96,5716.67,True,35,2011-12-30
44,23203.37,False,35,2011-12-30
81,39267.88,True,35,2011-12-30
34,14959.83,False,35,2011-12-09
59,-425.3,False,35,2011-12-16
11,1712.97,False,35,2011-12-16
30,8587.86,True,35,2011-12-30
96,13793.64,False,35,2011-12-02
16,443.97,False,35,2011-12-09
90,9692.76,False,35,2011-12-02
19,37355.81,False,35,2011-12-02
12,4832.75,True,35,2011-12-30
12,14265.01,False,35,2011-12-09
16,9623.94,False,35,2011-12-09
11,12995.26,False,35,2011-12-09
87,1047.8,False,35,2011-12-16
90,786.62,False,35,2011-12-02
74,-3.74,False,35,2011-12-02
25,3958.37,False,35,2011-12-16
11,22417.85,False,35,2011-12-16
98,2627.8,False,35,2011-12-02
72,13999.08,False,35,2011-12-02
25,295.14,False,35,2011-12-09
46,497.26,True,35,2011-12-30
9,4030.59,False,35,2011-12-16
83,4794.7,True,35,2011-12-30
12,33927.37,False,35,2011-12-16
6,14299.99,False,35,2011-12-02
30,14269.57,False,35,2011-12-02
52,2646.04,False,35,2011-12-23
74,180.88,False,35,2011-12-16
82,37496.27,False,35,2011-12-09
82,62503.31,False,35,2011-12-09
19,3570.21,False,35,2011-12-02
44,3893.98,False,35,2011-12-09
79,10261.23,False,35,2011-12-16
87,8874.66,False,35,2011-12-16
21,7506.47,False,35,2011-12-16
46,6915.3,False,35,2011-12-30
48,13370.28,False,35,2011-12-16
79,6.56,True,35,2011-12-30
90,10414.77,False,35,2011-12-23
59,13694.96,False,35,2011-12-09
11,3120.5,False,35,2011-12-02
6,1354.23,False,35,2011-12-16
98,6749.66,False,35,2011-12-02
52,19413.64,False,35,2011-12-23
23,12029.74,False,35,2011-12-16
91,66019.74,False,35,2011-12-02
2,12548.25,False,35,2011-12-02
30,20677.64,False,35,2011-12-09
8,193.96,False,35,2011-12-09
42,38441.82,True,35,2011-12-30
19,37788.48,False,35,2011-12-16
8,36508.58,True,35,2011-12-30
11,37971.08,False,36,2011-12-23
72,2065.23,False,36,2011-12-02
7,39628.87,True,36,2011-12-30
36,23164.12,False,36,2011-12-09
91,2358.59,True,36,2011-12-30
67,22898.01,True,36,2011-12-30
18,3296.2,True,36,2011-12-30
37,58887.61,False,36,2011-12-23
56,26358.19,False,36,2011-12-02
49,103619.12,False,36,2011-12-16
44,44396.76,False,36,2011-12-23
92,41482.46,False,36,2011-12-23
93,2304.46,False,36,2011-12-23
48,50.05,False,36,2011-12-02
90,18694.15,False,36,2011-12-16
72,658.93,True,36,2011-12-30
95,13489.43,False,36,2011-12-16
4,1424.97,False,36,2011-12-09
74,37224.36,False,36,2011-12-02
95,36853.58,False,36,2011-12-09
40,2830.79,False,36,2011-12-16
27,33532.61,False,36,2011-12-23
28,8611.38,False,36,2011-12-02
80,5118.27,False,36,2011-12-09
49,1369.18,True,36,2011-12-30
25,49860.87,False,36,2011-12-09
36,2476.85,False,36,2011-12-02
27,20918.63,True,36,2011-12-30
98,40001.92,True,36,2011-12-30
30,31161.96,False,36,2011-12-09
67,89409.02,False,36,2011-12-02
3,16270.26,True,36,2011-12-30
85,1463.86,True,36,2011-12-30
85,25268.64,False,36,2011-12-23
36,5858.79,False,36,2011-12-02
11,14953.91,False,36,2011-12-16
81,2128.72,False,36,2011-12-23
46,3614.93,False,36,2011-12-09
4,14495.07,False,36,2011-12-02
29,60993.11,False,36,2011-12-16
11,16170.54,True,36,2011-12-30
55,191.99,False,36,2011-12-02
81,646.76,False,36,2011-12-30
85,7514.89,False,36,2011-12-23
97,313.11,True,36,2011-12-30
91,32034.6,False,36,2011-12-16
90,13578.61,False,36,2011-12-16
41,9372.8,False,36,2011-12-23
35,13747.21,False,36,2011-12-02
2,897.39,False,36,2011-12-09
91,8647.18,False,36,2011-12-09
95,19438.1,False,36,2011-12-02
26,37447.8,False,36,2011-12-02
24,915.12,True,36,2011-12-30
1,3863.41,False,36,2011-12-02
12,3834.71,True,36,2011-12-30
74,100656.38,False,36,2011-12-23
20,252.52,False,36,2011-12-02
27,5824.66,False,36,2011-12-02
46,1449.18,False,36,2011-12-16
36,10259.67,True,36,2011-12-30
24,9036.95,False,36,2011-12-30
2,188.2,False,36,2011-12-09
83,90.82,False,36,2011-12-02
97,18.61,True,36,2011-12-30
60,38622.69,False,36,2011-12-09
81,5194.92,True,36,2011-12-30
36,-0.15,False,36,2011-12-02
24,44211.8,False,36,2011-12-09
2,6154.68,False,36,2011-12-02
10,10477.59,False,36,2011-12-09
10,17637.88,True,36,2011-12-30
60,8.26,False,36,2011-12-09
18,8814.35,False,36,2011-12-09
54,630.28,False,36,2011-12-09
11,14.67,False,36,2011-12-02
31,7068.86,False,36,2011-12-16
18,1078.12,False,36,2011-12-02
90,4185.84,False,36,2011-12-16
32,10220.27,False,36,2011-12-23
91,3689.89,False,36,2011-12-16
29,51890.62,False,36,2011-12-23
35,1677.23,False,36,2011-12-16
13,20396.51,False,36,2011-12-23
1,2817.05,True,36,2011-12-30
35,8797.4,False,36,2011-12-23
46,621.1,True,36,2011-12-30
94,4191.83,False,36,2011-12-02
72,696.68,False,36,2011-12-16
35,3362.51,False,36,2011-12-02
56,1448.87,False,36,2011-12-23
32,4701.65,False,36,2011-12-23
97,7094.94,False,36,2011-12-09
80,9089.01,False,36,2011-12-02
25,17214.75,False,36,2011-12-02
14,-606.17,False,36,2011-12-02
1,33896.23,False,36,2011-12-16
30,155599.39,True,36,2011-12-30
30,2272.53,False,36,2011-12-09
23,1875.62,False,36,2011-12-16
27,25442.42,False,36,2011-12-23
9,57603.33,False,36,2011-12-23
79,720.2,False,36,2011-12-02
58,7973.27,False,36,2011-12-16
72,3355.05,False,36,2011-12-09
54,10423.81,False,36,2011-12-16
14,19887.58,False,36,2011-12-16
31,21691.46,True,36,2011-12-30
34,1076.11,False,36,2011-12-02
82,20997.43,False,36,2011-12-16
42,12119.4,False,36,2011-12-23
3,54221.56,False,36,2011-12-16
29,1879.14,True,36,2011-12-30
2,9724.59,True,36,2011-12-30
20,2058.99,False,36,2011-12-02
41,13495.89,True,36,2011-12-30
35,1538.21,False,36,2011-12-09
79,3397.37,False,36,2011-12-16
40,35522.61,False,36,2011-12-02
93,483.36,False,36,2011-12-16
95,4999.44,True,36,2011-12-30
60,18235.82,False,36,2011-12-23
12,2247.65,False,36,2011-12-02
94,50518.88,True,36,2011-12-30
3,8511.35,False,36,2011-12-16
52,9173.04,False,36,2011-12-02
42,4242.46,False,36,2011-12-23
32,857.28,False,36,2011-12-23
17,7857.15,True,36,2011-12-30
93,104532.92,False,36,2011-12-09
30,24560.83,False,36,2011-12-23
93,4392.49,False,36,2011-12-02
6,13.26,True,36,2011-12-30
82,8403.49,False,36,2011-12-16
74,4951.95,False,36,2011-12-23
5,5774.66,True,36,2011-12-30
21,3809.69,True,36,2011-12-30
59,385.06,False,36,2011-12-02
7,13798.48,False,36,2011-12-23
6,15871.41,False,36,2011-12-16
36,17277.46,True,36,2011-12-30
20,3534.21,False,36,2011-12-09
40,126859.12,False,36,2011-12-23
8,3220.94,False,36,2011-12-02
72,73.28,False,36,2011-12-16
59,5298.99,False,36,2011-12-23
46,77.62,False,36,2011-12-02
24,17901.44,False,36,2011-12-23
14,11800.22,False,36,2011-12-02
9,404.62,False,36,2011-12-02
67,3206.97,False,36,2011-12-23
41,35.07,False,36,2011-12-16
52,17895.6,False,36,2011-12-30
25,709.87,True,36,2011-12-30
20,2993.84,False,36,2011-12-02
18,25793.32,True,36,2011-12-30
38,3484.94,False,36,2011-12-23
41,3403.1,False,36,2011-12-09
36,1032.77,False,36,2011-12-02
32,11664.17,False,36,2011-12-23
3,2066.23,True,36,2011-12-30
32,19941.31,False,36,2011-12-09
4,50270.1,False,36,2011-12-09
12,29581.58,False,36,2011-12-16
42,16877.65,False,36,2011-12-02
27,7829.42,True,36,2011-12-30
55,202.89,False,36,2011-12-16
31,11744.34,False,36,2011-12-02
40,116701.98,False,36,2011-12-02
4,4772.87,False,36,2011-12-23
18,18281.02,True,36,2011-12-30
58,107123.66,False,36,2011-12-16
72,3609.7,False,36,2011-12-09
54,2863.37,False,36,2011-12-02
30,816.88,True,36,2011-12-30
46,12847.0,False,36,2011-12-02
6,13783.48,False,36,2011-12-16
56,3174.62,False,36,2011-12-16
45,5453.35,False,36,2011-12-16
27,2337.41,True,36,2011-12-30
10,7345.99,False,36,2011-12-09
24,3768.79,False,36,2011-12-23
16,12100.14,False,36,2011-12-16
20,95.44,True,36,2011-12-30
97,29039.18,False,36,2011-12-30
2,21362.82,False,36,2011-12-16
25,15839.86,True,36,2011-12-30
91,714.32,False,36,2011-12-09
60,2522.16,False,36,2011-12-02
27,9893.03,True,36,2011-12-30
92,1272.88,False,36,2011-12-09
5,974.84,False,36,2011-12-02
9,11115.24,False,36,2011-12-02
58,3801.67,False,36,2011-12-16
5,541.89,False,36,2011-12-02
12,41374.9,False,36,2011-12-16
74,59826.39,True,36,2011-12-30
42,14646.94,False,36,2011-12-23
85,2148.97,False,36,2011-12-16
28,718.28,False,36,2011-12-02
21,864.57,True,36,2011-12-30
13,1029.95,False,36,2011-12-16
91,6356.4,True,36,2011-12-30
3,521.64,False,36,2011-12-02
14,1273.54,False,36,2011-12-02
46,5541.16,False,36,2011-12-23
4,42102.88,False,36,2011-12-02
22,5027.16,True,36,2011-12-30
20,1739.55,True,36,2011-12-30
95,3257.86,False,36,2011-12-02
27,3174.67,False,36,2011-12-16
36,25696.02,False,36,2011-12-02
90,25.22,True,36,2011-12-30
12,1584.96,False,36,2011-12-16
24,39611.89,False,36,2011-12-02
13,2315.58,False,36,2011-12-16
41,8422.64,False,36,2011-12-02
12,13537.71,False,36,2011-12-16
97,59258.63,False,36,2011-12-16
21,1630.67,False,36,2011-12-16
33,468.67,False,36,2011-12-09
82,7680.06,False,36,2011-12-02
81,4400.36,False,36,2011-12-16
27,276.55,False,36,2011-12-02
6,69148.04,False,36,2011-12-02
95,40939.86,False,36,2011-12-02
23,16499.88,True,36,2011-12-30
83,66327.28,False,36,2011-12-02
98,44479.44,False,36,2011-12-16
41,9813.16,False,36,2011-12-30
2,7391.38,False,36,2011-12-23
30,2629.66,False,36,2011-12-02
25,26081.44,False,36,2011-12-16
30,9558.78,False,36,2011-12-09
79,475.5,False,36,2011-12-02
26,6703.07,False,36,2011-12-23
28,2278.04,False,36,2011-12-23
2,23390.23,False,36,2011-12-23
24,6488.06,False,36,2011-12-16
11,52.23,True,36,2011-12-30
87,4516.9,False,36,2011-12-16
10,66502.93,False,36,2011-12-23
80,12455.2,False,36,2011-12-16
82,3459.93,False,36,2011-12-02
13,4274.14,False,36,2011-12-02
26,5161.82,True,36,2011-12-30
49,4580.32,False,36,2011-12-02
9,3109.05,False,36,2011-12-02
41,13178.86,False,36,2011-12-02
12,4204.17,False,36,2011-12-16
85,3366.92,True,36,2011-12-30
93,1834.25,False,36,2011-12-09
67,10450.7,False,36,2011-12-16
29,184955.1,False,36,2011-12-30
26,1171.92,True,36,2011-12-30
1,23833.2,False,36,2011-12-02
22,91834.62,False,36,2011-12-09
25,10726.41,False,36,2011-12-30
16,9387.14,False,37,2011-12-09
36,2564.8,False,37,2011-12-02
55,11440.72,False,37,2011-12-02
85,60563.08,False,37,2011-12-09
91,52384.8,False,37,2011-12-16
92,4387.79,False,37,2011-12-30
99,35933.17,False,37,2011-12-02
13,600.25,False,37,2011-12-16
33,45341.17,False,37,2011-12-16
60,193.66,False,37,2011-12-09
24,16051.55,False,37,2011-12-09
31,2001.68,False,37,2011-12-02
54,5904.76,False,37,2011-12-23
36,66590.38,True,37,2011-12-30
6,25194.34,True,37,2011-12-30
98,85.92,True,37,2011-12-30
7,522.31,False,37,2011-12-16
27,18650.05,False,37,2011-12-16
67,6.37,False,37,2011-12-09
28,19858.33,False,37,2011-12-02
90,179634.23,True,37,2011-12-30
60,20206.8,False,37,2011-12-02
74,56371.89,False,37,2011-12-23
59,24413.39,True,37,2011-12-30
22,4219.64,False,37,2011-12-30
11,461.35,False,37,2011-12-02
82,10728.99,False,37,2011-12-23
95,7423.75,True,37,2011-12-30
2,99.17,True,37,2011-12-30
24,60333.1,False,37,2011-12-09
26,46480.16,False,37,2011-12-23
24,3613.69,True,37,2011-12-30
30,7571.52,True,37,2011-12-30
58,10117.28,False,37,2011-12-16
91,6885.56,False,37,2011-12-09
90,6.6,False,37,2011-12-23
59,2029.97,False,37,2011-12-16
20,61597.93,False,37,2011-12-30
92,27636.88,False,37,2011-12-02
79,28603.95,True,37,2011-12-30
92,1098.14,True,37,2011-12-30
18,1165.23,False,37,2011-12-02
90,37444.79,False,37,2011-12-09
36,6936.5,True,37,2011-12-30
46,5398.65,False,37,2011-12-16
93,6434.32,False,37,2011-12-02
7,1399.02,False,37,2011-12-02
67,198.24,False,37,2011-12-16
42,7552.04,False,37,2011-12-02
41,947.09,False,37,2011-12-09
27,4091.72,False,37,2011-12-23
44,41733.38,False,37,2011-12-16
27,57151.1,True,37,2011-12-30
87,125.91,False,37,2011-12-16
35,23493.87,False,37,2011-12-16
37,45784.05,False,37,2011-12-23
8,1439.73,False,37,2011-12-30
11,1869.15,True,37,2011-12-30
46,5294.9,True,37,2011-12-30
4,58332.37,False,37,2011-12-16
2,41828.39,False,37,2011-12-02
14,34768.02,False,37,2011-12-23
11,15863.35,False,37,2011-12-02
22,21625.35,False,37,2011-12-09
38,23502.3,False,37,2011-12-16
40,3189.73,False,37,2011-12-09
82,2817.24,False,37,2011-12-02
8,553.42,False,37,2011-12-02
42,1637.26,False,37,2011-12-02
81,6182.92,False,37,2011-12-09
95,87.44,True,37,2011-12-30
1,7463.07,True,37,2011-12-30
4,16415.93,False,37,2011-12-09
14,1798.86,True,37,2011-12-30
79,33727.53,False,37,2011-12-23
92,52919.21,False,37,2011-12-23
82,13303.84,False,37,2011-12-16
6,24585.25,False,37,2011-12-30
79,2542.91,True,37,2011-12-30
25,47532.98,True,37,2011-12-30
29,2857.04,False,37,2011-12-09
59,9225.02,False,37,2011-12-23
81,142.47,False,37,2011-12-02
6,20172.21,True,37,2011-12-30
81,1106.58,False,37,2011-12-23
34,15095.99,False,37,2011-12-16
21,1247.59,False,37,2011-12-09
38,414.54,False,37,2011-12-16
35,5034.82,False,37,2011-12-16
6,27681.74,False,37,2011-12-16
29,4932.87,False,37,2011-12-16
56,5156.17,False,37,2011-12-23
22,7879.91,False,37,2011-12-02
82,11160.27,False,37,2011-12-02
83,7118.15,False,37,2011-12-16
80,1159.83,False,37,2011-12-16
94,91.89,False,37,2011-12-02
13,795.19,False,37,2011-12-23
33,3525.38,False,37,2011-12-16
52,23644.43,True,37,2011-12-30
79,1258.9,True,37,2011-12-30
18,5137.56,False,37,2011-12-16
92,39737.64,True,37,2011-12-30
85,766.98,False,37,2011-12-09
8,2876.33,False,37,2011-12-16
60,1072.13,True,37,2011-12-30
25,11919.94,False,37,2011-12-30
13,85126.5,False,37,2011-12-02
13,3341.79,False,37,2011-12-23
52,429.51,False,37,2011-12-09
31,5206.78,False,37,2011-12-16
95,85300.62,False,37,2011-12-02
81,32.26,True,37,2011-12-30
17,107913.8,False,37,2011-12-09
79,69786.04,False,37,2011-12-09
30,16939.8,False,37,2011-12-16
47,6941.22,False,37,2011-12-02
74,7687.33,False,37,2011-12-02
4,28214.27,False,37,2011-12-09
22,10577.89,False,37,2011-12-16
52,9536.63,False,37,2011-12-09
45,14421.91,False,37,2011-12-23
26,33.92,False,37,2011-12-02
42,967.78,False,37,2011-12-16
22,10628.8,False,37,2011-12-16
38,80310.79,False,37,2011-12-23
99,3959.98,True,37,2011-12-30
16,34913.37,False,37,2011-12-02
12,36147.6,False,37,2011-12-16
46,10395.53,True,37,2011-12-30
97,105889.83,False,37,2011-12-09
49,390.89,False,37,2011-12-16
91,33800.72,False,37,2011-12-16
23,13992.12,False,37,2011-12-02
17,3855.97,False,37,2011-12-16
21,9404.66,False,37,2011-12-16
23,29219.66,False,37,2011-12-23
11,2615.71,False,37,2011-12-16
80,11.81,True,37,2011-12-30
8,4727.8,False,37,2011-12-16
14,2.55,False,37,2011-12-02
20,22448.58,True,37,2011-12-30
56,10642.83,False,37,2011-12-23
72,927.74,False,37,2011-12-16
3,46032.22,False,37,2011-12-02
52,45287.63,False,37,2011-12-23
91,31464.66,False,37,2011-12-30
10,7747.01,False,37,2011-12-02
95,4891.21,False,37,2011-12-02
94,83287.5,False,37,2011-12-09
8,57421.07,False,37,2011-12-09
79,1336.62,True,37,2011-12-30
94,1446.43,False,37,2011-12-02
87,1156.2,False,37,2011-12-23
47,77631.78,True,37,2011-12-30
91,27651.19,False,37,2011-12-16
6,5185.3,True,37,2011-12-30
77,686.44,False,37,2011-12-09
3,2632.0,True,37,2011-12-30
60,83345.71,False,37,2011-12-09
96,19308.73,False,37,2011-12-23
10,19596.3,False,37,2011-12-09
16,117341.96,False,37,2011-12-09
22,12591.24,False,37,2011-12-16
11,18232.52,True,37,2011-12-30
3,7618.74,False,37,2011-12-23
50,1045.92,False,37,2011-12-02
2,1666.19,False,37,2011-12-02
7,22122.74,False,37,2011-12-02
31,18523.97,False,37,2011-12-23
54,29086.07,False,37,2011-12-02
90,26.54,False,37,2011-12-16
2,40060.8,True,37,2011-12-30
98,41555.88,False,37,2011-12-02
29,2.93,False,37,2011-12-02
28,392.28,True,37,2011-12-30
11,14648.56,False,37,2011-12-23
5,2261.88,False,37,2011-12-16
20,151.15,True,37,2011-12-30
11,1588.09,False,37,2011-12-16
97,30783.86,False,37,2011-12-02
36,30254.37,False,37,2011-12-16
26,35135.98,True,37,2011-12-30
19,28152.74,True,37,2011-12-30
81,203.07,False,37,2011-12-16
10,31779.81,False,37,2011-12-09
33,4218.9,False,37,2011-12-16
31,141395.94,False,37,2011-12-16
90,32886.87,False,37,2011-12-09
10,23073.05,False,37,2011-12-09
8,71796.31,False,37,2011-12-02
17,46301.06,False,37,2011-12-02
29,21930.66,False,37,2011-12-16
97,11571.65,False,37,2011-12-23
41,80435.01,False,37,2011-12-23
38,404.15,False,37,2011-12-16
40,453.7,False,37,2011-12-16
17,55714.17,False,37,2011-12-02
38,1528.52,False,37,2011-12-09
92,22537.77,False,37,2011-12-23
94,10502.76,False,37,2011-12-30
87,15438.32,False,37,2011-12-09
26,10106.32,False,37,2011-12-02
56,11106.72,False,37,2011-12-09
82,677.34,False,37,2011-12-02
34,34935.45,False,37,2011-12-02
54,12293.31,True,37,2011-12-30
16,2258.66,True,37,2011-12-30
98,2798.1,True,37,2011-12-30
79,3402.94,False,37,2011-12-09
44,17763.58,False,37,2011-12-02
98,1660.24,False,37,2011-12-09
42,41640.44,False,37,2011-12-16
71,2320.79,False,37,2011-12-02
54,234.12,False,37,2011-12-02
97,9853.25,False,37,2011-12-02
4,27050.42,False,37,2011-12-09
56,1363.02,True,37,2011-12-30
93,329.07,False,37,2011-12-23
8,116532.58,False,37,2011-12-02
10,21658.14,True,37,2011-12-30
93,55881.48,True,37,2011-12-30
33,23366.45,False,37,2011-12-23
49,54910.15,False,37,2011-12-02
94,14140.47,False,37,2011-12-16
49,956.08,False,37,2011-12-09
96,9947.86,False,37,2011-12-30
38,1534.87,False,37,2011-12-02
36,2245.37,False,37,2011-12-23
27,22.86,False,37,2011-12-02
6,8701.68,False,37,2011-12-02
67,3791.83,False,37,2011-12-02
40,34398.22,False,37,2011-12-16
26,26.91,False,37,2011-12-09
22,28867.48,False,37,2011-12-02
74,7699.56,True,37,2011-12-30
98,42784.12,False,37,2011-12-16
83,49596.14,False,37,2011-12-02
18,823.56,False,37,2011-12-09
56,5469.72,False,37,2011-12-02
5,15036.49,False,37,2011-12-02
95,42.17,False,37,2011-12-02
1,670.21,False,37,2011-12-16
23,6090.46,False,37,2011-12-16
3,13022.82,False,37,2011-12-09
80,11685.35,True,37,2011-12-30
8,1901.67,False,37,2011-12-23
80,22329.78,False,37,2011-12-16
16,8932.52,False,37,2011-12-02
2,47.35,False,37,2011-12-02
55,15743.69,True,37,2011-12-30
71,3861.49,False,37,2011-12-16
24,44681.98,False,37,2011-12-23
17,23656.54,True,37,2011-12-30
14,19636.01,True,37,2011-12-30
81,45.2,False,37,2011-12-02
20,18071.17,True,37,2011-12-30
18,3594.44,False,37,2011-12-09
82,53.2,False,37,2011-12-02
26,13877.22,False,37,2011-12-09
52,8082.04,False,37,2011-12-09
59,26515.47,False,37,2011-12-02
35,8694.0,True,37,2011-12-30
97,22797.36,False,37,2011-12-02
5,14884.41,False,38,2011-12-16
3,10987.85,False,38,2011-12-23
94,4224.81,False,38,2011-12-02
31,2917.9,False,38,2011-12-02
85,15977.14,False,38,2011-12-23
54,2647.0,False,38,2011-12-02
7,5375.29,False,38,2011-12-02
50,70.01,False,38,2011-12-09
28,3189.3,True,38,2011-12-30
27,53733.61,False,38,2011-12-02
67,37861.94,False,38,2011-12-16
33,671.54,False,38,2011-12-16
40,2386.07,False,38,2011-12-02
47,64103.08,False,38,2011-12-09
67,29517.3,True,38,2011-12-30
38,39266.6,False,38,2011-12-23
54,1211.26,False,38,2011-12-23
25,6506.26,False,38,2011-12-09
72,-638.81,False,38,2011-12-02
96,30204.95,False,38,2011-12-09
72,938.64,True,38,2011-12-30
45,1153.82,False,38,2011-12-16
54,22289.74,False,38,2011-12-16
19,29756.53,False,38,2011-12-23
2,13765.22,False,38,2011-12-23
1,1761.62,False,38,2011-12-23
97,33581.68,False,38,2011-12-30
92,19743.18,False,38,2011-12-23
1,207.92,True,38,2011-12-30
96,22681.32,False,38,2011-12-23
27,968.32,False,38,2011-12-16
7,10690.27,True,38,2011-12-30
95,14105.63,False,38,2011-12-23
28,7940.87,False,38,2011-12-16
7,3605.32,False,38,2011-12-09
23,315.44,False,38,2011-12-09
14,981.1,False,38,2011-12-09
8,4011.58,False,38,2011-12-16
3,39352.31,False,38,2011-12-23
85,12248.46,False,38,2011-12-02
10,484.05,False,38,2011-12-09
21,6610.48,False,38,2011-12-16
12,13803.4,False,38,2011-12-16
17,33119.28,False,38,2011-12-02
19,19151.09,False,38,2011-12-09
35,7012.16,False,38,2011-12-23
18,28723.71,True,38,2011-12-30
93,2945.45,False,38,2011-12-23
25,25665.55,True,38,2011-12-30
94,15889.35,False,38,2011-12-02
80,92359.54,False,38,2011-12-09
1,10666.91,True,38,2011-12-30
23,18374.13,True,38,2011-12-30
60,35146.57,False,38,2011-12-16
19,124.82,False,38,2011-12-09
11,14755.17,True,38,2011-12-30
23,720.74,True,38,2011-12-30
85,539.34,False,38,2011-12-21
92,7505.74,True,38,2011-12-30
13,1662.02,False,38,2011-12-16
23,15751.38,True,38,2011-12-30
38,1987.67,False,38,2011-12-02
52,26328.37,True,38,2011-12-30
18,66716.9,True,38,2011-12-30
40,20262.92,False,38,2011-12-23
95,1074.47,False,38,2011-12-02
41,6761.33,False,38,2011-12-09
3,2424.99,False,38,2011-12-02
56,42531.66,False,38,2011-12-23
7,9590.67,False,38,2011-12-09
4,40362.78,False,38,2011-12-23
91,1615.05,True,38,2011-12-30
92,14760.62,False,38,2011-12-09
52,7488.07,False,38,2011-12-09
81,29136.24,False,38,2011-12-16
90,5427.1,False,38,2011-12-16
16,23325.66,True,38,2011-12-30
82,15587.34,False,38,2011-12-02
19,86042.54,False,38,2011-12-16
80,52063.18,False,38,2011-12-16
24,88797.0,False,38,2011-12-23
91,20040.42,True,38,2011-12-30
1,11795.68,True,38,2011-12-30
40,97747.2,False,38,2011-12-16
46,47589.98,False,38,2011-12-02
30,13824.77,False,38,2011-12-16
87,3412.47,True,38,2011-12-30
46,607.99,False,38,2011-12-23
19,34203.44,False,38,2011-12-23
83,5870.09,False,38,2011-12-16
38,40.88,False,38,2011-12-23
23,33859.24,False,38,2011-12-23
79,49.56,False,38,2011-12-02
56,1823.09,False,38,2011-12-02
94,17979.65,False,38,2011-12-23
98,2582.15,False,38,2011-12-09
81,22178.01,False,38,2011-12-09
59,3727.32,False,38,2011-12-30
38,20.67,True,38,2011-12-30
74,22734.27,True,38,2011-12-30
33,68017.38,False,38,2011-12-23
98,37036.17,True,38,2011-12-30
31,5718.61,False,38,2011-12-02
24,5811.32,False,38,2011-12-16
6,3683.52,False,38,2011-12-23
74,190.8,False,38,2011-12-02
20,252.03,False,38,2011-12-16
58,5082.75,False,38,2011-12-02
1,13783.23,False,38,2011-12-16
74,1408.42,True,38,2011-12-30
49,8065.19,False,38,2011-12-13
40,19074.12,False,38,2011-12-09
11,31661.78,False,38,2011-12-09
72,9414.88,False,38,2011-12-09
7,5913.78,False,38,2011-12-30
99,32536.0,False,38,2011-12-16
31,59502.1,False,38,2011-12-02
17,50841.08,False,38,2011-12-16
42,3061.01,False,38,2011-12-02
8,23224.08,False,38,2011-12-23
3,28985.46,True,38,2011-12-30
11,1339.87,False,38,2011-12-02
52,24709.36,False,38,2011-12-09
7,30367.21,False,38,2011-12-09
33,205.56,False,38,2011-12-23
17,9976.35,True,38,2011-12-30
44,1350.49,False,38,2011-12-09
97,2938.89,False,38,2011-12-23
67,6871.3,False,38,2011-12-16
85,-411.08,False,38,2011-12-23
8,3542.56,False,38,2011-12-23
46,13651.68,False,38,2011-12-09
38,6665.67,True,38,2011-12-30
9,29194.18,False,38,2011-12-02
85,27465.74,False,38,2011-12-02
18,6566.1,False,38,2011-12-16
46,9262.65,True,38,2011-12-30
23,11879.26,False,38,2011-12-23
60,26617.2,False,38,2011-12-02
90,632.43,True,38,2011-12-30
19,10573.27,False,38,2011-12-02
8,1143.33,False,38,2011-12-16
24,3507.84,False,38,2011-12-02
81,20083.61,False,38,2011-12-02
81,29661.72,False,38,2011-12-02
34,15898.84,False,38,2011-12-16
26,869.52,False,38,2011-12-23
82,6686.8,True,38,2011-12-30
1,11084.08,False,38,2011-12-02
27,85343.57,False,38,2011-12-16
34,34704.79,False,38,2011-12-23
54,5148.11,False,38,2011-12-02
67,31568.37,False,38,2011-12-16
91,3169.2,False,38,2011-12-16
41,834.46,True,38,2011-12-30
4,1014.97,True,38,2011-12-30
44,31250.96,False,38,2011-12-23
12,5638.76,False,38,2011-12-16
13,3311.33,True,38,2011-12-30
34,6215.55,False,38,2011-12-09
27,130.61,True,38,2011-12-30
46,72.18,True,38,2011-12-30
16,2069.17,True,38,2011-12-30
18,20220.96,False,38,2011-12-16
9,42632.28,False,38,2011-12-23
28,4294.17,True,38,2011-12-30
92,72423.21,False,38,2011-12-09
50,1628.78,False,38,2011-12-02
27,1671.85,False,38,2011-12-09
28,833.95,False,38,2011-12-02
23,11036.11,True,38,2011-12-30
46,3392.03,False,38,2011-12-16
83,21666.92,False,38,2011-12-23
4,10.9,True,38,2011-12-30
60,49734.08,False,38,2011-12-16
14,3909.28,False,38,2011-12-23
2,1839.21,True,38,2011-12-30
98,97852.4,False,38,2011-12-23
14,11.75,True,38,2011-12-30
8,17113.63,False,38,2011-12-09
95,19034.62,False,38,2011-12-09
19,122928.84,True,38,2011-12-30
26,1228.27,True,38,2011-12-30
45,6929.56,False,38,2011-12-09
25,39516.02,False,38,2011-12-09
19,44.06,False,38,2011-12-02
8,27446.38,False,38,2011-12-02
9,15603.23,True,38,2011-12-30
80,49722.56,False,38,2011-12-16
36,10976.01,True,38,2011-12-30
92,52549.04,False,38,2011-12-30
72,13795.83,False,38,2011-12-16
98,6472.1,False,38,2011-12-09
9,120477.57,False,38,2011-12-02
59,15491.65,False,38,2011-12-02
42,31767.54,False,38,2011-12-16
12,1089.01,False,38,2011-12-09
92,34786.92,False,38,2011-12-09
81,30945.1,False,38,2011-12-09
49,39682.56,False,38,2011-12-16
54,45593.65,False,38,2011-12-16
59,35400.2,False,38,2011-12-09
91,18977.64,False,38,2011-12-23
18,2154.85,True,38,2011-12-30
71,528.13,True,38,2011-12-30
29,20969.6,False,38,2011-12-23
90,10780.74,True,38,2011-12-30
37,4279.74,False,38,2011-12-02
37,52571.1,True,38,2011-12-30
18,71807.1,False,38,2011-12-16
20,46102.78,False,38,2011-12-02
35,28997.36,False,38,2011-12-16
8,114413.02,False,38,2011-12-16
16,8487.38,False,38,2011-12-23
5,31608.9,False,38,2011-12-23
92,21235.16,True,38,2011-12-30
17,27555.63,False,38,2011-12-23
8,13966.89,False,38,2011-12-02
27,3768.02,True,38,2011-12-30
79,1973.36,False,38,2011-12-16
22,84.59,False,38,2011-12-16
54,3900.95,False,38,2011-12-02
91,10323.66,True,38,2011-12-30
18,44.08,False,38,2011-12-02
80,9175.79,True,38,2011-12-30
26,9653.48,False,38,2011-12-23
81,742.61,False,38,2011-12-09
95,8906.61,False,38,2011-12-02
74,659.5,True,38,2011-12-30
72,22741.82,False,38,2011-12-23
80,4628.67,False,38,2011-12-02
11,5471.12,False,38,2011-12-16
17,21.8,False,38,2011-12-02
41,4395.69,True,38,2011-12-30
52,936.13,False,38,2011-12-02
21,76889.61,False,38,2011-12-23
13,90397.46,False,38,2011-12-23
1,15857.26,False,38,2011-12-02
17,10255.57,False,38,2011-12-16
82,21543.93,False,38,2011-12-02
8,13.08,False,38,2011-12-02
81,7929.71,False,38,2011-12-23
40,6157.23,False,38,2011-12-09
80,15436.27,False,38,2011-12-16
49,18846.68,True,38,2011-12-30
42,30783.03,False,38,2011-12-23
97,53309.72,False,38,2011-12-16
18,21723.05,True,38,2011-12-30
58,28977.57,False,38,2011-12-16
40,784.21,False,38,2011-12-02
26,27464.36,False,38,2011-12-23
38,82086.34,True,38,2011-12-30
23,6010.64,False,38,2011-12-02
58,1681.28,False,38,2011-12-23
72,12924.63,False,38,2011-12-02
98,20388.55,False,38,2011-12-02
80,95.58,True,38,2011-12-30
90,2883.27,False,38,2011-12-02
32,272.48,True,38,2011-12-30
97,1133.17,False,38,2011-12-16
60,12440.85,False,38,2011-12-02
91,3141.0,False,38,2011-12-30
22,47.82,False,38,2011-12-02
33,1327.73,False,38,2011-12-23
34,68074.99,False,38,2011-12-02
16,32439.76,True,38,2011-12-30
22,9300.8,True,38,2011-12-30
79,4393.34,False,38,2011-12-09
1,107208.78,True,38,2011-12-30
58,392.3,False,38,2011-12-30
20,4343.41,False,38,2011-12-16
40,161.12,False,38,2011-12-23
93,13423.72,False,38,2011-12-16
91,2705.92,False,38,2011-12-02
27,16664.85,False,38,2011-12-23
35,19404.72,False,38,2011-12-02
96,3237.23,False,38,2011-12-02
33,2443.16,False,38,2011-12-02
35,2031.24,False,38,2011-12-09
45,6939.24,False,38,2011-12-02
74,1585.2,False,38,2011-12-16
24,1620.02,False,38,2011-12-02
12,20.06,False,38,2011-12-23
48,181.89,False,38,2011-12-23
92,55962.94,False,38,2011-12-23
7,16100.59,False,38,2011-12-09
4,10.85,False,38,2011-12-02
95,2304.34,False,38,2011-12-16
95,34.57,True,38,2011-12-30
90,1361.33,True,38,2011-12-30
79,6541.43,True,38,2011-12-30
17,883.28,False,38,2011-12-02
8,1710.94,False,38,2011-12-23
87,14.26,False,38,2011-12-16
82,49834.66,False,38,2011-12-02
94,8556.96,False,38,2011-12-23
16,1723.53,False,38,2011-12-09
83,716.72,True,38,2011-12-30
45,5805.48,False,38,2011-12-23
85,13892.97,False,38,2011-12-16
40,10811.27,True,38,2011-12-30
6,7415.12,False,38,2011-12-16
22,23300.0,False,38,2011-12-09
56,17123.8,True,38,2011-12-30
80,57562.14,False,38,2011-12-09
31,48245.47,False,38,2011-12-16
93,7537.96,False,38,2011-12-16
92,49781.89,False,38,2011-12-02
4,36273.06,False,38,2011-12-16
81,11652.24,False,38,2011-12-16
83,41.24,False,38,2011-12-16
20,1166.27,False,38,2011-12-16
60,3916.71,False,38,2011-12-02
71,24036.04,True,38,2011-12-30
85,26.34,True,38,2011-12-30
98,57306.71,False,38,2011-12-16
90,13834.36,False,38,2011-12-02
17,186.64,False,38,2011-12-09
31,24115.5,False,38,2011-12-23
21,799.84,False,38,2011-12-02
16,106065.45,True,38,2011-12-30
21,17620.98,False,38,2011-12-16
10,199.61,False,38,2011-12-02
77,40342.38,True,38,2011-12-30
3,4461.14,False,38,2011-12-02
16,96117.34,True,38,2011-12-30
16,36286.71,False,38,2011-12-23
54,7251.42,False,38,2011-12-09
36,52458.85,False,38,2011-12-16
18,21838.59,False,38,2011-12-02
82,19046.84,False,38,2011-12-02
90,13900.54,False,38,2011-12-09
10,45.6,True,38,2011-12-30
42,27601.25,True,38,2011-12-30
11,1754.93,False,38,2011-12-16
80,5143.79,False,38,2011-12-23
16,10166.56,False,38,2011-12-02
7,1305.91,False,38,2011-12-02
22,5167.95,False,38,2011-12-09
79,6596.14,False,38,2011-12-09
72,198.34,True,38,2011-12-30
22,4930.24,False,38,2011-12-02
72,2029.77,False,38,2011-12-30
12,39768.45,False,38,2011-12-30
87,3331.12,False,38,2011-12-02
44,49379.36,False,38,2011-12-16
97,9322.56,False,38,2011-12-16
11,4687.04,False,39,2011-12-23
56,20401.39,False,39,2011-12-02
55,44.18,True,39,2011-12-30
46,2419.55,False,39,2011-12-30
23,6713.25,False,39,2011-12-23
36,37013.55,False,39,2011-12-02
17,14791.33,False,39,2011-12-02
14,3733.74,False,39,2011-12-09
55,19040.04,True,39,2011-12-30
23,1574.15,False,39,2011-12-23
90,846.56,True,39,2011-12-30
7,25962.08,True,39,2011-12-30
13,859.71,True,39,2011-12-30
42,1029.56,False,39,2011-12-09
93,7226.32,False,39,2011-12-23
5,80.96,True,39,2011-12-30
49,125.53,False,39,2011-12-02
59,4592.87,False,39,2011-12-16
94,14239.0,False,39,2011-12-09
54,3106.84,False,39,2011-12-23
82,110336.68,False,39,2011-12-16
12,5887.4,False,39,2011-12-02
36,17739.81,False,39,2011-12-23
81,32090.26,False,39,2011-12-09
52,-206.71,False,39,2011-12-16
24,56641.0,False,39,2011-12-23
11,67.62,False,39,2011-12-09
59,6832.49,False,39,2011-12-09
80,20321.78,False,39,2011-12-16
4,8972.11,False,39,2011-12-02
32,83700.01,False,39,2011-12-16
20,65986.58,False,39,2011-12-09
72,71.94,False,39,2011-12-16
34,15619.73,False,39,2011-12-09
41,258071.14,False,39,2011-12-09
46,7530.88,False,39,2011-12-09
6,41057.2,False,39,2011-12-02
16,48682.36,False,39,2011-12-16
46,26385.13,False,39,2011-12-09
97,4379.08,False,39,2011-12-23
51,71222.89,False,39,2011-12-23
4,24432.3,False,39,2011-12-16
79,20653.98,False,39,2011-12-16
32,542.73,False,39,2011-12-16
95,3888.28,True,39,2011-12-30
2,38707.27,False,39,2011-12-16
9,2734.2,False,39,2011-12-23
28,19.68,False,39,2011-12-16
91,24551.47,False,39,2011-12-23
24,4801.98,False,39,2011-12-23
67,19292.06,False,39,2011-12-09
16,2.41,False,39,2011-12-02
71,13743.9,False,39,2011-12-09
74,6124.09,False,39,2011-12-02
6,19128.36,False,39,2011-12-09
92,3430.51,False,39,2011-12-16
23,16411.37,True,39,2011-12-30
5,1263.46,False,39,2011-12-16
83,20504.06,True,39,2011-12-30
10,49237.9,True,39,2011-12-30
30,12099.88,False,39,2011-12-23
54,22017.58,True,39,2011-12-30
14,20896.57,False,39,2011-12-16
41,18600.42,True,39,2011-12-30
16,89.41,False,39,2011-12-16
22,26633.05,False,39,2011-12-16
41,25102.68,False,39,2011-12-16
6,3276.91,True,39,2011-12-30
94,7324.76,False,39,2011-12-23
28,208.85,False,39,2011-12-23
92,52439.26,False,39,2011-12-16
54,2518.52,False,39,2011-12-02
27,897.94,False,39,2011-12-02
56,24928.51,False,39,2011-12-23
46,7249.53,False,39,2011-12-02
2,1844.89,False,39,2011-12-02
21,1712.65,False,39,2011-12-16
79,1436.54,False,39,2011-12-09
22,4880.04,False,39,2011-12-16
91,7991.7,True,39,2011-12-30
91,25021.62,False,39,2011-12-23
60,21177.54,True,39,2011-12-30
8,6261.74,False,39,2011-12-16
94,38.23,False,39,2011-12-02
85,504.7,False,39,2011-12-23
46,15349.23,False,39,2011-12-02
8,13518.23,False,39,2011-12-02
25,4881.11,False,39,2011-12-23
44,26969.74,False,39,2011-12-30
50,1196.49,True,39,2011-12-30
45,33221.07,False,39,2011-12-16
11,75.77,False,39,2011-12-30
59,2914.37,False,39,2011-12-09
81,441.99,True,39,2011-12-30
60,21759.81,False,39,2011-12-23
83,82413.24,False,39,2011-12-09
29,1594.16,False,39,2011-12-09
11,2883.2,False,39,2011-12-16
80,57321.9,False,39,2011-12-09
81,88.06,False,39,2011-12-09
52,10638.16,False,39,2011-12-09
32,67915.51,False,39,2011-12-02
95,26648.34,False,39,2011-12-09
44,23059.31,False,39,2011-12-09
41,7207.5,False,39,2011-12-02
18,35850.4,False,39,2011-12-16
30,11368.26,False,39,2011-12-30
8,11866.3,False,39,2011-12-16
25,10375.73,False,39,2011-12-09
80,21572.0,False,39,2011-12-16
40,29901.18,False,39,2011-12-02
80,2993.89,False,39,2011-12-23
93,3531.14,True,39,2011-12-30
38,5288.36,False,39,2011-12-23
60,4355.83,False,39,2011-12-16
98,23122.62,False,39,2011-12-02
19,84192.53,False,39,2011-12-02
82,2351.27,False,39,2011-12-16
93,19817.39,False,39,2011-12-02
91,60381.08,False,39,2011-12-23
27,5183.27,False,39,2011-12-09
72,476.54,False,39,2011-12-23
1,759.55,False,39,2011-12-16
3,1406.49,True,39,2011-12-30
4,2288.61,False,39,2011-12-16
8,10629.86,False,39,2011-12-09
93,4832.72,False,39,2011-12-09
8,40185.94,True,39,2011-12-30
72,15246.54,False,39,2011-12-09
8,165.33,False,39,2011-12-23
29,26628.37,False,39,2011-12-23
22,15692.02,False,39,2011-12-02
2,1574.22,False,39,2011-12-23
40,5488.88,False,39,2011-12-30
23,66870.36,False,39,2011-12-16
52,22730.2,False,39,2011-12-02
94,30.85,False,39,2011-12-09
34,1535.25,False,39,2011-12-16
55,30623.34,False,39,2011-12-16
40,31840.45,False,39,2011-12-02
91,23386.76,False,39,2011-12-16
31,2589.2,True,39,2011-12-30
8,1057.32,True,39,2011-12-30
18,16220.1,True,39,2011-12-30
79,5.09,False,39,2011-12-02
30,82474.48,False,39,2011-12-23
37,19699.15,False,39,2011-12-16
40,37572.57,False,39,2011-12-02
26,426.4,False,39,2011-12-23
71,25494.91,True,39,2011-12-30
16,2837.78,False,39,2011-12-02
45,1046.61,False,39,2011-12-16
31,31580.08,False,39,2011-12-30
31,91528.34,False,39,2011-12-16
34,1571.26,False,39,2011-12-02
2,12005.0,False,39,2011-12-02
87,3597.19,True,39,2011-12-30
8,12461.47,False,39,2011-12-23
91,27635.21,False,39,2011-12-02
8,7171.02,True,39,2011-12-30
18,215.98,False,39,2011-12-02
72,40703.47,True,39,2011-12-30
2,385.82,True,39,2011-12-30
92,101879.52,False,39,2011-12-09
77,11745.09,False,39,2011-12-02
67,9660.66,False,39,2011-12-02
42,3106.76,False,39,2011-12-23
29,46332.88,False,39,2011-12-23
71,5688.89,False,39,2011-12-09
11,6948.4,False,39,2011-12-16
95,5822.24,False,39,2011-12-16
21,8353.92,False,39,2011-12-09
95,20155.28,False,39,2011-12-09
56,3363.94,True,39,2011-12-30
27,10881.15,False,39,2011-12-23
81,44.77,False,39,2011-12-23
60,100063.03,False,39,2011-12-02
4,10041.8,False,39,2011-12-16
30,103.23,True,39,2011-12-30
49,1327.05,True,39,2011-12-30
1,32109.5,True,39,2011-12-30
23,38663.52,False,39,2011-12-16
87,5016.7,False,39,2011-12-02
49,8.49,False,39,2011-12-23
79,71508.28,False,39,2011-12-02
6,2211.01,False,39,2011-12-02
16,13321.9,False,39,2011-12-23
56,4854.64,False,39,2011-12-02
95,43137.94,False,39,2011-12-23
94,8646.06,False,39,2011-12-23
81,15.25,False,39,2011-12-23
71,9786.68,False,39,2011-12-09
9,986.32,False,39,2011-12-02
82,9771.73,False,39,2011-12-02
34,30243.86,False,39,2011-12-16
34,11320.71,False,39,2011-12-02
1,9899.48,False,39,2011-12-16
1,112723.24,False,39,2011-12-02
79,4559.08,False,39,2011-12-23
32,52990.87,True,39,2011-12-30
26,22290.87,False,39,2011-12-02
29,1391.81,False,39,2011-12-17
8,46701.68,False,39,2011-12-16
79,57468.88,False,39,2011-12-16
12,15682.89,False,39,2011-12-16
7,-8.29,False,39,2011-12-16
30,1366.52,False,39,2011-12-02
33,29757.28,False,39,2011-12-09
41,19629.69,False,39,2011-12-30
7,22479.72,False,39,2011-12-02
41,27189.75,False,39,2011-12-02
32,13377.82,False,39,2011-12-23
7,12868.3,False,39,2011-12-09
5,1680.59,False,39,2011-12-09
30,1845.78,True,39,2011-12-30
46,13423.85,False,39,2011-12-16
38,12734.78,False,39,2011-12-23
82,43462.84,False,39,2011-12-16
60,56755.6,False,39,2011-12-16
52,40060.82,False,39,2011-12-02
98,6434.62,False,39,2011-12-16
81,10247.67,False,39,2011-12-23
67,95401.81,False,39,2011-12-30
8,148697.36,False,39,2011-12-23
12,1723.02,True,39,2011-12-30
13,31137.15,False,39,2011-12-23
2,96041.78,False,39,2011-12-16
18,5402.31,True,39,2011-12-30
29,28709.56,False,39,2011-12-16
7,98819.62,False,39,2011-12-16
96,1633.68,False,39,2011-12-16
14,49901.15,False,39,2011-12-16
93,2499.39,True,39,2011-12-30
17,14890.67,True,39,2011-12-30
94,154268.28,False,39,2011-12-02
27,8614.89,True,39,2011-12-30
44,4052.34,True,39,2011-12-30
38,6858.91,True,39,2011-12-30
44,5483.46,False,39,2011-12-23
27,237.5,False,39,2011-12-02
13,26860.34,False,39,2011-12-02
19,234.34,True,39,2011-12-30
80,24090.08,False,39,2011-12-23
14,3870.16,True,39,2011-12-30
35,4154.08,False,39,2011-12-16
4,41934.2,False,39,2011-12-23
22,22305.0,False,39,2011-12-30
42,33704.62,False,39,2011-12-09
12,1850.03,False,39,2011-12-02
10,55963.44,False,39,2011-12-23
1,56659.54,False,39,2011-12-02
29,1.87,False,39,2011-12-09
96,2911.81,False,39,2011-12-16
71,374.18,False,39,2011-12-23
33,33314.92,False,39,2011-12-09
98,7653.64,False,39,2011-12-16
36,142.27,False,39,2011-12-09
38,1976.99,False,39,2011-12-09
4,34141.99,False,39,2011-12-02
93,10592.58,True,39,2011-12-30
95,1355.55,False,39,2011-12-16
52,66918.89,False,39,2011-12-23
92,3214.74,True,39,2011-12-30
6,10050.23,False,39,2011-12-16
18,14515.03,True,39,2011-12-30
12,20.43,False,39,2011-12-02
56,33102.54,True,39,2011-12-30
34,34.27,False,39,2011-12-02
85,1489.17,True,39,2011-12-30
94,6407.76,False,39,2011-12-18
26,6503.65,False,39,2011-12-16
13,9228.24,False,39,2011-12-09
10,25985.01,False,39,2011-12-16
92,78562.54,False,39,2011-12-02
27,3340.24,False,39,2011-12-02
5,15524.69,False,39,2011-12-16
92,2829.15,False,39,2011-12-06
94,10907.36,False,39,2011-12-09
35,17163.01,False,39,2011-12-23
10,36920.69,False,39,2011-12-02
24,400.23,False,39,2011-12-16
56,155.5,False,39,2011-12-02
8,16856.95,False,39,2011-12-02
25,15991.55,False,39,2011-12-02
81,17805.55,False,39,2011-12-23
91,32556.84,False,39,2011-12-02
3,17155.71,False,39,2011-12-09
50,7580.36,False,39,2011-12-02
60,814.77,False,39,2011-12-02
28,29518.89,False,39,2011-12-09
10,5986.62,False,39,2011-12-23
25,41683.23,False,39,2011-12-16
17,10121.36,False,39,2011-12-23
11,930.22,True,39,2011-12-30
20,842.94,False,39,2011-12-16
42,2290.71,False,39,2011-12-23
54,27594.33,True,39,2011-12-30
26,17.02,True,39,2011-12-30
54,19702.29,False,39,2011-12-09
42,548.29,False,39,2011-12-23
10,6682.81,False,39,2011-12-09
98,30659.38,False,39,2011-12-02
25,4096.74,False,39,2011-12-16
14,2909.56,False,39,2011-12-09
38,4196.36,False,39,2011-12-09
13,20318.5,False,39,2011-12-09
60,56069.94,False,39,2011-12-09
20,32951.86,False,39,2011-12-16
92,59.72,False,39,2011-12-02
8,2984.5,False,39,2011-12-09
12,38278.62,False,39,2011-12-09
74,7072.16,False,39,2011-12-02
93,121.73,False,39,2011-12-16
46,6575.93,True,39,2011-12-30
85,59782.03,False,39,2011-12-16
20,477.19,False,39,2011-12-16
97,3207.56,False,39,2011-12-02
16,3747.47,False,39,2011-12-02
99,2976.37,False,39,2011-12-23
98,2893.17,True,39,2011-12-30
5,9521.03,False,39,2011-12-02
7,2004.36,False,39,2011-12-09
10,28140.99,False,39,2011-12-02
9,2012.64,False,39,2011-12-09
10,4330.98,False,39,2011-12-16
28,15404.62,True,39,2011-12-30
34,29.34,False,39,2011-12-16
20,4301.77,True,39,2011-12-30
58,3152.7,False,39,2011-12-09
59,15778.59,False,39,2011-12-09
13,27527.53,True,39,2011-12-30
37,60953.96,False,39,2011-12-16
98,6821.78,False,39,2011-12-16
12,19281.71,False,39,2011-12-16
60,7208.33,False,39,2011-12-02
87,1374.94,True,39,2011-12-30
2,21164.3,True,39,2011-12-30
44,5956.85,False,39,2011-12-09
17,12005.72,False,39,2011-12-09
93,501.93,False,39,2011-12-02
45,53673.14,False,39,2011-12-23
85,20188.78,False,39,2011-12-16
3,99171.17,False,39,2011-12-02
98,11064.02,False,39,2011-12-23
10,4809.09,False,39,2011-12-23
80,12790.6,False,39,2011-12-16
20,8906.54,False,39,2011-12-16
79,26717.06,False,39,2011-12-16
24,418.5,False,39,2011-12-02
56,5274.3,False,39,2011-12-16
85,18186.41,False,39,2011-12-16
17,10671.1,False,39,2011-12-16
29,9196.69,False,39,2011-12-02
49,119597.02,False,39,2011-12-02
72,32985.28,False,39,2011-12-23
21,46767.76,False,39,2011-12-09
6,5982.32,False,39,2011-12-30
74,1132.96,False,40,2011-12-16
42,67335.15,False,40,2011-12-16
27,2778.99,True,40,2011-12-30
98,19684.34,False,40,2011-12-02
55,85.68,False,40,2011-12-16
91,6394.11,False,40,2011-12-02
72,53761.65,False,40,2011-12-09
87,24372.48,True,40,2011-12-30
42,74442.21,False,40,2011-12-09
31,116008.02,False,40,2011-12-16
1,79271.74,False,40,2011-12-16
46,865.67,False,40,2011-12-02
6,1174.18,True,40,2011-12-30
87,81.38,False,40,2011-12-02
26,51357.56,False,40,2011-12-23
59,2723.38,False,40,2011-12-16
72,2392.11,False,40,2011-12-16
92,36264.15,False,40,2011-12-23
7,14187.31,False,40,2011-12-09
85,4453.02,False,40,2011-12-09
19,1244.75,False,40,2011-12-02
18,54795.06,False,40,2011-12-02
3,57910.04,False,40,2011-12-16
22,32521.98,True,40,2011-12-30
19,10948.54,False,40,2011-12-23
60,16865.35,False,40,2011-12-16
30,17054.49,False,40,2011-12-16
60,1999.47,True,40,2011-12-30
91,417.04,True,40,2011-12-30
3,3134.72,True,40,2011-12-30
28,21386.66,False,40,2011-12-23
42,3915.77,False,40,2011-12-02
6,626.73,False,40,2011-12-02
54,7725.61,True,40,2011-12-30
20,58240.16,False,40,2011-12-30
38,1931.38,False,40,2011-12-09
11,3247.7,False,40,2011-12-02
59,2739.02,False,40,2011-12-09
98,30621.38,False,40,2011-12-16
59,7940.34,False,40,2011-12-09
40,79167.07,False,40,2011-12-02
60,9701.28,False,40,2011-12-23
5,51420.54,False,40,2011-12-23
58,11448.41,False,40,2011-12-09
30,23727.94,False,40,2011-12-02
54,67757.58,True,40,2011-12-30
2,23485.63,False,40,2011-12-23
28,5132.55,False,40,2011-12-16
48,2241.18,False,40,2011-12-09
27,1508.33,False,40,2011-12-09
94,7333.42,True,40,2011-12-30
97,18354.72,False,40,2011-12-23
36,3820.35,False,40,2011-12-16
4,31400.3,False,40,2011-12-03
67,26508.79,False,40,2011-12-09
52,2087.16,False,40,2011-12-23
5,15430.17,False,40,2011-12-16
11,16094.6,False,40,2011-12-23
59,10012.57,False,40,2011-12-09
42,10631.2,False,40,2011-12-23
5,33888.95,False,40,2011-12-30
22,14043.82,False,40,2011-12-16
46,45818.92,False,40,2011-12-09
8,3146.18,False,40,2011-12-23
96,42136.04,False,40,2011-12-09
87,26290.25,False,40,2011-12-16
26,13045.36,False,40,2011-12-09
44,48653.46,False,40,2011-12-23
74,941.3,True,40,2011-12-30
21,8258.94,False,40,2011-12-16
94,201.93,False,40,2011-12-02
67,21652.14,False,40,2011-12-23
93,115.95,False,40,2011-12-23
95,46.36,False,40,2011-12-02
85,4094.25,True,40,2011-12-30
41,76145.03,False,40,2011-12-16
31,1467.08,False,40,2011-12-30
71,76892.16,False,40,2011-12-23
56,3430.46,True,40,2011-12-30
25,38275.08,False,40,2011-12-23
9,60598.38,False,40,2011-12-16
44,34064.94,False,40,2011-12-16
26,15591.59,True,40,2011-12-30
74,1872.22,False,40,2011-12-23
55,1244.07,False,40,2011-12-09
26,13777.87,False,40,2011-12-09
1,138.27,False,40,2011-12-23
34,14809.26,False,40,2011-12-02
79,52193.95,False,40,2011-12-02
94,22910.62,False,40,2011-12-23
34,5565.16,False,40,2011-12-16
52,42102.72,False,40,2011-12-02
82,13530.85,False,40,2011-12-09
85,9746.06,False,40,2011-12-16
4,1359.73,True,40,2011-12-30
27,19706.54,False,40,2011-12-09
23,249.12,False,40,2011-12-02
58,8.68,False,40,2011-12-16
25,38492.27,False,40,2011-12-23
91,6462.08,False,40,2011-12-16
92,7644.43,False,40,2011-12-02
21,41157.07,False,40,2011-12-09
27,11415.96,True,40,2011-12-30
49,21225.29,True,40,2011-12-30
17,13043.72,False,40,2011-12-02
1,10514.18,False,40,2011-12-09
82,24.42,True,40,2011-12-30
74,734.73,False,40,2011-12-09
39,2064.21,True,40,2011-12-30
87,17514.13,False,40,2011-12-23
2,1007.37,False,40,2011-12-02
14,92197.47,False,40,2011-12-16
30,490.07,True,40,2011-12-30
92,69793.62,False,40,2011-12-16
41,4139.9,True,40,2011-12-30
4,18882.23,False,40,2011-12-02
67,39719.85,True,40,2011-12-30
81,7215.89,False,40,2011-12-23
95,17332.92,False,40,2011-12-23
83,720.95,False,40,2011-12-09
22,53538.82,False,40,2011-12-16
55,12588.15,False,40,2011-12-16
71,665.02,False,40,2011-12-02
27,962.93,False,40,2011-12-02
7,48853.38,False,40,2011-12-23
26,13862.58,False,40,2011-12-23
59,2359.87,True,40,2011-12-30
30,3588.35,False,40,2011-12-02
60,48345.84,False,40,2011-12-23
26,341.94,False,40,2011-12-23
18,8201.65,True,40,2011-12-30
80,13646.87,False,40,2011-12-09
97,25551.33,False,40,2011-12-23
94,19932.5,False,40,2011-12-02
13,34485.78,False,40,2011-12-16
9,26788.15,False,40,2011-12-16
90,1866.23,False,40,2011-12-09
7,40199.72,False,40,2011-12-02
14,2194.74,False,40,2011-12-16
14,20056.72,False,40,2011-12-23
72,2099.96,False,40,2011-12-23
95,39498.26,False,40,2011-12-23
4,1850.1,False,40,2011-12-09
40,68378.81,False,40,2011-12-02
91,21866.49,False,40,2011-12-23
6,14239.53,False,40,2011-12-16
50,3031.92,True,40,2011-12-30
9,25685.96,False,40,2011-12-02
30,5326.18,True,40,2011-12-30
24,10853.66,False,40,2011-12-18
24,6728.12,False,40,2011-12-23
2,37550.18,False,40,2011-12-16
26,9964.79,False,40,2011-12-02
91,52.68,True,40,2011-12-30
44,17164.05,False,40,2011-12-02
14,1768.93,True,40,2011-12-30
34,46091.56,False,40,2011-12-16
22,50042.64,False,40,2011-12-02
49,46260.65,False,40,2011-12-02
98,28986.48,False,40,2011-12-02
7,2413.05,False,40,2011-12-02
2,45576.14,False,40,2011-12-09
42,2760.39,False,40,2011-12-02
90,27728.3,False,40,2011-12-02
10,12519.25,False,40,2011-12-16
29,5723.51,False,40,2011-12-02
46,16823.57,False,40,2011-12-16
41,1160.02,False,40,2011-12-09
36,148.87,False,40,2011-12-23
42,10333.74,False,40,2011-12-02
72,28328.58,False,40,2011-12-09
18,41829.4,False,40,2011-12-09
52,667.86,True,40,2011-12-30
49,274.4,False,40,2011-12-02
38,25439.83,False,40,2011-12-23
52,2742.86,False,40,2011-12-16
11,3884.8,False,40,2011-12-02
33,12327.13,False,40,2011-12-16
92,21023.87,False,40,2011-12-16
40,39136.28,False,40,2011-12-23
18,11909.2,False,40,2011-12-16
27,4638.28,False,40,2011-12-02
33,6399.2,False,40,2011-12-23
91,1812.34,False,40,2011-12-02
95,9728.82,False,40,2011-12-16
94,10056.94,False,40,2011-12-02
10,35.15,False,40,2011-12-09
11,8180.4,False,40,2011-12-09
32,24497.02,False,40,2011-12-16
60,7118.78,False,40,2011-12-09
31,49903.02,False,40,2011-12-16
40,90.9,True,40,2011-12-30
26,25293.58,False,40,2011-12-02
24,30209.41,False,40,2011-12-16
38,1937.36,False,40,2011-12-30
55,52165.92,False,40,2011-12-02
16,1388.37,False,40,2011-12-09
25,5934.93,False,40,2011-12-16
74,1051.58,True,40,2011-12-30
18,66853.32,False,40,2011-12-09
28,24252.39,False,40,2011-12-09
59,18966.66,True,40,2011-12-30
42,21935.88,False,40,2011-12-16
79,2941.72,False,40,2011-12-16
97,3036.9,False,40,2011-12-23
55,23187.02,False,40,2011-12-02
29,886.62,True,40,2011-12-30
36,12096.3,True,40,2011-12-30
23,1344.25,False,40,2011-12-23
32,717.21,False,40,2011-12-16
37,15357.1,False,40,2011-12-02
16,10407.06,False,40,2011-12-16
67,6108.72,True,40,2011-12-30
25,22196.21,True,40,2011-12-30
71,48389.81,False,40,2011-12-16
38,27.21,False,40,2011-12-02
11,11014.26,False,40,2011-12-09
41,1859.68,False,40,2011-12-09
80,21532.76,True,40,2011-12-30
87,1122.56,True,40,2011-12-30
7,93765.33,False,40,2011-12-02
13,5959.54,False,40,2011-12-23
87,7449.0,False,40,2011-12-23
40,1551.81,False,40,2011-12-09
40,14228.32,False,40,2011-12-23
95,519.46,False,40,2011-12-02
52,5.03,False,40,2011-12-09
56,1764.67,False,40,2011-12-02
17,14940.06,False,40,2011-12-02
97,18420.52,False,40,2011-12-09
82,157.07,False,40,2011-12-09
96,3835.89,False,40,2011-12-16
58,20785.95,False,40,2011-12-02
92,1873.97,True,40,2011-12-30
98,47046.66,False,40,2011-12-02
55,3014.44,False,40,2011-12-09
59,24.31,True,40,2011-12-30
60,14260.48,False,40,2011-12-09
3,57591.2,False,40,2011-12-23
12,118.66,False,40,2011-12-16
44,30336.95,False,40,2011-12-02
18,7863.76,False,40,2011-12-16
83,4505.89,False,40,2011-12-09
22,195.6,False,40,2011-12-16
54,1985.91,True,40,2011-12-30
5,4672.64,False,40,2011-12-02
36,55292.66,False,40,2011-12-16
97,45753.8,False,40,2011-12-09
27,17399.48,False,40,2011-12-09
80,10334.49,True,40,2011-12-30
42,1847.67,True,40,2011-12-30
8,50540.38,True,40,2011-12-30
97,60713.02,True,40,2011-12-30
1,3120.34,False,40,2011-12-09
87,2269.13,False,40,2011-12-02
13,16863.87,False,40,2011-12-23
42,6840.93,False,40,2011-12-16
79,14229.59,False,40,2011-12-23
55,26466.05,False,40,2011-12-09
55,1085.94,False,40,2011-12-02
36,95178.46,True,40,2011-12-30
33,12360.73,False,40,2011-12-23
5,15465.71,False,40,2011-12-02
95,3615.43,False,40,2011-12-02
60,7982.04,False,40,2011-12-09
10,65906.92,False,40,2011-12-02
29,8761.96,True,40,2011-12-30
8,9615.84,False,40,2011-12-02
83,44428.78,True,40,2011-12-30
46,11024.71,True,40,2011-12-30
94,74964.82,True,40,2011-12-30
55,9185.9,False,40,2011-12-23
17,3858.27,False,40,2011-12-23
22,14.48,True,40,2011-12-30
2,12740.54,False,40,2011-12-09
16,13.59,False,40,2011-12-23
56,16624.17,False,40,2011-12-16
58,47252.97,True,40,2011-12-30
28,2477.91,False,40,2011-12-16
67,10430.91,False,40,2011-12-09
33,9352.63,False,40,2011-12-16
91,10368.71,False,40,2011-12-16
72,35019.2,False,40,2011-12-23
83,73966.81,False,40,2011-12-16
16,6861.77,False,40,2011-12-02
81,34749.81,True,40,2011-12-30
58,41711.95,False,40,2011-12-16
46,44951.45,True,40,2011-12-30
18,36227.14,False,40,2011-12-02
46,33.0,False,40,2011-12-23
48,20983.62,False,40,2011-12-23
27,2329.39,False,40,2011-12-16
45,20498.26,False,40,2011-12-02
13,10305.11,False,40,2011-12-23
44,2659.94,False,40,2011-12-30
2,22803.31,False,40,2011-12-23
26,33219.16,False,40,2011-12-09
87,13442.79,False,40,2011-12-02
29,2911.38,True,40,2011-12-30
80,156.54,True,40,2011-12-30
93,1374.41,False,40,2011-12-16
28,29860.12,False,40,2011-12-09
59,347.8,False,40,2011-12-16
21,5214.17,False,40,2011-12-16
6,6899.23,False,40,2011-12-02
25,12201.24,False,40,2011-12-02
33,355.36,True,40,2011-12-30
40,439.36,True,40,2011-12-30
20,4186.08,False,40,2011-12-30
22,33013.92,False,40,2011-12-09
91,28536.62,True,40,2011-12-30
50,354.73,False,40,2011-12-02
67,40113.68,False,40,2011-12-02
26,19156.94,False,40,2011-12-02
41,1995.61,True,40,2011-12-30
42,36036.49,False,40,2011-12-09
74,1099.38,False,40,2011-12-02
60,5520.5,False,40,2011-12-23
67,145995.81,False,40,2011-12-02
4,595.24,False,40,2011-12-16
59,29427.12,False,40,2011-12-02
97,4983.15,False,40,2011-12-09
32,12721.25,False,40,2011-12-23
1,27362.0,False,40,2011-12-02
13,30454.57,False,40,2011-12-02
22,4950.46,False,40,2011-12-16
17,159.94,False,40,2011-12-18
55,107212.95,False,40,2011-12-16
33,9335.4,False,40,2011-12-16
82,4907.28,False,40,2011-12-02
82,21558.4,False,40,2011-12-02
34,13317.59,False,40,2011-12-16
3,135831.42,False,40,2011-12-23
97,47420.74,False,40,2011-12-16
13,12087.39,False,40,2011-12-02
16,1806.87,False,40,2011-12-02
49,71764.94,False,40,2011-12-23
23,871.45,False,40,2011-12-09
95,52405.03,False,40,2011-12-02
54,24861.27,False,40,2011-12-16
97,18.34,False,40,2011-12-02
33,40.51,False,40,2011-12-02
12,175.19,False,40,2011-12-09
29,31951.86,False,40,2011-12-16
40,7068.24,False,40,2011-12-09
12,2.47,True,40,2011-12-30
92,137804.47,True,40,2011-12-30
41,181.93,False,40,2011-12-09
21,1605.61,False,40,2011-12-02
40,13749.36,True,40,2011-12-30
52,3484.65,False,40,2011-12-23
55,53109.69,True,40,2011-12-30
22,7044.62,True,40,2011-12-30
47,47943.58,False,40,2011-12-09
4,71602.26,False,40,2011-12-09
94,10291.15,False,40,2011-12-16
67,47.32,False,40,2011-12-02
87,1953.78,False,40,2011-12-16
26,6619.02,True,41,2011-12-30
42,711.57,False,41,2011-12-23
96,25.1,False,41,2011-12-02
17,15693.16,False,41,2011-12-23
56,8391.72,False,41,2011-12-09
97,2549.82,True,41,2011-12-30
58,30076.07,False,41,2011-12-23
83,1771.43,False,41,2011-12-02
54,7727.11,True,41,2011-12-30
14,8864.3,False,41,2011-12-23
29,38898.76,False,41,2011-12-16
3,6653.45,True,41,2011-12-30
52,67539.61,False,41,2011-12-30
17,3558.33,True,41,2011-12-30
18,45582.28,False,41,2011-12-09
4,12564.35,False,41,2011-12-09
42,7341.03,False,41,2011-12-09
10,32727.63,False,41,2011-12-16
28,16114.11,True,41,2011-12-30
3,41.75,True,41,2011-12-30
94,4488.55,False,41,2011-12-23
11,13678.05,False,41,2011-12-23
95,13783.91,False,41,2011-12-16
21,15280.88,False,41,2011-12-02
82,21190.77,False,41,2011-12-16
34,337.49,False,41,2011-12-02
72,10254.11,False,41,2011-12-16
37,-13.16,False,41,2011-12-16
48,89389.59,False,41,2011-12-09
44,15390.18,False,41,2011-12-02
97,32447.9,False,41,2011-12-16
85,3200.95,False,41,2011-12-09
94,11914.91,True,41,2011-12-30
40,11056.21,False,41,2011-12-02
26,1575.39,False,41,2011-12-16
94,37505.61,False,41,2011-12-09
18,1241.75,False,41,2011-12-02
32,6635.41,False,41,2011-12-30
97,1559.63,False,41,2011-12-02
20,1162.16,False,41,2011-12-09
32,44.36,False,41,2011-12-02
77,19217.9,False,41,2011-12-02
12,95.21,False,41,2011-12-16
87,17044.9,False,41,2011-12-02
26,27830.74,False,41,2011-12-23
30,1695.47,False,41,2011-12-16
17,73629.52,False,41,2011-12-16
38,1321.25,True,41,2011-12-30
21,809.03,True,41,2011-12-30
71,48072.62,False,41,2011-12-23
79,53561.22,False,41,2011-12-09
99,8814.57,False,41,2011-12-16
9,9454.63,False,41,2011-12-30
17,27263.57,True,41,2011-12-30
2,3280.2,False,41,2011-12-02
13,2862.15,False,41,2011-12-09
42,13519.7,False,41,2011-12-23
97,18647.45,False,41,2011-12-09
74,29916.82,False,41,2011-12-09
4,4.98,False,41,2011-12-09
24,43123.03,False,41,2011-12-16
24,5573.04,False,41,2011-12-09
93,89.46,False,41,2011-12-02
1,28805.56,False,41,2011-12-23
33,8216.41,False,41,2011-12-30
50,46543.38,False,41,2011-12-02
4,22426.36,False,41,2011-12-23
87,1662.24,False,41,2011-12-02
91,8502.84,False,41,2011-12-23
17,3019.6,False,41,2011-12-16
25,2173.24,True,41,2011-12-30
33,8762.73,False,41,2011-12-16
8,33.94,False,41,2011-12-23
13,27532.36,False,41,2011-12-16
85,9811.12,False,41,2011-12-16
14,3745.1,True,41,2011-12-30
41,466.94,False,41,2011-12-09
36,109217.8,False,41,2011-12-02
36,2376.1,True,41,2011-12-30
11,101436.69,False,41,2011-12-30
32,5545.64,False,41,2011-12-09
80,160.93,True,41,2011-12-30
55,21589.36,False,41,2011-12-02
40,9264.49,False,41,2011-12-16
96,1568.98,False,41,2011-12-16
35,15656.04,False,41,2011-12-16
11,5965.88,False,41,2011-12-02
3,2236.98,False,41,2011-12-30
13,120254.52,False,41,2011-12-16
87,-7.4,False,41,2011-12-16
60,8401.9,False,41,2011-12-09
71,14392.75,False,41,2011-12-09
11,16583.66,True,41,2011-12-30
85,63996.42,False,41,2011-12-02
74,10948.15,True,41,2011-12-30
11,98151.16,True,41,2011-12-30
24,132620.84,False,41,2011-12-16
20,28869.65,False,41,2011-12-16
4,2252.08,False,41,2011-12-16
24,5910.6,False,41,2011-12-16
91,3990.81,False,41,2011-12-30
94,8728.6,False,41,2011-12-09
4,58509.78,False,41,2011-12-02
54,29160.33,False,41,2011-12-02
20,49348.72,False,41,2011-12-02
97,12820.37,False,41,2011-12-23
8,37131.1,False,41,2011-12-09
83,34089.56,True,41,2011-12-30
23,912.98,False,41,2011-12-16
25,8449.34,False,41,2011-12-02
55,35944.07,False,41,2011-12-23
30,5831.02,False,41,2011-12-02
7,4438.35,False,41,2011-12-02
8,28402.76,False,41,2011-12-09
94,41383.97,False,41,2011-12-16
27,20699.73,False,41,2011-12-02
97,4376.47,False,41,2011-12-16
79,43553.83,False,41,2011-12-02
59,77876.04,False,41,2011-12-02
27,7103.07,False,41,2011-12-16
81,19766.37,False,41,2011-12-23
60,4775.75,True,41,2011-12-30
29,10.83,False,41,2011-12-23
19,43502.08,False,41,2011-12-02
33,118001.05,False,41,2011-12-09
8,9306.75,False,41,2011-12-16
91,16870.04,False,41,2011-12-16
3,11057.46,False,41,2011-12-02
67,5236.57,False,41,2011-12-02
93,53609.92,True,41,2011-12-30
40,818.16,True,41,2011-12-30
60,50180.72,False,41,2011-12-16
97,368.82,False,41,2011-12-09
5,144.22,False,41,2011-12-09
59,2787.07,True,41,2011-12-30
95,18301.17,False,41,2011-12-02
20,109.64,False,41,2011-12-16
6,73909.32,False,41,2011-12-09
74,207.74,False,41,2011-12-16
96,8763.91,False,41,2011-12-09
11,645.83,False,41,2011-12-23
40,1846.59,False,41,2011-12-09
29,30966.52,False,41,2011-12-09
24,6734.36,False,41,2011-12-23
49,6185.37,False,41,2011-12-02
54,1139.77,False,41,2011-12-16
32,87563.55,False,41,2011-12-16
93,4423.53,False,41,2011-12-16
35,30636.42,False,41,2011-12-16
93,23950.9,False,41,2011-12-02
59,194.82,False,41,2011-12-02
99,28271.02,False,41,2011-12-09
48,73754.35,False,41,2011-12-16
38,7291.67,False,41,2011-12-02
81,35096.22,False,41,2011-12-23
67,15201.16,False,41,2011-12-23
59,26.37,False,41,2011-12-16
24,1227.43,False,41,2011-12-02
44,1662.18,False,41,2011-12-02
41,3331.23,False,41,2011-12-23
21,54.06,True,41,2011-12-30
54,6965.29,False,41,2011-12-09
82,4180.24,False,41,2011-12-02
22,4879.74,False,41,2011-12-30
36,1561.59,False,41,2011-12-09
96,119756.32,False,41,2011-12-09
85,76698.06,False,41,2011-12-02
18,33346.84,False,41,2011-12-16
71,337.3,False,41,2011-12-02
49,41802.6,False,41,2011-12-16
96,72398.86,False,41,2011-12-16
38,17104.49,False,41,2011-12-02
59,11775.61,False,41,2011-12-09
42,76520.4,False,41,2011-12-02
97,284.39,False,41,2011-12-02
55,8569.84,False,41,2011-12-02
46,8543.96,False,41,2011-12-02
11,9569.51,False,41,2011-12-23
6,9045.2,False,41,2011-12-02
6,11915.78,False,41,2011-12-02
48,52104.08,False,41,2011-12-02
40,39554.57,False,41,2011-12-02
67,25.62,False,41,2011-12-02
34,40007.26,False,41,2011-12-16
16,5178.11,False,41,2011-12-02
21,21341.32,True,41,2011-12-30
93,92201.93,False,41,2011-12-02
93,22912.01,False,41,2011-12-23
79,365.92,False,41,2011-12-02
98,43480.25,False,41,2011-12-09
31,18070.24,False,41,2011-12-16
80,403.92,False,41,2011-12-16
5,18499.94,True,41,2011-12-30
83,3141.41,False,41,2011-12-16
40,59273.82,False,41,2011-12-09
36,9172.31,False,41,2011-12-16
1,20236.15,False,41,2011-12-16
12,39062.59,False,41,2011-12-09
22,5063.08,True,41,2011-12-30
56,3802.69,False,41,2011-12-16
49,3476.05,False,41,2011-12-02
10,1166.02,False,41,2011-12-16
22,12507.81,False,41,2011-12-02
96,9489.7,False,41,2011-12-02
5,9810.62,True,41,2011-12-30
11,6017.75,True,41,2011-12-30
59,8046.83,False,41,2011-12-30
19,15860.21,False,41,2011-12-09
26,1026.06,True,41,2011-12-30
35,22087.82,False,41,2011-12-02
58,1334.35,False,41,2011-12-16
19,1479.68,False,41,2011-12-16
54,3100.64,False,41,2011-12-09
98,3902.01,True,41,2011-12-30
48,10104.96,True,41,2011-12-30
72,66461.93,True,41,2011-12-30
4,8075.41,False,41,2011-12-09
19,4558.47,False,41,2011-12-09
37,9069.2,False,41,2011-12-23
18,35977.91,True,41,2011-12-30
24,3030.65,False,41,2011-12-23
96,25206.52,True,41,2011-12-30
91,5177.97,False,41,2011-12-02
83,1777.45,True,41,2011-12-30
1,3426.95,False,41,2011-12-16
40,3121.63,False,41,2011-12-23
48,37527.6,False,41,2011-12-02
91,35677.66,False,41,2011-12-02
95,16721.4,False,41,2011-12-02
82,13700.71,True,41,2011-12-30
54,16701.28,True,41,2011-12-30
74,20900.12,False,41,2011-12-16
42,9104.89,False,41,2011-12-23
23,9648.8,False,41,2011-12-09
96,180.1,True,41,2011-12-30
27,2435.3,False,41,2011-12-16
30,6452.34,False,41,2011-12-16
25,5568.39,False,41,2011-12-02
95,16246.55,False,41,2011-12-16
98,9274.84,False,41,2011-12-02
31,39567.7,False,41,2011-12-02
3,19687.72,False,41,2011-12-02
46,52244.26,False,41,2011-12-16
14,81116.82,False,41,2011-12-09
92,45842.24,False,41,2011-12-16
41,10640.28,False,41,2011-12-02
29,313.87,True,41,2011-12-30
20,11015.87,True,41,2011-12-30
83,80382.84,False,41,2011-12-02
90,22046.62,False,41,2011-12-09
21,40573.06,False,41,2011-12-09
23,16928.37,False,41,2011-12-02
81,905.61,False,41,2011-12-23
18,29280.88,False,41,2011-12-09
52,20.13,True,41,2011-12-30
82,147058.42,False,42,2011-12-16
25,13332.05,True,42,2011-12-30
56,4185.74,True,42,2011-12-30
12,196.04,False,42,2011-12-23
24,2430.72,False,42,2011-12-02
38,26885.66,False,42,2011-12-23
35,9175.41,False,42,2011-12-23
46,112919.13,True,42,2011-12-30
59,35143.25,False,42,2011-12-23
55,17108.65,False,42,2011-12-02
93,19.12,False,42,2011-12-23
96,10691.89,True,42,2011-12-30
46,1839.46,False,42,2011-12-09
38,4326.84,False,42,2011-12-02
10,7598.35,False,42,2011-12-09
46,14255.88,False,42,2011-12-02
20,22670.46,True,42,2011-12-30
80,54077.96,False,42,2011-12-02
27,1912.12,False,42,2011-12-16
28,27702.98,False,42,2011-12-09
18,8.87,False,42,2011-12-16
56,2767.51,False,42,2011-12-02
21,11331.81,False,42,2011-12-09
5,31401.38,False,42,2011-12-16
74,9.48,False,42,2011-12-02
18,2211.38,False,42,2011-12-16
35,51413.72,False,42,2011-12-09
98,73653.98,True,42,2011-12-30
72,1018.97,False,42,2011-12-02
90,32332.07,False,42,2011-12-16
16,10174.99,False,42,2011-12-16
59,76.96,False,42,2011-12-16
4,515.96,True,42,2011-12-30
80,5398.98,False,42,2011-12-02
11,91.34,False,42,2011-12-16
6,939.61,False,42,2011-12-02
38,16465.31,False,42,2011-12-02
9,27595.52,False,42,2011-12-23
42,266.17,True,42,2011-12-30
30,4923.12,False,42,2011-12-23
17,18002.82,False,42,2011-12-02
7,392.25,True,42,2011-12-30
41,1261.46,False,42,2011-12-16
40,45658.46,False,42,2011-12-16
97,813.43,True,42,2011-12-30
14,7010.47,False,42,2011-12-09
48,536.95,False,42,2011-12-30
58,29865.95,True,42,2011-12-30
71,74278.74,False,42,2011-12-23
36,35.98,False,42,2011-12-23
79,108.81,False,42,2011-12-30
14,6882.86,False,42,2011-12-16
54,80267.69,False,42,2011-12-30
85,10663.79,False,42,2011-12-09
21,30397.14,False,42,2011-12-16
34,1824.19,False,42,2011-12-16
10,23337.64,False,42,2011-12-16
2,61420.86,False,42,2011-12-02
27,11552.43,False,42,2011-12-02
58,48622.46,False,42,2011-12-02
16,17112.01,False,42,2011-12-16
31,16658.45,False,42,2011-12-23
20,46.42,False,42,2011-12-16
20,125801.18,True,42,2011-12-30
47,25739.44,False,42,2011-12-09
82,23878.27,False,42,2011-12-02
3,3100.32,False,42,2011-12-16
10,34286.33,False,42,2011-12-23
93,71.3,False,42,2011-12-09
11,14908.05,False,42,2011-12-16
8,68080.06,False,42,2011-12-09
14,1211.02,False,42,2011-12-02
10,78832.14,False,42,2011-12-02
28,26377.63,False,42,2011-12-09
26,1642.37,False,42,2011-12-02
59,497.34,True,42,2011-12-30
30,8493.9,False,42,2011-12-16
33,6215.33,False,42,2011-12-16
52,7777.19,False,42,2011-12-16
3,6039.69,False,42,2011-12-23
92,28441.68,False,42,2011-12-16
96,19190.79,False,42,2011-12-09
52,156.93,False,42,2011-12-23
56,1514.76,False,42,2011-12-16
9,8380.96,False,42,2011-12-16
26,41698.77,False,42,2011-12-16
72,16141.07,False,42,2011-12-16
50,3194.98,False,42,2011-12-23
58,723.46,False,42,2011-12-02
92,53781.62,False,42,2011-12-16
10,97294.4,False,42,2011-12-09
56,16250.42,True,42,2011-12-30
74,18741.88,False,42,2011-12-23
41,6919.75,False,42,2011-12-23
58,612.53,False,42,2011-12-02
67,19510.24,False,42,2011-12-02
96,4846.94,False,42,2011-12-09
55,40416.28,False,42,2011-12-09
37,3524.14,False,42,2011-12-16
38,13425.54,True,42,2011-12-30
10,6447.87,False,42,2011-12-02
9,2910.35,False,42,2011-12-23
74,555.86,False,42,2011-12-02
24,15013.32,False,42,2011-12-16
29,44.4,False,42,2011-12-09
67,9671.22,True,42,2011-12-30
14,82.27,False,42,2011-12-16
9,45.92,False,42,2011-12-09
11,37922.29,False,42,2011-12-09
29,142874.12,False,42,2011-12-30
3,162.24,False,42,2011-12-09
16,31810.46,False,42,2011-12-16
22,3872.33,False,42,2011-12-02
54,21329.78,False,42,2011-12-23
96,8688.58,False,42,2011-12-16
7,22217.72,False,42,2011-12-02
83,6373.16,False,42,2011-12-09
95,120064.51,False,42,2011-12-02
38,20050.1,False,42,2011-12-09
28,2060.23,False,42,2011-12-23
6,45833.71,False,42,2011-12-09
41,47.06,False,42,2011-12-02
71,33635.08,False,42,2011-12-16
27,25.09,True,42,2011-12-30
59,10948.43,False,42,2011-12-09
71,7158.34,False,42,2011-12-09
93,64081.8,False,42,2011-12-16
7,16.47,False,42,2011-12-02
87,13764.26,False,42,2011-12-30
9,2073.28,False,42,2011-12-23
4,1281.94,False,42,2011-12-16
10,10194.95,False,42,2011-12-02
17,3202.38,False,42,2011-12-02
40,31972.15,True,42,2011-12-30
97,4518.18,False,42,2011-12-16
54,45716.54,False,42,2011-12-09
9,2529.05,True,42,2011-12-30
25,38706.18,False,42,2011-12-16
23,3611.21,False,42,2011-12-23
81,47292.94,False,42,2011-12-02
94,18450.84,False,42,2011-12-09
49,74395.31,False,42,2011-12-16
17,22411.42,True,42,2011-12-30
17,12657.48,False,42,2011-12-16
10,1531.58,True,42,2011-12-30
31,5072.31,False,42,2011-12-23
67,2658.18,False,42,2011-12-16
93,57575.55,False,42,2011-12-02
9,30.42,False,42,2011-12-16
48,8500.24,False,42,2011-12-23
21,12975.04,False,42,2011-12-02
31,79254.92,False,42,2011-12-16
38,19196.02,False,42,2011-12-23
20,3806.12,False,42,2011-12-02
25,86419.2,False,42,2011-12-16
3,18115.42,False,42,2011-12-16
41,56619.26,False,42,2011-12-02
46,47647.26,False,42,2011-12-23
1,5.06,False,42,2011-12-09
91,19120.17,False,42,2011-12-23
3,2324.13,True,42,2011-12-30
2,5358.43,False,42,2011-12-02
41,18179.93,False,42,2011-12-09
60,17229.56,False,42,2011-12-16
37,6634.52,False,42,2011-12-09
83,5308.22,False,42,2011-12-16
60,7178.12,False,42,2011-12-09
25,3565.96,False,42,2011-12-16
32,4105.27,False,42,2011-12-16
97,42322.31,False,42,2011-12-23
97,67.72,True,42,2011-12-30
22,2581.92,False,42,2011-12-16
17,130.6,False,42,2011-12-23
27,19991.3,True,42,2011-12-30
1,5427.96,False,42,2011-12-16
2,26793.36,False,42,2011-12-09
17,1252.8,False,42,2011-12-02
30,3059.93,False,42,2011-12-02
91,39832.49,False,42,2011-12-16
44,95788.11,False,42,2011-12-09
42,5077.18,False,42,2011-12-02
5,7188.54,False,42,2011-12-16
10,5567.17,False,42,2011-12-09
2,50809.44,True,42,2011-12-30
35,525.45,False,42,2011-12-23
50,21430.08,False,42,2011-12-16
7,2287.56,False,42,2011-12-09
10,23682.93,False,42,2011-12-16
52,14692.03,False,42,2011-12-23
11,6770.22,False,42,2011-12-16
40,3810.33,False,42,2011-12-16
58,18514.53,False,42,2011-12-02
92,96238.38,False,42,2011-12-16
93,20208.84,False,42,2011-12-09
81,1.41,False,42,2011-12-02
28,4227.71,False,42,2011-12-09
26,73868.38,False,42,2011-12-02
82,14.42,False,42,2011-12-16
54,656.83,True,42,2011-12-30
17,999.83,False,42,2011-12-23
12,12740.81,False,42,2011-12-23
27,41911.0,False,42,2011-12-02
90,34892.53,False,42,2011-12-30
83,1199.64,False,42,2011-12-02
71,49725.62,False,42,2011-12-16
3,259838.5,False,42,2011-12-16
56,3711.93,True,42,2011-12-30
20,774.89,False,42,2011-12-02
85,32954.12,False,42,2011-12-23
11,1169.34,False,42,2011-12-02
33,15207.21,False,42,2011-12-09
42,12526.66,False,42,2011-12-23
80,88.52,False,42,2011-12-16
83,26350.32,False,42,2011-12-16
32,829.41,False,42,2011-12-02
1,6243.82,False,42,2011-12-16
5,2736.66,False,42,2011-12-16
41,8.59,True,42,2011-12-30
56,13287.4,False,42,2011-12-02
59,300.23,False,42,2011-12-23
1,7496.48,False,42,2011-12-09
26,305.1,True,42,2011-12-30
18,19541.14,True,42,2011-12-30
55,3215.1,False,42,2011-12-02
91,9687.62,True,42,2011-12-30
17,4746.52,False,42,2011-12-02
95,1211.38,False,42,2011-12-16
17,55313.7,True,42,2011-12-30
83,312.41,True,42,2011-12-30
94,8651.14,False,42,2011-12-09
32,52396.08,False,42,2011-12-30
81,510.19,True,42,2011-12-30
95,34831.88,False,42,2011-12-30
55,21987.34,False,42,2011-12-09
40,9123.4,False,42,2011-12-23
42,11051.14,False,42,2011-12-16
6,4789.1,False,42,2011-12-16
94,2166.99,False,42,2011-12-02
67,4161.15,False,42,2011-12-30
20,42357.18,False,42,2011-12-16
22,9557.44,False,42,2011-12-23
92,9778.22,True,43,2011-12-30
44,6806.93,False,43,2011-12-16
54,6427.67,True,43,2011-12-30
27,92006.9,False,43,2011-12-02
54,61807.54,True,43,2011-12-30
12,26.77,False,43,2011-12-16
46,7716.72,False,43,2011-12-16
33,94.47,False,43,2011-12-02
74,12970.93,False,43,2011-12-09
25,3754.83,False,43,2011-12-16
81,14290.61,False,43,2011-12-16
38,26038.24,False,43,2011-12-30
54,24926.12,True,43,2011-12-30
21,11699.07,False,43,2011-12-16
17,8390.03,False,43,2011-12-16
94,19054.61,False,43,2011-12-02
31,3079.42,False,43,2011-12-02
2,73.92,False,43,2011-12-16
47,52234.57,False,43,2011-12-23
41,138.23,False,43,2011-12-16
67,13.64,False,43,2011-12-02
29,11154.16,False,43,2011-12-16
74,128.5,False,43,2011-12-09
8,6990.42,False,43,2011-12-02
58,1431.22,False,43,2011-12-02
38,4170.76,False,43,2011-12-09
94,73579.83,False,43,2011-12-09
80,3218.38,False,43,2011-12-23
20,21270.4,True,43,2011-12-30
38,498.79,False,43,2011-12-09
74,79829.48,False,43,2011-12-09
16,38087.99,False,43,2011-12-09
7,2572.17,False,43,2011-12-23
93,11328.5,False,43,2011-12-02
21,40597.15,False,43,2011-12-16
18,68.37,False,43,2011-12-02
4,10492.4,False,43,2011-12-16
71,1663.93,False,43,2011-12-02
34,2506.79,False,43,2011-12-02
40,37984.15,False,43,2011-12-16
28,5100.52,False,43,2011-12-16
56,19156.14,False,43,2011-12-09
56,7095.9,False,43,2011-12-09
9,3703.19,False,43,2011-12-16
44,5749.29,False,43,2011-12-02
13,37533.68,False,43,2011-12-09
35,11023.71,False,43,2011-12-09
2,24053.37,False,43,2011-12-23
60,30922.68,True,43,2011-12-30
41,21481.19,True,43,2011-12-30
8,13540.51,False,43,2011-12-02
2,6.45,False,43,2011-12-09
42,38938.76,False,43,2011-12-16
95,2452.07,False,43,2011-12-16
7,2079.24,False,43,2011-12-09
98,56.66,False,43,2011-12-16
59,13255.0,False,43,2011-12-23
50,50937.3,False,43,2011-12-23
82,6415.84,False,43,2011-12-09
90,71588.9,False,43,2011-12-09
28,32.68,False,43,2011-12-09
95,17045.7,False,43,2011-12-09
90,138.77,False,43,2011-12-09
95,54361.36,False,43,2011-12-02
44,23137.43,True,43,2011-12-30
72,370.71,False,43,2011-12-02
90,657.84,False,43,2011-12-09
74,8702.71,False,43,2011-12-02
5,1150.16,True,43,2011-12-30
97,988.5,False,43,2011-12-16
14,224.79,True,43,2011-12-30
46,2786.15,True,43,2011-12-30
77,3742.05,False,43,2011-12-02
11,15892.56,False,43,2011-12-09
28,44154.74,True,43,2011-12-30
49,1591.6,False,43,2011-12-02
20,47445.7,False,43,2011-12-16
10,5022.75,False,43,2011-12-23
23,18034.63,False,43,2011-12-23
92,9698.24,False,43,2011-12-16
5,31898.83,False,43,2011-12-02
44,17022.86,False,43,2011-12-02
79,23093.1,False,43,2011-12-23
80,4561.46,False,43,2011-12-16
28,15643.92,False,43,2011-12-09
21,17087.25,False,43,2011-12-02
30,601.77,False,43,2011-12-30
52,17892.92,False,43,2011-12-02
85,69.83,False,43,2011-12-23
28,8605.06,False,43,2011-12-23
5,19983.94,False,43,2011-12-16
18,6719.1,False,43,2011-12-16
8,2562.44,False,43,2011-12-02
38,55963.28,False,43,2011-12-09
17,1300.3,False,43,2011-12-16
27,16142.77,False,43,2011-12-02
58,17735.56,True,43,2011-12-30
22,2232.51,False,43,2011-12-09
56,15359.58,False,43,2011-12-09
11,30069.39,True,43,2011-12-30
13,95637.69,False,43,2011-12-16
35,181.61,True,43,2011-12-30
72,8290.42,False,43,2011-12-23
79,29686.52,False,43,2011-12-02
3,1800.18,False,43,2011-12-09
67,256.27,False,43,2011-12-02
55,15301.53,False,43,2011-12-02
4,1210.02,False,43,2011-12-02
79,34830.95,True,43,2011-12-30
28,6527.03,False,43,2011-12-09
74,59.5,False,43,2011-12-16
7,392.54,False,43,2011-12-16
52,47211.26,False,43,2011-12-09
26,60426.28,True,43,2011-12-30
32,5644.65,False,43,2011-12-23
94,7244.51,False,43,2011-12-23
21,829.52,True,43,2011-12-30
91,19.63,True,43,2011-12-30
49,4122.02,False,43,2011-12-09
79,18787.91,False,43,2011-12-09
99,3343.86,False,43,2011-12-16
13,49.52,True,43,2011-12-30
96,3842.45,False,43,2011-12-09
80,4788.17,True,43,2011-12-30
10,10542.36,False,43,2011-12-02
93,22532.78,False,43,2011-12-16
79,793.93,False,43,2011-12-02
67,-77.22,False,43,2011-12-23
72,13159.47,False,43,2011-12-09
6,964.86,False,43,2011-12-09
25,3402.84,False,43,2011-12-16
5,2605.49,False,43,2011-12-02
50,28000.72,False,43,2011-12-09
33,65040.64,True,43,2011-12-30
34,720.9,True,43,2011-12-30
44,31468.87,False,43,2011-12-09
71,32351.01,False,43,2011-12-16
46,12.2,True,43,2011-12-30
3,23283.89,False,43,2011-12-16
83,4501.18,True,43,2011-12-30
22,2390.46,False,43,2011-12-23
11,6012.78,False,43,2011-12-23
23,43.45,False,43,2011-12-02
71,50611.93,False,43,2011-12-02
8,1716.65,False,43,2011-12-23
33,16521.85,False,43,2011-12-02
71,4754.14,True,43,2011-12-30
31,8064.99,False,43,2011-12-02
81,109.69,False,43,2011-12-09
28,62307.14,False,43,2011-12-16
7,713.67,True,43,2011-12-30
21,14447.72,False,43,2011-12-02
72,11019.54,True,43,2011-12-30
80,6293.88,True,43,2011-12-30
25,5829.16,False,43,2011-12-16
2,9497.9,False,43,2011-12-09
74,42943.24,False,43,2011-12-02
11,13566.8,False,43,2011-12-23
22,1731.48,False,43,2011-12-02
52,16610.02,False,43,2011-12-09
22,4152.26,False,43,2011-12-16
42,2622.98,False,43,2011-12-02
60,29875.27,False,43,2011-12-02
36,17513.94,False,43,2011-12-09
13,4398.59,False,43,2011-12-06
52,259544.66,False,43,2011-12-16
20,13936.56,False,43,2011-12-30
67,16832.55,False,43,2011-12-16
18,22979.22,True,43,2011-12-30
32,24592.33,False,43,2011-12-02
60,26970.38,False,43,2011-12-02
1,7812.29,False,43,2011-12-23
1,21.24,False,43,2011-12-02
8,3992.67,False,43,2011-12-16
97,39617.16,False,43,2011-12-02
52,4023.95,False,43,2011-12-09
71,49031.26,False,43,2011-12-23
38,9862.34,True,43,2011-12-30
97,6997.02,False,43,2011-12-16
10,41977.12,False,43,2011-12-16
54,2334.83,False,43,2011-12-02
58,27515.81,False,43,2011-12-02
1,38250.01,True,43,2011-12-30
90,2645.51,False,43,2011-12-02
30,3331.62,False,43,2011-12-09
35,13907.3,True,43,2011-12-30
18,8971.13,False,43,2011-12-16
85,105389.7,False,43,2011-12-23
2,6428.16,False,43,2011-12-16
32,2819.6,False,43,2011-12-02
24,31729.0,False,43,2011-12-02
9,9538.18,False,43,2011-12-16
56,15131.83,False,43,2011-12-02
94,2479.35,False,43,2011-12-26
56,22844.0,False,43,2011-12-02
28,45188.15,False,43,2011-12-02
14,16182.68,False,43,2011-12-23
10,3423.55,False,43,2011-12-16
74,5259.76,False,43,2011-12-16
46,3410.99,True,43,2011-12-30
60,8266.57,False,43,2011-12-16
16,21.46,False,43,2011-12-09
3,3863.93,True,43,2011-12-30
6,61053.06,False,43,2011-12-16
4,50834.44,False,43,2011-12-02
23,101.17,False,43,2011-12-23
3,76136.21,False,43,2011-12-16
98,2124.3,False,43,2011-12-30
20,5.29,False,43,2011-12-02
85,52705.2,False,43,2011-12-16
4,80401.22,False,43,2011-12-02
8,27659.4,False,43,2011-12-16
71,237.27,False,43,2011-12-09
35,7368.5,False,43,2011-12-02
58,69241.75,False,43,2011-12-16
28,31834.01,False,43,2011-12-09
55,33.65,True,43,2011-12-30
38,3465.0,False,43,2011-12-02
7,12433.26,False,43,2011-12-02
9,16467.46,False,43,2011-12-09
54,61.06,True,43,2011-12-30
87,6019.72,True,43,2011-12-30
5,6915.34,False,43,2011-12-16
23,15544.73,False,43,2011-12-16
60,21400.04,False,43,2011-12-09
4,94747.66,True,43,2011-12-30
98,1689.28,False,43,2011-12-02
58,53577.84,False,43,2011-12-09
34,16824.61,False,43,2011-12-02
4,11850.82,False,43,2011-12-09
71,7015.94,True,43,2011-12-30
90,19455.53,True,43,2011-12-30
40,5095.89,False,43,2011-12-02
87,11987.56,False,43,2011-12-16
35,12338.33,False,43,2011-12-02
5,1133.97,False,43,2011-12-23
6,52750.76,True,43,2011-12-30
3,9556.07,False,43,2011-12-02
72,1.98,False,43,2011-12-23
91,50006.58,True,43,2011-12-30
60,42286.78,True,43,2011-12-30
55,8208.82,False,43,2011-12-02
81,25366.21,False,43,2011-12-02
6,4303.51,False,43,2011-12-09
26,1447.62,True,43,2011-12-30
92,15398.92,False,43,2011-12-16
16,18626.81,False,43,2011-12-16
22,3770.47,False,43,2011-12-02
94,24114.98,False,43,2011-12-23
38,476.91,False,43,2011-12-23
87,11080.48,False,43,2011-12-16
49,2727.38,False,44,2011-12-16
38,23679.72,False,44,2011-12-09
12,5195.8,False,44,2011-12-02
94,3241.84,False,44,2011-12-16
40,1031.22,False,44,2011-12-16
82,7053.25,False,44,2011-12-23
45,11369.24,False,44,2011-12-16
52,3362.98,False,44,2011-12-09
5,7899.97,True,44,2011-12-30
32,19976.7,False,44,2011-12-09
56,4689.38,False,44,2011-12-16
59,11816.62,False,44,2011-12-16
74,87263.52,False,44,2011-12-23
56,61135.9,False,44,2011-12-16
41,24781.44,False,44,2011-12-23
34,2055.78,False,44,2011-12-09
42,6545.86,False,44,2011-12-02
5,2050.82,False,44,2011-12-16
38,79849.99,False,44,2011-12-02
41,63302.32,True,44,2011-12-30
72,188.68,True,44,2011-12-30
40,2957.63,False,44,2011-12-09
97,10199.51,True,44,2011-12-30
92,20237.24,False,44,2011-12-02
93,4299.55,True,44,2011-12-30
91,3434.0,False,44,2011-12-09
6,1773.39,False,44,2011-12-23
12,4380.83,False,44,2011-12-16
97,8.96,False,44,2011-12-09
7,104.06,False,44,2011-12-09
40,2860.08,False,44,2011-12-02
18,18926.69,True,44,2011-12-30
38,16960.19,False,44,2011-12-16
81,1200.72,False,44,2011-12-09
79,5679.76,False,44,2011-12-16
85,3228.45,True,44,2011-12-30
81,17335.84,False,44,2011-12-09
42,9553.28,False,44,2011-12-09
7,7965.51,False,44,2011-12-09
36,242.14,False,44,2011-12-16
20,7043.49,False,44,2011-12-09
33,109956.0,False,44,2011-12-23
11,21748.2,False,44,2011-12-16
2,39811.9,True,44,2011-12-30
32,4884.84,True,44,2011-12-30
97,1136.19,False,44,2011-12-16
14,2361.52,False,44,2011-12-02
54,2854.81,False,44,2011-12-02
25,82646.06,False,44,2011-12-02
38,4758.94,False,44,2011-12-16
85,35921.86,False,44,2011-12-02
42,151893.25,False,44,2011-12-02
24,428.22,False,44,2011-12-16
74,15089.35,False,44,2011-12-09
4,50.29,True,44,2011-12-30
35,1400.8,False,44,2011-12-02
92,9647.54,False,44,2011-12-09
92,7458.52,True,44,2011-12-30
27,9006.31,False,44,2011-12-02
30,11405.29,False,44,2011-12-23
38,9886.57,False,44,2011-12-09
14,6160.7,True,44,2011-12-30
85,4070.43,True,44,2011-12-30
60,2999.37,False,44,2011-12-23
46,5071.35,False,44,2011-12-02
13,534.27,False,44,2011-12-23
11,10681.38,False,44,2011-12-02
96,3946.01,True,44,2011-12-30
49,7681.1,False,44,2011-12-02
2,20435.86,False,44,2011-12-02
5,5793.78,True,44,2011-12-30
54,1646.39,False,44,2011-12-02
41,6701.5,False,44,2011-12-02
97,21823.64,False,44,2011-12-30
28,2477.35,False,44,2011-12-02
32,185.52,False,44,2011-12-16
11,6366.85,True,44,2011-12-30
55,8561.45,False,44,2011-12-23
71,3604.59,False,44,2011-12-16
93,12481.04,True,44,2011-12-30
99,101645.27,False,44,2011-12-16
85,54831.58,False,44,2011-12-02
13,18532.82,False,44,2011-12-02
18,4530.9,False,44,2011-12-02
37,11896.18,False,44,2011-12-23
40,411.56,False,44,2011-12-02
32,38732.81,False,44,2011-12-02
56,20421.16,True,44,2011-12-30
16,94854.93,False,44,2011-12-09
80,8367.91,True,44,2011-12-30
81,25369.44,False,44,2011-12-02
80,267.14,False,44,2011-12-09
23,3453.21,False,44,2011-12-09
58,262.33,True,44,2011-12-30
26,10053.4,True,44,2011-12-30
35,68003.12,True,44,2011-12-30
25,1579.37,False,44,2011-12-16
21,2297.4,False,44,2011-12-16
19,11230.45,False,44,2011-12-16
95,2941.16,False,44,2011-12-09
7,4224.16,True,44,2011-12-30
45,3777.79,False,44,2011-12-16
21,5002.76,True,44,2011-12-30
32,2478.99,False,44,2011-12-16
31,25.13,False,44,2011-12-16
38,38768.18,False,44,2011-12-09
40,13719.37,False,44,2011-12-02
17,408.05,False,44,2011-12-02
83,9714.99,False,44,2011-12-02
95,2813.12,False,44,2011-12-09
34,3332.03,False,44,2011-12-02
38,8369.32,False,44,2011-12-02
2,34355.2,False,44,2011-12-23
98,1752.87,False,44,2011-12-09
98,28144.35,False,44,2011-12-16
54,18174.1,False,44,2011-12-16
12,3184.33,False,44,2011-12-16
25,24574.83,True,44,2011-12-30
22,12635.72,True,44,2011-12-30
67,1059.04,False,44,2011-12-23
44,28669.57,False,44,2011-12-16
25,30674.45,False,44,2011-12-09
80,10.25,False,44,2011-12-02
74,29919.4,False,44,2011-12-09
21,17521.7,False,44,2011-12-16
18,18214.81,False,44,2011-12-23
46,10865.41,True,44,2011-12-30
5,2006.61,False,44,2011-12-09
41,107014.0,False,44,2011-12-02
44,8524.84,False,44,2011-12-16
72,6561.21,False,44,2011-12-09
29,2597.34,False,44,2011-12-16
14,86339.53,False,44,2011-12-09
94,5636.54,True,44,2011-12-30
92,18959.28,False,44,2011-12-16
56,59238.46,False,44,2011-12-23
38,148265.14,False,44,2011-12-23
45,56589.3,False,44,2011-12-09
13,2289.21,False,44,2011-12-16
99,105.47,True,44,2011-12-30
79,27998.14,False,44,2011-12-09
26,331.81,False,44,2011-12-09
87,11284.02,False,44,2011-12-30
8,47786.83,False,44,2011-12-23
96,1658.25,False,44,2011-12-16
87,480.2,False,44,2011-12-30
54,34.68,False,44,2011-12-16
34,41295.1,False,44,2011-12-16
21,45541.3,False,44,2011-12-23
25,5079.82,False,44,2011-12-30
4,157611.2,False,44,2011-12-16
14,76893.84,False,44,2011-12-02
91,72846.68,False,44,2011-12-16
92,5684.27,True,44,2011-12-30
16,7.01,True,44,2011-12-30
56,4717.24,False,44,2011-12-02
11,39767.07,False,44,2011-12-23
46,4081.12,False,44,2011-12-23
96,2514.82,True,44,2011-12-30
24,2118.4,False,44,2011-12-16
26,558.08,False,44,2011-12-23
26,8036.47,False,44,2011-12-16
26,11368.21,False,44,2011-12-09
34,1354.58,False,44,2011-12-02
46,7887.25,False,44,2011-12-16
9,10442.98,False,44,2011-12-09
52,2283.89,False,44,2011-12-02
91,883.67,False,44,2011-12-02
16,90.88,False,44,2011-12-16
77,7041.03,False,44,2011-12-02
46,7369.29,True,44,2011-12-30
72,22347.95,True,44,2011-12-30
47,1157.67,True,44,2011-12-30
31,4758.56,True,44,2011-12-30
24,3395.33,False,44,2011-12-09
31,3169.19,True,44,2011-12-30
17,12971.25,True,44,2011-12-30
1,2271.13,False,44,2011-12-16
59,15.99,False,44,2011-12-02
17,10618.72,True,44,2011-12-30
25,1275.36,False,44,2011-12-02
38,5971.32,False,44,2011-12-02
12,629.41,False,44,2011-12-16
56,5057.18,False,44,2011-12-23
17,16130.22,False,44,2011-12-02
49,8259.56,False,44,2011-12-16
36,12515.0,False,44,2011-12-09
45,5075.99,True,44,2011-12-30
20,2308.08,False,44,2011-12-02
25,56979.48,False,44,2011-12-09
56,46084.58,False,44,2011-12-23
79,7689.55,True,44,2011-12-30
28,6791.53,False,44,2011-12-16
49,6110.3,True,44,2011-12-30
91,37205.55,False,44,2011-12-02
92,22165.82,False,44,2011-12-02
90,120.6,False,44,2011-12-30
21,192.79,True,44,2011-12-30
36,9664.09,False,44,2011-12-02
49,1744.06,False,44,2011-12-16
94,83607.14,False,44,2011-12-16
10,18.67,False,44,2011-12-02
23,8348.19,False,44,2011-12-02
56,14423.18,False,44,2011-12-16
46,5258.26,False,44,2011-12-18
27,13551.83,False,44,2011-12-02
92,2265.17,False,44,2011-12-02
11,1212.31,False,44,2011-12-02
59,1107.44,False,44,2011-12-09
42,6853.58,False,44,2011-12-02
93,88400.11,False,44,2011-12-16
49,36169.96,False,44,2011-12-23
52,27389.59,False,44,2011-12-02
96,57312.49,True,44,2011-12-30
46,61147.8,False,44,2011-12-09
79,14.96,False,44,2011-12-02
85,4489.64,False,44,2011-12-23
72,38930.73,False,44,2011-12-16
26,4192.53,True,44,2011-12-30
20,17034.31,False,44,2011-12-02
33,4746.35,False,44,2011-12-02
71,9566.71,False,44,2011-12-02
13,18944.36,True,44,2011-12-30
24,7748.87,False,44,2011-12-02
20,15395.39,False,44,2011-12-09
30,2487.21,False,44,2011-12-16
6,257.97,False,44,2011-12-02
8,2446.51,False,44,2011-12-16
33,1189.24,False,44,2011-12-16
28,5992.21,False,44,2011-12-23
27,52.67,False,44,2011-12-23
82,140.33,False,44,2011-12-02
85,4888.99,False,44,2011-12-02
41,9503.93,False,44,2011-12-02
36,7136.26,False,44,2011-12-02
40,13652.31,False,44,2011-12-16
41,85945.98,False,44,2011-12-09
94,9808.47,True,44,2011-12-30
93,1489.51,False,44,2011-12-02
12,25571.58,False,44,2011-12-16
32,21237.15,False,44,2011-12-02
21,36406.13,True,44,2011-12-30
11,6525.15,False,44,2011-12-02
18,3852.07,False,44,2011-12-09
21,12083.24,True,44,2011-12-30
81,30354.08,True,44,2011-12-30
42,2793.45,False,44,2011-12-23
79,4198.82,False,44,2011-12-30
45,11284.66,False,44,2011-12-23
87,1670.18,False,44,2011-12-02
41,38387.35,False,44,2011-12-16
55,12.26,False,44,2011-12-02
7,1780.8,False,44,2011-12-09
12,3446.71,False,44,2011-12-09
80,10515.61,False,44,2011-12-09
11,111.0,False,44,2011-12-02
18,5812.56,False,44,2011-12-02
87,4601.09,False,44,2011-12-02
6,2779.73,False,44,2011-12-16
94,2083.38,False,44,2011-12-09
95,17923.38,False,44,2011-12-16
17,13869.34,False,44,2011-12-16
81,62382.17,True,44,2011-12-30
9,57292.75,False,44,2011-12-09
40,1788.81,False,44,2011-12-02
52,28314.28,False,44,2011-12-02
5,35107.9,False,44,2011-12-09
6,785.76,True,44,2011-12-30
90,8134.68,False,44,2011-12-16
56,3381.85,False,44,2011-12-02
93,44017.04,True,44,2011-12-30
79,1038.19,False,44,2011-12-02
13,20896.74,False,44,2011-12-09
2,66963.62,False,44,2011-12-16
12,90709.11,False,44,2011-12-02
36,2534.67,False,44,2011-12-02
8,3362.68,True,44,2011-12-30
46,9128.93,False,44,2011-12-09
98,6398.55,False,44,2011-12-02
35,224.24,True,44,2011-12-30
19,12.37,False,44,2011-12-09
93,200.52,False,44,2011-12-30
50,31151.56,False,44,2011-12-02
90,16693.36,False,44,2011-12-23
82,44309.89,False,44,2011-12-09
5,15306.25,True,44,2011-12-30
2,495.35,True,44,2011-12-30
40,4848.96,False,44,2011-12-09
9,19100.25,False,44,2011-12-16
12,151.62,False,44,2011-12-16
55,39742.15,False,44,2011-12-16
90,9916.36,False,44,2011-12-09
94,365.77,True,44,2011-12-30
32,3275.25,False,44,2011-12-09
3,2869.49,False,44,2011-12-16
1,497.59,False,44,2011-12-16
93,29225.82,False,44,2011-12-02
13,18482.66,False,44,2011-12-09
38,6054.78,False,44,2011-12-09
97,8418.75,True,44,2011-12-30
42,2590.51,True,44,2011-12-30
20,23632.82,True,44,2011-12-30
25,14926.95,True,44,2011-12-30
82,9585.8,False,44,2011-12-23
85,31060.06,False,44,2011-12-09
9,6992.73,False,44,2011-12-02
11,11544.22,False,44,2011-12-02
90,6170.58,False,44,2011-12-16
23,2525.2,False,44,2011-12-02
35,13550.14,True,44,2011-12-30
85,65.94,False,44,2011-12-23
35,72232.44,False,44,2011-12-02
56,38387.86,False,44,2011-12-16
28,34810.65,False,44,2011-12-23
82,9842.46,False,44,2011-12-16
79,2251.75,False,44,2011-12-09
22,179222.8,False,44,2011-12-09
93,13273.02,True,44,2011-12-30
87,2969.51,False,44,2011-12-23
21,62891.98,False,44,2011-12-09
87,40339.82,False,44,2011-12-23
67,13944.47,False,44,2011-12-09
87,3862.45,False,44,2011-12-02
72,20539.46,False,44,2011-12-16
52,22721.94,False,44,2011-12-16
31,10932.54,True,44,2011-12-30
96,6257.58,False,44,2011-12-09
95,55545.44,False,44,2011-12-23
41,1870.32,False,44,2011-12-16
55,27949.1,False,44,2011-12-02
4,140.8,True,44,2011-12-30
8,657.38,True,44,2011-12-30
50,17917.73,False,44,2011-12-23
22,5752.75,False,44,2011-12-02
87,1687.35,False,44,2011-12-16
13,17484.14,False,44,2011-12-02
24,19573.9,False,44,2011-12-09
92,518.12,False,44,2011-12-02
8,716.35,True,44,2011-12-30
49,10779.78,False,44,2011-12-02
19,525.34,False,44,2011-12-16
99,24506.08,False,44,2011-12-09
16,46.62,True,44,2011-12-30
18,8700.19,False,44,2011-12-02
