Dept,Date,Weekly_Sales,IsHoliday,Store
60,2011-12-02,7901.002530428583,0.0,0
98,2011-12-30,3.249147312160801,1.0,0
1,2011-12-30,3432.1238552778177,1.0,0
6,2011-12-16,1642.857317267191,0.0,0
96,2011-12-30,5508.182393828439,1.0,0
71,2011-12-30,66706.38757998578,1.0,0
42,2011-12-02,6664.009013454402,0.0,0
24,2011-12-16,7328.807780861723,0.0,0
13,2011-12-16,31891.83671291649,0.0,0
65,2011-12-09,383.9580668218092,0.0,0
26,2011-12-23,22.65846037032053,0.0,0
94,2011-12-30,168.43028837376667,1.0,0
3,2011-12-09,608.6763549324521,0.0,0
23,2011-12-02,24695.83820550397,0.0,0
92,2011-12-09,49635.22848993888,0.0,0
28,2011-12-02,906.2226681277876,0.0,0
85,2011-12-30,4905.596321527155,1.0,0
41,2011-12-16,2113.2233416796757,0.0,0
94,2011-12-09,49520.62069880353,0.0,0
25,2011-12-23,61.63025701077387,0.0,0
16,2011-12-23,6856.099481904144,0.0,0
80,2011-12-16,95.05136769097952,0.0,0
85,2011-12-23,7834.874174634648,0.0,0
17,2011-12-02,24198.593066688427,0.0,0
59,2011-12-23,244.82022379339432,0.0,0
80,2011-12-02,401.3027635695044,0.0,0
32,2011-12-23,7719.930851499429,0.0,0
60,2011-12-30,105.14317265154176,1.0,0
54,2011-12-02,393.4631954438303,0.0,0
28,2011-12-16,73.34707129856606,0.0,0
92,2011-12-02,29075.403247477883,0.0,0
93,2011-12-16,511.1792004064815,0.0,0
95,2011-12-30,36604.08218704835,1.0,0
59,2011-12-23,21378.04184698653,0.0,0
16,2011-12-23,6973.743103211219,0.0,0
90,2011-12-16,52512.96350240888,0.0,0
94,2011-12-16,202.44221968317612,0.0,0
28,2011-12-02,927.9826376637571,0.0,0
10,2011-12-09,424.25870138476256,0.0,0
80,2011-12-30,11241.876047217673,1.0,0
17,2011-12-09,19097.814842151085,0.0,0
6,2011-12-09,1014.3894618081032,0.0,0
55,2011-12-30,2355.8144095048606,1.0,0
16,2011-12-16,256.9748243558226,0.0,0
59,2011-12-02,792.0855065964649,0.0,0
74,2011-12-23,6173.246529530983,0.0,0
17,2011-12-16,471.55009646853273,0.0,0
1,2011-12-23,15948.202871132922,0.0,0
36,2011-12-09,718.2770838675233,0.0,0
26,2011-12-02,14.927379383906018,0.0,0
28,2011-12-09,162.17593819401898,0.0,0
56,2011-12-16,215.96042516832972,0.0,0
26,2011-12-09,12326.237068473964,0.0,0
34,2011-12-30,5679.831416423832,1.0,0
82,2011-12-16,20622.082096550283,0.0,0
20,2011-12-30,981.7915364619976,1.0,0
83,2011-12-16,88.62517321687268,0.0,0
82,2011-12-23,79233.00467776413,0.0,0
17,2011-12-02,505.78387991949097,0.0,0
14,2011-12-30,3159.1814167393027,1.0,0
10,2011-12-16,299.0628320149818,0.0,0
95,2011-12-02,32555.991143474443,0.0,0
60,2011-12-02,285.4708295814634,0.0,0
13,2011-12-23,34543.53727477591,0.0,0
92,2011-12-16,28212.24340309288,0.0,0
12,2011-12-30,3443.409709106865,1.0,0
45,2011-12-02,5333.839350630467,0.0,0
79,2011-12-16,7587.139628963102,0.0,0
4,2011-12-30,27754.9377007915,1.0,0
25,2011-12-16,12140.561028618376,0.0,0
48,2011-12-30,-167.42156281577763,1.0,0
95,2011-12-30,28800.608707528587,1.0,0
25,2011-12-30,6871.644550835414,1.0,0
17,2011-12-30,38.4958401406583,1.0,0
97,2011-12-02,10760.95765971308,0.0,0
93,2011-12-16,35863.505934438654,0.0,0
24,2011-12-02,61.75802608197985,0.0,0
17,2011-12-30,32686.66028859896,1.0,0
93,2011-12-09,1444.7917275517327,0.0,0
72,2011-12-02,8675.318088697726,0.0,0
6,2011-12-09,1010.0912492720138,0.0,0
12,2011-12-02,69.97065671828507,0.0,0
96,2011-12-23,10608.12044533592,0.0,0
46,2011-12-23,18819.40938619673,0.0,0
52,2011-12-09,10.024498392222052,0.0,0
36,2011-12-23,1225.368128857911,0.0,0
55,2011-12-30,192.52241604733985,1.0,0
92,2011-12-23,74322.56295388998,0.0,0
55,2011-12-23,67.55980480596715,0.0,0
56,2011-12-02,635.1669537759691,0.0,0
40,2011-12-30,3083.846062676604,1.0,0
12,2011-12-23,118.35510916222846,0.0,0
12,2011-12-16,167.42856777901957,0.0,0
21,2011-12-30,652.2625767262855,1.0,0
80,2011-12-09,16644.62582527171,0.0,0
93,2011-12-16,35017.25898898979,0.0,0
81,2011-12-16,5109.197074146712,0.0,0
28,2011-12-16,506.5757677928384,0.0,0
54,2011-12-30,47.83718766936711,1.0,0
17,2011-12-02,17577.520513619344,0.0,0
54,2011-12-30,62.74364731726751,1.0,0
16,2011-12-09,2312.395951495801,0.0,0
44,2011-12-23,12341.513341541886,0.0,0
54,2011-12-09,182.1064667775216,0.0,0
46,2011-12-16,26605.52266074284,0.0,0
85,2011-12-16,19.89379673787453,0.0,0
59,2011-12-23,8598.494325894073,0.0,0
32,2011-12-16,12439.18708788836,0.0,0
97,2011-12-23,19124.22987503928,0.0,0
9,2011-12-02,7377.669223395786,0.0,0
54,2011-12-16,179.38742395560757,0.0,0
90,2011-12-02,57265.86807918298,0.0,0
97,2011-12-09,3524.720552507088,0.0,0
87,2011-12-30,536.280210052683,1.0,0
49,2011-12-09,12398.531840024374,0.0,0
18,2011-12-16,1654.4427702032135,0.0,0
81,2011-12-30,11878.573805965492,1.0,0
20,2011-12-23,11916.72773214334,0.0,0
28,2011-12-02,358.2898850313944,0.0,0
10,2011-12-16,59.82715469933401,0.0,0
1,2011-12-30,6548.257181719721,1.0,0
71,2011-12-09,7548.232997400879,0.0,0
10,2011-12-16,345.37429599467407,0.0,0
59,2011-12-09,1504.1312142589468,0.0,0
54,2011-12-30,83.07329089291754,1.0,0
20,2011-12-02,1180.524562014446,0.0,0
5,2011-12-16,503.7919688642276,0.0,0
30,2011-12-30,2.6862270873606766,1.0,0
6,2011-12-16,725.5778190402486,0.0,0
28,2011-12-02,1038.1104954084503,0.0,0
14,2011-12-30,501.7793051663242,1.0,0
13,2011-12-23,7637.503230604162,0.0,0
25,2011-12-09,31.760195440110447,0.0,0
22,2011-12-16,48.80985189644718,0.0,0
31,2011-12-30,32.82654594259658,1.0,0
38,2011-12-09,70909.67237811422,0.0,0
14,2011-12-02,415.1078843539915,0.0,0
58,2011-12-02,607.0568017026883,0.0,0
3,2011-12-16,274.0234814584429,0.0,0
3,2011-12-16,483.9029205795443,0.0,0
98,2011-12-09,2985.8333045018258,0.0,0
74,2011-12-02,242.38113815942768,0.0,0
14,2011-12-09,2752.154978296687,0.0,0
94,2011-12-02,31908.865570548744,0.0,0
85,2011-12-23,14240.228718103524,0.0,0
81,2011-12-30,11179.222925521122,1.0,0
82,2011-12-30,17596.88026893374,1.0,0
97,2011-12-16,23062.97402230498,0.0,0
85,2011-12-02,4887.4213883427765,0.0,0
87,2011-12-16,7076.429347261971,0.0,0
16,2011-12-16,362.9004846092305,0.0,0
52,2011-12-09,32.058839184390976,0.0,0
16,2011-12-16,231.54639990739824,0.0,0
85,2011-12-23,8994.51274493807,0.0,0
92,2011-12-16,26500.53181947957,0.0,0
87,2011-12-23,542.7547790905921,0.0,0
82,2011-12-16,656.4825875047953,0.0,0
21,2011-12-30,326.8221192738747,1.0,0
20,2011-12-09,762.4325194777726,0.0,0
46,2011-12-16,8609.942651695474,0.0,0
23,2011-12-09,76365.97887853124,0.0,0
60,2011-12-23,1359.1981682981004,0.0,0
72,2011-12-16,1058.9592227807077,0.0,0
3,2011-12-30,214.99215006527368,1.0,0
42,2011-12-30,1183.3612372588464,1.0,0
6,2011-12-09,625.1692723083435,0.0,0
12,2011-12-02,57.31629009247507,0.0,0
49,2011-12-09,1352.4968727129638,0.0,0
16,2011-12-23,5184.629978815562,0.0,0
92,2011-12-23,64822.14102964201,0.0,0
74,2011-12-30,3806.961673514106,1.0,0
9,2011-12-09,123.90972196970311,0.0,0
37,2011-12-09,137.56902760080476,0.0,0
93,2011-12-02,1028.5570063751716,0.0,0
27,2011-12-02,685.1899039991418,0.0,0
94,2011-12-16,26351.792754232654,0.0,0
83,2011-12-09,49259.86899285411,0.0,0
87,2011-12-09,323.3402163928228,0.0,0
90,2011-12-30,28863.81745468297,1.0,0
95,2011-12-02,57924.95040804954,0.0,0
97,2011-12-23,19301.51738247058,0.0,0
55,2011-12-09,185.92479061332983,0.0,0
60,2011-12-30,-12.787895509892545,1.0,0
92,2011-12-23,41470.797527972805,0.0,0
31,2011-12-09,12.763340919292409,0.0,0
60,2011-12-09,545.1986927694991,0.0,0
81,2011-12-16,21246.40041594144,0.0,0
93,2011-12-16,37052.89165808111,0.0,0
82,2011-12-02,164.59955768074943,0.0,0
74,2011-12-02,1069.7814566007182,0.0,0
23,2011-12-23,63041.45517795236,0.0,0
60,2011-12-30,111.53977227406529,1.0,0
55,2011-12-16,33.48813558913578,0.0,0
9,2011-12-02,12892.34709191701,0.0,0
24,2011-12-30,21.167614549734907,1.0,0
17,2011-12-09,8974.564618465993,0.0,0
10,2011-12-16,415.39134114994255,0.0,0
93,2011-12-23,52420.76394497248,0.0,0
60,2011-12-30,726.8908253026545,1.0,0
56,2011-12-02,543.1780743976493,0.0,0
93,2011-12-02,57519.105367483,0.0,0
54,2011-12-09,47.17207835172649,0.0,0
92,2011-12-02,580.1374865845106,0.0,0
95,2011-12-02,29088.003868630683,0.0,0
95,2011-12-02,20002.507855058568,0.0,0
97,2011-12-16,8335.59580071623,0.0,0
54,2011-12-23,109.689665347453,0.0,0
71,2011-12-02,11310.821515456584,0.0,0
81,2011-12-30,15470.91511383299,1.0,0
13,2011-12-30,11886.415341413753,1.0,0
2,2011-12-02,14322.637463330568,0.0,0
99,2011-12-16,1378.648578563075,0.0,0
25,2011-12-30,57.76366209599449,1.0,0
91,2011-12-09,53335.990035908166,0.0,0
92,2011-12-16,27117.401904741808,0.0,0
79,2011-12-09,10530.93714818424,0.0,0
54,2011-12-09,74.32667707481369,0.0,0
79,2011-12-02,99.53236681359716,0.0,0
97,2011-12-23,16433.818504036302,0.0,0
16,2011-12-02,2301.470942873498,0.0,0
22,2011-12-09,67.94224884753368,0.0,0
26,2011-12-09,46.19263039631795,0.0,0
94,2011-12-09,61322.42602702056,0.0,0
16,2011-12-02,245.00022495130733,0.0,0
9,2011-12-23,28.001876264930218,0.0,0
83,2011-12-23,71.65030454258012,0.0,0
71,2011-12-30,51667.31853130261,1.0,0
52,2011-12-23,115.37592394551332,0.0,0
34,2011-12-16,8516.105348803218,0.0,0
98,2011-12-09,3438.6278650497625,0.0,0
12,2011-12-09,78.08945335977765,0.0,0
54,2011-12-09,85.16484300850124,0.0,0
27,2011-12-23,13965.16504966485,0.0,0
59,2011-12-30,1925.2948049817803,1.0,0
28,2011-12-02,1234.9660613440974,0.0,0
16,2011-12-16,3182.3358959212046,0.0,0
67,2011-12-09,11.003228348852923,0.0,0
9,2011-12-30,4791.386929703165,1.0,0
10,2011-12-09,14905.018576068302,0.0,0
85,2011-12-09,915.6513831642814,0.0,0
16,2011-12-23,287.3968510993789,0.0,0
17,2011-12-30,2.0976858608534883,1.0,1
54,2011-12-30,3696.8136022204826,1.0,1
32,2011-12-23,15035.762913993163,0.0,1
97,2011-12-09,1536.0638431866596,0.0,1
93,2011-12-16,75255.98292072286,0.0,1
24,2011-12-09,5336.183873143487,0.0,1
77,2011-12-16,10473.007131755132,0.0,1
17,2011-12-02,13822.656117715753,0.0,1
72,2011-12-16,99188.4213727985,0.0,1
21,2011-12-23,9242.4016711033,0.0,1
81,2011-12-02,11477.168718148996,0.0,1
42,2011-12-23,5539.688703336066,0.0,1
21,2011-12-30,9139.235554826735,1.0,1
6,2011-12-16,147.3402246974586,0.0,1
21,2011-12-02,1444.1820356650903,0.0,1
30,2011-12-30,1421.3598297468093,1.0,1
81,2011-12-30,5303.339781686126,1.0,1
18,2011-12-30,15462.684297297325,1.0,1
97,2011-12-23,114.55578210269424,0.0,1
5,2011-12-02,1747.9067496582825,0.0,1
41,2011-12-16,3205.327503335907,0.0,1
3,2011-12-23,7587.896826529953,0.0,1
33,2011-12-30,5584.518531975223,1.0,1
90,2011-12-02,57594.16099601706,0.0,1
2,2011-12-30,53599.02380464928,1.0,1
11,2011-12-23,16747.16158761204,0.0,1
79,2011-12-23,845.6986652598528,0.0,1
56,2011-12-09,8129.573989817428,0.0,1
38,2011-12-16,10296.782755385364,0.0,1
7,2011-12-23,19348.550945759936,0.0,1
85,2011-12-30,350.1880914826568,1.0,1
54,2011-12-02,2502.194225748474,0.0,1
71,2011-12-09,927.9039029708152,0.0,1
17,2011-12-16,25866.101724367443,0.0,1
85,2011-12-02,563.5217903279607,0.0,1
80,2011-12-23,14127.695424416232,0.0,1
22,2011-12-16,18382.306540925107,0.0,1
31,2011-12-09,3476.74449985971,0.0,1
31,2011-12-09,3552.849992855825,0.0,1
2,2011-12-16,13270.288488468335,0.0,1
59,2011-12-30,2824.0145588495216,1.0,1
22,2011-12-02,13878.548575348668,0.0,1
41,2011-12-30,4432.460388724714,1.0,1
99,2011-12-30,364.432456716452,1.0,1
41,2011-12-16,1739.338213281038,0.0,1
38,2011-12-02,71138.97804148633,0.0,1
37,2011-12-23,2865.125930729115,0.0,1
16,2011-12-23,7797.323478070341,0.0,1
41,2011-12-23,8282.544128713138,0.0,1
65,2011-12-30,621.2625070444527,1.0,1
23,2011-12-02,22379.31973516224,0.0,1
97,2011-12-02,10322.594293472275,0.0,1
41,2011-12-09,3598.0724953068225,0.0,1
22,2011-12-23,29172.48853572036,0.0,1
72,2011-12-09,423.4494364917985,0.0,1
98,2011-12-09,285.0595132707385,0.0,1
82,2011-12-02,25655.874858248408,0.0,1
52,2011-12-02,18374.64475448559,0.0,1
44,2011-12-02,8842.849810902952,0.0,1
36,2011-12-09,1441.4738946960142,0.0,1
50,2011-12-09,7748.834988304653,0.0,1
29,2011-12-02,7900.75730049078,0.0,1
12,2011-12-30,1727.2309069998512,1.0,1
97,2011-12-02,861.888049449968,0.0,1
13,2011-12-09,6990.811509521061,0.0,1
55,2011-12-16,27601.072935136068,0.0,1
3,2011-12-23,18854.935661922915,0.0,1
14,2011-12-23,80201.114380192,0.0,1
52,2011-12-16,1709.0757401483947,0.0,1
35,2011-12-30,1670.4306559461331,1.0,1
34,2011-12-09,8020.837640738358,0.0,1
10,2011-12-02,16175.696448330844,0.0,1
44,2011-12-09,7283.495756959765,0.0,1
56,2011-12-30,1023.8242692495608,1.0,1
24,2011-12-30,3008.667636819089,1.0,1
80,2011-12-16,21095.09531909193,0.0,1
60,2011-12-23,5379.141249694363,0.0,1
17,2011-12-30,16695.593145642,1.0,1
17,2011-12-09,9301.080289843643,0.0,1
80,2011-12-09,5375.686012071969,0.0,1
2,2011-12-09,24122.156342404814,0.0,1
79,2011-12-09,41041.8976446676,0.0,1
59,2011-12-02,1759.4904915919954,0.0,1
83,2011-12-09,5525.510926885023,0.0,1
12,2011-12-09,4241.379109028909,0.0,1
31,2011-12-30,2521.4229220250013,1.0,1
34,2011-12-23,28609.639946207622,0.0,1
33,2011-12-23,19752.848041184698,0.0,1
13,2011-12-16,15894.046956526676,0.0,1
54,2011-12-02,5233.754335818695,0.0,1
97,2011-12-16,4587.216622445517,0.0,1
8,2011-12-16,40890.21513842685,0.0,1
36,2011-12-30,4327.689637940063,1.0,1
36,2011-12-23,2624.0255327684054,0.0,1
54,2011-12-09,35.609823435912105,0.0,1
81,2011-12-02,15237.08870302225,0.0,1
23,2011-12-02,32097.86893030476,0.0,1
17,2011-12-30,7455.363533001925,1.0,1
23,2011-12-09,32216.25977806272,0.0,1
1,2011-12-30,20109.84141335748,1.0,1
38,2011-12-30,79356.595011329,1.0,1
19,2011-12-30,877.9810619056233,1.0,1
56,2011-12-23,30589.41424612012,0.0,1
52,2011-12-02,9.274863679065144,0.0,1
97,2011-12-02,2869.6139298376224,0.0,1
54,2011-12-02,46.60729864695782,0.0,1
19,2011-12-23,1820.353355214938,0.0,1
48,2011-12-16,28054.229689289965,0.0,1
80,2011-12-30,50856.15606829525,1.0,1
83,2011-12-16,5.87693906679185,0.0,1
80,2011-12-23,19954.524635953272,0.0,1
14,2011-12-02,2307.843510656429,0.0,1
80,2011-12-16,718.1826748567987,0.0,1
83,2011-12-23,14405.827706732964,0.0,1
80,2011-12-23,10453.86340391755,0.0,1
97,2011-12-30,5251.551705020052,1.0,1
21,2011-12-02,1740.538257871454,0.0,1
33,2011-12-30,6715.864461450266,1.0,1
27,2011-12-23,4303.898887065285,0.0,1
27,2011-12-30,3204.3955217153166,1.0,1
5,2011-12-16,48584.0441797832,0.0,1
40,2011-12-02,4091.016228882595,0.0,1
20,2011-12-16,6078.19102590376,0.0,1
3,2011-12-16,23683.5278635909,0.0,1
85,2011-12-09,119.9388323655666,0.0,1
26,2011-12-23,14100.109157798011,0.0,1
32,2011-12-16,9114.141455976527,0.0,1
14,2011-12-23,29279.77961341626,0.0,1
10,2011-12-23,41692.35812016634,0.0,1
6,2011-12-16,1191.0289331276956,0.0,1
94,2011-12-16,33935.307032547265,0.0,1
1,2011-12-16,35728.33325112377,0.0,1
21,2011-12-16,11806.48406626475,0.0,1
20,2011-12-16,2974.734719720304,0.0,1
9,2011-12-30,17426.99992676736,1.0,1
21,2011-12-16,4954.258889072086,0.0,1
74,2011-12-02,2718.6362754596607,0.0,1
14,2011-12-09,1936.7345906583812,0.0,1
25,2011-12-23,10864.457164720545,0.0,1
81,2011-12-30,10168.316146159776,1.0,1
20,2011-12-09,7191.519363927349,0.0,1
42,2011-12-02,6190.010065354836,0.0,1
29,2011-12-16,22102.17814138788,0.0,1
30,2011-12-30,640.6908121175347,1.0,1
85,2011-12-16,688.9870452507731,0.0,1
5,2011-12-23,1341.667582580858,0.0,1
14,2011-12-23,567.3565654500904,0.0,1
94,2011-12-02,132.51449811983738,0.0,1
29,2011-12-16,9834.401715673095,0.0,1
4,2011-12-16,32091.502807702123,0.0,1
54,2011-12-23,1288.9166003154005,0.0,1
97,2011-12-16,3379.799552298638,0.0,1
13,2011-12-16,4490.192333288616,0.0,1
80,2011-12-23,52135.30880038678,0.0,1
97,2011-12-02,2384.049602861572,0.0,1
94,2011-12-23,222.0217948113108,0.0,1
18,2011-12-02,48660.77874589784,0.0,1
48,2011-12-23,380.2240636920977,0.0,1
24,2011-12-30,11406.800615972475,1.0,1
28,2011-12-30,270.8323245431342,1.0,1
99,2011-12-16,3340.2516840201224,0.0,1
54,2011-12-09,4892.417603052665,0.0,1
16,2011-12-30,11224.97334265761,1.0,1
72,2011-12-16,57188.67025084716,0.0,1
83,2011-12-16,4773.39033533948,0.0,1
4,2011-12-23,19922.50879612853,0.0,1
72,2011-12-16,3689.590827650569,0.0,1
6,2011-12-23,1128.6322754114371,0.0,1
91,2011-12-16,30321.806277892763,0.0,1
46,2011-12-23,21932.79664637144,0.0,1
14,2011-12-02,2075.473629020068,0.0,1
74,2011-12-09,2984.1065573820874,0.0,1
35,2011-12-02,1303.735237378454,0.0,1
85,2011-12-09,9627.892422187826,0.0,1
59,2011-12-16,907.0348000725792,0.0,1
9,2011-12-16,467.4527122816151,0.0,1
2,2011-12-23,107880.50389668488,0.0,1
32,2011-12-09,7809.849347476375,0.0,1
58,2011-12-16,12756.055002760791,0.0,1
72,2011-12-23,13465.2427012385,0.0,1
42,2011-12-16,10953.722146119324,0.0,1
87,2011-12-23,16762.400579340498,0.0,1
41,2011-12-23,2406.768530713731,0.0,1
81,2011-12-09,23001.67446430028,0.0,1
80,2011-12-02,9033.648496263662,0.0,1
13,2011-12-02,13949.928452244449,0.0,1
91,2011-12-16,4347.966598979268,0.0,1
78,2011-12-23,37583.7999493262,0.0,1
54,2011-12-16,77.47046805286122,0.0,1
5,2011-12-09,-13.857368538271148,0.0,1
25,2011-12-09,11224.81617667301,0.0,1
3,2011-12-16,5800.984292642544,0.0,1
3,2011-12-02,5426.658691272891,0.0,1
9,2011-12-02,49.64261682673058,0.0,1
36,2011-12-02,2355.742597304884,0.0,1
72,2011-12-09,519.5329025931774,0.0,1
91,2011-12-30,5411.25685682967,1.0,1
83,2011-12-02,1444.454910685448,0.0,1
22,2011-12-30,16757.590755117075,1.0,1
29,2011-12-02,1916.0209737621217,0.0,1
60,2011-12-16,27961.97682920488,0.0,1
85,2011-12-16,2846.573413820939,0.0,1
7,2011-12-09,472.6429744867454,0.0,1
82,2011-12-02,19571.046108066446,0.0,1
98,2011-12-16,395.80096272841536,0.0,1
24,2011-12-16,11236.925275739031,0.0,1
17,2011-12-30,14961.820857617004,1.0,1
60,2011-12-30,899.0118424584665,1.0,1
95,2011-12-09,748.3071925860456,0.0,1
14,2011-12-09,4112.275342243902,0.0,1
94,2011-12-02,2774.863566006422,0.0,1
52,2011-12-23,88599.38210628196,0.0,1
96,2011-12-02,830.3728772220995,0.0,1
21,2011-12-02,5691.092476887752,0.0,1
45,2011-12-09,21140.901152033115,0.0,1
37,2011-12-23,6882.502916983656,0.0,1
29,2011-12-09,8950.405105647193,0.0,1
20,2011-12-30,2386.39789435952,1.0,1
42,2011-12-30,5925.917841091808,1.0,1
1,2011-12-16,19359.751001668457,0.0,1
3,2011-12-30,6764.3342294293925,1.0,1
97,2011-12-09,5459.194958919371,0.0,1
71,2011-12-16,25515.90363174677,0.0,1
14,2011-12-02,27285.796526788134,0.0,1
85,2011-12-16,2373.0308838117526,0.0,1
32,2011-12-16,7535.367154241068,0.0,1
2,2011-12-02,18063.582036364078,0.0,1
2,2011-12-09,10822.820829356597,0.0,1
87,2011-12-30,17509.8038246117,1.0,1
3,2011-12-09,6951.553954471528,0.0,1
67,2011-12-02,10979.319751986744,0.0,1
29,2011-12-16,7814.0527852848445,0.0,1
3,2011-12-16,17128.430027785787,0.0,1
8,2011-12-30,32.12736944982436,1.0,1
33,2011-12-09,34347.31686647966,0.0,1
36,2011-12-16,3288.009441244609,0.0,1
72,2011-12-23,39496.54016058869,0.0,1
56,2011-12-16,2485.375732281226,0.0,1
27,2011-12-16,4955.62238717571,0.0,1
71,2011-12-23,660.1326178766358,0.0,1
30,2011-12-23,5308.945307304859,0.0,1
8,2011-12-09,13025.910364703925,0.0,1
45,2011-12-16,11862.1793406515,0.0,1
36,2011-12-23,5137.024131065314,0.0,1
22,2011-12-30,4530.71904652095,1.0,1
82,2011-12-30,5755.866435416762,1.0,1
29,2011-12-02,5908.511184321371,0.0,1
85,2011-12-02,2237.0487562854373,0.0,1
85,2011-12-16,4975.921331082572,0.0,1
56,2011-12-09,6869.925946622848,0.0,1
94,2011-12-23,54587.237188029954,0.0,1
72,2011-12-30,81004.988208617,1.0,1
87,2011-12-30,18084.734823962444,1.0,1
54,2011-12-09,25678.21450125173,0.0,1
45,2011-12-23,17897.133606263335,0.0,1
92,2011-12-09,8497.553971771431,0.0,1
48,2011-12-30,44468.9206343825,1.0,1
67,2011-12-16,10715.046739462086,0.0,1
4,2011-12-02,23708.97363039943,0.0,1
80,2011-12-16,14768.76766499024,0.0,1
60,2011-12-02,4265.883566780885,0.0,1
87,2011-12-30,22060.356723242145,1.0,1
55,2011-12-23,29674.902523836085,0.0,1
41,2011-12-02,844.819172905206,0.0,1
79,2011-12-02,4910.0123925520265,0.0,1
8,2011-12-02,100.74108351796848,0.0,1
34,2011-12-16,3166.194679420386,0.0,1
32,2011-12-30,14040.7739529765,1.0,1
24,2011-12-09,4156.721831344559,0.0,1
21,2011-12-02,9998.529505527717,0.0,1
31,2011-12-09,2654.753073134372,0.0,1
54,2011-12-23,2571.8138080197527,0.0,1
14,2011-12-23,106146.93050867211,0.0,1
41,2011-12-16,11345.68055187245,0.0,1
26,2011-12-09,6635.768667019827,0.0,1
79,2011-12-30,13939.67119997739,1.0,1
35,2011-12-30,17615.660699007854,1.0,1
93,2011-12-02,1280.5234248193512,0.0,1
3,2011-12-30,2431.1405872317905,1.0,1
98,2011-12-16,113.11772936354652,0.0,1
44,2011-12-02,6282.862509259856,0.0,1
7,2011-12-09,38008.12324455321,0.0,1
11,2011-12-23,13074.863500869911,0.0,1
14,2011-12-30,46.267950612592685,1.0,1
18,2011-12-23,41422.47368257907,0.0,1
11,2011-12-16,16275.337677290636,0.0,1
9,2011-12-30,13259.106453827608,1.0,1
25,2011-12-30,4727.916466061577,1.0,1
1,2011-12-16,30788.923656260235,0.0,1
74,2011-12-30,43788.59473809939,1.0,1
30,2011-12-16,4749.738916154592,0.0,1
31,2011-12-02,2180.1733445225163,0.0,1
4,2011-12-23,13706.926673741384,0.0,1
6,2011-12-23,13911.36827744502,0.0,1
98,2011-12-23,17801.030798268974,0.0,1
27,2011-12-30,2254.3394942125183,1.0,1
30,2011-12-23,5206.472723594593,0.0,1
59,2011-12-23,1456.4733458888838,0.0,1
96,2011-12-30,1280.1526878337963,1.0,1
26,2011-12-16,4692.710407556063,0.0,1
38,2011-12-02,93984.20828203688,0.0,1
30,2011-12-16,5586.124007562336,0.0,1
71,2011-12-16,42898.01771509069,0.0,1
37,2011-12-16,2234.046858230637,0.0,1
97,2011-12-23,730.7731920336594,0.0,1
59,2011-12-02,1733.9015465773157,0.0,1
1,2011-12-02,19275.485272078226,0.0,1
80,2011-12-02,17973.06145670602,0.0,1
72,2011-12-09,44085.20537445278,0.0,1
18,2011-12-02,15088.307682818331,0.0,1
30,2011-12-30,5513.825697453352,1.0,1
28,2011-12-30,1156.2882547944766,1.0,1
27,2011-12-16,2082.027916064623,0.0,1
40,2011-12-23,13321.509642206049,0.0,1
16,2011-12-23,2163.6464534685924,0.0,1
24,2011-12-16,15781.312880293572,0.0,1
94,2011-12-30,204.32501468375236,1.0,1
60,2011-12-23,372.6930659550432,0.0,1
85,2011-12-16,486.9890826537597,0.0,1
10,2011-12-16,15305.782944483744,0.0,1
49,2011-12-02,7720.197935943741,0.0,1
91,2011-12-16,11801.276001608216,0.0,1
58,2011-12-23,2071.449307515513,0.0,1
85,2011-12-02,354.7461970175387,0.0,1
27,2011-12-30,2784.0541075979468,1.0,1
12,2011-12-23,9440.413230687536,0.0,1
10,2011-12-23,11468.45250631592,0.0,1
10,2011-12-23,28021.661553770384,0.0,1
27,2011-12-02,3316.3386905751945,0.0,1
97,2011-12-16,3819.1172079462376,0.0,1
80,2011-12-09,12384.299122631635,0.0,1
37,2011-12-23,3537.065436843282,0.0,1
71,2011-12-02,2578.380117250697,0.0,1
46,2011-12-23,68411.781615758,0.0,1
46,2011-12-16,44951.18198634384,0.0,1
20,2011-12-30,3271.682292691707,1.0,1
80,2011-12-09,46354.781750668575,0.0,1
20,2011-12-16,9259.150201604976,0.0,1
31,2011-12-02,1526.4601017364814,0.0,1
96,2011-12-30,16153.777898210505,1.0,1
41,2011-12-30,1963.5365143692316,1.0,2
25,2011-12-23,29385.657416246544,0.0,2
67,2011-12-30,3426.1496331830176,1.0,2
32,2011-12-09,15276.380631557318,0.0,2
22,2011-12-09,13779.140983399402,0.0,2
72,2011-12-30,22303.01703858743,1.0,2
44,2011-12-23,5391.841284527452,0.0,2
37,2011-12-30,1394.1309033973812,1.0,2
27,2011-12-02,1436.450259084449,0.0,2
38,2011-12-16,32080.913565260107,0.0,2
41,2011-12-23,7316.318900073086,0.0,2
34,2011-12-23,4376.340541311854,0.0,2
81,2011-12-09,28292.35652199414,0.0,2
90,2011-12-23,26103.32970437773,0.0,2
82,2011-12-16,20437.51682114353,0.0,2
56,2011-12-02,2079.38797228796,0.0,2
13,2011-12-23,9572.51947099548,0.0,2
12,2011-12-02,4244.068067586568,0.0,2
32,2011-12-30,3912.630489308187,1.0,2
29,2011-12-30,4205.468174320236,1.0,2
87,2011-12-23,13371.151324658556,0.0,2
4,2011-12-30,24402.498986038187,1.0,2
17,2011-12-02,10862.150989677795,0.0,2
16,2011-12-16,43578.69598402635,0.0,2
44,2011-12-23,9226.674563559416,0.0,2
34,2011-12-23,24702.275510498435,0.0,2
8,2011-12-30,25939.30543862622,1.0,2
9,2011-12-30,925.3671584159144,1.0,2
38,2011-12-02,91420.97410336485,0.0,2
97,2011-12-02,13991.95728371885,0.0,2
29,2011-12-23,17425.498485221466,0.0,2
25,2011-12-02,6004.540260759227,0.0,2
30,2011-12-30,472.2776756258596,1.0,2
79,2011-12-02,1006.1915716365212,0.0,2
11,2011-12-09,10053.76115214588,0.0,2
25,2011-12-02,15335.110045832287,0.0,2
34,2011-12-30,11453.35726356921,1.0,2
79,2011-12-30,1253.5253648509895,1.0,2
5,2011-12-30,1286.646257725483,1.0,2
55,2011-12-23,63824.14113245783,0.0,2
80,2011-12-30,11260.42174522934,1.0,2
4,2011-12-16,25359.60925808133,0.0,2
83,2011-12-23,181.4247389891964,0.0,2
8,2011-12-16,87292.60081751927,0.0,2
46,2011-12-30,22875.98028442172,1.0,2
45,2011-12-02,9623.329140750144,0.0,2
44,2011-12-16,9518.746687495575,0.0,2
87,2011-12-30,18711.47384981349,1.0,2
28,2011-12-09,1053.166116995973,0.0,2
6,2011-12-23,4905.790980959804,0.0,2
34,2011-12-23,13700.692540223015,0.0,2
19,2011-12-16,1886.043694957584,0.0,2
83,2011-12-02,10253.446476214554,0.0,2
27,2011-12-30,1659.5374965073595,1.0,2
4,2011-12-23,28362.00034006491,0.0,2
20,2011-12-02,4272.143776065967,0.0,2
6,2011-12-09,78.75245725438974,0.0,2
30,2011-12-02,2997.7187846848688,0.0,2
13,2011-12-02,45633.98741231145,0.0,2
98,2011-12-23,11296.45965672474,0.0,2
23,2011-12-02,54139.17193158283,0.0,2
81,2011-12-02,38168.09343773538,0.0,2
80,2011-12-16,7866.514951441425,0.0,2
67,2011-12-23,16412.37666904874,0.0,2
9,2011-12-16,26616.61124673889,0.0,2
13,2011-12-30,20405.497969136297,1.0,2
18,2011-12-09,19344.674442900578,0.0,2
42,2011-12-23,16666.676531888173,0.0,2
2,2011-12-16,70250.56538006384,0.0,2
52,2011-12-23,2551.4206125037654,0.0,2
16,2011-12-16,9995.496881380304,0.0,2
85,2011-12-30,3087.902759116632,1.0,2
25,2011-12-16,10567.908735446224,0.0,2
32,2011-12-09,4041.82279286663,0.0,2
16,2011-12-30,34542.3162851357,1.0,2
72,2011-12-09,16281.952921064274,0.0,2
23,2011-12-16,47928.86357468973,0.0,2
11,2011-12-02,10026.733500710498,0.0,2
13,2011-12-09,10357.460942336196,0.0,2
74,2011-12-30,3289.007160852158,1.0,2
10,2011-12-09,33655.237174864626,0.0,2
34,2011-12-23,26990.61044724069,0.0,2
98,2011-12-30,13.165118214305592,1.0,2
59,2011-12-16,6926.79813315926,0.0,2
49,2011-12-23,2219.910221744287,0.0,2
26,2011-12-02,5775.394633078618,0.0,2
28,2011-12-02,1281.8746712036534,0.0,2
52,2011-12-02,25273.10374464452,0.0,2
82,2011-12-23,40368.66387660245,0.0,2
16,2011-12-16,6207.62969324212,0.0,2
14,2011-12-09,15141.225505228307,0.0,2
81,2011-12-02,11977.141457706824,0.0,2
36,2011-12-23,2356.9226860155186,0.0,2
45,2011-12-02,21289.74248622431,0.0,2
40,2011-12-02,16733.918345972488,0.0,2
10,2011-12-30,39719.109413173865,1.0,2
4,2011-12-16,18181.438138968548,0.0,2
79,2011-12-16,50172.52097514917,0.0,2
31,2011-12-23,1430.0664945493925,0.0,2
18,2011-12-16,28177.45339133722,0.0,2
79,2011-12-16,8734.790995202738,0.0,2
97,2011-12-02,25906.124731152024,0.0,2
29,2011-12-02,17286.173620098787,0.0,2
54,2011-12-09,140.48464250883734,0.0,2
31,2011-12-02,2040.188352648744,0.0,2
42,2011-12-23,12711.904765296653,0.0,2
18,2011-12-16,20017.73667358033,0.0,2
98,2011-12-30,101.23097493328214,1.0,2
98,2011-12-30,11095.315088276748,1.0,2
81,2011-12-30,26636.431887206007,1.0,2
34,2011-12-02,21385.12949695912,0.0,2
97,2011-12-09,22073.44414085984,0.0,2
55,2011-12-30,25717.813707265257,1.0,2
55,2011-12-16,22715.857507559213,0.0,2
11,2011-12-16,17280.299298717913,0.0,2
4,2011-12-23,26743.102596497796,0.0,2
80,2011-12-30,14261.99870072101,1.0,2
12,2011-12-30,1174.7965186935671,1.0,2
11,2011-12-09,1209.11315343221,0.0,2
81,2011-12-23,4414.845757829773,0.0,2
3,2011-12-30,13665.760817460525,1.0,2
40,2011-12-30,34514.473772668294,1.0,2
85,2011-12-30,6449.696360530128,1.0,2
81,2011-12-09,16.746995963087958,0.0,2
35,2011-12-02,2289.574788942444,0.0,2
85,2011-12-02,2110.023658237718,0.0,2
87,2011-12-16,30139.331038878943,0.0,2
71,2011-12-23,27836.96186925598,0.0,2
52,2011-12-30,19208.27425295289,1.0,2
25,2011-12-02,4002.840878954372,0.0,2
96,2011-12-02,1937.8660771535087,0.0,2
74,2011-12-02,70204.26114948174,0.0,2
80,2011-12-02,12317.427490127242,0.0,2
7,2011-12-02,20314.18940453056,0.0,2
18,2011-12-30,44686.47024127457,1.0,2
9,2011-12-30,374.53924091013903,1.0,2
94,2011-12-09,15148.712656605983,0.0,2
22,2011-12-16,21524.863298903994,0.0,2
35,2011-12-16,1440.6013115091816,0.0,2
17,2011-12-02,14688.423054069492,0.0,2
23,2011-12-09,19082.756712476308,0.0,2
81,2011-12-30,7565.578671717492,1.0,2
60,2011-12-02,9458.799464244166,0.0,2
1,2011-12-09,25865.69881592218,0.0,2
6,2011-12-16,5930.056978564192,0.0,2
17,2011-12-02,11514.322413366925,0.0,2
30,2011-12-16,3076.2649782898425,0.0,2
98,2011-12-02,136.89624219631187,0.0,2
16,2011-12-16,35528.417733132075,0.0,2
34,2011-12-09,16229.533649001778,0.0,2
14,2011-12-23,55399.41487645995,0.0,2
36,2011-12-02,899.5001845362962,0.0,2
18,2011-12-30,32272.14547615813,1.0,2
82,2011-12-02,7837.392038380708,0.0,2
87,2011-12-16,9515.321280195394,0.0,2
24,2011-12-16,12800.19189807498,0.0,2
54,2011-12-16,14583.488722966367,0.0,2
42,2011-12-23,8035.76209973451,0.0,2
98,2011-12-09,592.7554724998948,0.0,2
8,2011-12-09,12988.623615572948,0.0,2
3,2011-12-30,293.79702581293515,1.0,2
2,2011-12-23,17211.523821860916,0.0,2
45,2011-12-09,13442.424799566812,0.0,2
55,2011-12-23,1216.760979250692,0.0,2
52,2011-12-09,18.095082419488957,0.0,2
21,2011-12-02,12059.746256516,0.0,2
58,2011-12-23,40858.999774617,0.0,2
82,2011-12-02,16607.12783638529,0.0,2
98,2011-12-02,1359.4393204395346,0.0,2
1,2011-12-09,44973.26531013694,0.0,2
47,2011-12-30,-80.11724842248509,1.0,2
31,2011-12-09,9279.689713554832,0.0,2
32,2011-12-23,32033.153738781097,0.0,2
90,2011-12-02,13803.322846217816,0.0,2
31,2011-12-16,4995.152040610887,0.0,2
2,2011-12-23,31781.62487557828,0.0,2
74,2011-12-30,9247.580279193922,1.0,2
17,2011-12-02,13810.349638114949,0.0,2
26,2011-12-23,22642.10857970201,0.0,2
20,2011-12-02,2808.984541389928,0.0,2
56,2011-12-02,14844.56362863412,0.0,2
20,2011-12-02,4784.557464884269,0.0,2
38,2011-12-16,62032.19545333384,0.0,2
38,2011-12-02,45543.25618897106,0.0,2
3,2011-12-09,13866.28914205272,0.0,2
1,2011-12-30,27663.611548924884,1.0,2
72,2011-12-09,44101.64686924942,0.0,2
46,2011-12-23,46467.20067866935,0.0,2
1,2011-12-30,17235.327758815052,1.0,2
94,2011-12-30,111.77781500726913,1.0,2
94,2011-12-16,188.6061291935329,0.0,2
20,2011-12-23,9836.418633022,0.0,2
38,2011-12-09,37367.33055854816,0.0,2
92,2011-12-02,45556.30287676374,0.0,2
7,2011-12-23,11623.028300204369,0.0,2
56,2011-12-30,18430.183802283595,1.0,2
27,2011-12-30,6761.899667318392,1.0,2
42,2011-12-30,8801.011321481468,1.0,2
11,2011-12-30,5978.960484890886,1.0,2
18,2011-12-09,30854.10245781632,0.0,2
20,2011-12-30,3294.58221723268,1.0,2
29,2011-12-30,7949.994067811935,1.0,2
30,2011-12-30,3869.437898828234,1.0,2
80,2011-12-16,43431.54722966631,0.0,2
32,2011-12-02,5460.43785660502,0.0,2
80,2011-12-09,-65.3572463748477,0.0,2
87,2011-12-02,7579.348986799641,0.0,2
25,2011-12-16,9831.167126404149,0.0,2
35,2011-12-23,2535.10658221547,0.0,2
42,2011-12-30,4723.063450986511,1.0,2
92,2011-12-16,39701.01775847647,0.0,2
71,2011-12-23,373.61166121385753,0.0,2
98,2011-12-09,1368.3366925238777,0.0,2
4,2011-12-30,30864.44733568066,1.0,2
91,2011-12-30,34089.93364467869,1.0,2
20,2011-12-16,3583.1788916562173,0.0,2
36,2011-12-02,3473.2501321329337,0.0,2
20,2011-12-02,11802.46402434851,0.0,2
8,2011-12-16,15371.592224543469,0.0,2
26,2011-12-09,3314.9606713032986,0.0,2
3,2011-12-09,3219.398779190273,0.0,2
80,2011-12-02,7580.429534513395,0.0,2
82,2011-12-30,25326.15141011796,1.0,2
56,2011-12-02,1560.972108531321,0.0,2
59,2011-12-23,9097.319371766034,0.0,2
60,2011-12-23,34387.58007822534,0.0,2
85,2011-12-30,1834.759653964231,1.0,2
2,2011-12-30,29821.58088883277,1.0,2
12,2011-12-30,36412.48858314883,1.0,2
85,2011-12-16,303.4784705442617,0.0,2
13,2011-12-23,35182.002623355256,0.0,2
1,2011-12-30,12532.001551886902,1.0,2
59,2011-12-02,4278.70809155169,0.0,2
87,2011-12-16,15800.811156996626,0.0,2
16,2011-12-02,5122.107944845344,0.0,2
87,2011-12-02,7552.946600246094,0.0,2
14,2011-12-30,195.244974264832,1.0,2
85,2011-12-09,2743.596492977817,0.0,2
44,2011-12-30,5864.223454585837,1.0,2
4,2011-12-30,19402.319704859587,1.0,2
25,2011-12-23,8892.83211107143,0.0,2
91,2011-12-02,10176.781596841663,0.0,2
20,2011-12-16,3000.098042936474,0.0,2
80,2011-12-09,35714.46218929278,0.0,2
9,2011-12-16,15709.878936378054,0.0,2
98,2011-12-23,1442.0095464014305,0.0,2
4,2011-12-30,38866.635996127065,1.0,2
6,2011-12-02,6253.0313254630655,0.0,2
72,2011-12-16,3587.4718383328227,0.0,2
71,2011-12-02,28867.60340809389,0.0,2
58,2011-12-02,1763.0871618766878,0.0,2
56,2011-12-02,26964.34773584974,0.0,2
45,2011-12-23,11300.4819035682,0.0,2
10,2011-12-16,34167.42284380528,0.0,2
59,2011-12-30,744.9785387712197,1.0,2
21,2011-12-30,5950.334314173163,1.0,2
9,2011-12-23,31560.173531303964,0.0,2
67,2011-12-09,9896.63395341562,0.0,2
19,2011-12-09,2272.6557333695446,0.0,2
38,2011-12-30,40017.02660653493,1.0,2
30,2011-12-09,2154.3417041711973,0.0,2
87,2011-12-23,18629.7657920584,0.0,2
87,2011-12-30,5201.79496866749,1.0,2
26,2011-12-09,5554.232941202289,0.0,2
90,2011-12-09,41665.676180889765,0.0,2
52,2011-12-23,4600.798117266277,0.0,2
24,2011-12-09,21348.438419304555,0.0,2
77,2011-12-23,13383.23174595448,0.0,2
55,2011-12-23,1731.0484919897683,0.0,2
87,2011-12-09,11337.68419843569,0.0,2
52,2011-12-16,59178.458859388615,0.0,2
20,2011-12-30,4630.873318848333,1.0,2
18,2011-12-16,702.2409691013717,0.0,2
13,2011-12-09,44376.492389280414,0.0,2
94,2011-12-23,14996.928234723273,0.0,2
16,2011-12-09,5405.185988190776,0.0,2
52,2011-12-30,24649.734407173208,1.0,2
14,2011-12-09,31228.748073163915,0.0,2
94,2011-12-23,34892.195730469204,0.0,2
17,2011-12-02,13317.54979853758,0.0,2
46,2011-12-09,23870.40510408676,0.0,2
87,2011-12-30,10105.022119531424,1.0,2
60,2011-12-09,2756.4459753784845,0.0,2
94,2011-12-30,272.9824448896518,1.0,2
46,2011-12-30,25574.29249725473,1.0,2
48,2011-12-30,30203.91601002429,1.0,2
72,2011-12-02,44667.32913675992,0.0,2
55,2011-12-02,2107.359169110635,0.0,2
48,2011-12-23,-307.0532055096743,0.0,2
14,2011-12-30,895.4529218490924,1.0,2
13,2011-12-30,22.95361984543476,1.0,2
97,2011-12-23,25957.995767108456,0.0,2
46,2011-12-16,37538.38571671634,0.0,2
9,2011-12-09,12343.138828176969,0.0,2
34,2011-12-09,4591.944104301335,0.0,2
49,2011-12-23,-8.815496193140685,0.0,2
14,2011-12-30,24650.707687600257,1.0,2
55,2011-12-02,1277.8749231269546,0.0,2
27,2011-12-30,5152.525054890365,1.0,2
3,2011-12-16,15467.329638330051,0.0,2
80,2011-12-09,44454.71338141329,0.0,2
83,2011-12-09,4326.543388136485,0.0,2
18,2011-12-09,49779.540775795984,0.0,2
49,2011-12-09,4501.678570481977,0.0,2
14,2011-12-09,24648.127811470706,0.0,2
2,2011-12-30,39582.40008512275,1.0,2
41,2011-12-30,900.4352487962176,1.0,2
30,2011-12-16,6944.080239171878,0.0,2
95,2011-12-09,53502.72551499437,0.0,2
55,2011-12-23,257.5036467428453,0.0,2
81,2011-12-30,24555.717057090525,1.0,2
91,2011-12-23,63710.0117472883,0.0,2
79,2011-12-23,27460.785815135427,0.0,2
55,2011-12-16,20460.640944681985,0.0,2
27,2011-12-02,2255.1461087415214,0.0,2
4,2011-12-30,12016.260469754714,1.0,2
18,2011-12-02,336.429409608038,0.0,2
49,2011-12-30,1836.3991538512,1.0,2
93,2011-12-02,656.8805364345674,0.0,2
1,2011-12-23,42610.02108882936,0.0,2
83,2011-12-02,13869.89336578233,0.0,2
38,2011-12-23,85317.91767556382,0.0,2
82,2011-12-02,40244.27373660223,0.0,2
50,2011-12-30,3402.910034841904,1.0,2
85,2011-12-02,607.1174358372083,0.0,2
71,2011-12-30,36167.00862659454,1.0,2
42,2011-12-02,2543.2471270455576,0.0,2
4,2011-12-09,28302.03502037065,0.0,2
35,2011-12-02,1809.4683242912415,0.0,2
27,2011-12-16,4170.716584455525,0.0,2
72,2011-12-23,4957.354585768536,0.0,2
11,2011-12-16,29778.443708398398,0.0,2
28,2011-12-23,1223.6977318093584,0.0,2
90,2011-12-02,39368.256567560034,0.0,2
11,2011-12-30,20840.481583162804,1.0,2
98,2011-12-02,358.63550214277325,0.0,2
45,2011-12-09,9569.103214834387,0.0,2
98,2011-12-23,735.9347448167784,0.0,2
20,2011-12-30,4197.450109396027,1.0,2
71,2011-12-09,43943.5678190301,0.0,2
9,2011-12-16,21686.05549400857,0.0,2
80,2011-12-02,9940.97352514971,0.0,2
32,2011-12-09,9597.544810691646,0.0,2
83,2011-12-16,4972.332604704516,0.0,3
87,2011-12-02,41755.25134481384,0.0,3
43,2011-12-23,3085.9087305279377,0.0,3
44,2011-12-02,6887.814701671175,0.0,3
41,2011-12-30,1750.8935551631705,1.0,3
52,2011-12-30,997.863130292651,1.0,3
23,2011-12-02,46512.74684586584,0.0,3
2,2011-12-02,76385.26823167254,0.0,3
95,2011-12-16,41186.56041907746,0.0,3
5,2011-12-16,66.52378663489115,0.0,3
38,2011-12-23,52979.52789566621,0.0,3
92,2011-12-23,89913.01634727305,0.0,3
36,2011-12-23,5375.040999887568,0.0,3
20,2011-12-02,2775.8828184100425,0.0,3
42,2011-12-30,5469.378269667815,1.0,3
71,2011-12-16,105659.5097095896,0.0,3
23,2011-12-09,23023.690292885,0.0,3
92,2011-12-23,90940.74380210903,0.0,3
29,2011-12-02,5152.914902233366,0.0,3
94,2011-12-30,487.7095555919731,1.0,3
30,2011-12-09,2443.2249158533327,0.0,3
12,2011-12-16,3481.8147296217994,0.0,3
1,2011-12-30,18376.68269173973,1.0,3
49,2011-12-16,12549.40255388168,0.0,3
28,2011-12-16,1607.5787645134135,0.0,3
49,2011-12-02,4228.878891277769,0.0,3
90,2011-12-09,82068.76628160829,0.0,3
40,2011-12-16,79101.82035178885,0.0,3
35,2011-12-23,4519.211379650434,0.0,3
92,2011-12-30,70462.13171516733,1.0,3
19,2011-12-23,5.024672299087701,0.0,3
52,2011-12-23,69040.8803930406,0.0,3
72,2011-12-16,11452.488692626406,0.0,3
23,2011-12-23,42893.168554833406,0.0,3
45,2011-12-30,4462.792598433311,1.0,3
19,2011-12-16,90.47145048929828,0.0,3
79,2011-12-23,5102.040126301886,0.0,3
38,2011-12-30,48184.2600531088,1.0,3
92,2011-12-30,30335.41677252005,1.0,3
95,2011-12-09,49150.5155426174,0.0,3
18,2011-12-23,28188.07607215697,0.0,3
36,2011-12-23,1668.3238713207304,0.0,3
16,2011-12-16,5851.83513491446,0.0,3
79,2011-12-30,14970.417686140818,1.0,3
2,2011-12-16,69358.03699814614,0.0,3
2,2011-12-09,29083.421791831308,0.0,3
23,2011-12-02,39000.759155250285,0.0,3
13,2011-12-23,19727.43012517011,0.0,3
40,2011-12-23,63428.85906132968,0.0,3
81,2011-12-16,24890.94652416717,0.0,3
2,2011-12-16,56124.01060222861,0.0,3
30,2011-12-02,4762.578652014559,0.0,3
95,2011-12-30,101913.37543535704,1.0,3
56,2011-12-09,1194.7712834870854,0.0,3
95,2011-12-09,68783.39033110111,0.0,3
31,2011-12-16,3321.066676964947,0.0,3
49,2011-12-23,8363.882733784818,0.0,3
13,2011-12-23,28500.486047212835,0.0,3
23,2011-12-30,11910.36942812712,1.0,3
74,2011-12-30,21724.41082910084,1.0,3
12,2011-12-09,4497.622259589149,0.0,3
34,2011-12-09,14563.70621764371,0.0,3
96,2011-12-09,16742.794762192363,0.0,3
2,2011-12-09,67992.55801386449,0.0,3
92,2011-12-02,101961.62365422129,0.0,3
80,2011-12-16,39578.58302913387,0.0,3
24,2011-12-09,11483.212262695684,0.0,3
80,2011-12-23,40421.90091468225,0.0,3
40,2011-12-02,35006.09406180053,0.0,3
19,2011-12-09,1439.929652546868,0.0,3
25,2011-12-02,5926.071717659963,0.0,3
54,2011-12-23,7.311766041997401,0.0,3
27,2011-12-16,4076.6203341301098,0.0,3
93,2011-12-02,55673.95611049333,0.0,3
9,2011-12-30,26930.899725201514,1.0,3
9,2011-12-09,11480.943734278604,0.0,3
74,2011-12-30,35496.89280650989,1.0,3
33,2011-12-02,18397.41031269076,0.0,3
33,2011-12-23,8449.80887036276,0.0,3
59,2011-12-30,6349.051089429147,1.0,3
10,2011-12-16,17996.62341873396,0.0,3
72,2011-12-09,52922.48012759071,0.0,3
40,2011-12-23,9575.905217524469,0.0,3
36,2011-12-30,1687.365345865906,1.0,3
24,2011-12-30,19089.61632691359,1.0,3
42,2011-12-23,2188.2540499777365,0.0,3
36,2011-12-23,4154.929583307414,0.0,3
93,2011-12-09,52133.60915941392,0.0,3
7,2011-12-16,81908.29701172303,0.0,3
95,2011-12-23,150817.59057610857,0.0,3
72,2011-12-23,96736.28607819026,0.0,3
71,2011-12-30,11356.09335712121,1.0,3
21,2011-12-16,14532.8420180278,0.0,3
14,2011-12-09,4648.156788922958,0.0,3
39,2011-12-02,29446.91485220578,0.0,3
11,2011-12-30,809.2537771047739,1.0,3
40,2011-12-09,39230.263272993325,0.0,3
42,2011-12-30,3150.715659956258,1.0,3
92,2011-12-30,43394.82507874069,1.0,3
72,2011-12-30,4413.580949666767,1.0,3
4,2011-12-30,31230.9470125608,1.0,3
99,2011-12-16,5075.028676559336,0.0,3
72,2011-12-16,73637.05699539444,0.0,3
42,2011-12-09,5101.073131953996,0.0,3
23,2011-12-02,35272.04560430206,0.0,3
79,2011-12-09,21060.35488830308,0.0,3
85,2011-12-16,3292.108863598194,0.0,3
98,2011-12-02,10527.785848645774,0.0,3
23,2011-12-23,79298.12910068418,0.0,3
1,2011-12-02,11299.064797935129,0.0,3
19,2011-12-09,1653.6960312704252,0.0,3
36,2011-12-23,2582.938691001292,0.0,3
5,2011-12-02,7176.245116251575,0.0,3
90,2011-12-02,62882.4009278499,0.0,3
32,2011-12-16,22608.67927799805,0.0,3
1,2011-12-16,29617.3571138455,0.0,3
92,2011-12-30,97228.60508765795,1.0,3
67,2011-12-16,10716.258734518926,0.0,3
25,2011-12-02,8106.646723609248,0.0,3
31,2011-12-02,1895.5920016334103,0.0,3
40,2011-12-23,68930.67592454673,0.0,3
33,2011-12-23,15406.565937413648,0.0,3
38,2011-12-02,54784.73327243813,0.0,3
42,2011-12-16,11637.825250464331,0.0,3
19,2011-12-02,2040.474450610696,0.0,3
24,2011-12-23,14919.01347614212,0.0,3
3,2011-12-30,8548.160187734487,1.0,3
59,2011-12-23,8948.980147826578,0.0,3
45,2011-12-09,18.344110313550257,0.0,3
56,2011-12-30,42.20052667019057,1.0,3
9,2011-12-30,25910.61907902972,1.0,3
40,2011-12-09,57693.50763659662,0.0,3
95,2011-12-16,133676.71731952496,0.0,3
49,2011-12-09,2076.056587852114,0.0,3
78,2011-12-23,6155.492796053573,0.0,3
42,2011-12-09,8339.667006551961,0.0,3
60,2011-12-09,639.4235295459131,0.0,3
80,2011-12-30,20909.95533462358,1.0,3
2,2011-12-30,28446.618686964157,1.0,3
40,2011-12-23,59607.284256120445,0.0,3
5,2011-12-16,30885.799328296827,0.0,3
31,2011-12-23,2720.129290233461,0.0,3
4,2011-12-02,5093.761606410951,0.0,3
81,2011-12-30,26587.84435430909,1.0,3
7,2011-12-30,6537.029142404552,1.0,3
92,2011-12-30,79511.74074999355,1.0,3
24,2011-12-23,38192.9603654576,0.0,3
94,2011-12-16,30138.219598910877,0.0,3
17,2011-12-09,18813.393084912102,0.0,3
91,2011-12-09,48659.20360990126,0.0,3
42,2011-12-09,4811.689519003772,0.0,3
91,2011-12-02,54310.38225547691,0.0,3
81,2011-12-23,18671.08076185936,0.0,3
17,2011-12-30,11917.845512057507,1.0,3
81,2011-12-02,39213.33505777318,0.0,3
13,2011-12-09,21970.64845587591,0.0,3
14,2011-12-16,24822.815916891304,0.0,3
3,2011-12-23,23204.86789472876,0.0,3
22,2011-12-09,15015.30266016309,0.0,3
67,2011-12-30,15331.939545703392,1.0,3
14,2011-12-16,33374.52152699968,0.0,3
25,2011-12-16,12195.871340757354,0.0,3
54,2011-12-09,2521.770706684528,0.0,3
67,2011-12-23,3971.155899670468,0.0,3
48,2011-12-09,36951.35309161764,0.0,3
10,2011-12-16,44871.29676570876,0.0,3
23,2011-12-02,31076.22829013881,0.0,3
37,2011-12-23,1296.552945880466,0.0,3
71,2011-12-23,717.4845552587452,0.0,3
3,2011-12-09,11437.241950200718,0.0,3
1,2011-12-30,19996.023382039388,1.0,3
92,2011-12-09,49156.393961744885,0.0,3
11,2011-12-02,30500.850870021983,0.0,3
92,2011-12-16,59779.18650382677,0.0,3
8,2011-12-09,23012.655085073817,0.0,3
40,2011-12-16,68825.44605401978,0.0,3
32,2011-12-23,26046.77222494292,0.0,3
85,2011-12-16,5925.522342101763,0.0,3
45,2011-12-09,22.74112462625777,0.0,3
80,2011-12-16,23850.727370038167,0.0,3
46,2011-12-09,26244.51523291233,0.0,3
85,2011-12-02,5092.086496411184,0.0,3
52,2011-12-09,1798.475878019227,0.0,3
9,2011-12-02,29145.640275451744,0.0,3
26,2011-12-09,11940.14232316171,0.0,3
26,2011-12-02,5210.773255206288,0.0,3
59,2011-12-16,4544.596953022782,0.0,3
13,2011-12-16,5033.980099290878,0.0,3
22,2011-12-02,18405.93813374446,0.0,3
40,2011-12-30,46205.5224415824,1.0,3
59,2011-12-23,4516.638776920034,0.0,3
28,2011-12-09,1641.9711791385823,0.0,3
82,2011-12-23,93552.49789334384,0.0,3
23,2011-12-23,27636.256014720377,0.0,3
85,2011-12-02,2777.2733368348854,0.0,3
90,2011-12-16,61527.10316561142,0.0,3
22,2011-12-09,23175.28792620491,0.0,3
13,2011-12-09,35175.62936729731,0.0,3
41,2011-12-16,1976.6272799181947,0.0,3
4,2011-12-16,56668.01058355647,0.0,3
16,2011-12-09,36835.12228243788,0.0,3
32,2011-12-16,9304.626956853395,0.0,3
17,2011-12-23,43010.64436723813,0.0,3
21,2011-12-16,9369.09761399316,0.0,3
94,2011-12-02,54069.61218656915,0.0,3
23,2011-12-16,17195.27163955243,0.0,3
32,2011-12-30,3572.2668672756045,1.0,3
40,2011-12-30,52611.21813571244,1.0,3
13,2011-12-09,259.7190604667761,0.0,3
19,2011-12-02,20.009028785366223,0.0,3
34,2011-12-16,19994.944185851167,0.0,3
35,2011-12-30,3090.9546183986536,1.0,3
54,2011-12-09,-30.33682775137197,0.0,3
21,2011-12-16,18624.373375477116,0.0,3
42,2011-12-23,3019.456999279045,0.0,3
42,2011-12-02,4260.3824628050415,0.0,3
37,2011-12-02,5426.0575025362,0.0,3
48,2011-12-02,33.164419257014906,0.0,3
46,2011-12-23,46363.2154127093,0.0,3
85,2011-12-30,3354.941340601784,1.0,3
16,2011-12-30,1729.7683428622945,1.0,3
26,2011-12-02,10436.91250069454,0.0,3
23,2011-12-02,33646.43350817495,0.0,3
6,2011-12-16,4099.419399119979,0.0,3
33,2011-12-02,14455.324085721651,0.0,3
95,2011-12-16,55271.51147648601,0.0,3
22,2011-12-16,24483.252407773693,0.0,3
98,2011-12-02,7508.044451362895,0.0,3
38,2011-12-23,41909.29830630836,0.0,3
74,2011-12-02,11805.015772089137,0.0,3
34,2011-12-02,11710.361872504784,0.0,3
41,2011-12-23,12063.13573789138,0.0,3
55,2011-12-23,78.60010137003727,0.0,3
5,2011-12-23,2873.96587068823,0.0,3
82,2011-12-09,11592.633915656954,0.0,3
14,2011-12-09,38159.79085411242,0.0,3
36,2011-12-16,2393.593327330174,0.0,3
52,2011-12-16,34878.067186245025,0.0,3
98,2011-12-16,15528.004085794411,0.0,3
18,2011-12-02,43583.90262863555,0.0,3
42,2011-12-23,3606.4539602167215,0.0,3
26,2011-12-23,18579.02934253383,0.0,3
38,2011-12-02,1853.288927340377,0.0,3
92,2011-12-23,63765.20108454908,0.0,3
80,2011-12-23,10371.415602175655,0.0,3
12,2011-12-09,4781.2949794445785,0.0,3
32,2011-12-09,24683.25562256653,0.0,3
92,2011-12-23,59793.14550336029,0.0,3
87,2011-12-02,6537.750151768657,0.0,3
25,2011-12-23,6248.345810878377,0.0,3
20,2011-12-23,4911.447575995276,0.0,3
46,2011-12-09,57955.88244093458,0.0,3
92,2011-12-09,207616.5092848285,0.0,3
16,2011-12-30,2171.3043779645554,1.0,3
7,2011-12-30,64615.5288202674,1.0,3
34,2011-12-30,13252.073145820055,1.0,3
94,2011-12-30,18899.33443078759,1.0,3
6,2011-12-09,4389.295350937606,0.0,3
7,2011-12-02,13755.219865390463,0.0,3
38,2011-12-02,4957.315445639604,0.0,3
14,2011-12-16,3905.778119094607,0.0,3
34,2011-12-30,9635.772192845065,1.0,3
83,2011-12-09,9173.427578993083,0.0,3
5,2011-12-23,201.28940365044684,0.0,3
82,2011-12-23,81618.08308420777,0.0,3
52,2011-12-30,3782.303887279753,1.0,3
21,2011-12-16,15833.964602103282,0.0,3
44,2011-12-09,5016.438852072389,0.0,3
80,2011-12-09,52409.3523789087,0.0,3
42,2011-12-02,1728.8176443373422,0.0,3
3,2011-12-16,15325.922787353811,0.0,3
95,2011-12-02,18621.916959085767,0.0,3
52,2011-12-30,2989.0467905036385,1.0,3
92,2011-12-23,158420.15876228397,0.0,3
26,2011-12-02,6705.895350740403,0.0,3
11,2011-12-23,20238.75511135348,0.0,3
28,2011-12-16,723.7494786639091,0.0,3
96,2011-12-16,21665.31236177949,0.0,3
19,2011-12-02,2987.279064601676,0.0,3
72,2011-12-16,69225.6785220617,0.0,3
13,2011-12-30,12360.3029455644,1.0,3
58,2011-12-09,4980.3807905499125,0.0,3
11,2011-12-16,18598.33609013706,0.0,3
27,2011-12-30,599.8829814496812,1.0,3
28,2011-12-30,104.39978368351954,1.0,3
5,2011-12-16,1540.0520901575985,0.0,3
13,2011-12-02,7158.774294054432,0.0,3
20,2011-12-02,3990.8607804253143,0.0,3
91,2011-12-30,54694.72720143088,1.0,3
60,2011-12-02,3243.3762239479174,0.0,3
22,2011-12-02,6942.8796680585065,0.0,3
7,2011-12-30,59825.83375739159,1.0,3
29,2011-12-09,20304.22400870736,0.0,3
47,2011-12-23,1815.714756719569,0.0,3
13,2011-12-23,17.60091711432714,0.0,3
97,2011-12-16,18602.318419250278,0.0,3
5,2011-12-02,18820.911813230035,0.0,3
12,2011-12-09,3649.5870952767946,0.0,3
60,2011-12-02,5528.533480388673,0.0,3
71,2011-12-02,1732.1121153008169,0.0,3
33,2011-12-09,17300.691940954108,0.0,3
38,2011-12-02,68903.27911062547,0.0,3
1,2011-12-02,19418.099839735383,0.0,3
46,2011-12-16,53617.950642917,0.0,3
96,2011-12-23,43876.3594982274,0.0,3
95,2011-12-23,80851.92804244239,0.0,3
34,2011-12-02,17054.779074536058,0.0,3
91,2011-12-23,48615.51198434403,0.0,3
6,2011-12-02,2982.189552025088,0.0,3
49,2011-12-02,42115.38236153055,0.0,3
72,2011-12-30,1376.511401585217,1.0,3
11,2011-12-30,9266.07396470526,1.0,3
2,2011-12-09,82680.1269499645,0.0,3
27,2011-12-02,4202.488700367873,0.0,3
18,2011-12-23,1500.414454765162,0.0,3
55,2011-12-30,18900.584234501588,1.0,3
95,2011-12-23,40067.95637426492,0.0,3
71,2011-12-16,4835.510699808643,0.0,3
80,2011-12-23,31409.170732287195,0.0,3
60,2011-12-23,574.5332646070378,0.0,3
12,2011-12-30,5424.435053850751,1.0,3
31,2011-12-09,3475.7903110967864,0.0,3
80,2011-12-09,19034.43199260105,0.0,3
31,2011-12-02,5694.520555951112,0.0,3
37,2011-12-02,7017.886079253113,0.0,3
60,2011-12-16,12197.408165199877,0.0,3
30,2011-12-23,5633.341117770988,0.0,3
44,2011-12-02,11700.486201390651,0.0,3
94,2011-12-30,21547.677037059708,1.0,3
3,2011-12-02,12196.33905989948,0.0,3
21,2011-12-23,8035.890458211182,0.0,3
46,2011-12-02,10207.9858033645,0.0,3
59,2011-12-02,6944.556329077741,0.0,3
32,2011-12-30,2006.2357313373732,1.0,3
91,2011-12-16,29386.761007560028,0.0,3
7,2011-12-02,89505.9513275439,0.0,3
7,2011-12-16,8070.379526353755,0.0,3
23,2011-12-16,15554.688232136104,0.0,3
3,2011-12-09,5147.375718201597,0.0,3
82,2011-12-30,33485.77984654475,1.0,3
31,2011-12-09,9425.154529755597,0.0,3
85,2011-12-02,2308.813018287984,0.0,3
82,2011-12-16,28539.166457738556,0.0,3
42,2011-12-09,110.00431595793388,0.0,3
10,2011-12-09,35647.04935913397,0.0,3
94,2011-12-02,26998.33903210243,0.0,3
41,2011-12-23,4559.129067744244,0.0,3
72,2011-12-30,6384.972777615006,1.0,3
60,2011-12-09,5103.016524329281,0.0,3
13,2011-12-23,21792.801973404967,0.0,3
71,2011-12-30,10158.858815070513,1.0,3
90,2011-12-16,75317.08576355917,0.0,3
33,2011-12-23,24362.311743727078,0.0,3
18,2011-12-02,73780.49620388809,0.0,3
54,2011-12-23,76471.53019261958,0.0,3
72,2011-12-30,86472.45693849413,1.0,3
30,2011-12-09,7489.809298040336,0.0,3
80,2011-12-09,6380.263812553149,0.0,3
33,2011-12-09,7566.83162232622,0.0,3
3,2011-12-30,1425.8055637303166,1.0,3
22,2011-12-09,9587.840807789466,0.0,3
85,2011-12-16,10666.54587897847,0.0,3
42,2011-12-09,7250.812611071205,0.0,3
11,2011-12-02,22158.53342388752,0.0,3
26,2011-12-30,6710.274047922871,1.0,3
81,2011-12-16,4152.903807001321,0.0,4
49,2011-12-16,2.688217557267168,0.0,4
20,2011-12-09,2670.482073649817,0.0,4
79,2011-12-16,45549.98195711622,0.0,4
82,2011-12-23,79672.77812131771,0.0,4
18,2011-12-30,33412.73636758412,1.0,4
4,2011-12-16,27689.341754070647,0.0,4
10,2011-12-09,20252.967637548223,0.0,4
20,2011-12-30,2408.5684790662385,1.0,4
42,2011-12-16,3536.9408635612326,0.0,4
74,2011-12-23,9248.5412452431,0.0,4
6,2011-12-02,1932.663611599448,0.0,4
92,2011-12-30,9001.169988184816,1.0,4
13,2011-12-09,37683.93770420994,0.0,4
40,2011-12-02,8752.66295816483,0.0,4
96,2011-12-02,15516.397450119608,0.0,4
95,2011-12-23,114539.85108283308,0.0,4
59,2011-12-30,242.2487991765534,1.0,4
36,2011-12-02,3607.655311550388,0.0,4
12,2011-12-09,5093.165165859091,0.0,4
92,2011-12-09,48271.00008530004,0.0,4
22,2011-12-02,6729.824051834334,0.0,4
81,2011-12-02,37192.4950588247,0.0,4
92,2011-12-30,88360.60090519665,1.0,4
81,2011-12-09,39607.70551389781,0.0,4
14,2011-12-23,3530.3660460987862,0.0,4
95,2011-12-09,125693.7082387734,0.0,4
4,2011-12-23,33815.513973470304,0.0,4
49,2011-12-30,41142.36022996067,1.0,4
67,2011-12-09,40166.99740451247,0.0,4
4,2011-12-23,24194.295073890647,0.0,4
91,2011-12-02,37556.796396104975,0.0,4
46,2011-12-23,71114.190563515,0.0,4
83,2011-12-23,5575.007674719394,0.0,4
38,2011-12-09,103907.3115095391,0.0,4
46,2011-12-16,48.34364578795771,0.0,4
2,2011-12-09,55583.79172867208,0.0,4
52,2011-12-09,42972.21101774305,0.0,4
17,2011-12-09,16829.686704611708,0.0,4
92,2011-12-16,198424.2433817649,0.0,4
32,2011-12-23,9938.026524150931,0.0,4
1,2011-12-16,63005.73173960054,0.0,4
24,2011-12-30,2602.0800954929887,1.0,4
95,2011-12-09,51746.96717604918,0.0,4
33,2011-12-30,5032.307747705239,1.0,4
54,2011-12-23,36978.44476581341,0.0,4
41,2011-12-23,8475.615720056438,0.0,4
7,2011-12-09,137329.78007372707,0.0,4
71,2011-12-30,19658.09448909182,1.0,4
4,2011-12-23,50538.18009640576,0.0,4
24,2011-12-30,3929.7705052428505,1.0,4
92,2011-12-16,130616.21662006904,0.0,4
91,2011-12-23,78541.51642943943,0.0,4
2,2011-12-23,131241.09290850014,0.0,4
16,2011-12-09,5828.635265201424,0.0,4
25,2011-12-09,6892.945591289583,0.0,4
35,2011-12-02,2816.9298079870428,0.0,4
13,2011-12-02,29357.001026814796,0.0,4
56,2011-12-23,434.14141717399326,0.0,4
60,2011-12-02,2546.3633568287582,0.0,4
5,2011-12-16,10458.261195272811,0.0,4
46,2011-12-09,9327.871628861403,0.0,4
45,2011-12-23,57808.994086617866,0.0,4
83,2011-12-02,6778.767756210262,0.0,4
21,2011-12-30,1411.5158219535704,1.0,4
36,2011-12-02,2584.094474409524,0.0,4
1,2011-12-09,25830.555931701467,0.0,4
14,2011-12-02,2448.214795530313,0.0,4
22,2011-12-23,13832.432930197876,0.0,4
34,2011-12-09,6367.863481413563,0.0,4
32,2011-12-09,16568.256295016057,0.0,4
25,2011-12-23,21153.922269566,0.0,4
26,2011-12-16,4414.064073322141,0.0,4
2,2011-12-23,116462.93706359812,0.0,4
56,2011-12-09,31796.10651537409,0.0,4
95,2011-12-09,95043.20108852208,0.0,4
72,2011-12-16,156559.3806277864,0.0,4
38,2011-12-09,101515.15177507878,0.0,4
83,2011-12-30,50613.96738204847,1.0,4
91,2011-12-16,75895.98518782332,0.0,4
37,2011-12-09,5127.717742038322,0.0,4
4,2011-12-16,26454.205265507404,0.0,4
94,2011-12-02,48793.46088698061,0.0,4
67,2011-12-02,3410.423762724532,0.0,4
90,2011-12-30,29759.31165758586,1.0,4
81,2011-12-09,26535.27270186116,0.0,4
41,2011-12-02,18882.70303869232,0.0,4
54,2011-12-02,59.242075798432886,0.0,4
79,2011-12-23,13871.373068389306,0.0,4
23,2011-12-02,20682.412195803663,0.0,4
92,2011-12-09,79278.76902408613,0.0,4
28,2011-12-23,2542.719997855795,0.0,4
40,2011-12-02,29607.160773594063,0.0,4
36,2011-12-30,614.945233925239,1.0,4
55,2011-12-09,5927.37684577075,0.0,4
45,2011-12-23,16.065296881926425,0.0,4
16,2011-12-30,15582.01250382142,1.0,4
37,2011-12-02,3539.292900614027,0.0,4
2,2011-12-23,122884.75398997816,0.0,4
12,2011-12-02,3931.924738588342,0.0,4
12,2011-12-23,6680.163498417521,0.0,4
74,2011-12-23,21456.481666304288,0.0,4
85,2011-12-09,5455.97163159814,0.0,4
92,2011-12-16,192481.27894098093,0.0,4
97,2011-12-09,15031.31578484926,0.0,4
22,2011-12-09,6670.189532070007,0.0,4
83,2011-12-30,2831.728510608813,1.0,4
2,2011-12-02,64116.31173130791,0.0,4
87,2011-12-30,7699.104553903322,1.0,4
10,2011-12-09,25183.13139453578,0.0,4
31,2011-12-30,12432.56494614015,1.0,4
38,2011-12-02,73812.57567817147,0.0,4
49,2011-12-09,4300.414026368675,0.0,4
18,2011-12-30,34190.708817146515,1.0,4
14,2011-12-09,2086.693083692191,0.0,4
4,2011-12-30,24226.67873662142,1.0,4
9,2011-12-02,47348.52885594798,0.0,4
55,2011-12-30,84.01367269266947,1.0,4
97,2011-12-30,2104.9266588800547,1.0,4
55,2011-12-16,1469.8837031618434,0.0,4
33,2011-12-30,15254.608814986286,1.0,4
21,2011-12-30,1507.368036274217,1.0,4
8,2011-12-30,25407.001761914653,1.0,4
58,2011-12-30,1470.496340377767,1.0,4
34,2011-12-02,2695.0224845921625,0.0,4
8,2011-12-02,16747.570514015555,0.0,4
56,2011-12-30,2909.495541727474,1.0,4
34,2011-12-02,5090.619402465845,0.0,4
44,2011-12-02,7228.72821683143,0.0,4
19,2011-12-30,1649.7741766142285,1.0,4
80,2011-12-02,113.33458327174456,0.0,4
71,2011-12-09,6660.27757160024,0.0,4
96,2011-12-02,30827.499772612104,0.0,4
17,2011-12-09,12443.734150120064,0.0,4
17,2011-12-09,9699.97562100744,0.0,4
94,2011-12-02,27516.042040411485,0.0,4
38,2011-12-23,47553.5860981316,0.0,4
16,2011-12-30,7055.962011826081,1.0,4
34,2011-12-02,5145.177373934312,0.0,4
90,2011-12-30,57943.46911357541,1.0,4
50,2011-12-02,3815.7150473541674,0.0,4
16,2011-12-16,363.4829916734896,0.0,4
39,2011-12-09,10265.027258896707,0.0,4
10,2011-12-02,40262.39957935088,0.0,4
13,2011-12-16,11626.413385072225,0.0,4
46,2011-12-02,54766.80775248281,0.0,4
8,2011-12-30,14141.3065096286,1.0,4
59,2011-12-16,7043.401074831338,0.0,4
33,2011-12-02,11640.313714639184,0.0,4
26,2011-12-30,5527.214508081924,1.0,4
10,2011-12-23,8323.166934532295,0.0,4
8,2011-12-30,10452.457196282458,1.0,4
10,2011-12-02,12749.17924682922,0.0,4
35,2011-12-16,8400.545113866083,0.0,4
48,2011-12-02,1522.6915717167235,0.0,4
13,2011-12-02,25812.403360376786,0.0,4
35,2011-12-09,3300.876380703618,0.0,4
11,2011-12-09,1198.1933192550662,0.0,4
18,2011-12-16,49769.65281512225,0.0,4
23,2011-12-09,17525.28643378567,0.0,4
34,2011-12-23,18190.238268543035,0.0,4
23,2011-12-16,31083.36736668429,0.0,4
16,2011-12-09,4750.171957656916,0.0,4
35,2011-12-02,18338.12786386597,0.0,4
26,2011-12-09,2619.8826732373445,0.0,4
94,2011-12-30,22854.457764910523,1.0,4
79,2011-12-02,53933.62859996659,0.0,4
46,2011-12-16,39555.749822394384,0.0,4
7,2011-12-09,75556.5809039886,0.0,4
33,2011-12-23,18235.32369243596,0.0,4
16,2011-12-23,3991.338409047504,0.0,4
80,2011-12-30,36078.46882093184,1.0,4
1,2011-12-23,132640.15775409876,0.0,4
8,2011-12-16,5965.708528818825,0.0,4
82,2011-12-23,137240.95974234384,0.0,4
92,2011-12-23,71962.84068123228,0.0,4
92,2011-12-30,60939.68100875948,1.0,4
91,2011-12-09,74330.22165404038,0.0,4
98,2011-12-16,19585.95450348553,0.0,4
67,2011-12-23,8341.287059999804,0.0,4
34,2011-12-09,15841.733835034844,0.0,4
27,2011-12-09,1976.3465634011309,0.0,4
12,2011-12-16,3431.199524790113,0.0,4
31,2011-12-30,1091.155799609148,1.0,4
38,2011-12-30,34547.31779374927,1.0,4
8,2011-12-16,46738.74904903765,0.0,4
92,2011-12-30,93853.54596472664,1.0,4
92,2011-12-23,185471.9498711141,0.0,4
36,2011-12-16,1607.554012971067,0.0,4
3,2011-12-09,26121.20501200955,0.0,4
81,2011-12-16,16846.521151553745,0.0,4
7,2011-12-23,323114.67585057364,0.0,4
96,2011-12-16,34638.772419100416,0.0,4
60,2011-12-09,499.353066542029,0.0,4
5,2011-12-23,88281.40544385118,0.0,4
98,2011-12-09,4162.918657794913,0.0,4
67,2011-12-02,427.9525374159799,0.0,4
31,2011-12-30,3567.713022240157,1.0,4
55,2011-12-16,88.53555833116303,0.0,4
25,2011-12-30,12169.71133704286,1.0,4
90,2011-12-16,59000.18502291734,0.0,4
32,2011-12-16,18692.26237468319,0.0,4
49,2011-12-09,38812.92642277711,0.0,4
18,2011-12-09,40283.37758831279,0.0,4
25,2011-12-30,4005.616951968189,1.0,4
3,2011-12-30,396.8229962053304,1.0,4
58,2011-12-09,1841.1423102224803,0.0,4
55,2011-12-02,5567.950039622478,0.0,4
22,2011-12-23,32661.179985488,0.0,4
49,2011-12-16,7660.118124330199,0.0,4
4,2011-12-16,35042.329867775734,0.0,4
81,2011-12-09,12238.191077185058,0.0,4
34,2011-12-02,5658.023457398874,0.0,4
72,2011-12-16,117127.16482222284,0.0,4
85,2011-12-23,691.4222256186123,0.0,4
10,2011-12-16,19971.28765511533,0.0,4
27,2011-12-09,3829.739470694843,0.0,4
17,2011-12-30,68850.96948399222,1.0,4
56,2011-12-02,994.0092062536756,0.0,4
25,2011-12-23,15370.74217870024,0.0,4
56,2011-12-23,67817.18879221649,0.0,4
17,2011-12-23,31679.754960086728,0.0,4
72,2011-12-09,25116.28421540209,0.0,4
94,2011-12-23,60927.25467498749,0.0,4
90,2011-12-02,94438.74619284832,0.0,4
95,2011-12-23,22358.77791846172,0.0,4
87,2011-12-23,54219.31852810588,0.0,4
31,2011-12-16,3880.2421804897376,0.0,4
5,2011-12-30,2510.925023608359,1.0,4
16,2011-12-09,42511.34078455735,0.0,4
40,2011-12-16,75348.49059210964,0.0,4
25,2011-12-30,9072.752407886514,1.0,4
32,2011-12-09,7379.124231369798,0.0,4
30,2011-12-16,5481.600393672429,0.0,4
4,2011-12-16,68404.50310209054,0.0,4
82,2011-12-09,26450.29237559545,0.0,4
38,2011-12-30,76619.40732778884,1.0,4
9,2011-12-09,28080.112179622083,0.0,4
7,2011-12-02,62827.1476652482,0.0,4
14,2011-12-16,3246.427357695813,0.0,4
41,2011-12-23,4267.2760205085815,0.0,4
93,2011-12-30,38953.20485507517,1.0,4
14,2011-12-23,5368.738580586447,0.0,4
25,2011-12-02,8778.17129813431,0.0,4
95,2011-12-23,155111.25934867957,0.0,4
1,2011-12-02,23585.55756275089,0.0,4
14,2011-12-30,20779.58283076757,1.0,4
40,2011-12-09,67386.16130456989,0.0,4
99,2011-12-23,2829.085586231428,0.0,4
1,2011-12-30,14927.136694490222,1.0,4
28,2011-12-02,286.0780745892455,0.0,4
38,2011-12-16,66311.95021399655,0.0,4
31,2011-12-09,4326.231012919389,0.0,4
50,2011-12-02,48270.71662912697,0.0,4
38,2011-12-09,5572.946757868209,0.0,4
20,2011-12-30,15809.187704724774,1.0,4
36,2011-12-02,3096.6961708215567,0.0,4
80,2011-12-16,6751.754183653155,0.0,4
72,2011-12-30,19130.99154533186,1.0,4
44,2011-12-09,6249.875140128534,0.0,4
10,2011-12-09,9556.14933138164,0.0,4
96,2011-12-23,11582.075012817206,0.0,4
80,2011-12-02,34511.455122948646,0.0,4
34,2011-12-02,5008.744335254575,0.0,4
18,2011-12-02,66375.24287679803,0.0,4
18,2011-12-30,20084.43911474293,1.0,4
46,2011-12-16,47668.2982816983,0.0,4
87,2011-12-30,21080.9371279452,1.0,4
50,2011-12-02,2776.0613764577843,0.0,4
52,2011-12-23,13.247415193252774,0.0,4
59,2011-12-30,375.4756232913641,1.0,4
94,2011-12-02,48916.510604792864,0.0,4
33,2011-12-30,8981.75451063034,1.0,4
9,2011-12-09,12334.79545121516,0.0,4
80,2011-12-16,20182.37734538056,0.0,4
58,2011-12-16,1049.9558969531531,0.0,4
11,2011-12-09,43078.76362362541,0.0,4
83,2011-12-16,1295.4477407351778,0.0,4
10,2011-12-09,29710.99534313543,0.0,4
99,2011-12-16,1552.3616185091537,0.0,4
27,2011-12-23,4897.423867310311,0.0,4
44,2011-12-30,3224.8792417784607,1.0,4
14,2011-12-23,33607.35790011555,0.0,4
44,2011-12-09,8151.666354330077,0.0,4
80,2011-12-23,32935.83890744152,0.0,4
25,2011-12-09,8295.250120168268,0.0,4
2,2011-12-09,94111.2437375605,0.0,4
13,2011-12-16,18748.1918898887,0.0,4
38,2011-12-16,61684.51426819504,0.0,4
32,2011-12-02,3835.064633526634,0.0,4
3,2011-12-09,5697.827884304621,0.0,4
24,2011-12-30,10505.309957143263,1.0,4
23,2011-12-09,62750.6812338175,0.0,4
13,2011-12-02,22536.424728188693,0.0,4
4,2011-12-23,16238.170153712035,0.0,4
11,2011-12-02,30681.55431497953,0.0,4
80,2011-12-16,19891.888941358768,0.0,4
11,2011-12-30,11793.75756505017,1.0,4
95,2011-12-30,65351.94226610785,1.0,4
7,2011-12-02,10063.76779910794,0.0,4
97,2011-12-30,14244.363356678768,1.0,4
29,2011-12-09,16061.856079249092,0.0,4
25,2011-12-30,13635.503116620996,1.0,4
17,2011-12-16,22853.444004198456,0.0,4
92,2011-12-02,94010.06325128068,0.0,4
82,2011-12-16,37152.825438367865,0.0,4
35,2011-12-09,3777.63437111272,0.0,4
56,2011-12-30,66.00868887538539,1.0,4
90,2011-12-02,88103.82447026276,0.0,4
94,2011-12-23,19463.94562831772,0.0,4
24,2011-12-16,17855.24248670535,0.0,4
22,2011-12-09,10050.120934951436,0.0,4
31,2011-12-16,2637.650385548121,0.0,4
45,2011-12-02,13.788701836420737,0.0,4
36,2011-12-16,4487.938034833962,0.0,4
37,2011-12-23,6192.200372327634,0.0,4
79,2011-12-23,2171.1914035615555,0.0,4
48,2011-12-30,1051.3421225415543,1.0,4
79,2011-12-09,39788.6816845336,0.0,4
80,2011-12-30,43946.28585112305,1.0,4
11,2011-12-09,21165.58797936902,0.0,4
50,2011-12-30,1795.1523592884023,1.0,4
97,2011-12-09,21880.57201683221,0.0,4
46,2011-12-23,53464.10874824142,0.0,4
20,2011-12-23,9740.500030878387,0.0,4
79,2011-12-09,16271.131991771445,0.0,4
29,2011-12-02,8027.4116141906115,0.0,4
37,2011-12-30,4514.636687869941,1.0,4
54,2011-12-09,12.189040957982302,0.0,4
3,2011-12-30,4213.2893909286495,1.0,4
49,2011-12-30,51852.71345471592,1.0,4
54,2011-12-02,1287.288956177273,0.0,4
25,2011-12-02,11555.530083632357,0.0,4
22,2011-12-02,8166.637772456289,0.0,4
1,2011-12-16,97934.95891507244,0.0,4
79,2011-12-09,15924.452546041764,0.0,4
31,2011-12-30,1759.6820219533672,1.0,4
2,2011-12-30,48069.371440159,1.0,4
85,2011-12-09,1447.4755283697891,0.0,4
60,2011-12-30,12339.047947870657,1.0,4
80,2011-12-16,20971.77769062916,0.0,4
20,2011-12-16,4870.74347604194,0.0,4
80,2011-12-16,32234.13189571929,0.0,4
7,2011-12-16,189205.3847468201,0.0,4
12,2011-12-16,2950.003737230867,0.0,4
19,2011-12-09,1587.638336008942,0.0,4
24,2011-12-09,12745.971579075947,0.0,4
79,2011-12-30,33244.885352814155,1.0,4
2,2011-12-09,55200.15578712621,0.0,4
4,2011-12-23,18210.25694284253,0.0,4
21,2011-12-16,11388.346538771104,0.0,4
25,2011-12-09,8531.265792630658,0.0,4
85,2011-12-30,1642.0400740652922,1.0,4
96,2011-12-23,16696.61030649268,0.0,4
50,2011-12-23,4205.421663265877,0.0,4
4,2011-12-02,36960.84186473015,0.0,4
18,2011-12-02,80612.46305029905,0.0,4
72,2011-12-09,13052.29274461522,0.0,4
41,2011-12-23,4912.117125110554,0.0,5
87,2011-12-02,22777.788014243448,0.0,5
40,2011-12-09,26639.55913456956,0.0,5
54,2011-12-23,158.4123080142009,0.0,5
74,2011-12-02,371.0424402732358,0.0,5
10,2011-12-02,16076.128947590749,0.0,5
38,2011-12-16,35368.6919398998,0.0,5
1,2011-12-09,50842.56336583026,0.0,5
34,2011-12-30,15601.516694174505,1.0,5
44,2011-12-02,5483.429486350572,0.0,5
40,2011-12-23,72005.09954984386,0.0,5
18,2011-12-09,47256.69148560269,0.0,5
10,2011-12-23,36204.24596868806,0.0,5
9,2011-12-30,30967.916560848204,1.0,5
21,2011-12-23,4008.1889439808792,0.0,5
54,2011-12-30,815.328753821139,1.0,5
91,2011-12-30,15551.168639849788,1.0,5
71,2011-12-02,121906.43164682091,0.0,5
26,2011-12-02,4383.829366611686,0.0,5
96,2011-12-30,8429.696615624418,1.0,5
42,2011-12-16,6937.189611115732,0.0,5
38,2011-12-02,7316.858698648556,0.0,5
12,2011-12-30,3878.29543514607,1.0,5
25,2011-12-02,14063.543826697827,0.0,5
4,2011-12-30,18184.06856809347,1.0,5
58,2011-12-16,2685.801065723389,0.0,5
45,2011-12-30,19.577056883256503,1.0,5
80,2011-12-09,6991.067290174311,0.0,5
87,2011-12-16,15363.079423130604,0.0,5
4,2011-12-09,47218.72483000444,0.0,5
27,2011-12-09,4486.337889483322,0.0,5
72,2011-12-30,79216.42049491122,1.0,5
49,2011-12-16,1721.676610773044,0.0,5
26,2011-12-23,25778.12914621804,0.0,5
54,2011-12-16,13.100400154941475,0.0,5
8,2011-12-23,55978.579629396125,0.0,5
85,2011-12-09,726.235215088075,0.0,5
85,2011-12-30,2638.30749280906,1.0,5
72,2011-12-09,8019.533983367568,0.0,5
96,2011-12-09,10287.660698123367,0.0,5
67,2011-12-30,47461.74800757198,1.0,5
32,2011-12-30,8701.495819264728,1.0,5
13,2011-12-16,13.524270529488442,0.0,5
9,2011-12-16,25.94194405612561,0.0,5
4,2011-12-23,17896.423010729963,0.0,5
55,2011-12-09,81.09764763642835,0.0,5
33,2011-12-30,13276.89294137193,1.0,5
11,2011-12-16,26230.557026323968,0.0,5
59,2011-12-30,3811.552688282176,1.0,5
18,2011-12-02,13721.947955861497,0.0,5
80,2011-12-16,14985.580875337306,0.0,5
54,2011-12-16,82.75775660935132,0.0,5
17,2011-12-02,8525.00002473413,0.0,5
19,2011-12-30,873.5555290954553,1.0,5
2,2011-12-23,104231.93567974944,0.0,5
81,2011-12-16,8456.125320051411,0.0,5
36,2011-12-30,1711.1401644727064,1.0,5
6,2011-12-23,8804.027960884003,0.0,5
24,2011-12-02,23245.974518359453,0.0,5
13,2011-12-16,23152.849601629085,0.0,5
25,2011-12-09,17418.04080667785,0.0,5
98,2011-12-23,1367.210048262625,0.0,5
77,2011-12-09,5531.765747747832,0.0,5
90,2011-12-09,19912.010254563545,0.0,5
12,2011-12-02,6657.460535552488,0.0,5
42,2011-12-09,4187.770587975532,0.0,5
79,2011-12-23,25928.02800287326,0.0,5
80,2011-12-02,13529.829706691711,0.0,5
33,2011-12-09,9022.121552813964,0.0,5
1,2011-12-16,62354.91388813374,0.0,5
20,2011-12-30,9667.416628580511,1.0,5
40,2011-12-30,7120.948274930066,1.0,5
20,2011-12-02,4445.140914370901,0.0,5
90,2011-12-30,21020.5442996474,1.0,5
90,2011-12-16,285.92628177721593,0.0,5
46,2011-12-09,3245.3691117943454,0.0,5
28,2011-12-16,1607.322443766764,0.0,5
2,2011-12-23,39730.15257899562,0.0,5
46,2011-12-30,18573.02441560047,1.0,5
59,2011-12-23,6173.932033051041,0.0,5
54,2011-12-30,61.499812796824905,1.0,5
87,2011-12-16,43490.635626925694,0.0,5
6,2011-12-30,8666.984992103351,1.0,5
79,2011-12-23,4487.156262015958,0.0,5
92,2011-12-09,33180.79911958537,0.0,5
60,2011-12-30,58.08810384156227,1.0,5
12,2011-12-09,6239.554930268414,0.0,5
83,2011-12-16,12900.3570536904,0.0,5
5,2011-12-16,595.909149626279,0.0,5
2,2011-12-23,66060.33847503805,0.0,5
25,2011-12-23,11950.198909671608,0.0,5
71,2011-12-23,4479.996379931859,0.0,5
60,2011-12-09,159.37382814221218,0.0,5
13,2011-12-02,21469.32504607408,0.0,5
18,2011-12-23,53524.71398604854,0.0,5
16,2011-12-23,307.6341240143912,0.0,5
36,2011-12-30,1614.8128622052025,1.0,5
13,2011-12-30,19920.095184170405,1.0,5
92,2011-12-02,5337.086635561241,0.0,5
54,2011-12-09,40.17702701439507,0.0,5
54,2011-12-16,1371.5568549107911,0.0,5
85,2011-12-02,217.11906003585776,0.0,5
56,2011-12-30,13733.143974747907,1.0,5
59,2011-12-23,7090.944409021089,0.0,5
59,2011-12-09,6734.08956072042,0.0,5
60,2011-12-02,5467.880642940713,0.0,5
20,2011-12-09,4086.747276632215,0.0,5
12,2011-12-30,1936.4408150639244,1.0,5
1,2011-12-09,14961.488630033233,0.0,5
80,2011-12-09,21954.056630963663,0.0,5
6,2011-12-16,8929.60553665579,0.0,5
49,2011-12-09,23369.457574941134,0.0,5
35,2011-12-30,1428.7178469351752,1.0,5
8,2011-12-16,711.212624306726,0.0,5
79,2011-12-23,4460.859881984174,0.0,5
5,2011-12-02,46.65772895992438,0.0,5
55,2011-12-23,5.504134730082099,0.0,5
85,2011-12-23,5105.412045473461,0.0,5
35,2011-12-09,4388.366120377289,0.0,5
3,2011-12-16,17981.679638361962,0.0,5
91,2011-12-09,82770.73604124824,0.0,5
55,2011-12-02,1730.485271118268,0.0,5
60,2011-12-23,1078.9360537631817,0.0,5
42,2011-12-02,14161.505402229284,0.0,5
42,2011-12-09,126.3925707409468,0.0,5
44,2011-12-02,5089.464966802177,0.0,5
93,2011-12-30,55235.15284933309,1.0,5
85,2011-12-23,461.5856278746599,0.0,5
82,2011-12-30,19356.950302611436,1.0,5
54,2011-12-09,4468.170886373514,0.0,5
23,2011-12-30,16242.686572938605,1.0,5
22,2011-12-30,17047.522480549593,1.0,5
67,2011-12-16,13118.789043573845,0.0,5
85,2011-12-02,982.0182480426006,0.0,5
42,2011-12-30,5579.010585596304,1.0,5
18,2011-12-09,20650.168770481974,0.0,5
8,2011-12-30,5978.99301465859,1.0,5
58,2011-12-16,23240.267231757665,0.0,5
27,2011-12-30,1226.5183924442551,1.0,5
3,2011-12-23,16014.407899989794,0.0,5
42,2011-12-16,7973.97733779258,0.0,5
10,2011-12-09,13810.65331201497,0.0,5
80,2011-12-02,9.93137239308563,0.0,5
54,2011-12-02,1205.925718679994,0.0,5
4,2011-12-16,23073.157744225824,0.0,5
3,2011-12-16,11484.535203908974,0.0,5
42,2011-12-23,3085.708645007057,0.0,5
72,2011-12-02,7554.783137878493,0.0,5
32,2011-12-16,12727.708656826566,0.0,5
14,2011-12-09,8743.589801345157,0.0,5
55,2011-12-02,2635.526307978415,0.0,5
31,2011-12-09,4466.833648307452,0.0,5
2,2011-12-23,69607.21768780779,0.0,5
8,2011-12-23,24866.595947481263,0.0,5
38,2011-12-30,38664.90506989565,1.0,5
77,2011-12-23,12335.461770318332,0.0,5
29,2011-12-16,17666.639234777853,0.0,5
30,2011-12-30,2647.4352393057925,1.0,5
72,2011-12-09,616.1758268729996,0.0,5
6,2011-12-23,16068.45719093606,0.0,5
25,2011-12-02,4310.353397166338,0.0,5
82,2011-12-23,6726.872567601634,0.0,5
85,2011-12-23,9975.73939272569,0.0,5
23,2011-12-02,17232.321099216042,0.0,5
12,2011-12-02,4551.098873454996,0.0,5
90,2011-12-16,37079.26843127496,0.0,5
13,2011-12-30,12773.842738212352,1.0,5
4,2011-12-02,44720.02331475556,0.0,5
90,2011-12-02,37465.07075955093,0.0,5
16,2011-12-02,389.1382564976128,0.0,5
85,2011-12-16,5841.106912937888,0.0,5
72,2011-12-16,93769.78338886642,0.0,5
33,2011-12-23,22416.15904470793,0.0,5
98,2011-12-09,14040.895592263818,0.0,5
95,2011-12-16,28782.07570233516,0.0,5
13,2011-12-09,40488.40324181104,0.0,5
46,2011-12-30,10048.31992335841,1.0,5
38,2011-12-23,59837.92574528237,0.0,5
48,2011-12-09,7560.043847285444,0.0,5
7,2011-12-30,33333.013041557,1.0,5
40,2011-12-30,47408.57049784162,1.0,5
94,2011-12-02,150.46592820235097,0.0,5
83,2011-12-23,706.6153279832827,0.0,5
7,2011-12-23,9495.598554024651,0.0,5
71,2011-12-02,4742.14983933253,0.0,5
40,2011-12-30,54923.96881475431,1.0,5
41,2011-12-02,5969.241761300973,0.0,5
71,2011-12-16,123870.23205941755,0.0,5
54,2011-12-23,119.63737081628182,0.0,5
52,2011-12-02,27.097380634440096,0.0,5
5,2011-12-23,2107.838949520647,0.0,5
9,2011-12-16,34715.764252879446,0.0,5
31,2011-12-09,5692.503465115679,0.0,5
56,2011-12-02,1165.3869138557905,0.0,5
55,2011-12-09,599.2220811068191,0.0,5
18,2011-12-02,56967.08190033378,0.0,5
21,2011-12-02,3913.779939593288,0.0,5
14,2011-12-23,49788.64068724228,0.0,5
82,2011-12-16,26891.36745819697,0.0,5
38,2011-12-23,45051.05181954207,0.0,5
56,2011-12-30,18390.85967504876,1.0,5
82,2011-12-30,14215.18964875698,1.0,5
83,2011-12-23,6601.348756499432,0.0,5
96,2011-12-09,9400.877249023226,0.0,5
55,2011-12-23,58080.87835789104,0.0,5
95,2011-12-16,20767.265399172877,0.0,5
72,2011-12-02,46951.03855847583,0.0,5
87,2011-12-23,11258.297419786184,0.0,5
5,2011-12-09,30211.582437030196,0.0,5
36,2011-12-23,3391.5219597870723,0.0,5
60,2011-12-09,540.7511835784053,0.0,5
99,2011-12-02,46.98035379359937,0.0,5
1,2011-12-30,49718.02920855191,1.0,5
92,2011-12-02,41550.80164511301,0.0,5
38,2011-12-30,17189.0317072456,1.0,5
12,2011-12-30,2339.3619638138894,1.0,5
10,2011-12-09,28968.82255595156,0.0,5
71,2011-12-02,34895.84546835257,0.0,5
44,2011-12-02,7590.038175865265,0.0,5
36,2011-12-02,2481.122803634299,0.0,5
60,2011-12-23,22811.94056226188,0.0,5
3,2011-12-02,3110.8631604381426,0.0,5
3,2011-12-23,30374.233287859683,0.0,5
25,2011-12-23,19098.81811149905,0.0,5
80,2011-12-02,23179.05790128592,0.0,5
6,2011-12-02,190.97610945779056,0.0,5
52,2011-12-23,17.22059815587113,0.0,5
29,2011-12-16,9752.98236298177,0.0,5
52,2011-12-09,10.573980947517494,0.0,5
13,2011-12-30,6216.559576571778,1.0,5
52,2011-12-23,22135.34498597863,0.0,5
44,2011-12-23,32.645161006593355,0.0,5
2,2011-12-23,59386.69718840135,0.0,5
26,2011-12-16,15311.227781563432,0.0,5
11,2011-12-16,31437.21191439559,0.0,5
98,2011-12-09,287.8309886159529,0.0,5
72,2011-12-02,4093.303783556295,0.0,5
33,2011-12-23,13438.854313050026,0.0,5
82,2011-12-02,434.5269287995177,0.0,5
79,2011-12-30,23228.27200140949,1.0,5
49,2011-12-23,10407.168538640988,0.0,5
40,2011-12-30,67699.50931035476,1.0,5
80,2011-12-09,22431.714588466064,0.0,5
29,2011-12-02,4056.4347106384766,0.0,5
21,2011-12-09,5256.312359779241,0.0,5
40,2011-12-23,60520.53680684219,0.0,5
36,2011-12-30,3021.2554495426066,1.0,5
27,2011-12-09,3195.8130251529483,0.0,5
55,2011-12-02,910.7740083724271,0.0,5
10,2011-12-16,26335.473988340906,0.0,5
82,2011-12-02,33489.038656308265,0.0,5
58,2011-12-30,2513.2585308989687,1.0,5
83,2011-12-16,3038.8872537138195,0.0,5
67,2011-12-16,10733.124999823762,0.0,5
13,2011-12-16,35962.16076749894,0.0,5
31,2011-12-30,3688.51628696629,1.0,5
85,2011-12-16,1397.1329049826695,0.0,5
92,2011-12-09,57700.58799457846,0.0,5
92,2011-12-02,49177.471591286194,0.0,5
33,2011-12-02,21619.81564523209,0.0,5
25,2011-12-09,4477.712631611662,0.0,5
79,2011-12-23,2.334876590890201,0.0,5
72,2011-12-02,2706.7710281946192,0.0,5
74,2011-12-23,9201.60979118199,0.0,5
3,2011-12-30,12438.281342865976,1.0,5
19,2011-12-23,3628.882850125107,0.0,5
14,2011-12-16,16349.71979906257,0.0,5
87,2011-12-09,23725.611088438232,0.0,5
91,2011-12-23,18365.434690828755,0.0,5
72,2011-12-30,48541.331018582736,1.0,5
32,2011-12-30,6643.855591953623,1.0,5
71,2011-12-09,79396.80839145079,0.0,5
4,2011-12-16,51612.08592164474,0.0,5
71,2011-12-23,93031.81724416184,0.0,5
52,2011-12-16,49834.80680106527,0.0,5
97,2011-12-02,4913.269414205783,0.0,5
42,2011-12-16,3572.352552137884,0.0,5
8,2011-12-16,45060.971411194376,0.0,5
21,2011-12-30,1275.0481665324585,1.0,5
18,2011-12-30,41662.024743791735,1.0,5
79,2011-12-16,17153.12570356084,0.0,5
80,2011-12-30,54718.38055579855,1.0,5
85,2011-12-30,2774.29576041554,1.0,5
33,2011-12-16,30412.847754148817,0.0,5
9,2011-12-30,13294.6264573621,1.0,5
20,2011-12-30,3079.27778782728,1.0,5
24,2011-12-30,6906.121075598675,1.0,5
48,2011-12-02,2714.4834501696905,0.0,5
35,2011-12-16,6804.244881592675,0.0,5
83,2011-12-16,4785.975283428733,0.0,5
16,2011-12-02,6693.350086247657,0.0,5
11,2011-12-30,21909.091557691605,1.0,5
16,2011-12-16,12235.109967458897,0.0,5
13,2011-12-16,-8.415767991594295,0.0,5
83,2011-12-30,3677.0907659358295,1.0,5
27,2011-12-30,2485.705749453134,1.0,5
7,2011-12-30,6766.414694556042,1.0,5
18,2011-12-30,519.0083117822246,1.0,5
22,2011-12-02,9006.826644672656,0.0,5
18,2011-12-16,48275.604282567605,0.0,5
46,2011-12-23,4387.53715450199,0.0,5
72,2011-12-16,6105.675698888868,0.0,5
72,2011-12-30,6346.8792851501785,1.0,5
13,2011-12-30,27402.68450254844,1.0,5
40,2011-12-30,64960.349031110505,1.0,5
67,2011-12-23,172.55307856020363,0.0,5
80,2011-12-02,11994.85889535926,0.0,5
72,2011-12-16,80678.25733280204,0.0,5
32,2011-12-30,11416.196281696451,1.0,5
40,2011-12-30,33387.844043319965,1.0,5
19,2011-12-30,872.6360324004984,1.0,5
2,2011-12-23,121276.9051524872,0.0,5
38,2011-12-02,71503.42283441359,0.0,5
54,2011-12-23,387.8282703015855,0.0,5
56,2011-12-23,24449.219918109306,0.0,5
22,2011-12-16,7916.320989818542,0.0,5
38,2011-12-30,76109.78985566465,1.0,5
94,2011-12-16,195.00058287099992,0.0,5
87,2011-12-23,1219.1681671139806,0.0,5
22,2011-12-09,5455.7091974051145,0.0,5
25,2011-12-16,7007.549007410369,0.0,5
6,2011-12-30,9439.942961195396,1.0,5
3,2011-12-02,23286.967429108,0.0,5
80,2011-12-16,11813.167560424074,0.0,5
10,2011-12-02,41720.49309959213,0.0,5
9,2011-12-23,16049.34277577269,0.0,5
98,2011-12-23,25033.29769012481,0.0,5
60,2011-12-16,6502.801287285805,0.0,5
27,2011-12-30,416.29785849642167,1.0,5
5,2011-12-23,81756.53443786361,0.0,5
90,2011-12-09,26058.693177724064,0.0,5
1,2011-12-30,12497.217558176384,1.0,5
49,2011-12-23,2530.815644939268,0.0,5
7,2011-12-16,102935.57353916518,0.0,5
24,2011-12-30,5152.112172760129,1.0,5
29,2011-12-23,9076.674452232584,0.0,5
12,2011-12-02,4345.847598019446,0.0,5
32,2011-12-23,45869.49046984814,0.0,5
94,2011-12-09,384.0531088747269,0.0,5
48,2011-12-16,11678.89856199668,0.0,5
38,2011-12-23,41846.4712726293,0.0,5
23,2011-12-16,43489.47428122546,0.0,5
92,2011-12-02,21000.7934326922,0.0,5
10,2011-12-16,45505.22129470836,0.0,5
46,2011-12-02,9571.259912750354,0.0,5
24,2011-12-16,10633.102169629752,0.0,5
94,2011-12-09,14039.675910724767,0.0,5
22,2011-12-23,12221.261040637128,0.0,5
20,2011-12-23,12325.286012142966,0.0,6
56,2011-12-09,13986.72012508826,0.0,6
54,2011-12-02,57.32574466539737,0.0,6
42,2011-12-23,14199.79430985082,0.0,6
49,2011-12-30,31700.76932595756,1.0,6
99,2011-12-30,1040.5732404620755,1.0,6
23,2011-12-09,27525.99484091786,0.0,6
33,2011-12-23,11854.633437098551,0.0,6
97,2011-12-09,14123.544979720326,0.0,6
2,2011-12-16,48257.91724188263,0.0,6
4,2011-12-30,33622.25019788909,1.0,6
81,2011-12-30,23464.330960215342,1.0,6
44,2011-12-09,3573.182135761588,0.0,6
72,2011-12-23,258282.4995146376,0.0,6
93,2011-12-09,1937.2005390568845,0.0,6
24,2011-12-30,16205.285287003417,1.0,6
30,2011-12-30,9374.832359418142,1.0,6
27,2011-12-09,5517.783828230373,0.0,6
1,2011-12-02,45368.60608747898,0.0,6
74,2011-12-16,4578.824362684676,0.0,6
33,2011-12-30,6539.681908626367,1.0,6
83,2011-12-16,2547.573945109817,0.0,6
94,2011-12-30,2617.7329589338765,1.0,6
23,2011-12-30,36138.546615714,1.0,6
46,2011-12-02,27757.864861317837,0.0,6
45,2011-12-23,31.47576614090453,0.0,6
19,2011-12-02,15.658258016429112,0.0,6
38,2011-12-02,69371.0393737358,0.0,6
1,2011-12-02,22605.800610092647,0.0,6
5,2011-12-16,17320.607020300806,0.0,6
60,2011-12-02,10059.68474589241,0.0,6
17,2011-12-30,25417.84780021551,1.0,6
25,2011-12-30,10886.415246945233,1.0,6
71,2011-12-23,85716.8462061968,0.0,6
46,2011-12-02,21717.66071954607,0.0,6
33,2011-12-09,6650.009679469058,0.0,6
16,2011-12-02,11282.09323467426,0.0,6
21,2011-12-09,15489.822842463109,0.0,6
8,2011-12-09,8191.85423932569,0.0,6
24,2011-12-23,13505.31933849382,0.0,6
79,2011-12-16,3597.7195122037565,0.0,6
95,2011-12-09,18592.376310633448,0.0,6
11,2011-12-09,23006.17210369883,0.0,6
36,2011-12-16,2429.1913461655868,0.0,6
60,2011-12-09,97.03215349189712,0.0,6
22,2011-12-30,12125.096892725242,1.0,6
18,2011-12-16,908.8234120030322,0.0,6
12,2011-12-02,117.91625948343304,0.0,6
43,2011-12-16,3215.30171623074,0.0,6
2,2011-12-30,28840.75566631693,1.0,6
16,2011-12-16,25613.56336326427,0.0,6
87,2011-12-30,959.0612930827198,1.0,6
2,2011-12-09,13978.095346027438,0.0,6
44,2011-12-09,9747.3562006738,0.0,6
44,2011-12-09,148.23586530968717,0.0,6
11,2011-12-09,18933.927297584065,0.0,6
18,2011-12-16,55079.69483800063,0.0,6
38,2011-12-23,66704.93831580122,0.0,6
17,2011-12-16,21914.08225877589,0.0,6
40,2011-12-02,66239.0691075047,0.0,6
11,2011-12-02,16729.32690979625,0.0,6
74,2011-12-02,4897.27488821257,0.0,6
58,2011-12-09,2484.7235052511205,0.0,6
72,2011-12-23,1179.8157979727432,0.0,6
79,2011-12-30,33413.17557865078,1.0,6
36,2011-12-02,4141.70006194796,0.0,6
4,2011-12-30,26305.260574851847,1.0,6
90,2011-12-30,22343.221005219235,1.0,6
59,2011-12-09,6678.836840323807,0.0,6
31,2011-12-23,4868.260479299321,0.0,6
60,2011-12-30,155.48261997206785,1.0,6
9,2011-12-16,19.735522712253864,0.0,6
34,2011-12-30,1164.323108506874,1.0,6
22,2011-12-09,18923.23236567677,0.0,6
95,2011-12-16,94404.74829003029,0.0,6
82,2011-12-02,34910.823962152914,0.0,6
13,2011-12-23,94589.90799252193,0.0,6
4,2011-12-30,12712.665360964133,1.0,6
87,2011-12-23,18162.229789490262,0.0,6
83,2011-12-23,744.7727340853666,0.0,6
39,2011-12-16,50956.83942867918,0.0,6
31,2011-12-30,12383.232898663502,1.0,6
95,2011-12-23,60662.53601387358,0.0,6
95,2011-12-02,44534.28473428048,0.0,6
91,2011-12-23,6564.4766452072,0.0,6
5,2011-12-30,73835.7799525383,1.0,6
21,2011-12-09,13093.433406694943,0.0,6
59,2011-12-02,5377.133584764854,0.0,6
97,2011-12-02,4850.858820336532,0.0,6
26,2011-12-02,7217.783865233777,0.0,6
22,2011-12-30,15505.21966954814,1.0,6
96,2011-12-02,6519.460758439062,0.0,6
72,2011-12-23,5691.03790529775,0.0,6
58,2011-12-30,2540.986151434638,1.0,6
12,2011-12-30,2209.744733035491,1.0,6
95,2011-12-23,1511.7816919665531,0.0,6
18,2011-12-09,48471.910707117466,0.0,6
34,2011-12-23,16216.737745458777,0.0,6
23,2011-12-02,16434.79121065467,0.0,6
4,2011-12-23,30191.87771711975,0.0,6
23,2011-12-23,47661.50671539518,0.0,6
8,2011-12-23,19450.23943732185,0.0,6
17,2011-12-02,19765.161264740276,0.0,6
27,2011-12-30,3005.8698892884017,1.0,6
14,2011-12-02,14793.049430992483,0.0,6
52,2011-12-02,1726.355259957342,0.0,6
46,2011-12-23,39868.21183141876,0.0,6
93,2011-12-23,30761.4249158085,0.0,6
94,2011-12-16,627.1244841705235,0.0,6
6,2011-12-30,194.1093577753936,1.0,6
36,2011-12-23,2482.263839226845,0.0,6
7,2011-12-02,44179.52014005171,0.0,6
30,2011-12-02,7323.70480327548,0.0,6
49,2011-12-23,20429.933592833982,0.0,6
11,2011-12-02,22986.544244293545,0.0,6
23,2011-12-23,66453.1891407953,0.0,6
55,2011-12-30,1267.5822608507976,1.0,6
3,2011-12-23,19399.7318117474,0.0,6
7,2011-12-09,52168.30687927109,0.0,6
38,2011-12-16,81289.68819353404,0.0,6
9,2011-12-23,197.74207649838485,0.0,6
34,2011-12-09,8963.14385883348,0.0,6
56,2011-12-30,98.11324737760933,1.0,6
48,2011-12-09,22074.450218184436,0.0,6
5,2011-12-09,55673.63265069913,0.0,6
74,2011-12-16,548.4007399869687,0.0,6
4,2011-12-30,18223.48693450959,1.0,6
58,2011-12-09,2343.9563579780947,0.0,6
11,2011-12-30,14192.63199143895,1.0,6
29,2011-12-23,22217.78432842156,0.0,6
98,2011-12-16,630.5013750760397,0.0,6
56,2011-12-23,1201.405481266196,0.0,6
37,2011-12-16,2891.1668653130696,0.0,6
82,2011-12-23,37451.740354381225,0.0,6
7,2011-12-23,178195.65994880834,0.0,6
14,2011-12-16,3277.584633647286,0.0,6
18,2011-12-02,21882.597571618557,0.0,6
79,2011-12-23,347.35999967127447,0.0,6
83,2011-12-02,271.5176526384714,0.0,6
35,2011-12-02,1184.4976061284606,0.0,6
80,2011-12-02,122.02572038485974,0.0,6
17,2011-12-30,12210.91280962954,1.0,6
72,2011-12-16,94789.67711088868,0.0,6
55,2011-12-16,67.43159058647348,0.0,6
46,2011-12-23,33266.122649016754,0.0,6
67,2011-12-16,1830.0173747514764,0.0,6
22,2011-12-16,3958.3521273147257,0.0,6
8,2011-12-09,22694.23701915989,0.0,6
60,2011-12-09,534.9934479331567,0.0,6
90,2011-12-09,104828.7061386966,0.0,6
59,2011-12-02,2693.585154913052,0.0,6
79,2011-12-02,42051.5510311464,0.0,6
92,2011-12-02,56335.551237795255,0.0,6
35,2011-12-16,3710.788023443195,0.0,6
9,2011-12-02,19009.45265236341,0.0,6
29,2011-12-30,6750.166685646494,1.0,6
52,2011-12-30,80.04732434932522,1.0,6
46,2011-12-09,2806.011485541495,0.0,6
10,2011-12-02,44265.03345450275,0.0,6
36,2011-12-30,4706.653965884199,1.0,6
16,2011-12-09,234.96308411027024,0.0,6
60,2011-12-16,7729.503890211171,0.0,6
13,2011-12-30,10367.30148231106,1.0,6
55,2011-12-02,9.031326275108825,0.0,6
34,2011-12-02,3844.4401698133343,0.0,6
82,2011-12-23,2610.740072694877,0.0,6
55,2011-12-02,15329.448369479143,0.0,6
36,2011-12-16,2059.2543232079934,0.0,6
36,2011-12-09,3494.810108491275,0.0,6
8,2011-12-09,31372.249713879966,0.0,6
67,2011-12-02,413.2798800693512,0.0,6
98,2011-12-02,186.04221516105216,0.0,6
80,2011-12-09,15097.20679590626,0.0,6
40,2011-12-23,81105.37878289763,0.0,6
90,2011-12-16,26629.755564457573,0.0,6
41,2011-12-02,1769.7813878576385,0.0,6
30,2011-12-23,4005.5156520831374,0.0,6
72,2011-12-23,154268.46014475907,0.0,6
90,2011-12-16,41557.88661033237,0.0,6
31,2011-12-09,4519.791831541655,0.0,6
37,2011-12-30,1784.3467555498794,1.0,6
71,2011-12-23,23736.058825261058,0.0,6
9,2011-12-16,30158.19693630397,0.0,6
42,2011-12-30,2782.4785582090853,1.0,6
49,2011-12-16,6966.613900721976,0.0,6
3,2011-12-09,13015.300884090628,0.0,6
80,2011-12-02,8245.09056708344,0.0,6
34,2011-12-16,29615.915080771247,0.0,6
56,2011-12-09,2876.1548699173118,0.0,6
26,2011-12-30,3240.241763264387,1.0,6
98,2011-12-23,102.3308068252542,0.0,6
36,2011-12-30,2504.799541788367,1.0,6
31,2011-12-16,3409.717390664162,0.0,6
72,2011-12-23,160301.60200896746,0.0,6
2,2011-12-16,49808.34635492701,0.0,6
46,2011-12-30,5516.090892661023,1.0,6
14,2011-12-16,39254.06746796231,0.0,6
85,2011-12-16,3303.089884246705,0.0,6
7,2011-12-02,22835.725603735944,0.0,6
18,2011-12-09,16096.310166082736,0.0,6
72,2011-12-16,138275.43593222983,0.0,6
30,2011-12-23,1863.8953349930716,0.0,6
13,2011-12-16,61815.16392446122,0.0,6
3,2011-12-30,9300.79074229569,1.0,6
5,2011-12-23,2.6864595758154968,0.0,6
2,2011-12-09,31432.494421882635,0.0,6
8,2011-12-30,12507.727462286006,1.0,6
81,2011-12-16,953.8589135473576,0.0,6
27,2011-12-30,3791.300365509961,1.0,6
79,2011-12-30,24808.046490391826,1.0,6
27,2011-12-23,5499.128216753985,0.0,6
72,2011-12-30,277.83994542201856,1.0,6
54,2011-12-09,-14.010598507395184,0.0,6
81,2011-12-09,31299.065830159856,0.0,6
40,2011-12-02,90194.6709232943,0.0,6
33,2011-12-02,9705.346167937969,0.0,6
90,2011-12-16,38742.16337570069,0.0,6
17,2011-12-23,26176.851122891083,0.0,6
50,2011-12-16,19423.34547438541,0.0,6
80,2011-12-30,17052.809270046426,1.0,6
11,2011-12-09,37321.64107091898,0.0,6
8,2011-12-23,34538.80917848144,0.0,6
14,2011-12-16,48875.8371940503,0.0,6
7,2011-12-16,988.1258533811358,0.0,6
25,2011-12-02,4118.739505765857,0.0,6
74,2011-12-16,33325.1618682028,0.0,6
96,2011-12-16,-13.85776185702895,0.0,6
4,2011-12-09,40557.61249543143,0.0,6
22,2011-12-02,9154.416520936906,0.0,6
7,2011-12-02,2478.100818215421,0.0,6
13,2011-12-02,33539.02603510342,0.0,6
79,2011-12-16,14097.153621791713,0.0,6
24,2011-12-09,6809.672221344097,0.0,6
14,2011-12-23,2616.2902878503887,0.0,6
72,2011-12-02,54648.6917505678,0.0,6
85,2011-12-23,271.00624795052914,0.0,6
10,2011-12-30,37170.25969437352,1.0,6
55,2011-12-23,261.95461900357105,0.0,6
1,2011-12-16,35420.338999315805,0.0,6
17,2011-12-02,5633.301287843744,0.0,6
25,2011-12-09,19725.94074651104,0.0,6
3,2011-12-02,20091.533051362025,0.0,6
93,2011-12-23,2808.914098884852,0.0,6
23,2011-12-02,13784.804840614494,0.0,6
9,2011-12-16,331.0784519231874,0.0,6
42,2011-12-30,3898.265366689917,1.0,6
60,2011-12-16,601.8878330798154,0.0,6
34,2011-12-23,6483.86868382933,0.0,6
4,2011-12-30,17902.801727167975,1.0,6
11,2011-12-23,20013.66274510337,0.0,6
29,2011-12-30,10117.759504798874,1.0,6
52,2011-12-02,30468.88008578031,0.0,6
24,2011-12-16,9481.947515075964,0.0,6
19,2011-12-30,1497.0152767329355,1.0,6
27,2011-12-09,4822.062762006887,0.0,6
6,2011-12-30,94.58404132666138,1.0,6
42,2011-12-16,9.071707636847025,0.0,6
18,2011-12-16,43128.81040785504,0.0,6
32,2011-12-16,10237.367763024518,0.0,6
55,2011-12-09,26738.822850708173,0.0,6
13,2011-12-02,14069.117730332027,0.0,6
60,2011-12-30,189.32413238830503,1.0,6
20,2011-12-16,7847.932844207802,0.0,6
17,2011-12-09,14315.971903039916,0.0,6
98,2011-12-02,10860.36380359334,0.0,6
31,2011-12-30,5551.7460909303045,1.0,6
98,2011-12-30,327.9941782286105,1.0,6
49,2011-12-09,8868.534196560548,0.0,6
11,2011-12-02,19484.52484553483,0.0,6
3,2011-12-02,3327.217512155172,0.0,6
79,2011-12-09,26396.33318786285,0.0,6
87,2011-12-23,192.181504314685,0.0,6
71,2011-12-16,320.374814025176,0.0,6
29,2011-12-02,10446.33554348824,0.0,6
52,2011-12-02,37.65293838844651,0.0,6
95,2011-12-02,52238.35112719384,0.0,6
95,2011-12-23,67316.12335030435,0.0,6
28,2011-12-02,191.74440011251383,0.0,6
8,2011-12-23,11669.886070989793,0.0,6
36,2011-12-30,1235.7804757474448,1.0,6
33,2011-12-23,18397.60371092689,0.0,6
42,2011-12-30,3520.222273897016,1.0,6
91,2011-12-02,15661.81571591583,0.0,6
1,2011-12-02,24577.951115860596,0.0,6
97,2011-12-23,25427.13493926054,0.0,6
12,2011-12-16,4301.533162002313,0.0,6
50,2011-12-23,41362.60493325373,0.0,6
19,2011-12-23,2526.086898508941,0.0,6
87,2011-12-09,13631.810814661983,0.0,6
19,2011-12-09,1487.1820385229369,0.0,6
42,2011-12-16,1950.3871598139924,0.0,6
30,2011-12-02,2267.7227038672013,0.0,6
11,2011-12-02,22140.240681744363,0.0,6
48,2011-12-30,35526.94574415661,1.0,6
55,2011-12-23,28360.34402653461,0.0,6
60,2011-12-30,374.6729579834642,1.0,6
79,2011-12-16,43174.834287000565,0.0,6
30,2011-12-09,4445.736146740381,0.0,6
56,2011-12-30,51695.95774879158,1.0,6
35,2011-12-23,606.8283832444745,0.0,6
16,2011-12-02,3033.827814271935,0.0,6
17,2011-12-02,24.010588609897592,0.0,6
98,2011-12-02,10618.38850260823,0.0,6
91,2011-12-02,4145.845302278219,0.0,6
44,2011-12-16,6512.262118406118,0.0,6
40,2011-12-16,27993.85591164463,0.0,6
7,2011-12-16,155832.9682485417,0.0,6
13,2011-12-30,23718.63879063144,1.0,6
5,2011-12-30,24904.231906135592,1.0,6
71,2011-12-02,34099.150641766035,0.0,6
20,2011-12-02,3676.306522312498,0.0,6
46,2011-12-23,53009.26085191051,0.0,6
8,2011-12-23,30478.53434457297,0.0,6
26,2011-12-23,16580.481884068628,0.0,6
52,2011-12-30,3005.109727348205,1.0,6
90,2011-12-23,19908.00170749805,0.0,6
18,2011-12-02,75493.3199203731,0.0,6
19,2011-12-02,843.99253793769,0.0,6
38,2011-12-16,41.56909861385281,0.0,6
93,2011-12-23,1872.23175632605,0.0,6
10,2011-12-09,23824.09320794953,0.0,6
98,2011-12-23,13702.175769766063,0.0,6
71,2011-12-09,445.2359705543144,0.0,6
11,2011-12-02,21215.64716571532,0.0,6
72,2011-12-02,12685.256476945546,0.0,6
1,2011-12-02,19023.5274033618,0.0,6
10,2011-12-23,32989.72779711274,0.0,6
56,2011-12-30,1183.021544177515,1.0,6
80,2011-12-30,5424.662052765045,1.0,6
14,2011-12-30,18578.4371284213,1.0,6
14,2011-12-23,160.38938205278674,0.0,6
49,2011-12-23,1640.5348637260608,0.0,6
36,2011-12-09,2346.714945303462,0.0,6
24,2011-12-16,6118.047807597011,0.0,6
80,2011-12-02,14382.828606300023,0.0,6
80,2011-12-30,10804.414103215977,1.0,6
94,2011-12-30,40385.678704716025,1.0,6
12,2011-12-02,2968.442947271542,0.0,6
26,2011-12-09,7899.646695005965,0.0,6
93,2011-12-09,1656.107822700132,0.0,6
80,2011-12-23,56197.24525466946,0.0,6
31,2011-12-30,15571.151676935997,1.0,6
3,2011-12-23,16655.171552107582,0.0,6
44,2011-12-09,6762.375885427707,0.0,6
55,2011-12-09,12626.432025397313,0.0,6
81,2011-12-09,6576.821645916529,0.0,6
16,2011-12-16,200.8094318009449,0.0,6
16,2011-12-30,305.4579242269613,1.0,6
28,2011-12-23,1553.2744769567764,0.0,6
52,2011-12-16,87.78895664966244,0.0,6
55,2011-12-30,-1.2644622484285826,1.0,6
45,2011-12-02,12.39811931730442,0.0,6
3,2011-12-02,10910.34124814546,0.0,6
29,2011-12-23,11332.908106735911,0.0,6
8,2011-12-16,22308.761496351217,0.0,6
11,2011-12-02,10148.53320501092,0.0,6
1,2011-12-30,9031.829920966617,1.0,6
17,2011-12-02,16600.06421377021,0.0,6
32,2011-12-23,17331.977768949066,0.0,6
52,2011-12-23,1797.5303901963944,0.0,6
42,2011-12-30,1249.8391790863705,1.0,6
17,2011-12-02,16970.707564490353,0.0,6
34,2011-12-23,22836.739015679264,0.0,7
28,2011-12-23,655.7525555186567,0.0,7
9,2011-12-23,13680.280039978048,0.0,7
7,2011-12-02,80.39251778438255,0.0,7
6,2011-12-09,13.611785905770306,0.0,7
97,2011-12-30,25124.23400408464,1.0,7
14,2011-12-30,121.71836385567916,1.0,7
5,2011-12-23,110.73653030924147,0.0,7
87,2011-12-23,290.8714566731399,0.0,7
7,2011-12-09,1138.4635307914482,0.0,7
40,2011-12-02,25554.625744975958,0.0,7
20,2011-12-09,3494.041821041425,0.0,7
82,2011-12-16,8070.481943505257,0.0,7
71,2011-12-23,7482.112712713949,0.0,7
90,2011-12-02,72269.21727255026,0.0,7
25,2011-12-23,9.233961471872684,0.0,7
6,2011-12-23,13798.693909071968,0.0,7
7,2011-12-09,4254.25598386158,0.0,7
26,2011-12-23,3.0720399294208165,0.0,7
46,2011-12-16,9698.353902266595,0.0,7
95,2011-12-23,77514.88711336712,0.0,7
6,2011-12-23,18576.99748354769,0.0,7
29,2011-12-30,431.309462630255,1.0,7
85,2011-12-16,121.36388545698674,0.0,7
71,2011-12-30,2262.746510637969,1.0,7
5,2011-12-30,3748.8260741557233,1.0,7
25,2011-12-02,38.18292846349287,0.0,7
10,2011-12-23,305.7623177568971,0.0,7
95,2011-12-09,106175.5131510241,0.0,7
85,2011-12-02,470.8302198535975,0.0,7
26,2011-12-30,2644.6158895328317,1.0,7
55,2011-12-16,262.0569167267478,0.0,7
42,2011-12-16,500.0920413659432,0.0,7
83,2011-12-30,1914.79273643715,1.0,7
48,2011-12-16,6982.134390487074,0.0,7
18,2011-12-23,764.3678071670595,0.0,7
52,2011-12-09,1.787306245922608,0.0,7
56,2011-12-16,4.076133862131053,0.0,7
28,2011-12-30,79.1978652084025,1.0,7
95,2011-12-09,-2.9232001340548504,0.0,7
25,2011-12-16,92.92730321702427,0.0,7
36,2011-12-09,4838.637545474944,0.0,7
97,2011-12-02,17080.452978625945,0.0,7
94,2011-12-23,25826.372821143857,0.0,7
55,2011-12-30,26987.47037714337,1.0,7
27,2011-12-02,337.56992376203686,0.0,7
28,2011-12-30,554.0018017011101,1.0,7
24,2011-12-16,25.879994048762843,0.0,7
91,2011-12-16,29787.669308194418,0.0,7
18,2011-12-30,14672.384908939312,1.0,7
6,2011-12-30,196.35041278008435,1.0,7
20,2011-12-09,25.08511520395775,0.0,7
81,2011-12-16,794.9701624501232,0.0,7
60,2011-12-30,353.4612354289285,1.0,7
91,2011-12-23,69108.6385236589,0.0,7
97,2011-12-09,35388.45697728383,0.0,7
32,2011-12-23,16177.174482293256,0.0,7
93,2011-12-23,75229.76404700452,0.0,7
21,2011-12-23,169.79054279450662,0.0,7
16,2011-12-16,248.1744473649963,0.0,7
4,2011-12-30,34109.35198146285,1.0,7
95,2011-12-30,21601.72315001833,1.0,7
28,2011-12-23,86.91496149925258,0.0,7
14,2011-12-30,488.2130556328633,1.0,7
82,2011-12-09,3522.745002303495,0.0,7
85,2011-12-30,227.2315872497161,1.0,7
38,2011-12-16,9369.591228367852,0.0,7
79,2011-12-02,174.52367819986662,0.0,7
91,2011-12-30,68368.02770149904,1.0,7
98,2011-12-23,3270.2922600567854,0.0,7
96,2011-12-16,31348.28215643118,0.0,7
87,2011-12-09,328.1465397176998,0.0,7
46,2011-12-02,35224.907053609335,0.0,7
25,2011-12-02,14158.495106428823,0.0,7
52,2011-12-30,53.96717114148778,1.0,7
8,2011-12-16,14397.674897402694,0.0,7
24,2011-12-09,28.74633757077728,0.0,7
87,2011-12-09,750.1737607175678,0.0,7
82,2011-12-02,4296.357887541067,0.0,7
32,2011-12-23,8905.214931964743,0.0,7
3,2011-12-02,298.0641943924998,0.0,7
59,2011-12-16,14396.933209956129,0.0,7
46,2011-12-09,12254.697649223976,0.0,7
74,2011-12-09,1427.6486287691862,0.0,7
74,2011-12-23,319.26837620443297,0.0,7
25,2011-12-30,27.017955383819395,1.0,7
81,2011-12-23,5935.181074556617,0.0,7
13,2011-12-23,329.0168082284149,0.0,7
94,2011-12-16,33106.676898394,0.0,7
9,2011-12-16,19254.552631662576,0.0,7
49,2011-12-23,1576.4613187971102,0.0,7
8,2011-12-23,8.174895942722804,0.0,7
16,2011-12-09,4054.876807973926,0.0,7
46,2011-12-30,4279.857021972148,1.0,7
42,2011-12-23,14146.363144272638,0.0,7
92,2011-12-02,46796.12647622915,0.0,7
67,2011-12-02,23873.598950873933,0.0,7
82,2011-12-16,12847.631233016458,0.0,7
7,2011-12-09,177.42279686692095,0.0,7
85,2011-12-02,112.64357524178791,0.0,7
16,2011-12-16,-7.5797933502157715,0.0,7
82,2011-12-30,6526.367626812042,1.0,7
21,2011-12-23,833.0504708143452,0.0,7
94,2011-12-23,39945.00881530357,0.0,7
91,2011-12-23,92492.4456978542,0.0,7
97,2011-12-16,16971.078218239927,0.0,7
16,2011-12-30,11021.395761239968,1.0,7
72,2011-12-02,1831.3121927982247,0.0,7
9,2011-12-16,20522.7053556002,0.0,7
26,2011-12-23,16.9786528071668,0.0,7
82,2011-12-09,7270.095657524415,0.0,7
95,2011-12-09,26454.50577784072,0.0,7
14,2011-12-02,1128.7556101879427,0.0,7
96,2011-12-02,8846.52241436217,0.0,7
19,2011-12-02,-1.822263521860954,0.0,7
98,2011-12-02,6155.946240019941,0.0,7
14,2011-12-16,26748.23623737149,0.0,7
47,2011-12-23,131.88617284504932,0.0,7
92,2011-12-16,49376.68306037255,0.0,7
9,2011-12-02,13861.630840914371,0.0,7
31,2011-12-23,6506.73588947559,0.0,7
82,2011-12-30,4891.56516488671,1.0,7
95,2011-12-23,63486.29556276197,0.0,7
93,2011-12-09,34113.499812078386,0.0,7
42,2011-12-02,7598.045103494954,0.0,7
27,2011-12-09,7.659171804571906,0.0,7
20,2011-12-30,6894.532904564951,1.0,7
80,2011-12-23,17810.018827660453,0.0,7
1,2011-12-16,9775.660135420188,0.0,7
54,2011-12-23,39.18390107255248,0.0,7
41,2011-12-23,10009.550984222626,0.0,7
92,2011-12-09,53841.206822676206,0.0,7
18,2011-12-23,30352.493772021466,0.0,7
26,2011-12-09,58.549167339375366,0.0,7
93,2011-12-09,67568.67850686616,0.0,7
12,2011-12-30,37.57369479077799,1.0,7
60,2011-12-23,96.44900550546312,0.0,7
80,2011-12-02,15762.128513949963,0.0,7
18,2011-12-30,481.2080730271532,1.0,7
46,2011-12-09,19937.11253684133,0.0,7
34,2011-12-30,5762.151582633464,1.0,7
52,2011-12-23,1007.4703269353942,0.0,7
29,2011-12-23,1181.5450891457506,0.0,7
49,2011-12-16,14.953479491948322,0.0,7
8,2011-12-09,2725.238931517703,0.0,7
90,2011-12-30,51585.02744056982,1.0,7
17,2011-12-02,11492.340262529538,0.0,7
85,2011-12-23,1071.6175536072203,0.0,7
1,2011-12-16,15350.661925699544,0.0,7
18,2011-12-02,27788.5705978638,0.0,7
36,2011-12-02,3565.734352483359,0.0,7
90,2011-12-30,66691.67074625201,1.0,7
28,2011-12-02,35.26566755483504,0.0,7
48,2011-12-09,27.4397349302408,0.0,7
28,2011-12-30,888.716905510002,1.0,7
22,2011-12-23,109.0369090938561,0.0,7
74,2011-12-23,2554.9123600182597,0.0,7
87,2011-12-23,14363.187993311649,0.0,7
60,2011-12-09,228.03844387720585,0.0,7
32,2011-12-16,5958.041013572999,0.0,7
18,2011-12-09,38998.71842337405,0.0,7
12,2011-12-30,224.98904969124223,1.0,7
18,2011-12-30,14250.63804801073,1.0,7
32,2011-12-02,22.0447600879115,0.0,7
16,2011-12-02,1606.9735125909704,0.0,7
98,2011-12-30,9445.093315191589,1.0,7
80,2011-12-02,272.4097516550968,0.0,7
87,2011-12-30,1.2007793541057146,1.0,7
82,2011-12-16,32.39936918694332,0.0,7
67,2011-12-09,767.0997250765637,0.0,7
91,2011-12-30,27199.72754533153,1.0,7
30,2011-12-09,1202.9420343330414,0.0,7
74,2011-12-30,13226.025241049729,1.0,7
17,2011-12-23,30353.446787216257,0.0,7
82,2011-12-16,3.474608569612409,0.0,7
31,2011-12-02,144.13979587909657,0.0,7
74,2011-12-09,48.5436769882344,0.0,7
54,2011-12-02,13.887003414121017,0.0,7
59,2011-12-23,9083.29696433148,0.0,7
29,2011-12-23,12458.670540991832,0.0,7
79,2011-12-30,2505.4592257857066,1.0,7
32,2011-12-02,3355.971324636452,0.0,7
16,2011-12-16,753.4819180959912,0.0,7
59,2011-12-09,49.93526186207665,0.0,7
93,2011-12-09,37192.38827345416,0.0,7
44,2011-12-09,16.863726242968976,0.0,7
60,2011-12-23,36.97027718102718,0.0,7
6,2011-12-16,306.51898142954906,0.0,7
97,2011-12-23,5396.45975788827,0.0,7
29,2011-12-02,7217.066742100179,0.0,7
87,2011-12-16,7760.696411047142,0.0,7
16,2011-12-02,216.3285853995375,0.0,7
42,2011-12-09,8073.85388986567,0.0,7
45,2011-12-23,13.275989923936072,0.0,7
11,2011-12-16,3434.526686925415,0.0,7
55,2011-12-09,1587.1599186245232,0.0,7
81,2011-12-30,2022.289878994884,1.0,7
6,2011-12-02,113.05568410531242,0.0,7
36,2011-12-02,1507.4858124467846,0.0,7
2,2011-12-16,41532.9866350336,0.0,7
79,2011-12-02,216.23386929432075,0.0,7
81,2011-12-02,16762.85870648516,0.0,7
3,2011-12-23,654.0152867315946,0.0,7
94,2011-12-16,32680.083290828898,0.0,7
56,2011-12-02,17260.397468402774,0.0,7
16,2011-12-09,419.5035794279372,0.0,7
83,2011-12-16,3794.757475769114,0.0,7
83,2011-12-23,5804.212544190019,0.0,7
92,2011-12-23,143762.06639068612,0.0,7
25,2011-12-30,15802.385759745588,1.0,7
59,2011-12-09,906.397213931794,0.0,7
1,2011-12-30,2313.6411853524537,1.0,7
98,2011-12-02,5529.142909453203,0.0,7
26,2011-12-02,13543.394932369554,0.0,7
2,2011-12-09,13337.114414283102,0.0,7
96,2011-12-09,17303.61360798378,0.0,7
22,2011-12-02,71.44417700248081,0.0,7
90,2011-12-23,15599.7993907173,0.0,7
22,2011-12-30,49.922534887354544,1.0,7
1,2011-12-30,8626.743160088714,1.0,7
3,2011-12-23,424.5031856216269,0.0,7
23,2011-12-02,27.05717575099374,0.0,7
26,2011-12-23,4657.362729612769,0.0,7
3,2011-12-09,650.3127315131419,0.0,7
17,2011-12-23,26044.997068385463,0.0,7
10,2011-12-02,406.5042005847822,0.0,7
94,2011-12-30,43565.91410075657,1.0,7
22,2011-12-23,78.36091364183298,0.0,7
83,2011-12-16,189.5894196691406,0.0,7
22,2011-12-30,63.83454533316072,1.0,7
74,2011-12-09,1378.7276751332236,0.0,7
10,2011-12-09,12152.440913269018,0.0,7
74,2011-12-23,201.88553067236452,0.0,7
60,2011-12-23,293.1927527465254,0.0,7
5,2011-12-02,27244.78602384516,0.0,7
94,2011-12-16,36087.27394899715,0.0,7
54,2011-12-09,1813.5904242289316,0.0,7
9,2011-12-16,21891.259778255444,0.0,7
59,2011-12-09,1056.2590810815589,0.0,7
14,2011-12-09,3347.434852530377,0.0,7
85,2011-12-16,3.556675051510807,0.0,7
1,2011-12-09,72546.49993725475,0.0,8
30,2011-12-09,31842.13750037318,0.0,8
50,2011-12-30,25962.19268825449,1.0,8
19,2011-12-23,899.1647037609413,0.0,8
80,2011-12-30,1025.3332803800706,1.0,8
96,2011-12-09,29253.15728088057,0.0,8
74,2011-12-09,26110.202980720034,0.0,8
24,2011-12-30,2493.701800476642,1.0,8
77,2011-12-16,28503.73320130161,0.0,8
46,2011-12-30,22177.57880530081,1.0,8
51,2011-12-16,2353.1056342724555,0.0,8
38,2011-12-09,53217.87937072311,0.0,8
32,2011-12-09,5348.552314842307,0.0,8
25,2011-12-16,20520.655354196497,0.0,8
50,2011-12-30,3209.702116243319,1.0,8
23,2011-12-09,26482.467387759432,0.0,8
27,2011-12-16,2471.13545295519,0.0,8
20,2011-12-23,11855.804809266992,0.0,8
2,2011-12-16,67118.1613434523,0.0,8
85,2011-12-23,4407.340270591187,0.0,8
82,2011-12-23,50449.60638924236,0.0,8
25,2011-12-16,17205.121295709658,0.0,8
21,2011-12-02,1501.2378687948255,0.0,8
38,2011-12-09,89401.75596436288,0.0,8
77,2011-12-23,31017.765047649988,0.0,8
38,2011-12-23,66782.0424342745,0.0,8
27,2011-12-23,3695.966078490741,0.0,8
94,2011-12-02,31337.406958145337,0.0,8
36,2011-12-09,3793.4834907293134,0.0,8
18,2011-12-30,20168.21357793049,1.0,8
56,2011-12-30,33861.38391241012,1.0,8
9,2011-12-16,15109.362070505533,0.0,8
7,2011-12-02,50427.7503966179,0.0,8
23,2011-12-23,144245.98095690532,0.0,8
2,2011-12-23,38539.374267948246,0.0,8
8,2011-12-23,38169.68632177185,0.0,8
26,2011-12-02,14971.123865985632,0.0,8
97,2011-12-02,1882.959735838392,0.0,8
46,2011-12-09,34.92909258522725,0.0,8
26,2011-12-09,23226.695585730424,0.0,8
20,2011-12-23,11578.708973426106,0.0,8
33,2011-12-23,32402.996212408136,0.0,8
17,2011-12-09,32330.44016714767,0.0,8
92,2011-12-02,93274.0875633506,0.0,8
65,2011-12-23,8881.34984111264,0.0,8
29,2011-12-16,6094.535776374929,0.0,8
11,2011-12-23,37180.99503862152,0.0,8
71,2011-12-09,73350.93698039663,0.0,8
36,2011-12-16,3033.135240326819,0.0,8
27,2011-12-02,4218.072747353956,0.0,8
90,2011-12-09,87032.97354668078,0.0,8
82,2011-12-02,25522.53116520881,0.0,8
18,2011-12-09,14814.684901489569,0.0,8
92,2011-12-23,154555.48649358386,0.0,8
27,2011-12-23,1922.058171371692,0.0,8
1,2011-12-09,36078.79705078793,0.0,8
36,2011-12-02,1199.8258481748835,0.0,8
25,2011-12-09,17660.811546425164,0.0,8
34,2011-12-23,40201.6132190903,0.0,8
92,2011-12-09,19788.30881632383,0.0,8
36,2011-12-09,4673.264882534043,0.0,8
49,2011-12-09,37277.61562357404,0.0,8
16,2011-12-09,152.26557730339348,0.0,8
17,2011-12-23,20845.42975734509,0.0,8
23,2011-12-16,39344.049922868624,0.0,8
80,2011-12-23,20635.760468586966,0.0,8
28,2011-12-23,1113.9639546408914,0.0,8
33,2011-12-23,11214.382255650082,0.0,8
82,2011-12-23,20937.21577737232,0.0,8
46,2011-12-23,7942.240236034532,0.0,8
16,2011-12-30,23903.96931715454,1.0,8
44,2011-12-30,3444.344205242961,1.0,8
93,2011-12-02,32205.30256874648,0.0,8
4,2011-12-23,37258.71827895656,0.0,8
13,2011-12-23,23192.303907734084,0.0,8
23,2011-12-09,49976.58734304344,0.0,8
3,2011-12-23,8328.25112555215,0.0,8
37,2011-12-09,4597.990948618611,0.0,8
25,2011-12-09,10608.12052668578,0.0,8
3,2011-12-02,14265.861591760591,0.0,8
23,2011-12-30,50267.62036962391,1.0,8
74,2011-12-02,1707.6318759897065,0.0,8
33,2011-12-02,3527.0599468664554,0.0,8
35,2011-12-02,11411.30990700146,0.0,8
2,2011-12-02,45954.40569206105,0.0,8
12,2011-12-02,2258.678988523608,0.0,8
22,2011-12-30,21745.63603923066,1.0,8
93,2011-12-30,34450.31295815209,1.0,8
82,2011-12-23,10012.413091557764,0.0,8
41,2011-12-23,7131.796654006395,0.0,8
16,2011-12-02,998.0819506148058,0.0,8
45,2011-12-30,4621.110913079641,1.0,8
56,2011-12-02,87.11378504061359,0.0,8
41,2011-12-30,3658.022907467373,1.0,8
37,2011-12-23,3102.312967993056,0.0,8
26,2011-12-23,15900.880895009714,0.0,8
95,2011-12-09,73745.12859524647,0.0,8
81,2011-12-23,26899.628316637456,0.0,8
87,2011-12-30,19304.960843148907,1.0,8
90,2011-12-02,39155.18633297095,0.0,8
60,2011-12-30,5145.1471166705405,1.0,8
56,2011-12-02,18582.81678561547,0.0,8
54,2011-12-30,16225.910929923404,1.0,8
31,2011-12-23,7379.626339140668,0.0,8
27,2011-12-16,2716.3652605042275,0.0,8
17,2011-12-02,20673.5698891123,0.0,8
22,2011-12-02,8200.258545535748,0.0,8
72,2011-12-02,39772.699560934256,0.0,8
9,2011-12-02,37292.91486001682,0.0,8
74,2011-12-16,7447.0007828523,0.0,8
24,2011-12-02,15021.765056974864,0.0,8
11,2011-12-16,27715.9355565214,0.0,8
2,2011-12-02,47413.333493465565,0.0,8
14,2011-12-23,1692.797480750366,0.0,8
14,2011-12-09,23944.415442478912,0.0,8
4,2011-12-16,29353.441689061445,0.0,8
22,2011-12-30,10008.56957580183,1.0,8
13,2011-12-16,4790.169258903575,0.0,8
95,2011-12-09,117564.74059109058,0.0,8
8,2011-12-16,33126.76196402948,0.0,8
91,2011-12-09,9417.714087353228,0.0,8
25,2011-12-30,4845.658546226248,1.0,8
5,2011-12-30,36865.11730475808,1.0,8
46,2011-12-02,31856.488740848923,0.0,8
12,2011-12-16,2504.624228502536,0.0,8
59,2011-12-09,3496.131569844832,0.0,8
19,2011-12-09,4344.257667219151,0.0,8
54,2011-12-02,23.529062256624037,0.0,8
35,2011-12-23,4459.484350724849,0.0,8
82,2011-12-23,99879.7785668799,0.0,8
18,2011-12-02,68422.2657825134,0.0,8
55,2011-12-09,21758.353415722067,0.0,8
21,2011-12-30,6598.828454004772,1.0,8
33,2011-12-16,8789.370083956375,0.0,8
99,2011-12-09,967.8904901738408,0.0,8
13,2011-12-02,3837.023339375351,0.0,8
80,2011-12-09,12312.25391954195,0.0,8
21,2011-12-16,15849.125926991874,0.0,8
13,2011-12-16,32151.81698122296,0.0,8
52,2011-12-02,88.28282872824379,0.0,8
72,2011-12-09,12168.533652827318,0.0,8
33,2011-12-30,11468.780893464693,1.0,8
56,2011-12-23,50775.89540957147,0.0,8
40,2011-12-02,87145.40226793596,0.0,8
94,2011-12-16,35495.71269887235,0.0,8
54,2011-12-09,2337.1719394001384,0.0,8
32,2011-12-16,6247.40167070085,0.0,8
51,2011-12-30,1787.451839071331,1.0,8
96,2011-12-30,11042.471532065503,1.0,8
20,2011-12-09,5511.504488586006,0.0,8
81,2011-12-30,43702.42470685238,1.0,8
42,2011-12-23,10492.795997107449,0.0,8
40,2011-12-30,19195.15958177758,1.0,8
6,2011-12-09,1507.62989367954,0.0,8
90,2011-12-30,25682.994559677736,1.0,8
21,2011-12-16,6686.473157437953,0.0,8
4,2011-12-16,18030.51213065232,0.0,8
20,2011-12-30,4578.231535838984,1.0,8
4,2011-12-16,23338.174134360383,0.0,8
19,2011-12-09,4325.520984194114,0.0,8
6,2011-12-16,3331.612783812998,0.0,8
92,2011-12-30,117330.90609700388,1.0,8
45,2011-12-23,8310.979325589102,0.0,8
80,2011-12-09,39165.66945491508,0.0,8
59,2011-12-30,4554.229668022676,1.0,8
59,2011-12-30,8508.286782066461,1.0,8
27,2011-12-23,4569.064959073663,0.0,8
59,2011-12-02,15.32626526018884,0.0,8
38,2011-12-16,103023.15515312996,0.0,8
34,2011-12-30,3862.02518158496,1.0,8
82,2011-12-09,16054.825605532984,0.0,8
26,2011-12-09,20283.918869037367,0.0,8
38,2011-12-02,56167.22856198673,0.0,8
23,2011-12-30,15326.96368440757,1.0,8
54,2011-12-02,7886.357466480485,0.0,8
50,2011-12-23,62263.957303148185,0.0,8
38,2011-12-02,113487.06312508298,0.0,8
2,2011-12-09,63330.22014117439,0.0,8
54,2011-12-23,1670.9808616285682,0.0,8
36,2011-12-02,1553.2738189876875,0.0,8
46,2011-12-23,8310.281705630297,0.0,8
58,2011-12-30,3005.182331614152,1.0,8
17,2011-12-09,28713.315035055493,0.0,8
7,2011-12-23,147702.06708691633,0.0,8
59,2011-12-09,3010.2455568300898,0.0,8
14,2011-12-30,19777.697757103684,1.0,8
58,2011-12-16,2371.8699680234527,0.0,8
92,2011-12-09,123476.96102935424,0.0,8
48,2011-12-02,7065.154183562351,0.0,8
34,2011-12-02,2558.237241999611,0.0,8
38,2011-12-23,73088.93423736564,0.0,8
81,2011-12-16,27728.94562492224,0.0,8
9,2011-12-02,12377.41005493698,0.0,8
19,2011-12-02,-6.083605323648355,0.0,8
12,2011-12-30,3438.1206833519814,1.0,8
98,2011-12-16,13120.287943408746,0.0,8
40,2011-12-30,35483.97472537563,1.0,8
55,2011-12-16,158.80099202528424,0.0,8
93,2011-12-23,34738.252979435245,0.0,8
11,2011-12-02,24330.676272722456,0.0,8
60,2011-12-16,11345.775572221995,0.0,8
1,2011-12-30,53646.41715862664,1.0,8
90,2011-12-09,80219.82580930505,0.0,8
32,2011-12-23,6418.8671474197445,0.0,8
98,2011-12-30,12813.78206540658,1.0,8
28,2011-12-09,710.3375594574055,0.0,8
34,2011-12-23,20076.764380073517,0.0,8
97,2011-12-16,29648.451859005483,0.0,8
13,2011-12-16,65091.33864869373,0.0,8
49,2011-12-16,8450.521404544847,0.0,8
50,2011-12-16,74871.56534974465,0.0,8
54,2011-12-02,39.01450382545482,0.0,8
91,2011-12-23,89974.07115378538,0.0,8
10,2011-12-16,28179.60897800668,0.0,8
5,2011-12-16,2572.53901332468,0.0,8
7,2011-12-30,3986.1401035861913,1.0,8
74,2011-12-23,4579.444087315198,0.0,8
81,2011-12-23,48438.32461680809,0.0,8
25,2011-12-30,4032.049719485644,1.0,8
42,2011-12-02,7168.85139438169,0.0,8
42,2011-12-02,2736.52421002056,0.0,8
5,2011-12-16,18099.910085609165,0.0,8
7,2011-12-16,6196.246854577925,0.0,8
27,2011-12-09,2722.8230154933585,0.0,8
80,2011-12-23,5634.409825273893,0.0,8
46,2011-12-09,55928.45370510805,0.0,8
80,2011-12-16,14457.672380534152,0.0,8
40,2011-12-23,56239.6633612572,0.0,8
9,2011-12-23,46834.952643812845,0.0,8
87,2011-12-30,6865.666643586724,1.0,8
45,2011-12-30,59259.53915070332,1.0,8
56,2011-12-16,4165.812501125945,0.0,8
24,2011-12-23,33219.19233745175,0.0,8
22,2011-12-09,23866.033082710423,0.0,8
41,2011-12-16,7257.458880635173,0.0,8
59,2011-12-23,3171.6552769667046,0.0,8
12,2011-12-09,3557.568387773505,0.0,8
18,2011-12-09,104646.84342651414,0.0,8
92,2011-12-30,81808.57635372636,1.0,8
46,2011-12-09,51841.82894264339,0.0,8
3,2011-12-30,10101.96664537272,1.0,8
85,2011-12-09,7104.6940448904,0.0,8
49,2011-12-02,46337.79409526845,0.0,8
12,2011-12-23,3026.4483852884723,0.0,8
14,2011-12-09,4438.165275153964,0.0,8
72,2011-12-23,10589.273211444664,0.0,8
4,2011-12-16,18729.437697416422,0.0,8
44,2011-12-02,3048.7909969082098,0.0,8
2,2011-12-16,49778.44447711029,0.0,8
55,2011-12-09,6231.897784576657,0.0,8
81,2011-12-23,44676.751596549286,0.0,8
2,2011-12-23,129482.94844249471,0.0,8
72,2011-12-09,109676.728557284,0.0,8
33,2011-12-16,8347.722981813451,0.0,8
55,2011-12-23,26.303478088071586,0.0,8
95,2011-12-16,44115.500965974206,0.0,8
31,2011-12-02,2271.9054746411816,0.0,8
3,2011-12-16,11351.6836761078,0.0,8
27,2011-12-30,2129.6707245944785,1.0,8
24,2011-12-23,10850.109531016282,0.0,8
18,2011-12-23,1369.6191573683082,0.0,8
14,2011-12-02,12069.223745925316,0.0,8
25,2011-12-30,5802.143042422434,1.0,8
67,2011-12-23,21221.21891097713,0.0,8
16,2011-12-02,3971.1142942765578,0.0,8
21,2011-12-09,5197.197660697341,0.0,8
42,2011-12-02,2013.902654242251,0.0,8
33,2011-12-09,22013.556086094377,0.0,8
80,2011-12-16,14491.135800450676,0.0,8
80,2011-12-02,22755.129204162768,0.0,8
27,2011-12-16,2782.0898669937983,0.0,8
81,2011-12-30,7520.155407950355,1.0,8
2,2011-12-09,45532.17923338485,0.0,8
40,2011-12-16,61026.98608024242,0.0,8
10,2011-12-02,18570.784588514416,0.0,8
6,2011-12-23,7157.82411849901,0.0,8
3,2011-12-30,13933.843467753206,1.0,8
4,2011-12-02,6316.374750344755,0.0,8
67,2011-12-23,10143.247740830382,0.0,8
3,2011-12-09,4084.720429720623,0.0,8
10,2011-12-16,34735.345822046016,0.0,8
13,2011-12-16,18341.02246216456,0.0,8
8,2011-12-16,12388.308172590456,0.0,8
60,2011-12-09,8893.55879541892,0.0,8
31,2011-12-23,6673.593642513063,0.0,8
98,2011-12-02,8842.787283900796,0.0,8
72,2011-12-30,59383.78228862943,1.0,8
19,2011-12-16,2372.778918966796,0.0,8
5,2011-12-16,3044.183246858674,0.0,8
37,2011-12-09,2892.2449778375485,0.0,8
80,2011-12-23,39778.54479460466,0.0,8
30,2011-12-30,1618.8484877778476,1.0,8
82,2011-12-23,111428.99275813028,0.0,8
29,2011-12-16,28175.0327481245,0.0,8
40,2011-12-16,49233.04522101622,0.0,8
27,2011-12-23,3041.6317409700173,0.0,8
95,2011-12-02,42427.71560496291,0.0,8
23,2011-12-16,59165.76276749247,0.0,8
99,2011-12-23,575.2697803266565,0.0,8
81,2011-12-09,24259.53558303763,0.0,8
56,2011-12-16,2405.7570174758093,0.0,8
95,2011-12-02,65713.13121261486,0.0,8
54,2011-12-16,119.649398061431,0.0,8
38,2011-12-23,41768.71189107579,0.0,8
81,2011-12-23,93226.51865196996,0.0,8
45,2011-12-23,11.818091058329742,0.0,8
20,2011-12-23,10616.34351427084,0.0,8
10,2011-12-02,16910.5775359691,0.0,8
40,2011-12-02,56878.2084329622,0.0,8
2,2011-12-30,58723.70316145665,1.0,8
94,2011-12-23,65748.20742969899,0.0,8
46,2011-12-16,28456.32346983445,0.0,8
97,2011-12-30,4636.576560533455,1.0,8
46,2011-12-30,3812.2666544286417,1.0,8
27,2011-12-23,5032.136598821309,0.0,8
82,2011-12-09,47420.39757514484,0.0,8
33,2011-12-23,18971.14984723097,0.0,8
5,2011-12-16,9003.054217136398,0.0,8
49,2011-12-02,7204.0952619027385,0.0,8
37,2011-12-16,3470.211493651999,0.0,8
18,2011-12-02,22647.805724351107,0.0,8
3,2011-12-30,2080.451213352491,1.0,8
91,2011-12-16,40847.50830268732,0.0,8
3,2011-12-30,5373.803216749679,1.0,8
40,2011-12-16,74463.41628396012,0.0,8
95,2011-12-16,72486.75070416606,0.0,8
42,2011-12-30,78.99260151088485,1.0,8
36,2011-12-16,4238.099911991244,0.0,8
31,2011-12-30,1776.6336800157308,1.0,8
26,2011-12-30,5867.099475465808,1.0,8
87,2011-12-09,24208.898336792103,0.0,8
38,2011-12-02,40217.7911540417,0.0,8
10,2011-12-09,11277.64051331481,0.0,8
83,2011-12-02,4116.826808252299,0.0,8
27,2011-12-02,1077.9252212469196,0.0,8
82,2011-12-16,24539.41359118421,0.0,8
67,2011-12-16,5735.362706731641,0.0,8
72,2011-12-30,9236.184823386477,1.0,8
52,2011-12-23,103.8200424487198,0.0,8
94,2011-12-30,31149.77928026132,1.0,8
3,2011-12-16,4419.95315447396,0.0,8
21,2011-12-02,4074.499938632628,0.0,8
85,2011-12-30,2643.568221230083,1.0,8
23,2011-12-30,19653.020814487063,1.0,8
22,2011-12-30,14975.822484398192,1.0,8
95,2011-12-30,65935.29284812261,1.0,8
96,2011-12-02,17529.61056852554,0.0,8
41,2011-12-16,1389.7753117265931,0.0,8
8,2011-12-30,34496.74980682411,1.0,8
2,2011-12-02,43192.36417093854,0.0,8
6,2011-12-09,6201.125762196073,0.0,8
72,2011-12-23,26267.88197444809,0.0,8
80,2011-12-23,13319.085460331367,0.0,8
48,2011-12-16,10162.043701827592,0.0,8
99,2011-12-09,821.8353295155457,0.0,8
97,2011-12-23,28110.47936595945,0.0,8
52,2011-12-16,912.4511138995008,0.0,8
13,2011-12-23,36.59720410684318,0.0,8
3,2011-12-30,11558.148916828715,1.0,8
60,2011-12-30,4924.746210129969,1.0,8
3,2011-12-09,6749.76416344669,0.0,8
34,2011-12-02,6092.512202877004,0.0,9
1,2011-12-09,23789.998791804104,0.0,9
79,2011-12-09,6103.867478206354,0.0,9
37,2011-12-09,3705.220341158181,0.0,9
38,2011-12-30,36975.25444804119,1.0,9
79,2011-12-09,185.9889590816533,0.0,9
10,2011-12-09,25328.33651876466,0.0,9
19,2011-12-02,875.9065455105153,0.0,9
35,2011-12-23,4721.5558411025495,0.0,9
85,2011-12-09,1510.2994622386811,0.0,9
6,2011-12-30,5427.896783301832,1.0,9
22,2011-12-09,9326.223174191464,0.0,9
9,2011-12-30,43.38295482138561,1.0,9
72,2011-12-16,2003.2014513831,0.0,9
82,2011-12-16,16211.127534936024,0.0,9
40,2011-12-02,56124.704822156666,0.0,9
91,2011-12-23,848.6825396785354,0.0,9
97,2011-12-09,13793.327397885476,0.0,9
77,2011-12-16,19275.2419213142,0.0,9
49,2011-12-16,35027.62435560246,0.0,9
4,2011-12-16,39466.03506204496,0.0,9
44,2011-12-02,4225.625243447494,0.0,9
44,2011-12-16,14.152157483553603,0.0,9
40,2011-12-09,50403.57148116615,0.0,9
79,2011-12-02,36090.68845938256,0.0,9
45,2011-12-02,13450.87985734112,0.0,9
20,2011-12-02,4200.767458467994,0.0,9
8,2011-12-09,10168.541752727544,0.0,9
79,2011-12-16,10283.081247225662,0.0,9
6,2011-12-02,4506.217784257478,0.0,9
80,2011-12-09,5141.56958901208,0.0,9
3,2011-12-09,750.8029922411264,0.0,9
17,2011-12-09,5387.224698359823,0.0,9
5,2011-12-02,19168.104275412064,0.0,9
14,2011-12-30,23608.584773701958,1.0,9
13,2011-12-09,23860.87628854037,0.0,9
11,2011-12-16,9935.270503312198,0.0,9
85,2011-12-02,1810.0282259127648,0.0,9
16,2011-12-16,741.1039769350886,0.0,9
30,2011-12-30,9779.680287372536,1.0,9
46,2011-12-02,6211.958251776108,0.0,9
58,2011-12-23,474.6041359194673,0.0,9
48,2011-12-02,27185.876740054635,0.0,9
90,2011-12-02,5165.4646611331245,0.0,9
93,2011-12-16,30300.210558942774,0.0,9
34,2011-12-09,16368.542948156044,0.0,9
9,2011-12-30,12439.140214119116,1.0,9
79,2011-12-23,34683.92820414583,0.0,9
12,2011-12-09,3028.263879908468,0.0,9
24,2011-12-30,3832.4041423748777,1.0,9
21,2011-12-02,17911.514994809128,0.0,9
10,2011-12-23,31897.129451640823,0.0,9
96,2011-12-09,1637.9284538742672,0.0,9
52,2011-12-09,1142.6908475871437,0.0,9
38,2011-12-23,77187.04496940167,0.0,9
31,2011-12-02,1705.2849471480204,0.0,9
82,2011-12-30,7720.706243089969,1.0,9
10,2011-12-16,21620.42695951985,0.0,9
59,2011-12-02,1786.2731569995635,0.0,9
41,2011-12-02,4915.362828389622,0.0,9
92,2011-12-23,18398.01618678304,0.0,9
83,2011-12-02,3700.6463303858272,0.0,9
2,2011-12-02,51526.682494398505,0.0,9
25,2011-12-16,12345.260403303106,0.0,9
71,2011-12-02,495.4268025845297,0.0,9
36,2011-12-16,548.1615652159852,0.0,9
29,2011-12-30,2808.308904436547,1.0,9
71,2011-12-23,11886.649794806735,0.0,9
36,2011-12-02,2479.8000988608865,0.0,9
55,2011-12-02,16391.47359589744,0.0,9
19,2011-12-23,3801.3498739903152,0.0,9
85,2011-12-30,202.37080242538,1.0,9
29,2011-12-16,35137.66647130813,0.0,9
52,2011-12-23,1200.7240956713215,0.0,9
40,2011-12-09,3178.7465688769366,0.0,9
31,2011-12-30,3568.61895440858,1.0,9
19,2011-12-23,1138.9052495437777,0.0,9
3,2011-12-16,5335.055765684195,0.0,9
3,2011-12-23,22540.780026652537,0.0,9
99,2011-12-16,2783.507689066837,0.0,9
33,2011-12-16,5125.315998370596,0.0,9
74,2011-12-09,20335.79526642361,0.0,9
87,2011-12-30,8507.901643301617,1.0,9
17,2011-12-02,28656.423823891622,0.0,9
32,2011-12-23,26081.87701300453,0.0,9
5,2011-12-23,24890.46744641657,0.0,9
40,2011-12-23,40858.27560237263,0.0,9
96,2011-12-09,27170.92250055001,0.0,9
13,2011-12-16,26204.994043813527,0.0,9
31,2011-12-23,6692.042017494873,0.0,9
10,2011-12-16,22610.696920719824,0.0,9
1,2011-12-02,12670.053709378266,0.0,9
74,2011-12-30,3893.7367562292447,1.0,9
5,2011-12-23,6891.851602593317,0.0,9
3,2011-12-23,30166.80803892171,0.0,9
56,2011-12-23,2232.5447625746347,0.0,9
58,2011-12-23,2119.696310028585,0.0,9
7,2011-12-02,3467.760145913353,0.0,9
7,2011-12-09,11935.547825865164,0.0,9
72,2011-12-30,12040.815844817114,1.0,9
46,2011-12-16,34888.13693379961,0.0,9
49,2011-12-09,2.9945262065517557,0.0,9
14,2011-12-23,11644.525682283853,0.0,9
25,2011-12-30,5764.09935607944,1.0,9
55,2011-12-09,4624.852252597955,0.0,9
25,2011-12-23,30647.698426205203,0.0,9
30,2011-12-09,3218.750669143128,0.0,9
2,2011-12-16,69198.20280435572,0.0,9
56,2011-12-23,4573.909036845415,0.0,9
7,2011-12-09,15591.101051132322,0.0,9
6,2011-12-16,7768.189438340299,0.0,9
91,2011-12-16,14074.404142584854,0.0,9
21,2011-12-30,3303.7194334359087,1.0,9
1,2011-12-23,20727.934528119866,0.0,9
17,2011-12-23,20536.291111636605,0.0,9
16,2011-12-30,121.5555629994044,1.0,9
72,2011-12-23,83154.75065710503,0.0,9
71,2011-12-02,1570.733605765659,0.0,9
10,2011-12-16,34855.583984450845,0.0,9
14,2011-12-09,32793.891124930735,0.0,9
12,2011-12-23,4165.270789433645,0.0,9
46,2011-12-23,51972.86376824087,0.0,9
17,2011-12-09,569.8379166187246,0.0,9
26,2011-12-23,8786.994953826083,0.0,9
30,2011-12-23,5090.753386363903,0.0,9
28,2011-12-23,1380.3061848532757,0.0,9
87,2011-12-09,20055.53064275696,0.0,9
30,2011-12-23,2235.9325925658386,0.0,9
6,2011-12-30,12942.076313850035,1.0,9
55,2011-12-16,27357.783060345875,0.0,9
60,2011-12-09,473.8018821972688,0.0,9
71,2011-12-23,21781.805053413456,0.0,9
87,2011-12-23,17362.07941841364,0.0,9
59,2011-12-30,4449.600194572569,1.0,9
13,2011-12-16,42611.7666306802,0.0,9
26,2011-12-16,20656.381691491093,0.0,9
81,2011-12-09,37513.39337666725,0.0,9
49,2011-12-23,5212.3500890108535,0.0,9
56,2011-12-09,1199.9945711150426,0.0,9
20,2011-12-30,8513.041701673656,1.0,9
30,2011-12-09,3208.3977862750853,0.0,9
97,2011-12-09,5106.3239963261,0.0,9
18,2011-12-16,34702.934521038966,0.0,9
31,2011-12-16,3340.705758419594,0.0,9
99,2011-12-30,377.9047812437413,1.0,9
59,2011-12-02,3825.371834069437,0.0,9
85,2011-12-02,5458.9934109007,0.0,9
8,2011-12-09,36509.15205752901,0.0,9
92,2011-12-30,13994.805656978744,1.0,9
46,2011-12-30,32119.745390923246,1.0,9
72,2011-12-02,70755.72099691765,0.0,9
34,2011-12-30,23192.863137083838,1.0,9
97,2011-12-30,1640.1958442135044,1.0,9
33,2011-12-09,26561.11478837887,0.0,9
24,2011-12-23,11846.089474945227,0.0,9
25,2011-12-23,16104.703621951818,0.0,9
99,2011-12-23,2711.3477859071945,0.0,9
26,2011-12-30,1101.0359055906,1.0,9
52,2011-12-23,679.5447237486446,0.0,9
52,2011-12-09,1253.1989903482583,0.0,9
35,2011-12-02,1277.2527740727307,0.0,9
36,2011-12-02,2397.53393178103,0.0,9
38,2011-12-02,86725.61358743893,0.0,9
32,2011-12-02,5371.811296205689,0.0,9
19,2011-12-30,858.8836292396318,1.0,9
33,2011-12-30,3440.552403114684,1.0,9
92,2011-12-16,10134.654701885642,0.0,9
17,2011-12-30,167.63103954312996,1.0,9
31,2011-12-09,6249.931303606795,0.0,9
33,2011-12-23,24992.47686160057,0.0,9
25,2011-12-16,4937.345816904807,0.0,9
81,2011-12-16,21288.27376721483,0.0,9
33,2011-12-16,8519.046544012272,0.0,9
36,2011-12-16,6011.001485908314,0.0,9
25,2011-12-16,22837.45768203761,0.0,9
12,2011-12-09,3103.517714381416,0.0,9
85,2011-12-02,1130.9984711050515,0.0,9
97,2011-12-02,11640.211632244524,0.0,9
4,2011-12-09,21415.287413870028,0.0,9
67,2011-12-23,9481.556299680013,0.0,9
19,2011-12-30,347.4744189249145,1.0,9
97,2011-12-23,2801.460725144878,0.0,9
94,2011-12-09,2892.426440836256,0.0,9
2,2011-12-30,30132.13606433163,1.0,9
23,2011-12-09,50731.95854392597,0.0,9
79,2011-12-09,16613.06283180158,0.0,9
56,2011-12-30,1117.599299430345,1.0,9
29,2011-12-23,38636.70275394507,0.0,9
33,2011-12-16,8192.904074767086,0.0,9
25,2011-12-09,4814.856533934224,0.0,9
12,2011-12-16,2913.123411046569,0.0,9
11,2011-12-23,34328.548373800644,0.0,9
35,2011-12-09,55605.57488708701,0.0,9
30,2011-12-09,2316.4397520920243,0.0,9
97,2011-12-09,6143.796299575515,0.0,9
18,2011-12-16,51759.26470485042,0.0,9
74,2011-12-09,3911.0064791101536,0.0,9
91,2011-12-16,47086.59004490654,0.0,9
81,2011-12-16,10354.475910491085,0.0,9
21,2011-12-02,4948.709577946957,0.0,9
82,2011-12-30,12370.016236607937,1.0,9
87,2011-12-30,16011.401289199004,1.0,9
38,2011-12-23,60090.05807081644,0.0,9
46,2011-12-30,30785.354960091903,1.0,9
31,2011-12-16,7650.118015135925,0.0,9
9,2011-12-23,50815.7637683339,0.0,9
46,2011-12-30,25653.68039342833,1.0,9
4,2011-12-30,14625.041764265716,1.0,9
41,2011-12-16,1501.46789042026,0.0,9
87,2011-12-23,23093.862983768056,0.0,9
83,2011-12-09,4399.152288166958,0.0,9
90,2011-12-30,16286.508778738422,1.0,9
81,2011-12-30,12720.743584011809,1.0,9
37,2011-12-30,2967.892309377479,1.0,9
27,2011-12-23,3055.8205689289903,0.0,9
32,2011-12-23,5027.077874492944,0.0,9
83,2011-12-02,9359.612864924946,0.0,9
55,2011-12-23,1526.1390669874352,0.0,9
98,2011-12-23,932.7680581588256,0.0,9
67,2011-12-30,3284.725838832799,1.0,9
34,2011-12-16,15249.021435275958,0.0,9
97,2011-12-02,15367.313325571611,0.0,9
93,2011-12-02,1128.5774582655456,0.0,9
74,2011-12-02,4406.775721055215,0.0,9
14,2011-12-30,1637.1830811647685,1.0,9
90,2011-12-16,34991.32231627223,0.0,9
80,2011-12-09,3051.7119575598635,0.0,9
36,2011-12-09,3596.551694010944,0.0,9
97,2011-12-09,2555.445546275725,0.0,9
82,2011-12-02,936.3362549430204,0.0,9
46,2011-12-02,4597.213201567705,0.0,9
13,2011-12-23,15.165103367395014,0.0,9
35,2011-12-02,2457.81396427742,0.0,9
94,2011-12-16,46589.944515709736,0.0,9
36,2011-12-30,2705.2211427019347,1.0,9
59,2011-12-16,6249.122441147054,0.0,9
11,2011-12-16,2365.774661968962,0.0,9
83,2011-12-09,5156.763129192588,0.0,9
74,2011-12-09,11912.281103942192,0.0,9
2,2011-12-23,83831.2066371746,0.0,9
1,2011-12-02,14511.559564219564,0.0,9
46,2011-12-02,17487.497094402825,0.0,9
46,2011-12-23,35150.147495950296,0.0,9
34,2011-12-16,18301.36153865712,0.0,9
2,2011-12-23,8132.501294055662,0.0,9
5,2011-12-16,12424.413343967462,0.0,9
10,2011-12-23,46595.49763061195,0.0,9
35,2011-12-09,1041.1677660827288,0.0,9
19,2011-12-09,4789.93262659604,0.0,9
25,2011-12-02,12855.244958205642,0.0,9
90,2011-12-23,6994.2149625252,0.0,9
82,2011-12-23,56009.42282658926,0.0,9
20,2011-12-02,6101.324252243843,0.0,9
91,2011-12-30,12701.550158219998,1.0,9
23,2011-12-30,31446.664323595043,1.0,9
25,2011-12-16,16012.10711889497,0.0,9
16,2011-12-16,1758.9161450868323,0.0,9
94,2011-12-02,45.38209972972426,0.0,9
7,2011-12-02,10237.909934107802,0.0,9
8,2011-12-16,16558.11185932596,0.0,9
40,2011-12-23,58167.09090474761,0.0,9
49,2011-12-09,2861.262870410221,0.0,9
42,2011-12-16,3857.94595807877,0.0,9
23,2011-12-16,20362.07913925386,0.0,9
36,2011-12-09,700.131164512351,0.0,9
28,2011-12-23,1596.920251169416,0.0,9
94,2011-12-09,479.3164465555407,0.0,9
24,2011-12-02,7373.9778363303985,0.0,9
83,2011-12-09,2944.409972470102,0.0,9
60,2011-12-16,8201.293466086163,0.0,9
93,2011-12-09,6217.785956274404,0.0,9
38,2011-12-09,68305.66387801213,0.0,9
40,2011-12-09,41.90064222573457,0.0,9
9,2011-12-30,9826.838115834318,1.0,9
97,2011-12-16,2653.0616058248006,0.0,9
79,2011-12-30,8503.623499505831,1.0,9
72,2011-12-09,6522.753243440271,0.0,9
1,2011-12-09,23820.71744150341,0.0,9
60,2011-12-16,12879.001369242573,0.0,9
90,2011-12-16,22207.149292568563,0.0,9
2,2011-12-02,7730.14407483415,0.0,9
46,2011-12-09,21138.56179830534,0.0,9
4,2011-12-09,29668.991021077927,0.0,9
98,2011-12-09,739.4450886270373,0.0,9
82,2011-12-02,4880.282692356465,0.0,9
49,2011-12-30,68.05574690210878,1.0,9
90,2011-12-30,13687.077700096668,1.0,9
10,2011-12-30,10928.93958975694,1.0,9
31,2011-12-02,6023.893559974287,0.0,9
34,2011-12-16,17042.957331973754,0.0,9
81,2011-12-23,5874.841032639627,0.0,9
33,2011-12-30,20447.799113744088,1.0,9
6,2011-12-16,7853.178193935173,0.0,9
91,2011-12-30,6670.236746483393,1.0,9
35,2011-12-16,5392.357858254982,0.0,9
32,2011-12-16,15666.45607006194,0.0,9
54,2011-12-16,2147.8707267642253,0.0,9
13,2011-12-02,20928.11217695222,0.0,9
97,2011-12-09,3151.9250102875067,0.0,9
31,2011-12-23,4110.8295186209925,0.0,9
13,2011-12-02,25649.51564378314,0.0,9
1,2011-12-02,24085.112510967585,0.0,9
67,2011-12-30,9231.701199862306,1.0,9
22,2011-12-02,25732.49821068742,0.0,9
11,2011-12-16,28551.900599584973,0.0,9
93,2011-12-09,1044.0794161236445,0.0,9
34,2011-12-30,11383.29839257867,1.0,9
2,2011-12-02,10487.800981729391,0.0,9
95,2011-12-02,43427.65962099185,0.0,9
4,2011-12-30,11250.586952425512,1.0,9
72,2011-12-23,82883.89043709065,0.0,9
7,2011-12-23,162403.18152311325,0.0,9
44,2011-12-30,2138.3894327608164,1.0,9
96,2011-12-02,22428.19873251764,0.0,9
13,2011-12-16,27919.51443198778,0.0,9
82,2011-12-16,4661.419209354587,0.0,9
7,2011-12-09,46051.09528803031,0.0,9
60,2011-12-23,277.86499920595344,0.0,9
41,2011-12-09,7225.506955786072,0.0,9
55,2011-12-02,25.4983876440301,0.0,9
19,2011-12-16,2259.5520823013976,0.0,9
9,2011-12-09,4.762705977946983,0.0,9
7,2011-12-09,73278.82780565383,0.0,9
98,2011-12-09,164.03523592773874,0.0,9
46,2011-12-30,27320.237158254717,1.0,9
80,2011-12-23,33675.94715388094,0.0,9
96,2011-12-02,15521.811384272894,0.0,9
71,2011-12-02,869.214771389666,0.0,9
12,2011-12-30,1439.5174515636477,1.0,9
46,2011-12-23,3551.8758679876714,0.0,9
38,2011-12-02,41372.147683939766,0.0,9
90,2011-12-30,18240.609066501976,1.0,9
22,2011-12-23,29891.64908987384,0.0,9
23,2011-12-23,65959.68684371577,0.0,9
33,2011-12-02,15724.0196221584,0.0,9
38,2011-12-09,92194.9150780756,0.0,9
90,2011-12-16,11157.63270798754,0.0,9
28,2011-12-30,2221.986632671319,1.0,9
96,2011-12-30,7256.993017874813,1.0,9
38,2011-12-30,48395.89436528493,1.0,9
11,2011-12-23,18788.20425424244,0.0,9
6,2011-12-02,485.8149796856338,0.0,9
82,2011-12-02,21356.560457763604,0.0,9
10,2011-12-30,15505.406807090643,1.0,9
81,2011-12-02,11631.530922673212,0.0,10
6,2011-12-30,314.81983886119644,1.0,10
80,2011-12-09,48574.484629062856,0.0,10
52,2011-12-02,5727.449352135249,0.0,10
33,2011-12-16,6710.391396113492,0.0,10
26,2011-12-02,11319.747600044962,0.0,10
11,2011-12-09,29876.6072014947,0.0,10
22,2011-12-30,19567.56471967434,1.0,10
56,2011-12-30,1587.9385707063127,1.0,10
74,2011-12-16,8112.20910185166,0.0,10
20,2011-12-16,7018.560294646118,0.0,10
3,2011-12-23,9109.57922389661,0.0,10
26,2011-12-30,1870.615114989443,1.0,10
40,2011-12-16,12212.594911424882,0.0,10
27,2011-12-23,3408.1742881132204,0.0,10
80,2011-12-02,14910.47455343672,0.0,10
6,2011-12-23,3715.721733687085,0.0,10
23,2011-12-09,37687.2877480479,0.0,10
47,2011-12-30,8020.344849332517,1.0,10
17,2011-12-02,23156.03294384312,0.0,10
92,2011-12-23,77283.22480333046,0.0,10
8,2011-12-23,35036.47480711971,0.0,10
81,2011-12-23,7362.2740583368,0.0,10
91,2011-12-02,536.0780101066581,0.0,10
72,2011-12-09,60412.83149055042,0.0,10
81,2011-12-09,31145.125708454278,0.0,10
14,2011-12-09,13650.767444340614,0.0,10
54,2011-12-09,398.6124960214813,0.0,10
92,2011-12-09,218336.154459612,0.0,10
52,2011-12-09,1318.3041412856849,0.0,10
92,2011-12-02,120593.60898088416,0.0,10
80,2011-12-23,14744.994918026992,0.0,10
33,2011-12-30,12426.50321293028,1.0,10
96,2011-12-09,15691.911844604469,0.0,10
7,2011-12-02,15877.604137059408,0.0,10
90,2011-12-16,13463.091910180474,0.0,10
49,2011-12-30,5704.102073471467,1.0,10
72,2011-12-09,51506.69433011566,0.0,10
30,2011-12-09,5014.930479576314,0.0,10
97,2011-12-16,28919.09043976627,0.0,10
6,2011-12-30,6328.813786085841,1.0,10
36,2011-12-02,2416.6173874650963,0.0,10
83,2011-12-02,3614.247679281859,0.0,10
97,2011-12-09,16968.01279057615,0.0,10
11,2011-12-09,25753.270456760525,0.0,10
16,2011-12-23,3000.222409791944,0.0,10
80,2011-12-16,24314.02049219669,0.0,10
5,2011-12-23,1693.3436047216887,0.0,10
74,2011-12-09,21320.87653624982,0.0,10
8,2011-12-16,27188.762528463827,0.0,10
38,2011-12-16,95305.7292930116,0.0,10
71,2011-12-16,6743.978836394789,0.0,10
90,2011-12-16,89227.68059854515,0.0,10
91,2011-12-23,104025.24166097802,0.0,10
95,2011-12-30,46999.31248820606,1.0,10
2,2011-12-02,24349.074096954857,0.0,10
16,2011-12-23,7253.455481460952,0.0,10
16,2011-12-09,7293.497211342672,0.0,10
34,2011-12-02,10131.059709608866,0.0,10
72,2011-12-16,73148.61988140986,0.0,10
82,2011-12-02,4407.733412515256,0.0,10
6,2011-12-09,6642.0465181479785,0.0,10
41,2011-12-09,70536.26581014051,0.0,10
12,2011-12-30,1591.0289744623628,1.0,10
52,2011-12-30,3871.864170903864,1.0,10
54,2011-12-23,61536.129878093314,0.0,10
95,2011-12-02,96075.7881314358,0.0,10
3,2011-12-09,4229.867177866978,0.0,10
17,2011-12-02,12494.194325796763,0.0,10
97,2011-12-30,19477.118969786243,1.0,10
9,2011-12-09,10361.905129493907,0.0,10
94,2011-12-23,39826.90783718317,0.0,10
2,2011-12-16,70427.90738435696,0.0,10
4,2011-12-30,31620.609708326218,1.0,10
41,2011-12-09,7203.30140681922,0.0,10
37,2011-12-30,2300.675045812067,1.0,10
46,2011-12-02,22470.159795087893,0.0,10
32,2011-12-02,15252.75274286634,0.0,10
59,2011-12-09,1806.7504100831172,0.0,10
60,2011-12-23,476.051895882051,0.0,10
4,2011-12-30,33346.54840366237,1.0,10
8,2011-12-16,35903.801986517065,0.0,10
19,2011-12-23,1785.6346001180084,0.0,10
35,2011-12-30,7016.508312712648,1.0,10
49,2011-12-02,2847.084292385291,0.0,10
21,2011-12-16,7584.165881424646,0.0,10
47,2011-12-30,31793.22126537532,1.0,10
93,2011-12-16,53296.756424372776,0.0,10
92,2011-12-16,135148.0040341531,0.0,10
80,2011-12-30,28097.099993336727,1.0,10
29,2011-12-09,16705.202334074485,0.0,10
7,2011-12-16,81448.1754678145,0.0,10
17,2011-12-23,24680.16173877715,0.0,10
29,2011-12-09,8118.0432706555375,0.0,10
74,2011-12-02,3056.715223925631,0.0,10
7,2011-12-23,37059.510443020656,0.0,10
14,2011-12-30,16669.72837500839,1.0,10
2,2011-12-09,79501.22353446856,0.0,10
94,2011-12-23,28047.010313101626,0.0,10
8,2011-12-09,11382.865001818467,0.0,10
40,2011-12-09,15477.528246726166,0.0,10
71,2011-12-16,78446.20225603186,0.0,10
49,2011-12-30,1857.0570496102405,1.0,10
44,2011-12-16,5363.625724378768,0.0,10
23,2011-12-16,3115.072639695878,0.0,10
87,2011-12-02,27537.804019497515,0.0,10
45,2011-12-09,15368.916821676212,0.0,10
3,2011-12-23,2827.814385541716,0.0,10
46,2011-12-02,30236.3563807743,0.0,10
22,2011-12-16,6069.144242911989,0.0,10
23,2011-12-30,39594.66004625793,1.0,10
3,2011-12-23,7095.283804593777,0.0,10
18,2011-12-09,29478.57148144741,0.0,10
46,2011-12-02,33317.57432865679,0.0,10
82,2011-12-30,8256.607219628282,1.0,10
96,2011-12-30,27476.26590641541,1.0,10
81,2011-12-16,6551.329002981271,0.0,10
4,2011-12-16,25605.92082271305,0.0,10
23,2011-12-02,22954.490446446325,0.0,10
16,2011-12-09,2583.634670988248,0.0,10
82,2011-12-30,40952.96269816649,1.0,10
14,2011-12-09,11879.976539546167,0.0,10
21,2011-12-02,7592.7336753482095,0.0,10
42,2011-12-16,1533.033950777584,0.0,10
25,2011-12-02,5367.271841159675,0.0,10
82,2011-12-23,136604.43775251985,0.0,10
48,2011-12-16,-8.028799417371138,0.0,10
23,2011-12-02,28020.3844323906,0.0,10
29,2011-12-23,20455.521140089324,0.0,10
7,2011-12-02,34658.94145747443,0.0,10
49,2011-12-02,5105.1600596322505,0.0,10
97,2011-12-09,6275.30638366425,0.0,10
97,2011-12-02,32802.40792134381,0.0,10
38,2011-12-02,41792.14693478783,0.0,10
20,2011-12-02,4297.278373448207,0.0,10
40,2011-12-02,48795.72519574528,0.0,10
32,2011-12-09,5.894815318743711,0.0,10
11,2011-12-30,11465.008618459353,1.0,10
91,2011-12-23,58399.0098552704,0.0,10
85,2011-12-09,1252.7558632623256,0.0,10
93,2011-12-09,39211.437750670535,0.0,10
81,2011-12-30,15506.360344043407,1.0,10
38,2011-12-09,91360.54005190045,0.0,10
12,2011-12-23,2417.126747499574,0.0,10
83,2011-12-16,6739.872176739215,0.0,10
42,2011-12-09,4670.6160582991215,0.0,10
12,2011-12-30,2574.741264781995,1.0,10
22,2011-12-09,25442.1410432043,0.0,10
97,2011-12-16,27517.7431266055,0.0,10
30,2011-12-23,2201.837022454117,0.0,10
58,2011-12-09,2685.651688773479,0.0,10
95,2011-12-02,79205.71275853102,0.0,10
96,2011-12-02,29429.88564539149,0.0,10
42,2011-12-16,7908.48227309532,0.0,10
29,2011-12-16,14112.827496328042,0.0,10
18,2011-12-16,23849.42403404838,0.0,10
32,2011-12-02,11706.993046562831,0.0,10
20,2011-12-16,6267.734148540054,0.0,10
40,2011-12-16,15715.932485407617,0.0,10
52,2011-12-23,3375.415258719178,0.0,10
11,2011-12-30,21336.41370350332,1.0,10
7,2011-12-16,87452.17853676704,0.0,10
46,2011-12-30,15154.922982377546,1.0,10
90,2011-12-02,80319.2149778304,0.0,10
14,2011-12-30,24155.510061942143,1.0,10
1,2011-12-02,28977.997274375757,0.0,10
52,2011-12-16,1601.5632892300978,0.0,10
72,2011-12-02,55370.3191973604,0.0,10
52,2011-12-02,24.54051748162659,0.0,10
60,2011-12-09,5792.0623996454815,0.0,10
97,2011-12-16,19954.933500972897,0.0,10
17,2011-12-09,30554.729868947845,0.0,10
72,2011-12-30,69954.80067761066,1.0,10
3,2011-12-30,13002.649709051468,1.0,10
40,2011-12-30,610.8575787816861,1.0,10
23,2011-12-23,79894.60202815401,0.0,10
13,2011-12-23,6374.169945034941,0.0,10
8,2011-12-16,15604.076326823122,0.0,10
27,2011-12-16,2526.663450088848,0.0,10
30,2011-12-23,12462.245361557176,0.0,10
59,2011-12-09,758.6806584937555,0.0,10
93,2011-12-02,25563.31363839885,0.0,10
29,2011-12-02,15609.793778437592,0.0,10
98,2011-12-16,6070.926904021213,0.0,10
46,2011-12-02,24362.01910126301,0.0,10
49,2011-12-16,39582.5780761943,0.0,10
40,2011-12-16,46347.93683566306,0.0,10
18,2011-12-30,21119.30548440251,1.0,10
85,2011-12-30,6123.22301417478,1.0,10
87,2011-12-02,21923.40315747779,0.0,10
56,2011-12-23,68014.17778040214,0.0,10
96,2011-12-16,28330.760363330766,0.0,10
11,2011-12-30,15989.145603644449,1.0,10
3,2011-12-23,15906.639154868097,0.0,10
42,2011-12-30,3032.1901060928044,1.0,10
45,2011-12-16,5526.946160719554,0.0,10
13,2011-12-02,20.25318108665098,0.0,10
1,2011-12-02,9649.388197551994,0.0,10
34,2011-12-23,18745.716770409475,0.0,10
59,2011-12-02,7379.634106652114,0.0,10
87,2011-12-16,17937.60768995221,0.0,10
56,2011-12-30,30899.724174774685,1.0,10
40,2011-12-09,53949.23659661931,0.0,10
80,2011-12-02,35437.136916781004,0.0,10
31,2011-12-23,5461.677937174563,0.0,10
6,2011-12-30,5453.612935036951,1.0,10
81,2011-12-02,11792.408656379355,0.0,10
81,2011-12-23,13670.909819315484,0.0,10
94,2011-12-09,30683.88399269671,0.0,10
17,2011-12-02,8903.971683678692,0.0,10
36,2011-12-16,7426.227799761103,0.0,10
93,2011-12-16,45917.51677585533,0.0,10
97,2011-12-02,13964.267686846391,0.0,10
4,2011-12-16,21962.03997561632,0.0,10
16,2011-12-09,44367.99899490312,0.0,10
40,2011-12-09,89069.36703589663,0.0,10
60,2011-12-02,725.1741713422443,0.0,10
72,2011-12-16,170218.95276898053,0.0,10
34,2011-12-09,27318.05691611406,0.0,10
74,2011-12-23,58495.410676930165,0.0,10
4,2011-12-16,36957.14039082056,0.0,10
4,2011-12-23,40895.19743481358,0.0,10
91,2011-12-23,57909.84411492144,0.0,10
2,2011-12-02,60044.34306881388,0.0,10
90,2011-12-23,99997.21790206736,0.0,10
98,2011-12-02,7275.025608328014,0.0,10
85,2011-12-23,3202.391760888171,0.0,10
6,2011-12-30,517.0485957761678,1.0,10
4,2011-12-30,18007.29444217809,1.0,10
46,2011-12-16,11220.236184853153,0.0,10
83,2011-12-09,3355.748985256521,0.0,10
60,2011-12-16,1506.4060762839488,0.0,10
34,2011-12-02,3867.6240304845255,0.0,10
9,2011-12-30,4223.854072923058,1.0,10
87,2011-12-16,16363.618991781976,0.0,10
26,2011-12-02,4883.385965734127,0.0,10
72,2011-12-16,7764.896856291398,0.0,10
33,2011-12-23,16013.815918926794,0.0,10
7,2011-12-16,29121.28619719984,0.0,10
30,2011-12-30,3054.895281815062,1.0,10
90,2011-12-16,77987.54303595405,0.0,10
49,2011-12-02,32673.22123548936,0.0,10
27,2011-12-23,6482.217434214421,0.0,10
24,2011-12-16,8357.785821159388,0.0,10
23,2011-12-09,26610.23424382698,0.0,10
72,2011-12-02,51654.33168075087,0.0,10
19,2011-12-16,3088.43829458578,0.0,10
83,2011-12-30,3585.894679823696,1.0,10
19,2011-12-02,2445.7533339290894,0.0,10
30,2011-12-09,2428.644518496884,0.0,10
92,2011-12-16,46306.89252937311,0.0,10
11,2011-12-16,23929.822109807268,0.0,10
22,2011-12-30,10449.101591220531,1.0,10
22,2011-12-09,9278.61253489751,0.0,10
46,2011-12-16,52.625826328891335,0.0,10
79,2011-12-02,11911.479339277135,0.0,10
22,2011-12-30,18273.90672376511,1.0,10
3,2011-12-16,26654.256477846528,0.0,10
7,2011-12-16,107740.31339717812,0.0,10
54,2011-12-16,4628.757643744956,0.0,10
97,2011-12-09,13759.544452244649,0.0,10
52,2011-12-30,37.40841134854462,1.0,10
56,2011-12-02,23445.34587870715,0.0,10
56,2011-12-23,1588.8463902136573,0.0,10
32,2011-12-23,4754.346382775346,0.0,10
81,2011-12-02,11328.299568215816,0.0,10
12,2011-12-16,2436.952615259345,0.0,10
2,2011-12-16,94040.72810451002,0.0,10
36,2011-12-02,2726.8011500350326,0.0,10
23,2011-12-09,29850.699726334497,0.0,10
81,2011-12-16,43686.84262162224,0.0,10
24,2011-12-23,7005.0275136403225,0.0,10
59,2011-12-23,45.12551321261119,0.0,10
91,2011-12-23,38991.11284104081,0.0,10
44,2011-12-02,4403.243957361062,0.0,10
5,2011-12-16,1648.1440214100585,0.0,10
2,2011-12-30,40860.044463023056,1.0,10
38,2011-12-02,86268.03051406545,0.0,10
72,2011-12-09,77790.30530800168,0.0,10
25,2011-12-16,8412.852491318125,0.0,10
52,2011-12-09,352.15052691197394,0.0,10
98,2011-12-23,31405.32280267,0.0,10
80,2011-12-02,15268.939825253034,0.0,10
21,2011-12-09,5413.91152840225,0.0,10
2,2011-12-23,94925.06999161807,0.0,10
46,2011-12-02,28282.827995318577,0.0,10
17,2011-12-30,29401.538068403534,1.0,10
87,2011-12-02,20661.36975936504,0.0,10
14,2011-12-23,1991.5106177554585,0.0,10
9,2011-12-09,45343.330634204656,0.0,10
11,2011-12-30,8326.449983365419,1.0,10
24,2011-12-23,19979.52813112904,0.0,10
74,2011-12-23,77762.08452774827,0.0,10
4,2011-12-09,23809.03354942804,0.0,10
19,2011-12-02,1317.6267860728517,0.0,10
10,2011-12-30,36183.21482173488,1.0,10
54,2011-12-30,29059.15639401824,1.0,10
13,2011-12-23,12238.430106354852,0.0,10
3,2011-12-16,10084.557176560276,0.0,10
9,2011-12-30,41645.91272432543,1.0,10
42,2011-12-16,4383.468953358806,0.0,10
24,2011-12-09,9784.298277372434,0.0,10
42,2011-12-23,3567.8646877097312,0.0,10
67,2011-12-09,8369.308698272442,0.0,10
13,2011-12-09,7301.451083566388,0.0,10
31,2011-12-30,2131.132621245755,1.0,10
14,2011-12-30,30089.997258922027,1.0,10
34,2011-12-02,3656.470259957485,0.0,10
29,2011-12-23,11489.145760586507,0.0,10
35,2011-12-09,3350.113518464951,0.0,10
38,2011-12-30,64353.693336130855,1.0,10
32,2011-12-02,3349.7646636167265,0.0,10
25,2011-12-16,7968.120231352261,0.0,10
30,2011-12-09,1248.1148567954488,0.0,10
33,2011-12-02,8255.35656151904,0.0,10
72,2011-12-16,111189.92984336616,0.0,10
22,2011-12-30,8232.102296001176,1.0,10
79,2011-12-23,50490.464005117145,0.0,10
28,2011-12-16,640.5009140618192,0.0,10
59,2011-12-16,8054.491030529082,0.0,10
8,2011-12-23,4399.23852990032,0.0,10
36,2011-12-30,2714.314410215991,1.0,10
79,2011-12-23,10305.202737519969,0.0,10
33,2011-12-16,11791.314269339156,0.0,10
52,2011-12-02,3356.8700576643078,0.0,10
14,2011-12-23,6611.473393834804,0.0,10
31,2011-12-23,5402.952649933682,0.0,10
20,2011-12-09,7759.733262941767,0.0,10
40,2011-12-16,39908.03341316644,0.0,10
29,2011-12-02,8399.544427536968,0.0,10
29,2011-12-09,999.4773711413716,0.0,10
52,2011-12-09,1815.2148081532011,0.0,10
8,2011-12-30,5229.090266704564,1.0,10
42,2011-12-30,3706.635631699047,1.0,10
40,2011-12-09,34682.99539378289,0.0,10
98,2011-12-02,15128.489040725242,0.0,10
48,2011-12-09,39971.11578651176,0.0,10
38,2011-12-09,72377.97926027724,0.0,10
26,2011-12-02,12409.01336648517,0.0,10
67,2011-12-02,93268.08693740563,0.0,10
47,2011-12-30,-119.5790927817194,1.0,10
54,2011-12-02,6.356837021858143,0.0,10
12,2011-12-30,2256.266544355133,1.0,10
44,2011-12-02,11436.611366423374,0.0,10
4,2011-12-09,7073.958951224494,0.0,10
60,2011-12-30,204.8047765766904,1.0,10
38,2011-12-16,84776.00615423839,0.0,10
80,2011-12-23,20098.859104133782,0.0,10
5,2011-12-30,42157.5951628324,1.0,10
4,2011-12-09,32742.3312885699,0.0,10
38,2011-12-30,57780.280096775336,1.0,10
24,2011-12-09,45.13126528534341,0.0,11
10,2011-12-16,17701.651530903302,0.0,11
74,2011-12-23,13791.895844024237,0.0,11
82,2011-12-16,7383.312005114636,0.0,11
40,2011-12-30,17025.75255529065,1.0,11
96,2011-12-02,7310.458019487159,0.0,11
13,2011-12-23,-136.167653137794,0.0,11
79,2011-12-09,173.15239824825142,0.0,11
16,2011-12-30,6882.267889155617,1.0,11
23,2011-12-16,16874.20823199285,0.0,11
72,2011-12-30,2500.9419247287788,1.0,11
18,2011-12-30,224.97024341502288,1.0,11
90,2011-12-09,13911.147107393264,0.0,11
10,2011-12-23,363.4280703020329,0.0,11
26,2011-12-09,10608.143954144094,0.0,11
25,2011-12-02,5.040295952146119,0.0,11
56,2011-12-30,18310.243114337867,1.0,11
71,2011-12-16,51097.33537573935,0.0,11
72,2011-12-23,531.4489902884263,0.0,11
41,2011-12-09,458.9127716404653,0.0,11
91,2011-12-02,22819.948193464457,0.0,11
54,2011-12-16,64.91189063015553,0.0,11
98,2011-12-09,2205.8734386437177,0.0,11
38,2011-12-09,11495.017727914566,0.0,11
97,2011-12-30,24538.44275033039,1.0,11
55,2011-12-16,19956.40167826096,0.0,11
44,2011-12-09,4664.553291967805,0.0,11
95,2011-12-23,22009.70059870732,0.0,11
21,2011-12-30,1011.1548426262468,1.0,11
28,2011-12-23,257.9712582681762,0.0,11
18,2011-12-30,16678.496805541832,1.0,11
56,2011-12-30,139.15881420176638,1.0,11
81,2011-12-16,10030.892562398529,0.0,11
60,2011-12-02,171.520735869374,0.0,11
81,2011-12-02,11957.151631681863,0.0,11
72,2011-12-16,11083.5142370084,0.0,11
52,2011-12-02,13.134467254979135,0.0,11
85,2011-12-23,18372.233409414686,0.0,11
44,2011-12-02,50.35733318060132,0.0,11
50,2011-12-09,828.8627570773913,0.0,11
27,2011-12-16,5.741440109394584,0.0,11
37,2011-12-23,3512.2750196384527,0.0,11
67,2011-12-02,16.09575838793742,0.0,11
6,2011-12-30,131.55362170469346,1.0,11
24,2011-12-16,21.4291837152296,0.0,11
98,2011-12-02,6639.563060381177,0.0,11
79,2011-12-23,401.4881386701216,0.0,11
79,2011-12-09,5177.327814963384,0.0,11
54,2011-12-30,66.6779367766409,1.0,11
6,2011-12-09,4722.830185310815,0.0,11
28,2011-12-09,131.6428143619517,0.0,11
25,2011-12-02,25.33536507701516,0.0,11
67,2011-12-30,572.5327492860629,1.0,11
32,2011-12-30,18.007111030615285,1.0,11
36,2011-12-30,400.842625826465,1.0,11
52,2011-12-16,511.5295427122117,0.0,11
67,2011-12-30,11380.155117375927,1.0,11
14,2011-12-02,1113.8415153632147,0.0,11
98,2011-12-30,84.17141532130742,1.0,11
34,2011-12-16,15828.395597313134,0.0,11
16,2011-12-16,2107.714583373462,0.0,11
8,2011-12-23,9486.159395216831,0.0,11
87,2011-12-02,13408.922972305969,0.0,11
28,2011-12-23,190.1103859139671,0.0,11
11,2011-12-30,242.3558658561656,1.0,11
87,2011-12-30,13027.089080569544,1.0,11
79,2011-12-02,2.05521048806136,0.0,11
87,2011-12-23,280.37816735039814,0.0,11
22,2011-12-02,2959.2351287884794,0.0,11
5,2011-12-09,179.42191017055868,0.0,11
52,2011-12-23,3466.14386724989,0.0,11
7,2011-12-09,128.62780646892477,0.0,11
60,2011-12-16,814.125653026552,0.0,11
83,2011-12-16,158.20271980684214,0.0,11
32,2011-12-16,23495.832133372187,0.0,11
49,2011-12-16,142.16686137322014,0.0,11
8,2011-12-02,4412.160835369788,0.0,11
17,2011-12-09,9383.873299954452,0.0,11
81,2011-12-02,18933.698606185797,0.0,11
8,2011-12-16,2773.602604056436,0.0,11
67,2011-12-09,35.05752332385982,0.0,11
17,2011-12-30,20179.037762827727,1.0,11
27,2011-12-09,23.579709113985803,0.0,11
28,2011-12-02,187.98532741194305,0.0,11
74,2011-12-02,1728.4517908070516,0.0,11
32,2011-12-30,15405.271307365734,1.0,11
47,2011-12-09,1200.132799543837,0.0,11
96,2011-12-23,9.338569885168532,0.0,11
28,2011-12-09,531.5585654013304,0.0,11
2,2011-12-16,68408.6373453737,0.0,11
16,2011-12-16,8281.586011369633,0.0,11
47,2011-12-09,62.84095935306914,0.0,11
93,2011-12-16,61629.74301226609,0.0,11
96,2011-12-16,15815.209634190336,0.0,11
96,2011-12-30,-5.246967036901598,1.0,11
5,2011-12-30,11.223947736167254,1.0,11
28,2011-12-02,200.30020054268564,0.0,11
59,2011-12-30,458.1200719832575,1.0,11
59,2011-12-23,237.77184591603293,0.0,11
6,2011-12-02,124.89168668814634,0.0,11
67,2011-12-23,378.85388105852405,0.0,11
54,2011-12-23,156.84012265415754,0.0,11
8,2011-12-30,752.2027711240323,1.0,11
41,2011-12-02,6761.559783350688,0.0,11
72,2011-12-30,75.89558540564495,1.0,11
3,2011-12-02,117.77565097068464,0.0,11
74,2011-12-09,383.8844984794139,0.0,11
92,2011-12-30,29470.46297353571,1.0,11
92,2011-12-30,25858.48617533729,1.0,11
67,2011-12-30,10443.45751446011,1.0,11
44,2011-12-16,6566.450506206601,0.0,11
49,2011-12-16,-13.688288642906077,0.0,11
95,2011-12-16,45090.99344723256,0.0,11
24,2011-12-30,1.7134269244335814,1.0,11
59,2011-12-02,642.6080902371004,0.0,11
16,2011-12-02,2054.67241440876,0.0,11
79,2011-12-23,23414.42731460551,0.0,11
6,2011-12-23,719.0112643451484,0.0,11
98,2011-12-23,21862.565541222903,0.0,11
83,2011-12-23,3294.04172441814,0.0,11
35,2011-12-30,2782.890945137712,1.0,11
32,2011-12-23,9.30452967660444,0.0,11
23,2011-12-09,20682.665801198124,0.0,11
36,2011-12-16,1051.2512575278226,0.0,11
85,2011-12-30,963.1303348589008,1.0,11
67,2011-12-02,1649.8978043445668,0.0,11
41,2011-12-30,409.6994187079338,1.0,11
79,2011-12-23,46300.82745280522,0.0,11
99,2011-12-30,448.1633825171603,1.0,11
90,2011-12-09,3834.736865515443,0.0,11
3,2011-12-16,16259.645964786032,0.0,11
31,2011-12-30,31.818081699072888,1.0,11
55,2011-12-02,3467.9213445354976,0.0,11
14,2011-12-02,18027.533236019604,0.0,11
16,2011-12-02,555.215840777651,0.0,11
23,2011-12-23,36.94816759494481,0.0,11
24,2011-12-02,17.279252928024263,0.0,11
20,2011-12-23,1432.9024638342723,0.0,11
10,2011-12-09,291.491161204198,0.0,11
14,2011-12-09,608.2171502154433,0.0,11
92,2011-12-23,32201.36388546337,0.0,11
83,2011-12-02,5432.970959629764,0.0,11
94,2011-12-30,17211.46731093997,1.0,11
42,2011-12-09,6198.051737953001,0.0,11
80,2011-12-16,19944.765624392847,0.0,11
71,2011-12-16,754.1203112257588,0.0,11
48,2011-12-16,61.63312282732591,0.0,11
96,2011-12-23,31995.2665810264,0.0,11
60,2011-12-09,493.7934978418629,0.0,11
27,2011-12-16,17.92793077863702,0.0,11
87,2011-12-02,463.21447179199816,0.0,11
93,2011-12-16,37144.26729258514,0.0,11
29,2011-12-02,11664.712317930414,0.0,11
96,2011-12-16,13.207906203878949,0.0,11
22,2011-12-02,87.2620008956938,0.0,11
42,2011-12-09,156.99951221087994,0.0,11
14,2011-12-09,498.1357606358975,0.0,11
20,2011-12-30,24.016342822815005,1.0,11
85,2011-12-02,4638.55187456559,0.0,11
85,2011-12-09,8741.416687335453,0.0,11
12,2011-12-23,104.75277744789362,0.0,11
5,2011-12-09,7687.116502767608,0.0,11
13,2011-12-30,17110.08437054667,1.0,11
32,2011-12-16,27.969626939318594,0.0,11
80,2011-12-16,136.4622411803132,0.0,11
25,2011-12-16,52.82641715677523,0.0,11
80,2011-12-02,18238.519125565374,0.0,11
37,2011-12-09,45.64630825528893,0.0,11
74,2011-12-09,461.12435235400994,0.0,11
83,2011-12-02,42810.608120152254,0.0,11
26,2011-12-23,12.905995573654378,0.0,11
81,2011-12-09,7597.531585079943,0.0,11
60,2011-12-16,460.2154227268532,0.0,11
55,2011-12-23,121.53197033691212,0.0,11
81,2011-12-30,1.6390905685927164,1.0,11
80,2011-12-30,18325.2589573609,1.0,11
27,2011-12-23,8.850205944754812,0.0,11
83,2011-12-30,1855.5512272158485,1.0,11
94,2011-12-02,28649.434067402417,0.0,11
67,2011-12-02,928.879340603143,0.0,11
9,2011-12-09,26.51798816758811,0.0,11
17,2011-12-16,775.2476424249745,0.0,11
27,2011-12-09,3.8755699878397527,0.0,11
56,2011-12-02,2263.936324549217,0.0,11
82,2011-12-16,684.1361657280049,0.0,11
12,2011-12-30,4501.222063926812,1.0,11
28,2011-12-16,103.33108458468136,0.0,11
13,2011-12-23,12958.788704154776,0.0,11
6,2011-12-09,579.5038381325309,0.0,11
12,2011-12-16,312.75359091799146,0.0,11
14,2011-12-16,1593.1158731353069,0.0,11
59,2011-12-30,318.36932195180503,1.0,11
7,2011-12-30,6812.11910706762,1.0,11
45,2011-12-23,19626.304576796123,0.0,11
16,2011-12-23,692.727448612436,0.0,11
81,2011-12-16,893.4512188535452,0.0,11
2,2011-12-23,9793.397320787317,0.0,11
38,2011-12-23,29.5418574675954,0.0,11
97,2011-12-23,18726.401608145294,0.0,11
91,2011-12-23,56910.39574432111,0.0,11
8,2011-12-09,6827.472690107028,0.0,11
98,2011-12-23,3131.260705787668,0.0,11
10,2011-12-16,12049.29359078943,0.0,11
55,2011-12-09,16266.735413354285,0.0,11
97,2011-12-02,15218.653136956606,0.0,11
32,2011-12-09,5575.945944234994,0.0,11
9,2011-12-09,10029.438541858295,0.0,11
3,2011-12-09,11966.737753554806,0.0,11
32,2011-12-09,9679.6847938944,0.0,11
44,2011-12-02,6226.316550489545,0.0,11
60,2011-12-09,266.28699554757054,0.0,11
82,2011-12-09,9413.776399800226,0.0,11
72,2011-12-16,1223.1843727678138,0.0,11
56,2011-12-16,3291.908991010414,0.0,11
98,2011-12-30,2.9058409517870016,1.0,11
54,2011-12-16,20.50547052118458,0.0,11
97,2011-12-16,6401.4046322840695,0.0,11
74,2011-12-16,324.9865208995995,0.0,11
85,2011-12-09,3401.1746438872283,0.0,11
28,2011-12-09,1228.6497620986245,0.0,11
28,2011-12-02,262.85796553431777,0.0,11
49,2011-12-30,20.22083314330874,1.0,11
94,2011-12-16,19580.711859312723,0.0,11
52,2011-12-23,77.01636473808145,0.0,11
36,2011-12-02,975.0080465627188,0.0,11
91,2011-12-23,15878.762236099834,0.0,11
23,2011-12-16,64301.55579794881,0.0,11
42,2011-12-02,353.01624301118284,0.0,11
10,2011-12-16,270.3776643985341,0.0,11
59,2011-12-02,292.38205454588245,0.0,11
79,2011-12-02,903.2858141253352,0.0,11
96,2011-12-30,11947.11709987656,1.0,11
52,2011-12-16,10648.241059693362,0.0,11
8,2011-12-16,15287.239786626156,0.0,11
6,2011-12-23,17467.701297354128,0.0,11
42,2011-12-02,55.51944521861135,0.0,11
83,2011-12-16,5887.122575427239,0.0,11
80,2011-12-30,16785.217765516827,1.0,11
59,2011-12-23,39.69347788056931,0.0,11
46,2011-12-16,29814.40359407493,0.0,11
80,2011-12-16,21377.20605001844,0.0,11
42,2011-12-02,227.0286167208903,0.0,11
55,2011-12-23,26254.70547264508,0.0,11
6,2011-12-09,530.4576587626644,0.0,11
67,2011-12-30,2323.981732866196,1.0,11
83,2011-12-16,3112.909387191505,0.0,11
54,2011-12-16,20.08252938852171,0.0,11
22,2011-12-09,20.963642990130012,0.0,11
55,2011-12-23,219.3575836106093,0.0,11
29,2011-12-16,14274.95163997864,0.0,11
22,2011-12-09,64.06539228910819,0.0,11
44,2011-12-02,148.3660391606622,0.0,11
97,2011-12-02,15746.090452564078,0.0,11
97,2011-12-23,9770.413424791164,0.0,11
25,2011-12-30,6.500408064097584,1.0,11
9,2011-12-16,12.169244962715474,0.0,11
46,2011-12-02,11024.265754485055,0.0,11
25,2011-12-16,18.19680054915972,0.0,11
96,2011-12-09,16951.050061240494,0.0,11
97,2011-12-23,5124.593105392243,0.0,11
22,2011-12-23,140.89231410797555,0.0,11
85,2011-12-16,7067.674205940008,0.0,11
83,2011-12-02,171.61982314161722,0.0,11
91,2011-12-30,10858.633626204875,1.0,11
9,2011-12-23,18320.402631889843,0.0,12
92,2011-12-02,6875.170715245455,0.0,12
29,2011-12-02,18317.97721190551,0.0,12
60,2011-12-09,215.34674343892053,0.0,12
79,2011-12-23,26186.8726244317,0.0,12
29,2011-12-23,18373.254398213667,0.0,12
35,2011-12-09,2509.5800987421053,0.0,12
71,2011-12-02,2026.872186195949,0.0,12
5,2011-12-23,262.4372593985118,0.0,12
8,2011-12-16,9129.350497280571,0.0,12
56,2011-12-02,1202.5242544056653,0.0,12
74,2011-12-02,20282.163563480557,0.0,12
11,2011-12-09,29076.292670326955,0.0,12
17,2011-12-09,813.8945261529917,0.0,12
98,2011-12-09,17.232367366265507,0.0,12
32,2011-12-09,2057.972720981427,0.0,12
22,2011-12-16,9304.881647460486,0.0,12
20,2011-12-23,9093.446285957209,0.0,12
10,2011-12-02,12607.859382238114,0.0,12
93,2011-12-16,21120.36226157446,0.0,12
21,2011-12-23,18787.614476240404,0.0,12
94,2011-12-09,17997.316149517188,0.0,12
14,2011-12-02,2511.709142786924,0.0,12
21,2011-12-23,18798.781946580188,0.0,12
17,2011-12-02,4962.122186305176,0.0,12
49,2011-12-02,1675.4492378705793,0.0,12
78,2011-12-02,156.24991550927984,0.0,12
7,2011-12-16,11278.905719452829,0.0,12
36,2011-12-16,2198.9201129652324,0.0,12
18,2011-12-16,67158.14008312437,0.0,12
20,2011-12-30,4636.750023637716,1.0,12
29,2011-12-02,6759.200014508296,0.0,12
83,2011-12-09,17319.551750540122,0.0,12
20,2011-12-02,5874.982029818162,0.0,12
14,2011-12-09,1162.8450079955603,0.0,12
82,2011-12-09,13722.502360551503,0.0,12
40,2011-12-16,20522.11699434263,0.0,12
25,2011-12-30,9210.201503854236,1.0,12
14,2011-12-02,16036.522085457584,0.0,12
78,2011-12-30,27489.843208900125,1.0,12
17,2011-12-23,20932.04524816884,0.0,12
3,2011-12-30,535.5771129234081,1.0,12
91,2011-12-16,5037.2871686599365,0.0,12
10,2011-12-23,22529.60875291369,0.0,12
2,2011-12-30,8590.943237368432,1.0,12
3,2011-12-09,6635.8385342821175,0.0,12
97,2011-12-09,22109.363202659715,0.0,12
87,2011-12-23,19406.43096807496,0.0,12
81,2011-12-02,17281.135718186077,0.0,12
55,2011-12-23,20119.605816683696,0.0,12
87,2011-12-09,17262.960401024382,0.0,12
10,2011-12-23,22384.79499484219,0.0,12
31,2011-12-30,3441.327342221328,1.0,12
34,2011-12-02,11632.51968963804,0.0,12
17,2011-12-02,20861.32277480513,0.0,12
54,2011-12-09,29101.093703290608,0.0,12
44,2011-12-09,8334.39694217766,0.0,12
28,2011-12-30,160.5857271973334,1.0,12
45,2011-12-02,23867.42268409676,0.0,12
14,2011-12-16,32564.785892504944,0.0,12
19,2011-12-30,2107.488583087546,1.0,12
21,2011-12-16,10161.09840785612,0.0,12
8,2011-12-16,26412.980644988835,0.0,12
19,2011-12-16,1.048885342704032,0.0,12
72,2011-12-23,124546.14111554784,0.0,12
82,2011-12-02,42.66464338413965,0.0,12
24,2011-12-16,9798.160962846348,0.0,12
52,2011-12-02,21.203129495930163,0.0,12
35,2011-12-16,5044.49858514262,0.0,12
8,2011-12-16,14171.154074228934,0.0,12
13,2011-12-02,7125.445160011836,0.0,12
33,2011-12-02,4227.703805756555,0.0,12
46,2011-12-09,13083.128795107996,0.0,12
87,2011-12-30,8603.021459834092,1.0,12
34,2011-12-02,13600.202888720823,0.0,12
19,2011-12-09,1972.583867861308,0.0,12
42,2011-12-02,6885.143142428894,0.0,12
9,2011-12-09,14448.38627812639,0.0,12
67,2011-12-16,456.5106677058637,0.0,12
93,2011-12-16,2434.593705231711,0.0,12
40,2011-12-16,60106.56139696444,0.0,12
83,2011-12-02,1580.4713235360578,0.0,12
48,2011-12-09,-34.425715235797384,0.0,12
98,2011-12-02,70.60069900498645,0.0,12
28,2011-12-16,1466.1244974028184,0.0,12
17,2011-12-09,12143.677732856258,0.0,12
21,2011-12-30,6048.78165495411,1.0,12
79,2011-12-30,1461.6049959136835,1.0,12
33,2011-12-23,48797.37107471173,0.0,12
79,2011-12-30,14838.832860623445,1.0,12
42,2011-12-30,4046.612040998952,1.0,12
14,2011-12-23,1705.8983072129577,0.0,12
72,2011-12-16,56063.01118399015,0.0,12
87,2011-12-30,13407.50231006442,1.0,12
81,2011-12-16,18183.04731137084,0.0,12
12,2011-12-23,2301.667080594152,0.0,12
67,2011-12-30,497.5690948868639,1.0,12
36,2011-12-16,2489.516278648988,0.0,12
16,2011-12-30,24875.24555011264,1.0,12
13,2011-12-30,2288.590353708663,1.0,12
44,2011-12-23,11382.415883310612,0.0,12
46,2011-12-09,6653.888982216701,0.0,12
14,2011-12-30,31.17957758039133,1.0,12
37,2011-12-02,4125.287185956232,0.0,12
94,2011-12-02,16635.546795676506,0.0,12
96,2011-12-09,6424.953247513597,0.0,12
85,2011-12-16,329.2548240186331,0.0,12
82,2011-12-16,38491.46899582708,0.0,12
93,2011-12-16,18166.652060805336,0.0,12
17,2011-12-23,38294.79137934199,0.0,12
42,2011-12-30,10058.46306514495,1.0,12
95,2011-12-09,74301.68188575735,0.0,12
31,2011-12-09,6417.54122810716,0.0,12
60,2011-12-30,289.98902350999555,1.0,12
6,2011-12-16,1959.591121389486,0.0,12
17,2011-12-16,13665.040454148711,0.0,12
10,2011-12-09,45137.62828658831,0.0,12
4,2011-12-02,15491.800290688392,0.0,12
8,2011-12-02,14261.577687109457,0.0,12
74,2011-12-30,39852.24564502143,1.0,12
60,2011-12-30,5311.360164708468,1.0,12
78,2011-12-30,3353.0689176157093,1.0,12
72,2011-12-02,8729.443624327181,0.0,12
79,2011-12-02,72657.7724203658,0.0,12
48,2011-12-02,37692.79830863205,0.0,12
98,2011-12-30,278.2404174604155,1.0,12
77,2011-12-09,330.44352263328585,0.0,12
72,2011-12-16,14542.101372041025,0.0,12
27,2011-12-30,1379.470544488009,1.0,12
22,2011-12-09,7993.868373043517,0.0,12
18,2011-12-30,11515.831089421778,1.0,12
6,2011-12-09,20242.151808745217,0.0,12
59,2011-12-09,6210.754244377979,0.0,12
16,2011-12-23,40445.07066030583,0.0,12
20,2011-12-09,5921.1726813010255,0.0,12
2,2011-12-09,38037.53105676882,0.0,12
27,2011-12-02,3128.17689437483,0.0,12
34,2011-12-23,22619.634983420336,0.0,12
20,2011-12-30,4031.8815198383095,1.0,12
2,2011-12-02,61476.05013062785,0.0,12
38,2011-12-23,72424.76717514763,0.0,12
90,2011-12-09,15818.4711260133,0.0,12
55,2011-12-02,24684.261021000933,0.0,12
25,2011-12-30,3943.652567686978,1.0,12
87,2011-12-16,19425.548864783745,0.0,12
7,2011-12-09,9230.00179871974,0.0,12
22,2011-12-09,11472.968576053405,0.0,12
71,2011-12-02,29728.59592444461,0.0,12
82,2011-12-16,2439.242738610545,0.0,12
29,2011-12-23,14479.706996249432,0.0,12
60,2011-12-30,391.2050681317207,1.0,12
3,2011-12-23,5386.557990142943,0.0,12
72,2011-12-09,14116.63788826984,0.0,12
33,2011-12-16,6173.936630008354,0.0,12
10,2011-12-16,22820.665190011478,0.0,12
59,2011-12-23,2669.6268549585134,0.0,12
12,2011-12-02,216.80168367941812,0.0,12
23,2011-12-02,33195.3029832993,0.0,12
46,2011-12-30,11199.407991078388,1.0,12
7,2011-12-23,75233.80660386964,0.0,12
22,2011-12-23,13752.874776308068,0.0,12
46,2011-12-16,9161.13804446991,0.0,12
4,2011-12-02,15283.413664183052,0.0,12
7,2011-12-02,1614.1155127254349,0.0,12
83,2011-12-23,11064.956194845709,0.0,12
24,2011-12-09,23483.908323575084,0.0,12
25,2011-12-23,9006.075951235649,0.0,12
58,2011-12-16,844.6307602117422,0.0,12
30,2011-12-02,2743.1283123870053,0.0,12
13,2011-12-02,1853.506751474187,0.0,12
34,2011-12-23,6063.997453841065,0.0,12
38,2011-12-30,70046.13052238183,1.0,12
5,2011-12-02,22350.144165284422,0.0,12
94,2011-12-02,292.5207303449791,0.0,12
37,2011-12-16,2929.9704535952237,0.0,12
21,2011-12-23,6655.443436219117,0.0,12
36,2011-12-23,3480.4593462639464,0.0,12
7,2011-12-02,1548.2575487397876,0.0,12
54,2011-12-30,35.18205229227615,1.0,12
79,2011-12-16,2831.066096015751,0.0,12
8,2011-12-02,1235.5733815186163,0.0,12
6,2011-12-16,1284.9276397289805,0.0,12
16,2011-12-16,23121.485261095488,0.0,12
83,2011-12-30,1602.600043356891,1.0,12
33,2011-12-02,14646.701190802982,0.0,12
17,2011-12-02,20273.00099101097,0.0,12
74,2011-12-09,224.65762647753365,0.0,12
28,2011-12-02,1238.74559597941,0.0,12
79,2011-12-16,34900.49831132721,0.0,12
85,2011-12-02,4666.132782398451,0.0,12
1,2011-12-16,52717.89345722894,0.0,12
3,2011-12-09,573.1092787107499,0.0,12
27,2011-12-09,4428.284499254785,0.0,12
26,2011-12-16,5217.259916630706,0.0,12
4,2011-12-02,106842.98560705742,0.0,12
6,2011-12-30,10824.551554811622,1.0,12
98,2011-12-02,2685.6140796584423,0.0,12
7,2011-12-23,32097.1205714489,0.0,12
34,2011-12-23,6883.688023629684,0.0,12
33,2011-12-16,7682.333064339999,0.0,12
87,2011-12-16,15635.5835938554,0.0,12
33,2011-12-16,23.80654532652648,0.0,12
46,2011-12-30,10.64652789452626,1.0,12
42,2011-12-30,1012.7996491640844,1.0,12
12,2011-12-23,5986.083634875985,0.0,12
52,2011-12-16,1942.1450685437187,0.0,12
31,2011-12-02,1554.4733919162131,0.0,12
18,2011-12-30,38819.33399249231,1.0,12
2,2011-12-09,66506.91038945456,0.0,12
74,2011-12-02,4792.310461008675,0.0,12
48,2011-12-02,2520.0476213359484,0.0,12
46,2011-12-23,78559.45087275535,0.0,12
25,2011-12-30,5944.3923947459125,1.0,12
42,2011-12-02,8270.927167758517,0.0,12
71,2011-12-09,12273.361039126288,0.0,12
33,2011-12-16,12689.406581446992,0.0,12
94,2011-12-16,777.1532616362265,0.0,12
94,2011-12-09,40174.55499902801,0.0,12
58,2011-12-16,3933.4229582733806,0.0,12
1,2011-12-23,33088.91265417392,0.0,12
85,2011-12-30,1112.720780387224,1.0,12
28,2011-12-30,1521.8868970858705,1.0,12
82,2011-12-02,4954.340414741473,0.0,12
38,2011-12-02,53544.02820409894,0.0,12
17,2011-12-23,22530.48018143537,0.0,12
27,2011-12-02,2244.781625273318,0.0,12
97,2011-12-30,2480.2239746658875,1.0,12
12,2011-12-23,7940.968374812652,0.0,12
40,2011-12-23,14282.473835122084,0.0,12
79,2011-12-30,16601.828466346098,1.0,12
17,2011-12-09,10506.044875805255,0.0,12
33,2011-12-30,19249.87636148191,1.0,12
2,2011-12-30,59386.55032216855,1.0,12
74,2011-12-30,740.0996867973714,1.0,12
77,2011-12-23,46060.60509134574,0.0,12
67,2011-12-16,7983.01931026995,0.0,12
14,2011-12-23,640.8301211040526,0.0,12
44,2011-12-16,1846.0114454688912,0.0,12
11,2011-12-23,33546.67043200849,0.0,12
93,2011-12-09,682.8107988660133,0.0,12
47,2011-12-23,-622.8560434763639,0.0,12
54,2011-12-09,1930.9627475585423,0.0,12
54,2011-12-30,59.34086401079618,1.0,12
82,2011-12-16,25927.351252531036,0.0,12
34,2011-12-09,2143.105310403276,0.0,12
59,2011-12-23,2633.1723816773697,0.0,12
19,2011-12-02,1087.9702989039688,0.0,12
5,2011-12-23,48981.77478209103,0.0,12
26,2011-12-23,28105.165765619888,0.0,12
67,2011-12-23,5065.3510036086445,0.0,12
35,2011-12-16,1561.5765917566923,0.0,12
60,2011-12-16,11418.633357966317,0.0,12
98,2011-12-30,7582.052955009151,1.0,12
36,2011-12-02,1527.518034222756,0.0,12
9,2011-12-30,17868.234435162674,1.0,12
59,2011-12-16,5935.349542272696,0.0,12
81,2011-12-09,12705.558106256747,0.0,12
8,2011-12-09,31826.06797552272,0.0,12
93,2011-12-09,1047.840284516146,0.0,12
28,2011-12-23,1256.705403187084,0.0,12
98,2011-12-16,412.7368148409656,0.0,12
26,2011-12-23,3833.536710435644,0.0,12
59,2011-12-16,1737.9679780001732,0.0,12
36,2011-12-23,3029.753425674424,0.0,12
54,2011-12-02,7854.069938244671,0.0,12
40,2011-12-23,7891.199009187837,0.0,12
12,2011-12-30,4230.085871749204,1.0,12
19,2011-12-09,1257.657129268021,0.0,12
23,2011-12-30,41015.00788845285,1.0,12
29,2011-12-16,35667.258287631914,0.0,12
32,2011-12-16,30760.960561181644,0.0,12
72,2011-12-02,6611.975323256485,0.0,12
78,2011-12-02,52.62163389472545,0.0,12
27,2011-12-02,2469.0296724008927,0.0,12
72,2011-12-02,18108.52857242692,0.0,12
16,2011-12-30,2976.662082102999,1.0,12
4,2011-12-23,53584.81024180442,0.0,12
98,2011-12-16,120.0409146570385,0.0,12
40,2011-12-02,51543.4614683517,0.0,12
59,2011-12-09,3427.1712348499127,0.0,12
50,2011-12-16,43449.18719814888,0.0,12
65,2011-12-30,297.5710746343611,1.0,12
83,2011-12-16,251.6683175888232,0.0,12
81,2011-12-16,7258.382160058599,0.0,12
60,2011-12-30,5561.484442521552,1.0,12
25,2011-12-30,11594.62653656729,1.0,12
6,2011-12-16,446.0822039062699,0.0,12
7,2011-12-02,294.9206222396453,0.0,12
82,2011-12-16,19106.58473311934,0.0,12
93,2011-12-23,2310.010459041961,0.0,12
67,2011-12-16,17433.592183380886,0.0,12
54,2011-12-16,96.45235643723086,0.0,12
46,2011-12-16,39714.83690757376,0.0,12
14,2011-12-02,31217.564127712285,0.0,12
41,2011-12-09,8369.543046386225,0.0,12
34,2011-12-23,14565.732743107958,0.0,12
19,2011-12-09,4444.15796785131,0.0,12
8,2011-12-23,61140.53279880482,0.0,12
23,2011-12-09,35458.18272329401,0.0,12
12,2011-12-09,2741.002937872831,0.0,12
33,2011-12-30,4130.817344259854,1.0,12
72,2011-12-30,23650.638858129503,1.0,12
58,2011-12-30,3216.3604471116723,1.0,12
80,2011-12-30,23848.52690405168,1.0,12
96,2011-12-23,4226.305078930901,0.0,12
96,2011-12-23,3762.7391301624,0.0,12
59,2011-12-16,204.2851347218789,0.0,12
26,2011-12-02,15194.355270438047,0.0,12
28,2011-12-09,502.1575460839822,0.0,12
30,2011-12-23,2071.4528186148245,0.0,12
55,2011-12-02,13812.351505442231,0.0,12
79,2011-12-23,151.5734932857187,0.0,12
32,2011-12-02,29663.476804370293,0.0,12
85,2011-12-30,4404.712988658594,1.0,12
19,2011-12-16,2018.5562748279592,0.0,12
24,2011-12-09,17227.01868696979,0.0,12
9,2011-12-23,8056.623356434346,0.0,12
23,2011-12-02,34262.86469638909,0.0,12
38,2011-12-02,52477.934438422206,0.0,12
8,2011-12-16,42919.75106231662,0.0,12
46,2011-12-16,22485.744967343548,0.0,12
16,2011-12-23,459.1023441632775,0.0,12
52,2011-12-30,16823.958900395708,1.0,12
8,2011-12-09,10883.899058948778,0.0,12
29,2011-12-23,36863.50339577399,0.0,12
96,2011-12-09,12457.288327288492,0.0,12
12,2011-12-16,1744.6853163687051,0.0,12
46,2011-12-16,53328.23805892686,0.0,12
46,2011-12-30,7278.861863741407,1.0,12
3,2011-12-23,21728.373937866585,0.0,12
59,2011-12-30,453.981757949383,1.0,12
67,2011-12-16,8865.902255004712,0.0,12
94,2011-12-23,27531.240501069344,0.0,12
30,2011-12-02,1550.897357320519,0.0,12
40,2011-12-23,55323.60956777948,0.0,12
98,2011-12-16,537.7308751383154,0.0,12
81,2011-12-23,4984.523890256733,0.0,12
35,2011-12-09,2451.5238346016463,0.0,12
71,2011-12-09,33921.82787854144,0.0,12
13,2011-12-16,2.874387747907236,0.0,12
47,2011-12-09,25509.35595485584,0.0,12
81,2011-12-02,38415.29535465807,0.0,12
90,2011-12-30,12369.648582187969,1.0,12
2,2011-12-30,69648.5046384618,1.0,13
59,2011-12-09,850.5798841527603,0.0,13
40,2011-12-30,53398.98696231074,1.0,13
27,2011-12-09,6424.976572179929,0.0,13
90,2011-12-09,39242.72177572769,0.0,13
54,2011-12-09,42.42257918430348,0.0,13
87,2011-12-30,9110.980254852384,1.0,13
94,2011-12-16,49579.82743291959,0.0,13
72,2011-12-30,13165.69642244069,1.0,13
94,2011-12-02,24668.984155824583,0.0,13
34,2011-12-09,16065.782031664416,0.0,13
47,2011-12-16,45525.557605983326,0.0,13
48,2011-12-09,9868.424066811243,0.0,13
82,2011-12-30,23381.465928210768,1.0,13
82,2011-12-16,20612.72512875171,0.0,13
42,2011-12-23,4478.637615155636,0.0,13
40,2011-12-23,62644.830395205,0.0,13
36,2011-12-16,4310.445604331275,0.0,13
54,2011-12-30,51.32532433351725,1.0,13
77,2011-12-23,2088.093495178249,0.0,13
74,2011-12-09,5015.9026589459,0.0,13
85,2011-12-02,2591.768394063325,0.0,13
17,2011-12-16,48261.57262743521,0.0,13
7,2011-12-23,70045.79279960947,0.0,13
11,2011-12-02,28051.39294886028,0.0,13
12,2011-12-09,3949.14786261149,0.0,13
31,2011-12-16,2554.279464683529,0.0,13
79,2011-12-30,36737.91547612697,1.0,13
87,2011-12-16,9.702049042361594,0.0,13
40,2011-12-09,86612.49862098895,0.0,13
7,2011-12-02,87234.29140877686,0.0,13
7,2011-12-16,197723.92599974756,0.0,13
67,2011-12-09,6894.659971439442,0.0,13
5,2011-12-09,8391.980666857802,0.0,13
13,2011-12-09,30158.893499800728,0.0,13
11,2011-12-30,26256.662645620934,1.0,13
13,2011-12-09,32177.531796223848,0.0,13
10,2011-12-09,39814.51301949212,0.0,13
42,2011-12-02,7976.047745543935,0.0,13
48,2011-12-16,9184.10343024371,0.0,13
16,2011-12-02,12.157319999955938,0.0,13
25,2011-12-09,20929.469972787098,0.0,13
23,2011-12-23,94639.26191349966,0.0,13
58,2011-12-30,5199.117828049245,1.0,13
18,2011-12-09,96952.78737024886,0.0,13
95,2011-12-02,44569.11866515007,0.0,13
74,2011-12-09,7392.076272828927,0.0,13
9,2011-12-09,9233.10979593988,0.0,13
59,2011-12-02,2750.256634697707,0.0,13
95,2011-12-09,85844.19066581274,0.0,13
11,2011-12-02,18137.93408505741,0.0,13
65,2011-12-30,6851.062031396941,1.0,13
30,2011-12-16,2499.701158144467,0.0,13
10,2011-12-02,35090.23758509257,0.0,13
32,2011-12-16,6839.156325723912,0.0,13
4,2011-12-02,33267.60035227249,0.0,13
71,2011-12-16,138672.68402315155,0.0,13
34,2011-12-02,11484.617767315867,0.0,13
82,2011-12-30,5620.857953913631,1.0,13
23,2011-12-30,39934.39450094953,1.0,13
8,2011-12-02,39937.367884830725,0.0,13
85,2011-12-30,2067.3268285057197,1.0,13
93,2011-12-09,51110.84643888299,0.0,13
83,2011-12-09,3879.053438431195,0.0,13
99,2011-12-16,1447.4491210602596,0.0,13
52,2011-12-30,21.382129645148392,1.0,13
3,2011-12-02,12795.823136609211,0.0,13
22,2011-12-30,16613.143943182567,1.0,13
13,2011-12-23,26220.766306986287,0.0,13
29,2011-12-16,30544.86431665326,0.0,13
93,2011-12-16,55796.88492654503,0.0,13
10,2011-12-23,53229.3010619129,0.0,13
92,2011-12-02,86322.69920073888,0.0,13
33,2011-12-02,13146.811370624237,0.0,13
18,2011-12-16,48301.72590771736,0.0,13
30,2011-12-02,7388.594732431967,0.0,13
30,2011-12-09,2755.444057290504,0.0,13
16,2011-12-09,16950.637194985582,0.0,13
3,2011-12-16,2538.896391659823,0.0,13
27,2011-12-23,9953.785515711126,0.0,13
92,2011-12-23,150099.96535343444,0.0,13
59,2011-12-23,1561.6947431554738,0.0,13
26,2011-12-02,12280.74774905261,0.0,13
19,2011-12-23,4.6163605106841175,0.0,13
6,2011-12-09,189.76901272918985,0.0,13
9,2011-12-23,18861.080862767045,0.0,13
59,2011-12-09,4593.229948417385,0.0,13
24,2011-12-09,7818.715433856438,0.0,13
41,2011-12-16,8792.36803917752,0.0,13
96,2011-12-09,18979.09548195876,0.0,13
29,2011-12-23,24404.404534399822,0.0,13
4,2011-12-30,18910.34329628973,1.0,13
12,2011-12-16,4937.228738689598,0.0,13
59,2011-12-02,3042.0011570116867,0.0,13
72,2011-12-23,88131.80496279955,0.0,13
99,2011-12-09,230.2369122324183,0.0,13
83,2011-12-23,1217.733744487628,0.0,13
1,2011-12-23,36920.31172821027,0.0,13
92,2011-12-09,33151.452897784766,0.0,13
7,2011-12-16,97565.53163308906,0.0,13
40,2011-12-02,45056.33410210337,0.0,13
10,2011-12-02,45195.68343058448,0.0,13
95,2011-12-23,64750.6380788078,0.0,13
11,2011-12-30,17297.73683894159,1.0,13
12,2011-12-09,2282.853891808794,0.0,13
3,2011-12-30,10705.729148514976,1.0,13
8,2011-12-02,3337.575118435417,0.0,13
1,2011-12-02,23275.60407378215,0.0,13
35,2011-12-09,3162.1494251232075,0.0,13
55,2011-12-30,11902.2653105449,1.0,13
6,2011-12-16,10273.527791510864,0.0,13
42,2011-12-23,3915.838561394217,0.0,13
42,2011-12-16,8069.902147742028,0.0,13
83,2011-12-16,5988.756858630104,0.0,13
46,2011-12-09,10260.082920066548,0.0,13
42,2011-12-23,5874.96236509154,0.0,13
41,2011-12-02,2634.863084755086,0.0,13
98,2011-12-30,3189.838367003502,1.0,13
10,2011-12-16,45201.72643517253,0.0,13
17,2011-12-02,23.83808800701997,0.0,13
38,2011-12-02,40199.52094245275,0.0,13
24,2011-12-30,4597.796650096277,1.0,13
36,2011-12-16,3023.829865492962,0.0,13
7,2011-12-23,265579.9310662592,0.0,13
72,2011-12-02,17814.235491221774,0.0,13
74,2011-12-16,15365.814976760264,0.0,13
81,2011-12-09,22261.468818684378,0.0,13
9,2011-12-16,19576.032922064605,0.0,13
5,2011-12-09,128277.5204988718,0.0,13
1,2011-12-30,8911.55376284424,1.0,13
82,2011-12-02,29751.470988892277,0.0,13
41,2011-12-23,3045.319899763556,0.0,13
16,2011-12-02,5200.96201537032,0.0,13
7,2011-12-16,17176.394791046016,0.0,13
99,2011-12-23,3048.0885539744518,0.0,13
90,2011-12-30,32804.94596072806,1.0,13
79,2011-12-02,16233.900242658636,0.0,13
25,2011-12-09,8828.799232863455,0.0,13
5,2011-12-02,14128.08608658975,0.0,13
6,2011-12-02,517.5271130313041,0.0,13
32,2011-12-23,17039.419164563868,0.0,13
22,2011-12-30,15703.32251572954,1.0,13
81,2011-12-30,3186.3441648401918,1.0,13
33,2011-12-16,20819.66268323652,0.0,13
40,2011-12-23,62115.35879078935,0.0,13
31,2011-12-02,2585.92514404736,0.0,13
18,2011-12-02,78417.60147531744,0.0,13
93,2011-12-09,45582.94192542916,0.0,13
46,2011-12-09,47074.75274470919,0.0,13
40,2011-12-23,30524.351071219287,0.0,13
79,2011-12-09,36248.21309283641,0.0,13
4,2011-12-02,23471.54289464612,0.0,13
87,2011-12-16,21440.15778322645,0.0,13
7,2011-12-23,140858.5174113494,0.0,13
23,2011-12-02,13279.496403589888,0.0,13
94,2011-12-16,32673.27397816049,0.0,13
1,2011-12-09,41156.832471707945,0.0,13
23,2011-12-30,12194.699118011908,1.0,13
46,2011-12-02,41416.3882196997,0.0,13
5,2011-12-09,405.5282015649193,0.0,13
59,2011-12-23,10156.816831864551,0.0,13
38,2011-12-30,57771.02307420249,1.0,13
96,2011-12-02,2524.020283635473,0.0,13
14,2011-12-16,2250.7647246874685,0.0,13
72,2011-12-30,25277.80147999072,1.0,13
31,2011-12-16,3143.5685621046023,0.0,13
42,2011-12-30,5439.647750650407,1.0,13
18,2011-12-30,15639.888892296529,1.0,13
42,2011-12-16,3368.203675421372,0.0,13
55,2011-12-09,33419.81234540771,0.0,13
17,2011-12-23,14043.19972158192,0.0,13
32,2011-12-02,7577.015628748666,0.0,13
81,2011-12-30,27765.47223915065,1.0,13
19,2011-12-09,2181.5770871911764,0.0,13
22,2011-12-09,22495.69743721983,0.0,13
32,2011-12-02,11328.59670377071,0.0,13
33,2011-12-09,9819.417605553814,0.0,13
56,2011-12-09,37198.28851086959,0.0,13
13,2011-12-23,22131.326690467613,0.0,13
3,2011-12-02,6686.575794091779,0.0,13
56,2011-12-30,16089.93443018915,1.0,13
6,2011-12-09,4070.385831642249,0.0,13
46,2011-12-16,11018.30720975338,0.0,13
22,2011-12-09,19860.54623580636,0.0,13
40,2011-12-30,27688.647233275733,1.0,13
34,2011-12-02,8149.96201972838,0.0,13
11,2011-12-16,18401.11444050079,0.0,13
92,2011-12-30,38831.0202061642,1.0,13
33,2011-12-30,8890.445404034295,1.0,13
13,2011-12-23,9.933509856547428,0.0,13
80,2011-12-09,2520.4977353907684,0.0,13
67,2011-12-23,32915.565837653965,0.0,13
2,2011-12-02,77500.07419776187,0.0,13
40,2011-12-23,71603.48120831576,0.0,13
8,2011-12-02,14136.932921589068,0.0,13
71,2011-12-09,3259.8968787597305,0.0,13
14,2011-12-09,10997.374093285203,0.0,13
35,2011-12-02,1216.7050022999608,0.0,13
74,2011-12-23,6853.4792983945545,0.0,13
49,2011-12-02,1601.5973254603325,0.0,13
95,2011-12-09,64257.27186596741,0.0,13
36,2011-12-16,1931.8251977064403,0.0,13
40,2011-12-09,7844.477767046277,0.0,13
92,2011-12-30,24043.73580382723,1.0,13
18,2011-12-02,66053.7399908042,0.0,13
6,2011-12-16,3908.737366353236,0.0,13
60,2011-12-09,6847.085911344111,0.0,13
29,2011-12-16,30674.97525515127,0.0,13
34,2011-12-30,14415.084188141584,1.0,13
26,2011-12-16,16824.023002118025,0.0,13
14,2011-12-09,14525.433462187984,0.0,13
93,2011-12-02,60583.436932507975,0.0,13
24,2011-12-23,15184.297057872773,0.0,13
42,2011-12-30,3971.270126973154,1.0,13
3,2011-12-02,8211.597190685212,0.0,13
72,2011-12-23,134729.801438797,0.0,13
4,2011-12-02,22949.745408296287,0.0,13
3,2011-12-02,18487.36918371817,0.0,13
21,2011-12-02,7463.517808683533,0.0,13
90,2011-12-02,34934.62499620164,0.0,13
10,2011-12-16,11608.617547868786,0.0,13
74,2011-12-09,40368.0392197567,0.0,13
34,2011-12-23,20258.87620464272,0.0,13
14,2011-12-16,12798.524472112476,0.0,13
22,2011-12-09,30809.82015071398,0.0,13
97,2011-12-09,34348.12959889427,0.0,13
11,2011-12-16,15022.753004998553,0.0,13
35,2011-12-09,1904.115379070167,0.0,13
19,2011-12-30,2254.1651625242057,1.0,13
55,2011-12-16,26634.31692005553,0.0,13
56,2011-12-02,27044.96842947439,0.0,13
80,2011-12-02,16892.99200110563,0.0,13
34,2011-12-02,3982.8596058533135,0.0,13
13,2011-12-23,14913.011685558282,0.0,13
2,2011-12-23,52336.47979327376,0.0,13
27,2011-12-16,7739.863818596297,0.0,13
18,2011-12-30,25930.32206935977,1.0,13
17,2011-12-02,8172.93882664582,0.0,13
44,2011-12-09,7403.881562194585,0.0,13
55,2011-12-23,2234.1476790069464,0.0,13
99,2011-12-23,3835.522735623412,0.0,13
67,2011-12-02,8299.74356074367,0.0,13
3,2011-12-16,15492.03558799473,0.0,13
80,2011-12-02,12121.693585074128,0.0,13
22,2011-12-09,16728.232746785037,0.0,13
46,2011-12-02,21987.28038178633,0.0,13
19,2011-12-09,32.07962576010381,0.0,13
42,2011-12-09,5455.784095023536,0.0,13
11,2011-12-30,11127.74654035432,1.0,13
4,2011-12-16,25959.24593214174,0.0,13
56,2011-12-30,23256.96445612809,1.0,13
11,2011-12-16,11916.712435097845,0.0,13
11,2011-12-02,23032.127259625307,0.0,13
41,2011-12-23,3195.650456449082,0.0,13
29,2011-12-16,7230.719596667426,0.0,13
10,2011-12-02,9616.165467540162,0.0,13
27,2011-12-30,4484.100508985619,1.0,13
79,2011-12-16,51700.118557873466,0.0,13
13,2011-12-02,20394.748406632305,0.0,13
56,2011-12-02,822.0316584985227,0.0,13
33,2011-12-16,18245.6109951615,0.0,13
19,2011-12-16,3060.680686845603,0.0,13
90,2011-12-02,49494.07175263387,0.0,13
44,2011-12-09,4413.217568437484,0.0,13
48,2011-12-09,55497.1128860613,0.0,13
45,2011-12-30,4298.571724094564,1.0,13
18,2011-12-09,45836.6952779587,0.0,13
32,2011-12-02,11024.365792620722,0.0,13
25,2011-12-23,15287.344921968892,0.0,13
30,2011-12-23,5336.727697257769,0.0,13
8,2011-12-16,28280.142967146447,0.0,13
24,2011-12-23,8070.049801363319,0.0,13
25,2011-12-02,14701.537495603116,0.0,13
79,2011-12-09,16359.386506260897,0.0,13
95,2011-12-09,45235.4300547738,0.0,13
26,2011-12-23,11248.77882812255,0.0,13
56,2011-12-09,24822.783871833934,0.0,13
27,2011-12-16,6332.733806519807,0.0,13
17,2011-12-16,27609.78465471257,0.0,13
19,2011-12-16,0.3409331967749089,0.0,13
83,2011-12-02,17764.27013947828,0.0,13
36,2011-12-23,3819.430803510189,0.0,13
98,2011-12-02,12868.619309690488,0.0,13
74,2011-12-09,1769.8143483490578,0.0,13
13,2011-12-16,19226.743095259244,0.0,13
13,2011-12-09,8150.316613638834,0.0,13
4,2011-12-09,51991.894953069714,0.0,13
93,2011-12-02,38520.42168718199,0.0,13
29,2011-12-30,1667.3046115886334,1.0,13
92,2011-12-23,57446.26079434785,0.0,13
92,2011-12-30,71222.95046559138,1.0,13
4,2011-12-02,39780.31901946564,0.0,13
40,2011-12-02,47737.39119759305,0.0,13
90,2011-12-30,66594.63238037702,1.0,13
38,2011-12-16,38954.62489223542,0.0,13
83,2011-12-23,35105.06740145435,0.0,13
11,2011-12-30,21982.98011271456,1.0,13
8,2011-12-23,20580.183358975853,0.0,13
24,2011-12-02,4403.6955605215735,0.0,13
20,2011-12-02,8407.366842634356,0.0,13
30,2011-12-23,4836.984955861632,0.0,13
81,2011-12-23,2072.88658792858,0.0,13
87,2011-12-16,25866.63788034173,0.0,13
42,2011-12-16,3466.68396618986,0.0,13
38,2011-12-16,85260.40275390266,0.0,13
67,2011-12-30,36120.58806402104,1.0,13
80,2011-12-02,44719.877144132784,0.0,13
46,2011-12-09,41125.80817903655,0.0,13
55,2011-12-30,2345.4979803610954,1.0,13
46,2011-12-30,38753.84423108104,1.0,13
3,2011-12-02,3663.084734958353,0.0,13
33,2011-12-23,34873.51871499279,0.0,13
18,2011-12-30,28643.52998282628,1.0,13
82,2011-12-23,32120.942633068094,0.0,13
5,2011-12-02,1994.2834892405672,0.0,13
46,2011-12-09,34148.421533924775,0.0,13
42,2011-12-09,4420.533445090381,0.0,13
31,2011-12-23,6450.47555289812,0.0,13
1,2011-12-23,63996.99443984684,0.0,13
26,2011-12-02,4485.813543548354,0.0,13
90,2011-12-16,140381.07149411162,0.0,13
87,2011-12-23,37644.78414236779,0.0,13
20,2011-12-23,5295.286136433158,0.0,13
95,2011-12-02,46018.11597349586,0.0,13
8,2011-12-09,34207.53124318431,0.0,13
3,2011-12-30,1823.2929031476472,1.0,13
10,2011-12-30,15660.927053871132,1.0,13
71,2011-12-02,11948.939253147531,0.0,13
22,2011-12-16,13654.393575466156,0.0,13
31,2011-12-02,2218.845314964003,0.0,13
24,2011-12-16,13978.3042163988,0.0,13
13,2011-12-23,21877.526682878964,0.0,13
67,2011-12-02,5346.159056343185,0.0,13
26,2011-12-16,24508.112061522792,0.0,13
2,2011-12-16,17246.999403733214,0.0,13
42,2011-12-02,4991.008843106067,0.0,13
82,2011-12-23,33592.69921192402,0.0,13
11,2011-12-23,21308.38244129137,0.0,13
6,2011-12-23,12388.505799930885,0.0,13
9,2011-12-23,18805.25250845856,0.0,13
25,2011-12-16,19132.399884797345,0.0,13
13,2011-12-16,38690.03034300133,0.0,13
80,2011-12-09,9991.45222284156,0.0,13
74,2011-12-23,484.183837069368,0.0,13
92,2011-12-16,116350.88300419194,0.0,13
67,2011-12-09,8656.844881782383,0.0,13
6,2011-12-30,103.16475707705136,1.0,13
71,2011-12-23,134900.25271904643,0.0,13
12,2011-12-02,4549.632252426087,0.0,13
94,2011-12-30,39325.88479893495,1.0,13
14,2011-12-30,16354.19916374962,1.0,13
48,2011-12-30,1237.34732823884,1.0,13
25,2011-12-30,6816.506529576567,1.0,13
67,2011-12-16,1098.4423500050812,0.0,13
24,2011-12-16,19944.76872897666,0.0,13
7,2011-12-23,11383.79318306402,0.0,13
90,2011-12-09,32225.52987334265,0.0,13
74,2011-12-30,37419.55964122558,1.0,13
48,2011-12-30,-95.69320656776551,1.0,14
71,2011-12-23,14034.204351797413,0.0,14
12,2011-12-16,3740.85830021424,0.0,14
92,2011-12-16,102558.20943418042,0.0,14
4,2011-12-30,37021.688677162834,1.0,14
11,2011-12-16,23577.906169295537,0.0,14
19,2011-12-02,3531.0982243828025,0.0,14
21,2011-12-02,4603.373953909579,0.0,14
82,2011-12-09,5752.900059251041,0.0,14
2,2011-12-30,55896.68946812318,1.0,14
33,2011-12-02,16603.434447210602,0.0,14
59,2011-12-23,6313.127345131105,0.0,14
71,2011-12-02,81629.31485208598,0.0,14
36,2011-12-23,6235.770792999507,0.0,14
82,2011-12-16,69959.28520503525,0.0,14
6,2011-12-02,3216.322633880108,0.0,14
38,2011-12-02,70956.45826469446,0.0,14
30,2011-12-30,1650.2937103252343,1.0,14
52,2011-12-23,67233.13559894974,0.0,14
67,2011-12-16,21203.410193673728,0.0,14
3,2011-12-30,13274.1361422162,1.0,14
19,2011-12-23,4448.485928422614,0.0,14
4,2011-12-16,35867.16169419087,0.0,14
19,2011-12-23,2282.853476748005,0.0,14
22,2011-12-16,10055.739014860455,0.0,14
74,2011-12-02,8679.144345873918,0.0,14
26,2011-12-02,4852.227930086962,0.0,14
18,2011-12-16,20950.64353188925,0.0,14
29,2011-12-30,7430.718445903389,1.0,14
11,2011-12-16,13262.146064086928,0.0,14
28,2011-12-23,1944.6910845233683,0.0,14
7,2011-12-23,159316.33852299544,0.0,14
1,2011-12-23,38374.98033424825,0.0,14
32,2011-12-30,10153.348678165588,1.0,14
27,2011-12-09,2080.954227081546,0.0,14
4,2011-12-30,5099.191876787283,1.0,14
30,2011-12-30,8406.080098167808,1.0,14
16,2011-12-09,89.4427863137674,0.0,14
91,2011-12-23,61992.44080783571,0.0,14
58,2011-12-09,9726.206027292628,0.0,14
52,2011-12-16,2642.544245013754,0.0,14
12,2011-12-23,4168.738471070675,0.0,14
17,2011-12-09,9773.311916743289,0.0,14
72,2011-12-02,11591.277936009732,0.0,14
52,2011-12-23,1745.6223647987886,0.0,14
71,2011-12-09,42998.97069099062,0.0,14
38,2011-12-16,60390.50409659293,0.0,14
21,2011-12-09,15059.1404764666,0.0,14
6,2011-12-23,10509.45621561234,0.0,14
92,2011-12-02,143158.80453622158,0.0,14
23,2011-12-30,27172.92394365774,1.0,14
34,2011-12-30,1546.561480133169,1.0,14
5,2011-12-02,2040.4619648789517,0.0,14
47,2011-12-23,12490.054845954955,0.0,14
5,2011-12-02,3627.65008896069,0.0,14
60,2011-12-09,16557.532857618513,0.0,14
38,2011-12-02,85939.4787252927,0.0,14
10,2011-12-16,25898.872018053244,0.0,14
36,2011-12-09,1940.9985130843068,0.0,14
36,2011-12-30,1642.639322079709,1.0,14
72,2011-12-30,625.8767809099345,1.0,14
58,2011-12-16,9014.05765898984,0.0,14
92,2011-12-30,130474.56858889193,1.0,14
36,2011-12-16,3191.732826500281,0.0,14
8,2011-12-09,46980.450077613,0.0,14
97,2011-12-16,30222.76720594937,0.0,14
37,2011-12-23,3607.58477990805,0.0,14
7,2011-12-30,82677.38999740606,1.0,14
40,2011-12-30,6934.962434164492,1.0,14
21,2011-12-16,1709.4299854880387,0.0,14
72,2011-12-16,3404.464674904449,0.0,14
21,2011-12-30,6650.909343207676,1.0,14
80,2011-12-30,31147.481215407835,1.0,14
30,2011-12-23,8544.215593093535,0.0,14
85,2011-12-23,10127.587800501316,0.0,14
28,2011-12-09,1092.9672686247577,0.0,14
12,2011-12-02,4052.062156283867,0.0,14
36,2011-12-30,2671.420939531371,1.0,14
33,2011-12-30,10420.889974203856,1.0,14
85,2011-12-09,16535.868182645172,0.0,14
42,2011-12-02,5506.19520632936,0.0,14
31,2011-12-16,3333.198305855776,0.0,14
3,2011-12-09,8352.00906150344,0.0,14
80,2011-12-23,16126.948501323472,0.0,14
59,2011-12-23,13884.903173868604,0.0,14
5,2011-12-23,13744.96760194289,0.0,14
35,2011-12-09,2553.7993669177977,0.0,14
49,2011-12-30,40438.41348293237,1.0,14
59,2011-12-30,7080.1852534509135,1.0,14
71,2011-12-23,155636.9806181381,0.0,14
7,2011-12-16,133002.43234919716,0.0,14
6,2011-12-16,432.244047435221,0.0,14
90,2011-12-02,4825.49421063296,0.0,14
1,2011-12-09,40419.1460880825,0.0,14
24,2011-12-16,3954.7269002227854,0.0,14
30,2011-12-23,2430.207340641194,0.0,14
40,2011-12-23,16017.409847535864,0.0,14
52,2011-12-23,1393.275464908583,0.0,14
12,2011-12-02,2497.1979943745027,0.0,14
72,2011-12-02,58499.411570760894,0.0,14
49,2011-12-09,9087.348828859134,0.0,14
29,2011-12-30,4164.10323987146,1.0,14
18,2011-12-09,80260.96855577079,0.0,14
55,2011-12-16,2719.0100456856903,0.0,14
46,2011-12-02,30968.79001976596,0.0,14
67,2011-12-02,4435.055618634627,0.0,14
37,2011-12-02,3778.2148753793113,0.0,14
8,2011-12-02,23880.658545034265,0.0,14
80,2011-12-02,15828.505260162598,0.0,14
67,2011-12-02,10492.394577359526,0.0,14
90,2011-12-09,35926.51570760522,0.0,14
5,2011-12-30,43472.85816688721,1.0,14
11,2011-12-30,601.378995680303,1.0,14
49,2011-12-16,4633.693117164801,0.0,14
95,2011-12-02,103904.270603299,0.0,14
35,2011-12-23,2060.038586203852,0.0,14
38,2011-12-23,51485.30011124868,0.0,14
26,2011-12-23,14494.702867345315,0.0,14
98,2011-12-09,16484.262077251326,0.0,14
42,2011-12-16,7213.100422854139,0.0,14
79,2011-12-09,45429.1580160186,0.0,14
9,2011-12-09,11998.71976751011,0.0,14
12,2011-12-09,4371.645262848754,0.0,14
4,2011-12-30,17055.375368356825,1.0,14
2,2011-12-23,63930.38500508604,0.0,14
5,2011-12-30,19225.056403426624,1.0,14
97,2011-12-23,24124.757010296733,0.0,14
81,2011-12-23,50686.61170915131,0.0,14
25,2011-12-09,15109.283324592372,0.0,14
71,2011-12-30,88484.64801297005,1.0,14
7,2011-12-30,88771.96969849289,1.0,14
85,2011-12-02,56373.76931826014,0.0,14
13,2011-12-09,30497.268639169488,0.0,14
19,2011-12-23,82.49288284438956,0.0,14
93,2011-12-30,30245.896779512143,1.0,14
80,2011-12-16,23777.04401510201,0.0,14
81,2011-12-09,17515.15321332806,0.0,14
23,2011-12-09,25623.85255439576,0.0,14
96,2011-12-02,35083.55152796818,0.0,14
2,2011-12-16,108478.78029694036,0.0,14
22,2011-12-02,2772.4885335930458,0.0,14
12,2011-12-30,3036.109269926674,1.0,14
99,2011-12-16,5337.17851544548,0.0,14
1,2011-12-02,39582.83449416872,0.0,14
49,2011-12-16,220.6215569914759,0.0,14
59,2011-12-02,5044.983023129584,0.0,14
11,2011-12-02,20881.07553593839,0.0,14
8,2011-12-16,22445.87162163542,0.0,14
72,2011-12-02,58440.2599749807,0.0,14
71,2011-12-02,9623.857943775893,0.0,14
34,2011-12-02,22383.479654937517,0.0,14
1,2011-12-09,28828.304898023373,0.0,14
17,2011-12-23,46872.81748442999,0.0,14
42,2011-12-02,13388.54507036857,0.0,14
24,2011-12-09,15078.139926951588,0.0,14
79,2011-12-30,12721.624150319938,1.0,14
24,2011-12-23,8842.359102819948,0.0,14
34,2011-12-30,5454.526004429347,1.0,14
46,2011-12-09,22663.121583803026,0.0,14
1,2011-12-09,31208.63585099061,0.0,14
25,2011-12-30,8007.522437623418,1.0,14
72,2011-12-23,253375.59021769592,0.0,14
58,2011-12-02,4225.472709053617,0.0,14
26,2011-12-30,6035.539026184522,1.0,14
26,2011-12-23,13004.46307586298,0.0,14
27,2011-12-09,2525.562419501112,0.0,14
92,2011-12-02,133196.69015628062,0.0,14
83,2011-12-09,4554.591972422812,0.0,14
25,2011-12-09,2866.142579296223,0.0,14
44,2011-12-23,3894.5431661883217,0.0,14
21,2011-12-09,1808.2291905928944,0.0,14
33,2011-12-09,9426.530893341856,0.0,14
26,2011-12-09,15504.294223579094,0.0,14
44,2011-12-09,9464.59804158743,0.0,14
35,2011-12-16,4235.801696633525,0.0,14
85,2011-12-30,1439.166776632438,1.0,14
94,2011-12-16,28705.57007640752,0.0,14
5,2011-12-23,183337.3627466528,0.0,14
40,2011-12-30,70233.35688767875,1.0,14
34,2011-12-09,6163.665682113867,0.0,14
24,2011-12-16,9270.849994326783,0.0,14
38,2011-12-02,68032.95758618717,0.0,14
41,2011-12-30,20812.61774205153,1.0,14
7,2011-12-09,2784.292623182325,0.0,14
90,2011-12-23,3918.280608756204,0.0,14
23,2011-12-30,11090.55509296818,1.0,14
17,2011-12-23,11335.48476364262,0.0,14
24,2011-12-02,2553.0347613185863,0.0,14
83,2011-12-02,4719.993516258705,0.0,14
98,2011-12-16,14286.379482023032,0.0,14
3,2011-12-02,8537.171880524395,0.0,14
90,2011-12-16,5505.181378217485,0.0,14
59,2011-12-16,30617.248418140167,0.0,14
25,2011-12-30,1236.187295206314,1.0,14
85,2011-12-30,1656.09646067167,1.0,14
13,2011-12-09,21371.67398988529,0.0,14
3,2011-12-23,9420.517530368494,0.0,14
28,2011-12-16,755.6020351972913,0.0,14
10,2011-12-23,15250.696115901184,0.0,14
8,2011-12-02,32019.478204470663,0.0,14
2,2011-12-30,40248.622096585714,1.0,14
11,2011-12-09,28265.716210573915,0.0,14
72,2011-12-16,16537.99779781487,0.0,14
25,2011-12-23,22134.04356107836,0.0,14
82,2011-12-02,29947.490979092552,0.0,14
2,2011-12-23,129381.3590198086,0.0,14
1,2011-12-30,49979.0419788633,1.0,14
1,2011-12-16,116581.53620604832,0.0,14
90,2011-12-09,62769.6301114269,0.0,14
60,2011-12-16,407.10962254066567,0.0,14
10,2011-12-09,15772.02110559834,0.0,14
26,2011-12-30,10511.334549897118,1.0,14
46,2011-12-09,28429.667539779497,0.0,14
27,2011-12-30,825.7462759420407,1.0,14
9,2011-12-02,11216.055867581714,0.0,14
85,2011-12-02,5032.549525201171,0.0,14
16,2011-12-02,263.72826250441074,0.0,14
74,2011-12-16,154139.28415864977,0.0,14
5,2011-12-30,3725.1209364070814,1.0,14
97,2011-12-09,14539.120780362822,0.0,14
93,2011-12-09,35807.587060874175,0.0,14
32,2011-12-23,16714.905786739022,0.0,14
83,2011-12-16,8410.927872575063,0.0,14
59,2011-12-30,4278.545061871889,1.0,14
2,2011-12-09,34550.552754215714,0.0,14
21,2011-12-23,10018.194809902345,0.0,14
91,2011-12-16,44210.29983482448,0.0,14
3,2011-12-16,18789.337995121838,0.0,14
46,2011-12-30,29991.438765417563,1.0,14
36,2011-12-16,4304.54454559978,0.0,14
74,2011-12-23,8741.78856489243,0.0,14
37,2011-12-02,3123.8856165745788,0.0,14
55,2011-12-23,2273.972291053142,0.0,14
4,2011-12-02,19347.089413215785,0.0,14
42,2011-12-16,60.82529155193688,0.0,14
3,2011-12-16,5045.969435283306,0.0,14
21,2011-12-02,6427.912987152155,0.0,14
31,2011-12-02,2814.042011572494,0.0,14
4,2011-12-30,24382.20375991891,1.0,14
82,2011-12-30,18922.221833418687,1.0,14
37,2011-12-02,3588.80748906355,0.0,14
3,2011-12-09,15264.703150492363,0.0,14
1,2011-12-09,32550.4809228102,0.0,14
72,2011-12-30,64225.71323416315,1.0,14
81,2011-12-16,43366.99611379689,0.0,14
32,2011-12-09,10016.037225881522,0.0,14
54,2011-12-02,2616.2531960876186,0.0,14
22,2011-12-16,7186.628882763723,0.0,14
18,2011-12-02,81754.11404389942,0.0,14
90,2011-12-16,106174.2852604176,0.0,14
98,2011-12-02,6972.190030014952,0.0,14
92,2011-12-02,77104.50724340403,0.0,14
24,2011-12-16,7109.954627994698,0.0,14
18,2011-12-02,34498.72026045733,0.0,14
93,2011-12-30,25703.381282670965,1.0,14
1,2011-12-30,42139.27654524749,1.0,14
30,2011-12-09,11512.818706880986,0.0,14
32,2011-12-16,47153.69476133982,0.0,14
82,2011-12-30,8534.03498585917,1.0,14
24,2011-12-23,9125.769245905023,0.0,14
6,2011-12-23,14765.014924623663,0.0,14
27,2011-12-09,4612.392694903221,0.0,14
12,2011-12-09,3191.469766256125,0.0,14
71,2011-12-23,178098.7858491121,0.0,14
80,2011-12-23,52913.32984924514,0.0,14
95,2011-12-30,103174.5187627883,1.0,14
35,2011-12-02,2053.704262922693,0.0,14
56,2011-12-30,45.80883615605496,1.0,14
93,2011-12-23,25050.407984177928,0.0,14
27,2011-12-23,3457.5681240365784,0.0,14
46,2011-12-30,36936.99548538814,1.0,14
41,2011-12-23,5541.387117104706,0.0,14
49,2011-12-23,84867.91803348748,0.0,14
80,2011-12-02,27876.88187416717,0.0,14
74,2011-12-23,11860.56274501511,0.0,14
33,2011-12-30,22608.54273038039,1.0,14
11,2011-12-30,1113.4731502269997,1.0,14
33,2011-12-23,21777.0792929052,0.0,14
8,2011-12-16,38343.09877917122,0.0,14
10,2011-12-16,31423.56956574642,0.0,14
11,2011-12-30,25570.01289663338,1.0,14
2,2011-12-16,17692.569101482975,0.0,14
32,2011-12-16,7375.889669352855,0.0,14
91,2011-12-16,75003.78594089513,0.0,14
30,2011-12-23,3193.822578257021,0.0,14
14,2011-12-16,3742.684158761944,0.0,14
2,2011-12-02,96712.6720297493,0.0,14
92,2011-12-23,182088.8240791683,0.0,14
52,2011-12-09,4254.162286921098,0.0,14
35,2011-12-30,7009.044966455805,1.0,14
19,2011-12-02,1509.1010925240448,0.0,14
36,2011-12-23,5023.974189549057,0.0,14
95,2011-12-16,66567.74506898984,0.0,14
5,2011-12-23,2309.481894382811,0.0,14
11,2011-12-23,29473.75249328304,0.0,14
92,2011-12-02,82986.1451488855,0.0,14
22,2011-12-16,21254.356422898763,0.0,14
9,2011-12-02,27118.358533535826,0.0,14
43,2011-12-30,2048.627297095463,1.0,14
33,2011-12-30,13769.057717235162,1.0,14
94,2011-12-02,56701.92906463225,0.0,14
34,2011-12-23,7703.6004398115265,0.0,14
50,2011-12-30,46272.909828827054,1.0,14
13,2011-12-02,8830.191115362664,0.0,14
48,2011-12-09,25163.51049187305,0.0,14
90,2011-12-09,94893.44244476943,0.0,14
81,2011-12-16,23253.241339373395,0.0,14
31,2011-12-02,2763.252899542813,0.0,14
92,2011-12-16,208135.79438342465,0.0,14
87,2011-12-30,58973.24396078004,1.0,14
77,2011-12-09,41972.95504973919,0.0,14
11,2011-12-23,18171.114749254088,0.0,14
36,2011-12-02,4264.910170030743,0.0,14
11,2011-12-30,23876.25460435037,1.0,14
38,2011-12-09,66340.82863877798,0.0,14
23,2011-12-02,26125.54622222782,0.0,14
1,2011-12-02,26030.468489837167,0.0,14
2,2011-12-30,47319.53779072098,1.0,14
33,2011-12-02,8210.14069944901,0.0,14
49,2011-12-23,5093.065881677988,0.0,14
31,2011-12-16,5128.770912191341,0.0,14
60,2011-12-02,4004.026657577373,0.0,14
40,2011-12-09,92336.93017087012,0.0,14
79,2011-12-09,20305.09125028344,0.0,14
41,2011-12-09,3038.180468464199,0.0,14
38,2011-12-30,44640.39398454203,1.0,14
55,2011-12-23,1621.1758477831277,0.0,14
81,2011-12-16,5533.064472249271,0.0,14
27,2011-12-23,12702.141014134284,0.0,14
55,2011-12-23,214.60925937001952,0.0,14
33,2011-12-16,9264.84395742799,0.0,14
5,2011-12-23,45232.52335528308,0.0,14
42,2011-12-16,4805.532274045669,0.0,14
1,2011-12-02,47316.4881769871,0.0,14
35,2011-12-02,4556.696883284232,0.0,14
25,2011-12-09,7713.600660328802,0.0,14
21,2011-12-02,4596.523606511897,0.0,14
32,2011-12-02,13913.021798144657,0.0,14
2,2011-12-09,16566.603976198632,0.0,14
72,2011-12-16,4628.390665698745,0.0,14
27,2011-12-16,2893.828962292401,0.0,14
44,2011-12-02,3308.469784003465,0.0,14
19,2011-12-09,3351.0848498090472,0.0,14
23,2011-12-02,23370.179466918493,0.0,14
45,2011-12-09,15.397433531240551,0.0,14
27,2011-12-09,6049.4285009879295,0.0,14
1,2011-12-30,23032.9079468782,1.0,14
31,2011-12-02,3800.5102725542783,0.0,14
26,2011-12-02,14181.995223432385,0.0,14
4,2011-12-16,18777.313130714097,0.0,14
38,2011-12-16,88318.1949875095,0.0,14
9,2011-12-23,12369.04126484332,0.0,14
38,2011-12-30,64066.82755592896,1.0,14
22,2011-12-16,21374.40458313146,0.0,14
11,2011-12-09,13571.832908959595,0.0,14
93,2011-12-09,62221.08001638323,0.0,14
33,2011-12-16,20147.34532458779,0.0,14
95,2011-12-02,69081.65904643435,0.0,15
10,2011-12-09,38925.60513528864,0.0,15
19,2011-12-02,871.8672339282568,0.0,15
8,2011-12-23,20218.44263842532,0.0,15
87,2011-12-16,41071.28886757499,0.0,15
56,2011-12-30,3794.5880382741234,1.0,15
24,2011-12-16,5496.083880720676,0.0,15
55,2011-12-09,5719.801898660977,0.0,15
31,2011-12-02,5138.782853347333,0.0,15
16,2011-12-23,3885.320139232312,0.0,15
29,2011-12-02,11393.993975126938,0.0,15
46,2011-12-30,7.071361666858469,1.0,15
34,2011-12-23,37209.57886748618,0.0,15
30,2011-12-16,792.9702388759612,0.0,15
79,2011-12-23,32115.79298838364,0.0,15
74,2011-12-09,470.9237226540421,0.0,15
59,2011-12-16,13708.589074275393,0.0,15
3,2011-12-16,8194.095186187884,0.0,15
6,2011-12-23,256.2202282319902,0.0,15
8,2011-12-30,27436.16885636047,1.0,15
10,2011-12-30,12342.796293265765,1.0,15
18,2011-12-16,18932.79174978951,0.0,15
18,2011-12-30,30478.395255275143,1.0,15
85,2011-12-09,6184.328425472874,0.0,15
18,2011-12-02,105458.28203888168,0.0,15
23,2011-12-30,18223.23999962197,1.0,15
16,2011-12-09,14558.839895689378,0.0,15
83,2011-12-02,134.5965696008722,0.0,15
47,2011-12-02,22950.021243472194,0.0,15
36,2011-12-23,1052.0205048802843,0.0,15
2,2011-12-23,118672.18014001143,0.0,15
3,2011-12-02,14914.72628955311,0.0,15
97,2011-12-16,20523.44287351878,0.0,15
32,2011-12-16,3456.963100947946,0.0,15
3,2011-12-16,281.8590023021859,0.0,15
17,2011-12-30,14451.697650763195,1.0,15
6,2011-12-30,7536.273979873871,1.0,15
22,2011-12-23,14230.975207306095,0.0,15
41,2011-12-30,25611.5340459095,1.0,15
5,2011-12-02,4208.377093699839,0.0,15
12,2011-12-30,3119.5862351226915,1.0,15
11,2011-12-30,19178.76408098336,1.0,15
22,2011-12-30,6175.795963940383,1.0,15
79,2011-12-16,29404.094617866896,0.0,15
26,2011-12-16,19063.971648825525,0.0,15
46,2011-12-09,36215.23655338817,0.0,15
93,2011-12-09,1584.1987865223982,0.0,15
44,2011-12-16,5692.498186580956,0.0,15
6,2011-12-30,2473.1000607971014,1.0,15
52,2011-12-23,79.04583942125483,0.0,15
83,2011-12-16,4783.840558624875,0.0,15
55,2011-12-23,2240.672287928709,0.0,15
33,2011-12-16,30385.19757954956,0.0,15
31,2011-12-30,6445.535889553476,1.0,15
91,2011-12-16,11696.358990496754,0.0,15
98,2011-12-02,411.6803926757847,0.0,15
11,2011-12-09,10198.657780300242,0.0,15
83,2011-12-16,5404.631181138779,0.0,15
81,2011-12-30,11324.468710791038,1.0,15
41,2011-12-30,2241.1648268863023,1.0,15
30,2011-12-23,4079.00749783677,0.0,15
20,2011-12-23,7277.928000674158,0.0,15
49,2011-12-23,12222.17303261274,0.0,15
31,2011-12-09,5208.423530500656,0.0,15
46,2011-12-02,699.9505607887196,0.0,15
56,2011-12-23,50898.352532049365,0.0,15
25,2011-12-30,4308.641071281196,1.0,15
52,2011-12-02,7484.336450786969,0.0,15
34,2011-12-16,25315.35733355236,0.0,15
4,2011-12-09,20828.62310593487,0.0,15
72,2011-12-23,87708.99838235619,0.0,15
26,2011-12-16,16098.066775218176,0.0,15
22,2011-12-09,9600.634567928597,0.0,15
95,2011-12-09,42499.30419704011,0.0,15
11,2011-12-09,12035.141528448225,0.0,15
32,2011-12-30,6510.170461153793,1.0,15
44,2011-12-23,16200.038219736727,0.0,15
35,2011-12-30,1151.5940281341277,1.0,15
74,2011-12-16,16650.894881295077,0.0,15
20,2011-12-09,10900.608960238873,0.0,15
24,2011-12-23,10260.06803791345,0.0,15
48,2011-12-30,12776.289560836516,1.0,15
40,2011-12-30,50938.14710571303,1.0,15
22,2011-12-09,9835.894476014018,0.0,15
81,2011-12-02,11703.13617383889,0.0,15
25,2011-12-30,4100.949440043667,1.0,15
55,2011-12-09,16264.09537218855,0.0,15
60,2011-12-30,73.64058831653868,1.0,15
81,2011-12-23,27828.05530406332,0.0,15
11,2011-12-16,13473.018752561096,0.0,15
33,2011-12-02,10915.66184633868,0.0,15
60,2011-12-16,11208.698156037786,0.0,15
40,2011-12-02,89862.44039342101,0.0,15
94,2011-12-16,16730.147679703008,0.0,15
72,2011-12-02,5883.127652526636,0.0,15
8,2011-12-09,15611.302356813963,0.0,15
8,2011-12-09,40187.9457182622,0.0,15
12,2011-12-09,5074.942492424577,0.0,15
80,2011-12-02,116.03021699183329,0.0,15
67,2011-12-30,530.894301275108,1.0,15
27,2011-12-09,3390.4550831744605,0.0,15
19,2011-12-02,46.586525882089695,0.0,15
82,2011-12-30,2.22850019973227,1.0,15
42,2011-12-30,4109.911323091706,1.0,15
1,2011-12-09,26368.372946121683,0.0,15
6,2011-12-30,2719.1028065062046,1.0,15
34,2011-12-02,2737.3305663505807,0.0,15
20,2011-12-09,3235.716347098137,0.0,15
29,2011-12-16,31197.62856299578,0.0,15
14,2011-12-16,27405.28867820124,0.0,15
25,2011-12-30,5571.448811685244,1.0,15
74,2011-12-16,16426.10474759867,0.0,15
52,2011-12-09,10.641501513676682,0.0,15
46,2011-12-16,53671.73599593622,0.0,15
85,2011-12-16,204.04213416908135,0.0,15
13,2011-12-30,2454.603630915341,1.0,15
23,2011-12-02,22999.441545246194,0.0,15
94,2011-12-30,37123.36119652903,1.0,15
17,2011-12-16,10605.86065726898,0.0,15
16,2011-12-02,4438.092730502706,0.0,15
83,2011-12-23,8776.550186326933,0.0,15
46,2011-12-16,45866.854040062855,0.0,15
92,2011-12-30,46947.46787718572,1.0,15
4,2011-12-23,15009.86805162249,0.0,15
1,2011-12-16,33234.43137943159,0.0,15
97,2011-12-09,33008.13317954529,0.0,15
52,2011-12-30,120.10795560482396,1.0,15
4,2011-12-30,25129.896573209884,1.0,15
92,2011-12-16,31356.22502283288,0.0,15
24,2011-12-30,9548.118758031686,1.0,15
6,2011-12-23,616.6544017826237,0.0,15
71,2011-12-30,46191.41240780703,1.0,15
72,2011-12-23,26654.027787591505,0.0,15
33,2011-12-02,3255.2440526321043,0.0,15
2,2011-12-02,36057.09861485789,0.0,15
74,2011-12-02,295.85998999958616,0.0,15
7,2011-12-02,54978.38536905328,0.0,15
97,2011-12-02,16135.3200028726,0.0,15
79,2011-12-02,20020.87539639638,0.0,15
43,2011-12-02,5317.103261999971,0.0,15
27,2011-12-09,1820.042832010503,0.0,15
54,2011-12-16,104.78481749937258,0.0,15
81,2011-12-23,26113.26355786698,0.0,15
22,2011-12-02,6255.266952761481,0.0,15
71,2011-12-30,1979.1480026030508,1.0,15
97,2011-12-23,2586.442685756537,0.0,15
19,2011-12-09,3215.00081882246,0.0,15
25,2011-12-02,9106.964723738138,0.0,15
47,2011-12-30,34327.64013793418,1.0,15
4,2011-12-09,27523.306287986397,0.0,15
21,2011-12-23,12607.137964062524,0.0,15
2,2011-12-02,47329.72767690053,0.0,15
2,2011-12-23,54503.05339037343,0.0,15
38,2011-12-23,49564.55194396951,0.0,15
17,2011-12-09,29767.924888782087,0.0,15
32,2011-12-16,13920.88014072827,0.0,15
18,2011-12-16,53615.84651667601,0.0,15
4,2011-12-16,13624.292673972526,0.0,15
13,2011-12-23,20731.015029622355,0.0,15
72,2011-12-30,11971.419034026158,1.0,15
16,2011-12-30,631.3305693043133,1.0,15
81,2011-12-30,18165.736148975702,1.0,15
23,2011-12-23,77222.99262766706,0.0,15
13,2011-12-23,1878.2918114619883,0.0,15
1,2011-12-16,37423.22975115517,0.0,15
25,2011-12-23,20044.020432349105,0.0,15
28,2011-12-16,1447.1514596890336,0.0,15
50,2011-12-09,1047.0822132577434,0.0,15
87,2011-12-02,9469.971289965904,0.0,15
72,2011-12-09,114508.55762868622,0.0,15
54,2011-12-02,3921.0906664439617,0.0,15
34,2011-12-02,19923.87432894781,0.0,15
18,2011-12-23,1363.3618103421109,0.0,15
90,2011-12-23,116473.07706773336,0.0,15
2,2011-12-16,14897.028453270772,0.0,15
38,2011-12-09,62699.00102760097,0.0,15
6,2011-12-02,394.7559036321559,0.0,15
58,2011-12-16,5241.590404273063,0.0,15
12,2011-12-30,1546.3717484610197,1.0,15
7,2011-12-02,1185.511582755911,0.0,15
93,2011-12-02,1354.2314028524993,0.0,15
56,2011-12-16,22834.63318878608,0.0,15
83,2011-12-09,178.19942609836454,0.0,15
78,2011-12-23,352.56208658043084,0.0,15
40,2011-12-30,955.0989194992526,1.0,15
24,2011-12-23,16165.988872859378,0.0,15
26,2011-12-02,2218.5287274987118,0.0,15
26,2011-12-09,3533.9262747816647,0.0,15
14,2011-12-23,1017.9356420373816,0.0,15
56,2011-12-02,11097.408536076537,0.0,15
85,2011-12-23,1981.4632842196888,0.0,15
13,2011-12-23,21637.57384403603,0.0,15
38,2011-12-02,112447.54666426394,0.0,15
35,2011-12-09,2380.626618238285,0.0,15
87,2011-12-23,71021.02418876934,0.0,15
41,2011-12-09,2075.1100224823203,0.0,15
40,2011-12-23,11615.823496664816,0.0,15
80,2011-12-23,21793.37024842833,0.0,15
90,2011-12-02,11924.218580779923,0.0,15
67,2011-12-23,20625.63562361683,0.0,15
38,2011-12-09,84813.31250967072,0.0,15
50,2011-12-02,1.4389015931985845,0.0,15
71,2011-12-16,3280.993496849169,0.0,15
97,2011-12-09,2542.5116036173386,0.0,15
71,2011-12-16,103134.36947363628,0.0,15
91,2011-12-09,19073.5505254405,0.0,15
34,2011-12-02,4057.328302587609,0.0,15
87,2011-12-23,15702.893387463757,0.0,15
93,2011-12-02,9674.08926692757,0.0,15
82,2011-12-09,22541.96072900477,0.0,15
52,2011-12-09,1337.157771492137,0.0,15
71,2011-12-09,5651.5005276696,0.0,15
92,2011-12-02,11237.520325554964,0.0,15
97,2011-12-23,3249.625498726726,0.0,15
59,2011-12-09,1661.6720749217102,0.0,15
40,2011-12-30,37436.76905784944,1.0,15
33,2011-12-09,19545.18937556193,0.0,15
22,2011-12-09,3201.0136161428386,0.0,15
21,2011-12-16,10310.793184376203,0.0,15
85,2011-12-16,10977.196483134729,0.0,15
96,2011-12-16,1429.9946373589028,0.0,15
67,2011-12-09,12279.736246040498,0.0,15
4,2011-12-23,23371.94493673718,0.0,15
8,2011-12-09,9309.9845979868,0.0,15
17,2011-12-23,21685.891070342404,0.0,15
35,2011-12-09,22148.894697336123,0.0,15
8,2011-12-23,60650.61639035795,0.0,15
80,2011-12-16,37328.90601367525,0.0,15
60,2011-12-09,3630.052780458916,0.0,15
55,2011-12-16,23137.079921997065,0.0,15
38,2011-12-16,93289.2207319622,0.0,15
40,2011-12-09,55416.37407411948,0.0,15
9,2011-12-09,14031.087821974696,0.0,15
5,2011-12-02,7001.560050454263,0.0,15
55,2011-12-23,34219.340929122816,0.0,15
26,2011-12-16,14961.55921148122,0.0,15
18,2011-12-23,8488.240075164073,0.0,15
7,2011-12-09,157930.6241484913,0.0,15
52,2011-12-09,27928.027504639776,0.0,15
59,2011-12-30,3841.860646223077,1.0,15
87,2011-12-09,7506.030554859894,0.0,15
91,2011-12-30,5002.926451277534,1.0,15
46,2011-12-02,13407.284108369631,0.0,15
1,2011-12-23,51758.77387242148,0.0,15
33,2011-12-09,6.19684459254874,0.0,15
96,2011-12-02,7872.171984302229,0.0,15
98,2011-12-30,466.4959704267119,1.0,15
58,2011-12-23,4135.589226335644,0.0,15
36,2011-12-30,1611.742777079718,1.0,15
18,2011-12-16,25891.276558660134,0.0,15
47,2011-12-30,25019.218238737554,1.0,15
30,2011-12-09,1720.429905522559,0.0,15
32,2011-12-09,13549.335733869531,0.0,15
60,2011-12-09,4685.060325907571,0.0,15
91,2011-12-09,22448.53972035903,0.0,15
3,2011-12-23,1373.6505855930243,0.0,15
1,2011-12-30,16713.578505798483,1.0,15
44,2011-12-09,1393.1671836249736,0.0,15
25,2011-12-09,5810.678629705373,0.0,15
87,2011-12-02,149.43115652139508,0.0,15
14,2011-12-09,988.1006470205704,0.0,15
4,2011-12-23,23926.99339626676,0.0,15
19,2011-12-23,1964.887131934133,0.0,15
38,2011-12-23,44237.92008219233,0.0,15
81,2011-12-30,22403.849671945554,1.0,15
27,2011-12-16,7276.13251797061,0.0,15
30,2011-12-09,2178.2563860502974,0.0,15
87,2011-12-23,28260.658082378297,0.0,15
44,2011-12-16,7367.609984181858,0.0,15
42,2011-12-30,6031.844204945749,1.0,15
40,2011-12-02,52020.46103026553,0.0,15
31,2011-12-02,1431.9131905614558,0.0,15
85,2011-12-02,6542.632985014275,0.0,15
81,2011-12-23,12822.974386690294,0.0,15
55,2011-12-23,36189.17668447682,0.0,15
21,2011-12-23,15774.38730060665,0.0,15
36,2011-12-30,2370.463461280903,1.0,15
96,2011-12-23,2764.2252069195583,0.0,15
4,2011-12-30,37860.99297303426,1.0,15
31,2011-12-02,2884.064734863276,0.0,15
11,2011-12-09,33112.63126510285,0.0,15
34,2011-12-09,3945.86711040608,0.0,15
46,2011-12-16,5994.930969078271,0.0,15
16,2011-12-23,480.0787081215878,0.0,15
4,2011-12-30,23272.291426194264,1.0,15
81,2011-12-02,15311.569064485117,0.0,15
1,2011-12-09,29412.961253058867,0.0,15
83,2011-12-16,1937.482453763814,0.0,15
7,2011-12-09,70960.02403096443,0.0,15
98,2011-12-02,506.0606619292324,0.0,15
72,2011-12-30,74062.55018689684,1.0,15
80,2011-12-16,2786.4397168465407,0.0,15
17,2011-12-02,16239.391925448945,0.0,15
10,2011-12-30,20879.4907472619,1.0,15
25,2011-12-16,13065.788825498652,0.0,15
19,2011-12-30,1199.1141500026104,1.0,15
41,2011-12-16,967.9165167355904,0.0,15
46,2011-12-16,35029.614130648755,0.0,15
54,2011-12-30,87.2295431998812,1.0,15
60,2011-12-30,9843.764524955568,1.0,15
21,2011-12-16,11923.738337035344,0.0,15
87,2011-12-09,22248.46875572622,0.0,15
60,2011-12-09,1433.8500714470858,0.0,15
7,2011-12-23,1926.929070067646,0.0,15
90,2011-12-30,2233.535795220767,1.0,15
36,2011-12-16,2000.8629593321416,0.0,15
2,2011-12-02,15243.39888877747,0.0,15
32,2011-12-16,6555.365785661201,0.0,15
40,2011-12-23,27728.70699900727,0.0,15
98,2011-12-09,439.7663160438588,0.0,15
82,2011-12-16,17705.492067265433,0.0,15
58,2011-12-16,6780.532643169508,0.0,15
14,2011-12-30,27527.59170771593,1.0,15
18,2011-12-09,1426.0781573817524,0.0,15
41,2011-12-23,6748.024154130092,0.0,15
36,2011-12-02,1279.157708774222,0.0,15
18,2011-12-30,35694.404473879804,1.0,15
16,2011-12-09,500.3618327376186,0.0,15
2,2011-12-30,36044.45876474478,1.0,15
29,2011-12-02,4389.876283742245,0.0,15
72,2011-12-16,9547.874532774467,0.0,15
10,2011-12-02,11614.010579664126,0.0,15
5,2011-12-02,1540.2445593752875,0.0,15
44,2011-12-02,11623.296319403547,0.0,15
97,2011-12-23,2971.803554118056,0.0,15
52,2011-12-16,3041.7664564018373,0.0,15
98,2011-12-23,403.1786045522672,0.0,15
87,2011-12-02,16412.831384541558,0.0,15
9,2011-12-16,11467.799229727862,0.0,15
6,2011-12-30,424.096754020158,1.0,15
12,2011-12-16,1945.1015597020596,0.0,15
36,2011-12-02,1818.9851638582963,0.0,15
50,2011-12-16,64005.73565315959,0.0,15
31,2011-12-02,3872.570569771526,0.0,15
87,2011-12-16,34.33132792601196,0.0,15
30,2011-12-02,1137.141489015393,0.0,15
44,2011-12-02,11031.28333228699,0.0,15
81,2011-12-23,79095.06133935222,0.0,15
9,2011-12-30,32526.108200918403,1.0,15
38,2011-12-09,76751.22576368572,0.0,15
7,2011-12-16,18324.873178897677,0.0,15
60,2011-12-02,7511.403729129225,0.0,15
17,2011-12-16,18371.667901553374,0.0,15
94,2011-12-09,319.7706469947433,0.0,15
41,2011-12-30,1615.9656800355356,1.0,16
23,2011-12-16,59422.45157659848,0.0,16
94,2011-12-30,34387.25035839179,1.0,16
13,2011-12-02,11.44101294437039,0.0,16
13,2011-12-16,2683.650484439391,0.0,16
22,2011-12-30,12858.436311946538,1.0,16
25,2011-12-02,13833.373457727525,0.0,16
25,2011-12-23,8700.130717973196,0.0,16
98,2011-12-30,8949.210390857865,1.0,16
92,2011-12-16,180299.97209451892,0.0,16
18,2011-12-02,69396.08053985226,0.0,16
90,2011-12-16,18218.786381763213,0.0,16
56,2011-12-02,7507.878293975784,0.0,16
45,2011-12-23,12976.06276937089,0.0,16
81,2011-12-02,14719.13279988946,0.0,16
23,2011-12-16,53274.547993906526,0.0,16
96,2011-12-30,3869.1916309109833,1.0,16
91,2011-12-16,47749.349885318006,0.0,16
33,2011-12-23,16389.058680577844,0.0,16
33,2011-12-30,8126.973469451373,1.0,16
17,2011-12-23,38269.59127175997,0.0,16
11,2011-12-16,1140.9299390088024,0.0,16
80,2011-12-09,9146.83636287241,0.0,16
21,2011-12-02,11684.38189998467,0.0,16
38,2011-12-23,47830.18706040616,0.0,16
79,2011-12-09,43814.30483998427,0.0,16
49,2011-12-16,66036.70405593023,0.0,16
31,2011-12-30,1899.2794578985984,1.0,16
99,2011-12-23,3380.50230172838,0.0,16
60,2011-12-09,9691.070772926843,0.0,16
56,2011-12-30,15117.12333625703,1.0,16
32,2011-12-02,1491.798408150761,0.0,16
24,2011-12-09,16778.786550785262,0.0,16
9,2011-12-02,2831.658060521585,0.0,16
59,2011-12-09,3626.4026480180814,0.0,16
81,2011-12-23,11509.34841113602,0.0,16
96,2011-12-23,2860.275651690932,0.0,16
71,2011-12-30,47774.45415913127,1.0,16
41,2011-12-16,5088.230223086514,0.0,16
98,2011-12-09,3298.0537612272474,0.0,16
72,2011-12-23,135308.09597478074,0.0,16
21,2011-12-30,4200.5606012352655,1.0,16
31,2011-12-30,2619.7984925995265,1.0,16
40,2011-12-09,37360.39939973541,0.0,16
30,2011-12-09,2855.4708213703198,0.0,16
67,2011-12-30,22690.894379139558,1.0,16
59,2011-12-16,5356.868553146425,0.0,16
44,2011-12-16,7082.897458414943,0.0,16
23,2011-12-23,78045.47282090707,0.0,16
14,2011-12-23,27678.50653051312,0.0,16
80,2011-12-16,7568.577244682293,0.0,16
14,2011-12-30,38.36535195587087,1.0,16
78,2011-12-16,2769.960388472881,0.0,16
29,2011-12-02,13825.902593875568,0.0,16
29,2011-12-23,3864.1374076964894,0.0,16
98,2011-12-23,24085.34612808721,0.0,16
52,2011-12-02,6561.417049152945,0.0,16
6,2011-12-02,159.54008651701872,0.0,16
13,2011-12-30,26641.5511701528,1.0,16
5,2011-12-02,1589.607420237699,0.0,16
14,2011-12-09,1563.582679115229,0.0,16
72,2011-12-30,149151.93107561552,1.0,16
48,2011-12-30,1444.2547761288902,1.0,16
10,2011-12-02,35159.05089879614,0.0,16
27,2011-12-09,2931.1733534776063,0.0,16
81,2011-12-23,36836.8998027799,0.0,16
42,2011-12-02,1716.4454828739506,0.0,16
29,2011-12-09,10363.360573396603,0.0,16
1,2011-12-16,40459.20012608008,0.0,16
16,2011-12-30,24034.30139941943,1.0,16
96,2011-12-09,11826.60983350169,0.0,16
11,2011-12-23,36681.1156881496,0.0,16
24,2011-12-23,32076.216542159123,0.0,16
19,2011-12-30,2020.5517173922608,1.0,16
85,2011-12-02,5172.889447952167,0.0,16
11,2011-12-23,48449.63354644925,0.0,16
30,2011-12-02,5035.909113061049,0.0,16
20,2011-12-02,9419.11572993491,0.0,16
98,2011-12-23,16181.05423627439,0.0,16
4,2011-12-16,30537.53313652351,0.0,16
25,2011-12-02,19906.993828575774,0.0,16
6,2011-12-30,16024.541483932842,1.0,16
44,2011-12-02,15809.036890907244,0.0,16
20,2011-12-16,4765.464322656545,0.0,16
49,2011-12-09,5079.559296774457,0.0,16
97,2011-12-23,55929.31458563767,0.0,16
40,2011-12-23,55317.44517859642,0.0,16
58,2011-12-23,6728.367606312493,0.0,16
5,2011-12-09,8845.204889668641,0.0,16
96,2011-12-09,32468.118714916836,0.0,16
25,2011-12-02,9848.997996597507,0.0,16
83,2011-12-16,5762.829120850028,0.0,16
71,2011-12-30,3589.2006278397744,1.0,16
97,2011-12-09,42365.40780050108,0.0,16
12,2011-12-30,2056.495669620535,1.0,16
24,2011-12-16,17927.424585232588,0.0,16
49,2011-12-16,2602.007933228711,0.0,16
18,2011-12-16,48001.65961303892,0.0,16
13,2011-12-23,14194.510767196569,0.0,16
34,2011-12-09,19024.60729739693,0.0,16
38,2011-12-09,55319.69468344306,0.0,16
93,2011-12-23,93818.60054837236,0.0,16
74,2011-12-09,20801.610172440047,0.0,16
67,2011-12-23,28952.84248013389,0.0,16
19,2011-12-30,876.4948240163753,1.0,16
92,2011-12-09,60204.39992794996,0.0,16
6,2011-12-23,11101.594085861794,0.0,16
10,2011-12-23,21547.02371155324,0.0,16
59,2011-12-02,2650.0003243287583,0.0,16
16,2011-12-16,10315.509243643626,0.0,16
59,2011-12-30,1339.7420732979156,1.0,16
78,2011-12-16,33024.28821823049,0.0,16
14,2011-12-16,3398.726164607516,0.0,16
92,2011-12-23,149676.4826866996,0.0,16
71,2011-12-23,89723.1929804957,0.0,16
71,2011-12-16,18990.499620091603,0.0,16
26,2011-12-16,13290.451535320144,0.0,16
33,2011-12-23,29093.54283394656,0.0,16
46,2011-12-23,51508.42283018425,0.0,16
92,2011-12-23,177310.43570357375,0.0,16
23,2011-12-02,20609.49363729648,0.0,16
60,2011-12-16,10567.89763413912,0.0,16
46,2011-12-30,145.76730234228378,1.0,16
29,2011-12-23,23277.67151309194,0.0,16
12,2011-12-30,2200.819745119461,1.0,16
72,2011-12-02,142804.31124037638,0.0,16
14,2011-12-16,1775.378219579297,0.0,16
22,2011-12-02,16104.638224895609,0.0,16
91,2011-12-16,11015.705740630596,0.0,16
6,2011-12-23,8429.840447430042,0.0,16
44,2011-12-23,9277.683598008269,0.0,16
32,2011-12-30,2908.568001799793,1.0,16
2,2011-12-30,9791.677722893835,1.0,16
6,2011-12-02,5086.56611894163,0.0,16
30,2011-12-09,3621.621436927039,0.0,16
79,2011-12-16,27343.280564811437,0.0,16
71,2011-12-02,40044.86946239069,0.0,16
32,2011-12-23,14535.677728455774,0.0,16
82,2011-12-02,20932.920659711177,0.0,16
81,2011-12-23,13857.452124218074,0.0,16
85,2011-12-09,8385.570731803067,0.0,16
34,2011-12-02,18849.040114305368,0.0,16
7,2011-12-09,40435.74005479638,0.0,16
2,2011-12-09,43569.7463746551,0.0,16
30,2011-12-09,5786.820900030075,0.0,16
27,2011-12-02,1849.487012999336,0.0,16
20,2011-12-30,4018.0718214515023,1.0,16
74,2011-12-09,5202.257737871646,0.0,16
2,2011-12-09,100664.54227858072,0.0,16
7,2011-12-30,78222.88401411353,1.0,16
11,2011-12-02,19962.03247864433,0.0,16
83,2011-12-09,8008.328427696547,0.0,16
74,2011-12-09,15129.693646984408,0.0,16
55,2011-12-23,68.09212098990196,0.0,16
92,2011-12-02,153964.41993223954,0.0,16
99,2011-12-09,1339.4716676126604,0.0,16
24,2011-12-30,6821.584614578026,1.0,16
98,2011-12-09,14431.113420091671,0.0,16
34,2011-12-23,8835.17238171057,0.0,16
98,2011-12-16,13800.471357176744,0.0,16
40,2011-12-30,67880.30192536184,1.0,16
80,2011-12-16,30716.133094439007,0.0,16
71,2011-12-16,109467.70581951446,0.0,16
7,2011-12-16,50777.703381434505,0.0,16
12,2011-12-30,3838.9631542297566,1.0,16
95,2011-12-16,69755.4456356732,0.0,16
31,2011-12-30,4495.713430259996,1.0,16
48,2011-12-02,13235.982475916811,0.0,16
98,2011-12-23,25360.85598080093,0.0,16
71,2011-12-23,111016.81196569654,0.0,16
56,2011-12-02,2448.1187815377866,0.0,16
9,2011-12-09,13807.611499892431,0.0,16
95,2011-12-23,88300.25785155113,0.0,16
41,2011-12-02,9921.469721446696,0.0,16
67,2011-12-16,214014.1497947057,0.0,16
80,2011-12-02,27756.373093147376,0.0,16
10,2011-12-09,11489.70656080138,0.0,16
28,2011-12-09,1293.1675501129134,0.0,16
3,2011-12-16,1130.6867244548282,0.0,16
34,2011-12-02,18508.944893042328,0.0,16
33,2011-12-23,34720.448516580655,0.0,16
38,2011-12-30,79853.31581952442,1.0,16
95,2011-12-02,120201.23187094342,0.0,16
80,2011-12-09,30382.878419373043,0.0,16
58,2011-12-23,1883.2766745884207,0.0,16
92,2011-12-30,112573.01391997992,1.0,16
91,2011-12-02,8202.928527388818,0.0,16
83,2011-12-23,55173.50404949134,0.0,16
12,2011-12-23,5306.216820058356,0.0,16
1,2011-12-16,32756.325557362743,0.0,16
55,2011-12-02,5536.698999363118,0.0,16
58,2011-12-02,4213.245732166775,0.0,16
32,2011-12-23,8723.067423446415,0.0,16
90,2011-12-02,17297.594216293328,0.0,16
24,2011-12-23,13803.826343056962,0.0,16
31,2011-12-02,4959.540364578489,0.0,16
8,2011-12-23,59150.81989197305,0.0,16
54,2011-12-16,9.250678689089698,0.0,16
4,2011-12-23,20881.142773217223,0.0,16
38,2011-12-02,6591.20363227355,0.0,16
95,2011-12-16,65221.51322903353,0.0,16
72,2011-12-02,16450.552405938804,0.0,16
38,2011-12-16,53808.24855946618,0.0,16
40,2011-12-23,22132.163170305572,0.0,16
38,2011-12-02,78793.98148955462,0.0,16
38,2011-12-09,80134.66194573208,0.0,16
9,2011-12-09,20034.535607668546,0.0,16
23,2011-12-30,36484.60410701129,1.0,16
16,2011-12-09,15739.465854595688,0.0,16
34,2011-12-30,2244.543212498132,1.0,16
90,2011-12-09,77929.33612696451,0.0,16
12,2011-12-16,3358.491002751377,0.0,16
59,2011-12-23,475.8747744613024,0.0,16
16,2011-12-16,5750.255391126324,0.0,16
6,2011-12-09,7587.557514117518,0.0,16
13,2011-12-09,55032.8504426206,0.0,16
82,2011-12-23,18870.48074713114,0.0,16
1,2011-12-23,41130.13935016848,0.0,16
5,2011-12-09,90255.0699019566,0.0,16
92,2011-12-30,122545.88062681325,1.0,16
36,2011-12-23,6259.809637590622,0.0,16
7,2011-12-30,36398.151614458,1.0,16
52,2011-12-02,21219.157607147263,0.0,16
3,2011-12-02,4840.631737452147,0.0,16
1,2011-12-16,67663.49985584877,0.0,16
90,2011-12-23,72500.74465109226,0.0,16
36,2011-12-16,4739.089348906965,0.0,16
40,2011-12-23,69798.14332868913,0.0,16
32,2011-12-02,2971.285043110735,0.0,16
12,2011-12-09,2006.7560721061457,0.0,16
10,2011-12-02,11827.156841128426,0.0,16
56,2011-12-16,25304.96768466241,0.0,16
19,2011-12-16,3295.6783780050755,0.0,16
95,2011-12-23,113364.94988766988,0.0,16
90,2011-12-09,33942.47556020883,0.0,16
30,2011-12-30,2032.3049961961613,1.0,16
9,2011-12-16,12656.0609835947,0.0,16
2,2011-12-09,25799.41258174388,0.0,16
4,2011-12-16,16343.119454813605,0.0,16
35,2011-12-09,2277.2952998242517,0.0,16
82,2011-12-02,27713.730889787395,0.0,16
85,2011-12-23,13022.087979911235,0.0,16
23,2011-12-09,25393.150425513893,0.0,16
2,2011-12-09,69123.56182413753,0.0,16
92,2011-12-16,67108.7881367668,0.0,16
1,2011-12-16,59235.25301147943,0.0,16
48,2011-12-02,3094.638746009215,0.0,16
31,2011-12-16,1846.46200210697,0.0,16
81,2011-12-09,7809.821406757634,0.0,16
80,2011-12-02,4381.136619788141,0.0,16
32,2011-12-16,9522.97881118457,0.0,16
4,2011-12-30,31461.71209846217,1.0,16
14,2011-12-16,3912.3553213395526,0.0,16
1,2011-12-09,78660.49868198238,0.0,16
20,2011-12-09,1239.6994669635587,0.0,16
19,2011-12-16,5854.19194176033,0.0,16
97,2011-12-16,11656.78973713584,0.0,16
67,2011-12-09,21081.094612941884,0.0,16
23,2011-12-30,13830.941114133906,1.0,16
90,2011-12-23,56856.83058128792,0.0,16
67,2011-12-09,118122.46915055333,0.0,16
8,2011-12-23,57092.0985245436,0.0,16
13,2011-12-16,58.96050511331227,0.0,16
16,2011-12-16,44637.37710073627,0.0,16
18,2011-12-09,15863.094785219557,0.0,16
35,2011-12-09,2068.8873438499545,0.0,16
1,2011-12-23,25847.9532161534,0.0,16
13,2011-12-02,33442.677620804,0.0,16
42,2011-12-16,3166.5308456544312,0.0,16
87,2011-12-16,37093.51887706218,0.0,16
36,2011-12-30,3798.199333618241,1.0,16
71,2011-12-30,51150.65047894656,1.0,16
13,2011-12-16,39810.77597699015,0.0,16
37,2011-12-16,4114.742281117512,0.0,16
60,2011-12-09,215.59745784430007,0.0,16
91,2011-12-30,22702.09390082417,1.0,16
35,2011-12-30,2107.6896765787296,1.0,16
17,2011-12-09,23684.58371183598,0.0,16
72,2011-12-16,8610.010445321124,0.0,16
94,2011-12-30,36121.3650857298,1.0,16
40,2011-12-23,76156.41462447218,0.0,16
59,2011-12-02,4596.628819788498,0.0,16
18,2011-12-16,94076.3951324546,0.0,16
30,2011-12-23,1843.1499034691035,0.0,16
87,2011-12-23,10065.919391795427,0.0,16
54,2011-12-30,2821.0142989050423,1.0,16
25,2011-12-23,27027.58311241158,0.0,16
7,2011-12-30,57574.13518635443,1.0,16
38,2011-12-09,72964.6963713769,0.0,16
54,2011-12-30,18265.793448638644,1.0,16
12,2011-12-09,5569.393759095928,0.0,16
2,2011-12-30,47609.45287513863,1.0,16
85,2011-12-02,6228.197292156395,0.0,16
44,2011-12-30,4306.19036576277,1.0,16
72,2011-12-30,75905.06817454573,1.0,16
7,2011-12-09,159831.87028420228,0.0,16
5,2011-12-30,71015.12217947423,1.0,16
60,2011-12-09,11057.688623195138,0.0,16
97,2011-12-23,20174.05906584058,0.0,16
3,2011-12-23,19023.983054731445,0.0,16
92,2011-12-23,46055.50971121018,0.0,16
38,2011-12-02,109875.11351955966,0.0,16
36,2011-12-30,1263.8664881046343,1.0,16
36,2011-12-16,3449.197192573185,0.0,16
92,2011-12-30,28444.846784309902,1.0,16
46,2011-12-30,10.04600347455782,1.0,16
97,2011-12-09,19957.23211976776,0.0,16
16,2011-12-09,25687.95155914661,0.0,16
12,2011-12-09,2036.97213396855,0.0,16
8,2011-12-02,28213.07824548156,0.0,16
72,2011-12-30,1613.277010315774,1.0,16
92,2011-12-09,29727.731694160502,0.0,16
25,2011-12-09,12875.7703008935,0.0,16
92,2011-12-30,53617.18025943221,1.0,16
2,2011-12-16,87480.13266886608,0.0,16
18,2011-12-23,27443.264048979632,0.0,16
34,2011-12-09,7171.160524669512,0.0,16
24,2011-12-09,6368.24983117481,0.0,16
35,2011-12-02,3393.403213153764,0.0,16
85,2011-12-23,7246.984096832409,0.0,16
71,2011-12-09,6984.947549827636,0.0,16
18,2011-12-23,11342.608693011363,0.0,16
90,2011-12-02,8690.68651364807,0.0,16
49,2011-12-23,64.03158001373674,0.0,16
8,2011-12-16,18077.505093036347,0.0,16
23,2011-12-09,49162.252242170885,0.0,16
81,2011-12-23,9081.14348030336,0.0,16
40,2011-12-16,28440.438551281342,0.0,16
7,2011-12-16,48168.149463116686,0.0,16
40,2011-12-16,62018.99821780139,0.0,16
87,2011-12-30,347.0346448795362,1.0,16
25,2011-12-23,22104.20673536917,0.0,16
91,2011-12-23,28430.22154311036,0.0,16
12,2011-12-23,2980.7464005980423,0.0,16
36,2011-12-16,4003.74429022802,0.0,16
36,2011-12-16,2610.65227806886,0.0,16
95,2011-12-16,15819.529173008095,0.0,16
49,2011-12-23,31836.72407380456,0.0,16
46,2011-12-30,26545.942207581294,1.0,16
67,2011-12-23,341308.0,0.0,16
40,2011-12-09,56392.62555096254,0.0,16
48,2011-12-23,56323.32514719504,0.0,16
20,2011-12-16,4888.988592812311,0.0,16
35,2011-12-30,54398.1616600078,1.0,16
7,2011-12-30,7989.84290906651,1.0,16
30,2011-12-23,2505.709820702752,0.0,16
60,2011-12-30,274.6717989561517,1.0,16
81,2011-12-09,24174.685635108297,0.0,16
38,2011-12-23,54223.81137293288,0.0,16
98,2011-12-02,9229.461985375408,0.0,16
19,2011-12-30,622.9151673703732,1.0,16
21,2011-12-30,4710.352742855964,1.0,16
29,2011-12-23,18114.05445610672,0.0,16
8,2011-12-16,7060.425895673923,0.0,16
13,2011-12-30,18905.35744860452,1.0,16
22,2011-12-02,11199.191699882474,0.0,16
26,2011-12-23,7539.073167109473,0.0,16
55,2011-12-30,23.23719281463862,1.0,16
40,2011-12-09,27143.422234173027,0.0,16
58,2011-12-30,27.76636052734388,1.0,16
14,2011-12-30,4096.829144296114,1.0,16
11,2011-12-30,886.1753057507364,1.0,16
91,2011-12-23,9626.75019734289,0.0,16
41,2011-12-16,8066.36560768178,0.0,16
1,2011-12-09,50193.20390877562,0.0,16
59,2011-12-23,36443.233835010375,0.0,16
5,2011-12-09,31673.38994336342,0.0,17
87,2011-12-23,21413.55922467311,0.0,17
27,2011-12-09,2549.9407694268803,0.0,17
45,2011-12-23,12138.362606263328,0.0,17
21,2011-12-09,1348.9590199213824,0.0,17
23,2011-12-09,24673.91428893333,0.0,17
7,2011-12-30,7912.459996160137,1.0,17
58,2011-12-09,7812.18523963913,0.0,17
59,2011-12-30,315.7622645047503,1.0,17
1,2011-12-02,12560.358855860106,0.0,17
95,2011-12-30,3039.202980888841,1.0,17
95,2011-12-23,43834.49763958931,0.0,17
92,2011-12-16,46014.34899613921,0.0,17
37,2011-12-16,2896.9918409636757,0.0,17
93,2011-12-23,2028.990693529307,0.0,17
80,2011-12-09,43453.01367670071,0.0,17
71,2011-12-16,17565.726417356404,0.0,17
25,2011-12-09,8908.538836306403,0.0,17
28,2011-12-16,1376.7215514562145,0.0,17
93,2011-12-16,26050.687221951943,0.0,17
10,2011-12-16,15228.163900032496,0.0,17
55,2011-12-23,30220.2725603037,0.0,17
21,2011-12-23,6994.328213500974,0.0,17
59,2011-12-09,4415.550893480157,0.0,17
94,2011-12-09,29259.08143665372,0.0,17
97,2011-12-30,-1.1812204638905754,1.0,17
21,2011-12-30,7003.294963253814,1.0,17
31,2011-12-16,2632.744043176495,0.0,17
60,2011-12-30,145.88720973706685,1.0,17
5,2011-12-30,4310.319840645349,1.0,17
59,2011-12-02,3752.699424420668,0.0,17
55,2011-12-30,3454.026890939628,1.0,17
97,2011-12-09,2745.8786356550827,0.0,17
37,2011-12-23,4845.260748204585,0.0,17
28,2011-12-02,1511.6706671234629,0.0,17
27,2011-12-09,1046.3081866582377,0.0,17
7,2011-12-02,15713.743895401754,0.0,17
20,2011-12-09,8548.86263137069,0.0,17
2,2011-12-09,64213.507992864936,0.0,17
98,2011-12-30,104.11489169246366,1.0,17
72,2011-12-09,2722.8859367417213,0.0,17
36,2011-12-16,3299.7944763793075,0.0,17
25,2011-12-30,11123.40662125642,1.0,17
46,2011-12-23,45234.2470312118,0.0,17
67,2011-12-23,11932.92151170829,0.0,17
17,2011-12-23,21300.975238660863,0.0,17
26,2011-12-02,9359.507393237376,0.0,17
87,2011-12-16,8046.06546714163,0.0,17
27,2011-12-16,2853.857125365856,0.0,17
85,2011-12-23,8912.978723346276,0.0,17
91,2011-12-16,6303.502651484187,0.0,17
4,2011-12-09,36876.39399125054,0.0,17
85,2011-12-16,2937.240706384656,0.0,17
87,2011-12-30,6282.039225726799,1.0,17
31,2011-12-09,3397.7354898481585,0.0,17
7,2011-12-02,62362.51468857519,0.0,17
44,2011-12-02,4617.655539210348,0.0,17
94,2011-12-16,321.84906745345023,0.0,17
6,2011-12-23,386.161085152088,0.0,17
38,2011-12-30,27894.61712807236,1.0,17
5,2011-12-02,5120.593841945115,0.0,17
92,2011-12-30,24774.067818307187,1.0,17
98,2011-12-02,340.80617765946675,0.0,17
6,2011-12-30,351.362140664346,1.0,17
36,2011-12-30,1628.7951982738855,1.0,17
24,2011-12-23,12067.36012524137,0.0,17
41,2011-12-16,3341.178023570905,0.0,17
12,2011-12-23,36308.305764162506,0.0,17
87,2011-12-16,949.250017398634,0.0,17
96,2011-12-30,4527.0987531808905,1.0,17
41,2011-12-30,8350.970368615039,1.0,17
85,2011-12-02,328.3296841868253,0.0,17
71,2011-12-02,112.71986531720506,0.0,17
3,2011-12-09,13822.353969167116,0.0,17
37,2011-12-30,3424.7817694878718,1.0,17
56,2011-12-30,555.4583053146531,1.0,17
31,2011-12-09,2251.3886352140707,0.0,17
36,2011-12-09,2085.149408014031,0.0,17
81,2011-12-09,16678.83062853989,0.0,17
79,2011-12-09,255.7121995768399,0.0,17
56,2011-12-23,4397.437513340816,0.0,17
4,2011-12-23,55471.22782430679,0.0,17
81,2011-12-16,19373.40460625745,0.0,17
96,2011-12-09,1.667715728877296,0.0,17
32,2011-12-16,8783.135479249058,0.0,17
9,2011-12-23,17246.904351434616,0.0,17
42,2011-12-23,5399.91777375703,0.0,17
81,2011-12-30,12267.155802473831,1.0,17
78,2011-12-30,30449.41417777996,1.0,17
30,2011-12-02,1067.6026722129147,0.0,17
14,2011-12-23,217.01037884095604,0.0,17
6,2011-12-23,143.91448356357267,0.0,17
46,2011-12-23,37092.2463788422,0.0,17
18,2011-12-16,42396.20110865199,0.0,17
97,2011-12-16,5690.015432585433,0.0,17
71,2011-12-30,52379.9172733826,1.0,17
71,2011-12-02,51675.47566779496,0.0,17
59,2011-12-16,6471.216155620367,0.0,17
21,2011-12-16,9012.045162426077,0.0,17
3,2011-12-02,8318.159437790488,0.0,17
14,2011-12-02,9380.823467678863,0.0,17
5,2011-12-30,50309.32826549854,1.0,17
92,2011-12-30,49519.80014369485,1.0,17
28,2011-12-23,2212.8341375401965,0.0,17
22,2011-12-16,7494.366828601296,0.0,17
38,2011-12-02,27923.83044126908,0.0,17
49,2011-12-09,-14.977452959724587,0.0,17
20,2011-12-23,7355.458943564702,0.0,17
90,2011-12-16,13593.216140902445,0.0,17
44,2011-12-16,14.174099159925708,0.0,17
11,2011-12-30,719.4403883883253,1.0,17
22,2011-12-02,5630.71467644132,0.0,17
4,2011-12-30,15585.278725823217,1.0,17
97,2011-12-30,1845.252685767545,1.0,17
25,2011-12-16,10481.294321363985,0.0,17
83,2011-12-16,4722.381716256786,0.0,17
29,2011-12-23,12760.753302816996,0.0,17
7,2011-12-09,10508.20442054175,0.0,17
49,2011-12-09,12798.57014192617,0.0,17
16,2011-12-23,341.105752957289,0.0,17
4,2011-12-02,21507.74448067891,0.0,17
14,2011-12-09,3531.0011111768445,0.0,17
50,2011-12-30,1551.1604845601364,1.0,17
49,2011-12-09,4907.242105202749,0.0,17
10,2011-12-23,14722.914279486931,0.0,17
96,2011-12-09,11142.38843782544,0.0,17
80,2011-12-09,470.9215229389914,0.0,17
14,2011-12-09,22976.237783920587,0.0,17
87,2011-12-09,420.8188390560652,0.0,17
97,2011-12-02,4000.701312399776,0.0,17
32,2011-12-16,18448.44308861923,0.0,17
74,2011-12-09,15274.662579725322,0.0,17
98,2011-12-02,175.44573341620227,0.0,17
9,2011-12-30,13986.820168794016,1.0,17
59,2011-12-30,15476.186016771771,1.0,17
17,2011-12-16,14675.661144997166,0.0,17
38,2011-12-02,9509.963230335225,0.0,17
81,2011-12-16,184.40966001427847,0.0,17
87,2011-12-09,7551.469963707394,0.0,17
28,2011-12-23,1450.4581125354896,0.0,17
32,2011-12-16,17381.092970461348,0.0,17
9,2011-12-02,5.778617986620207,0.0,17
87,2011-12-09,1018.0368912350542,0.0,17
55,2011-12-23,209.2038374717601,0.0,17
7,2011-12-16,9936.00790935767,0.0,17
35,2011-12-02,1435.3849814107666,0.0,17
6,2011-12-16,2986.2314316284965,0.0,17
55,2011-12-02,9648.45415613837,0.0,17
32,2011-12-02,13862.06849101116,0.0,17
32,2011-12-23,18969.48448193232,0.0,17
36,2011-12-30,1563.470513749102,1.0,17
80,2011-12-23,20095.744916853106,0.0,17
20,2011-12-16,3254.2264623332803,0.0,17
40,2011-12-30,27266.69329554355,1.0,17
32,2011-12-02,6117.545084339904,0.0,17
87,2011-12-09,494.32936134143046,0.0,17
67,2011-12-23,252.2975043075784,0.0,17
6,2011-12-23,6750.425659337512,0.0,17
6,2011-12-09,846.7346854673248,0.0,17
80,2011-12-23,21955.399110713606,0.0,17
11,2011-12-02,3873.168693811962,0.0,17
48,2011-12-16,4333.925437900141,0.0,17
81,2011-12-30,18843.7454195537,1.0,17
40,2011-12-09,25443.462086480613,0.0,17
59,2011-12-23,1280.509297000489,0.0,17
31,2011-12-23,2809.954312394143,0.0,17
55,2011-12-02,77.72613992635861,0.0,17
71,2011-12-16,10120.336545255608,0.0,17
18,2011-12-23,20899.464866836464,0.0,17
20,2011-12-16,8112.095331377475,0.0,17
49,2011-12-16,2432.0472704545405,0.0,17
41,2011-12-02,7365.651356723413,0.0,17
31,2011-12-16,1548.0970136035935,0.0,17
51,2011-12-30,42924.52695913112,1.0,17
59,2011-12-30,2698.041498311645,1.0,17
91,2011-12-30,40644.11678193651,1.0,17
74,2011-12-30,14697.442916199529,1.0,17
59,2011-12-02,3767.4935708910975,0.0,17
40,2011-12-16,35206.821881033,0.0,17
16,2011-12-30,4030.071283077865,1.0,17
28,2011-12-23,1119.5319039071778,0.0,17
17,2011-12-23,30740.483575061917,0.0,17
93,2011-12-16,1317.8658080124478,0.0,17
98,2011-12-23,59.95168090973853,0.0,17
35,2011-12-30,1019.4255807962614,1.0,17
97,2011-12-30,471.3034162235204,1.0,17
25,2011-12-16,4296.684740838758,0.0,17
41,2011-12-02,1669.3879385081832,0.0,17
33,2011-12-23,18124.514536848637,0.0,17
52,2011-12-02,25.89780373779309,0.0,17
46,2011-12-23,43332.79520711414,0.0,17
92,2011-12-30,8169.755687082791,1.0,17
55,2011-12-30,517.9504689370937,1.0,17
91,2011-12-23,22355.684051534103,0.0,17
36,2011-12-02,2386.3269020700213,0.0,17
25,2011-12-23,7875.684191294543,0.0,17
28,2011-12-09,1005.4332560287432,0.0,17
54,2011-12-30,23.542105132491933,1.0,17
14,2011-12-30,432.69895245081887,1.0,17
42,2011-12-09,4228.885371121899,0.0,17
18,2011-12-09,85033.18840550834,0.0,17
91,2011-12-23,27726.665629169813,0.0,17
5,2011-12-02,1746.8251392024,0.0,17
14,2011-12-23,3098.9827553421724,0.0,17
91,2011-12-23,22233.00618041397,0.0,17
19,2011-12-23,2870.565545593972,0.0,17
96,2011-12-23,6204.5142159144,0.0,17
97,2011-12-23,23421.90167706456,0.0,17
93,2011-12-16,2775.4863371240945,0.0,17
85,2011-12-30,19478.83469396148,1.0,17
33,2011-12-30,10324.195880883475,1.0,17
9,2011-12-09,12344.036705037468,0.0,17
81,2011-12-02,18848.508408843743,0.0,17
87,2011-12-30,836.4963770336241,1.0,17
32,2011-12-02,4166.949732759996,0.0,17
55,2011-12-09,2060.691885112085,0.0,17
92,2011-12-30,20593.799262873985,1.0,17
25,2011-12-02,7352.893613971257,0.0,17
30,2011-12-16,2976.576008949863,0.0,17
79,2011-12-23,53975.14989901438,0.0,17
14,2011-12-09,3206.45403264789,0.0,17
11,2011-12-23,15656.92917066638,0.0,17
80,2011-12-30,10513.358645573628,1.0,17
46,2011-12-16,20912.453253398195,0.0,17
1,2011-12-23,67765.36225764814,0.0,17
85,2011-12-23,648.3038030480515,0.0,17
20,2011-12-30,9259.712960928997,1.0,17
90,2011-12-30,18223.48766613099,1.0,17
83,2011-12-30,192.65431590331423,1.0,17
87,2011-12-30,18624.02277056492,1.0,17
31,2011-12-16,2798.911789576477,0.0,17
97,2011-12-16,1930.6550574775756,0.0,17
67,2011-12-09,196.01031022692445,0.0,17
11,2011-12-30,20110.11060501187,1.0,17
4,2011-12-16,29682.554925024026,0.0,17
34,2011-12-23,21612.74788630367,0.0,17
25,2011-12-16,10368.99540522103,0.0,17
72,2011-12-02,44442.088280674754,0.0,17
85,2011-12-16,7321.285411110819,0.0,17
95,2011-12-16,26272.18303424349,0.0,17
14,2011-12-30,1478.7351675656837,1.0,17
27,2011-12-30,3863.648286413944,1.0,17
44,2011-12-09,5940.534888337239,0.0,17
97,2011-12-23,4369.533178630214,0.0,17
1,2011-12-09,50216.85693231978,0.0,17
7,2011-12-02,997.3540993313406,0.0,17
4,2011-12-09,50914.57874455423,0.0,17
8,2011-12-16,85.68393639728804,0.0,17
94,2011-12-30,210.391993943992,1.0,17
25,2011-12-09,15042.03413412867,0.0,17
4,2011-12-09,30141.704099823837,0.0,17
78,2011-12-02,3363.2035152059266,0.0,17
56,2011-12-02,13476.171912618473,0.0,17
54,2011-12-23,65547.53701994604,0.0,17
40,2011-12-16,48940.53977289413,0.0,17
28,2011-12-16,935.8161029901368,0.0,17
31,2011-12-09,8919.605662809165,0.0,17
90,2011-12-09,65322.90015913564,0.0,17
29,2011-12-16,18925.41466161808,0.0,17
13,2011-12-30,12128.879086309826,1.0,17
32,2011-12-09,1530.1230471657434,0.0,17
93,2011-12-30,146.22262458866618,1.0,17
95,2011-12-30,15.95081844517908,1.0,17
3,2011-12-16,13604.651029527671,0.0,17
93,2011-12-23,11678.163696696492,0.0,17
97,2011-12-23,33946.858006009985,0.0,17
98,2011-12-09,508.7460598589012,0.0,17
27,2011-12-16,1095.306616553504,0.0,17
83,2011-12-09,4654.352612641389,0.0,17
59,2011-12-16,2658.3587042355066,0.0,17
30,2011-12-30,1832.8579401966012,1.0,17
28,2011-12-30,790.7841491969435,1.0,17
79,2011-12-02,4706.022408391991,0.0,17
97,2011-12-02,15258.526141706529,0.0,17
14,2011-12-09,16084.106574540649,0.0,17
97,2011-12-23,1609.4172568163035,0.0,17
46,2011-12-23,19539.909025902463,0.0,17
11,2011-12-02,20914.160397128373,0.0,17
94,2011-12-30,158.18921493883798,1.0,17
20,2011-12-23,4616.639520663432,0.0,17
12,2011-12-02,3524.495678054654,0.0,17
80,2011-12-02,14691.95389942778,0.0,17
33,2011-12-09,26658.08065200811,0.0,17
35,2011-12-02,4217.7548060103245,0.0,17
32,2011-12-09,3590.6207571516343,0.0,17
98,2011-12-16,123.85420815185256,0.0,17
35,2011-12-30,6902.32942915747,1.0,17
17,2011-12-09,9840.305418360487,0.0,17
20,2011-12-02,5753.201447294417,0.0,17
24,2011-12-23,20450.96355600404,0.0,17
27,2011-12-30,1067.659541292539,1.0,17
58,2011-12-09,16665.25001430293,0.0,17
36,2011-12-09,1188.9580270801005,0.0,17
44,2011-12-23,9.189360107661106,0.0,17
2,2011-12-09,33710.32889378046,0.0,17
47,2011-12-02,10960.746757925426,0.0,17
33,2011-12-30,5710.82251716134,1.0,17
21,2011-12-16,11269.343454281909,0.0,17
67,2011-12-23,32081.814912377184,0.0,17
11,2011-12-02,16412.139195652202,0.0,17
91,2011-12-23,7325.102861878148,0.0,17
4,2011-12-23,31427.93950882611,0.0,17
93,2011-12-02,1919.3267793183877,0.0,17
23,2011-12-02,30260.109765661826,0.0,17
67,2011-12-02,6044.620118890484,0.0,17
85,2011-12-23,969.5646011055178,0.0,17
42,2011-12-02,1136.7911503568807,0.0,17
32,2011-12-30,5652.386994537169,1.0,17
28,2011-12-30,1403.706617950582,1.0,17
41,2011-12-16,4014.740448040524,0.0,17
21,2011-12-09,5986.3208146828665,0.0,17
7,2011-12-30,1517.2126300578302,1.0,17
80,2011-12-30,11692.449465709258,1.0,17
9,2011-12-30,35213.63169063661,1.0,17
21,2011-12-30,1544.059781849285,1.0,17
87,2011-12-23,12471.451503950337,0.0,17
82,2011-12-30,7347.94419565497,1.0,17
1,2011-12-02,12249.207668496836,0.0,17
5,2011-12-09,3898.989290173998,0.0,17
28,2011-12-02,942.7033266290514,0.0,17
26,2011-12-09,13169.496445642548,0.0,17
94,2011-12-09,382.0480420238159,0.0,17
10,2011-12-30,12253.594650587822,1.0,17
4,2011-12-02,12316.06381317545,0.0,17
26,2011-12-16,6853.839561586956,0.0,17
55,2011-12-16,-10.219582690802728,0.0,17
72,2011-12-30,1824.3390981692896,1.0,17
34,2011-12-09,2404.2889667808195,0.0,17
42,2011-12-30,5467.2322047543685,1.0,17
59,2011-12-02,1790.9533685968522,0.0,17
60,2011-12-30,300.150260416176,1.0,17
72,2011-12-23,25463.738859240744,0.0,17
85,2011-12-30,4724.931394022268,1.0,17
60,2011-12-23,29694.466803407,0.0,17
59,2011-12-23,10877.241529765475,0.0,17
9,2011-12-09,27179.28770204682,0.0,17
79,2011-12-23,373.58693515363615,0.0,17
19,2011-12-02,53.89145394848377,0.0,17
85,2011-12-02,5579.117483916231,0.0,17
80,2011-12-02,16529.16140099475,0.0,17
95,2011-12-02,45210.21524155817,0.0,18
26,2011-12-16,23469.126882881657,0.0,18
36,2011-12-30,1204.953752010385,1.0,18
7,2011-12-02,60621.93923835407,0.0,18
7,2011-12-16,62369.206521655295,0.0,18
30,2011-12-30,2469.9857051936347,1.0,18
33,2011-12-09,11318.205264549924,0.0,18
56,2011-12-16,1300.0499534453136,0.0,18
36,2011-12-23,5249.092993686114,0.0,18
1,2011-12-09,54458.07167749444,0.0,18
6,2011-12-30,59.933651075808086,1.0,18
26,2011-12-09,9112.52628065947,0.0,18
20,2011-12-02,2818.8995279112537,0.0,18
17,2011-12-16,21732.612434001832,0.0,18
4,2011-12-16,15828.405438319653,0.0,18
7,2011-12-30,45057.10616744716,1.0,18
10,2011-12-23,35670.19761205484,0.0,18
91,2011-12-23,28628.062082951477,0.0,18
18,2011-12-02,42399.68996408979,0.0,18
36,2011-12-09,1771.63245643075,0.0,18
54,2011-12-16,2450.340907311585,0.0,18
22,2011-12-02,8051.775486031387,0.0,18
19,2011-12-16,4129.162145732619,0.0,18
3,2011-12-16,12795.21874815066,0.0,18
22,2011-12-09,11457.489248150816,0.0,18
82,2011-12-09,1231.257224295266,0.0,18
4,2011-12-16,15964.654734408225,0.0,18
29,2011-12-23,17407.998202878567,0.0,18
87,2011-12-02,554.2879375964013,0.0,18
4,2011-12-30,15885.212141843813,1.0,18
60,2011-12-23,20899.691794349445,0.0,18
56,2011-12-16,1150.0495705098929,0.0,18
71,2011-12-23,84944.68943571702,0.0,18
81,2011-12-02,6363.706507589144,0.0,18
60,2011-12-23,15700.165775832706,0.0,18
18,2011-12-09,23449.77393019968,0.0,18
29,2011-12-23,26024.04438712962,0.0,18
13,2011-12-09,38577.96067947032,0.0,18
82,2011-12-16,15556.72559186828,0.0,18
35,2011-12-16,11277.251394520576,0.0,18
36,2011-12-02,3387.7404673246474,0.0,18
26,2011-12-09,20292.682235027565,0.0,18
29,2011-12-23,4000.539566872368,0.0,18
6,2011-12-09,3731.638502258256,0.0,18
13,2011-12-02,1368.1036716880428,0.0,18
23,2011-12-02,27839.967418863194,0.0,18
98,2011-12-09,288.3077358255567,0.0,18
14,2011-12-16,32608.379139350985,0.0,18
9,2011-12-09,39901.628872483394,0.0,18
11,2011-12-02,33690.12150812052,0.0,18
10,2011-12-09,47076.4414134771,0.0,18
83,2011-12-16,6478.687633505569,0.0,18
46,2011-12-30,32070.88082340368,1.0,18
38,2011-12-02,122111.51567448664,0.0,18
13,2011-12-02,68593.22432776993,0.0,18
14,2011-12-09,734.7378251986671,0.0,18
72,2011-12-09,755.7877628060279,0.0,18
35,2011-12-02,3823.0259611100937,0.0,18
30,2011-12-23,6052.803193034357,0.0,18
18,2011-12-23,29569.24450417598,0.0,18
28,2011-12-09,1213.0048049330392,0.0,18
4,2011-12-09,19651.0602180393,0.0,18
71,2011-12-30,8557.306351447305,1.0,18
17,2011-12-30,11734.020720686602,1.0,18
46,2011-12-23,24519.318722156902,0.0,18
55,2011-12-30,30584.522426101143,1.0,18
94,2011-12-23,32011.31802045245,0.0,18
59,2011-12-02,4946.618992407,0.0,18
11,2011-12-09,25588.43202752038,0.0,18
98,2011-12-30,584.8358597613022,1.0,18
23,2011-12-09,36179.62689139761,0.0,18
83,2011-12-30,3818.2954543147976,1.0,18
71,2011-12-30,48240.638248277406,1.0,18
30,2011-12-09,4844.697029101302,0.0,18
59,2011-12-23,580.9118375901091,0.0,18
9,2011-12-16,15757.378944061958,0.0,18
5,2011-12-16,30724.936273068262,0.0,18
85,2011-12-16,24643.503227965244,0.0,18
94,2011-12-23,24693.45683250877,0.0,18
93,2011-12-16,40523.87874620647,0.0,18
90,2011-12-23,16431.477178944424,0.0,18
54,2011-12-23,67858.12101593989,0.0,18
30,2011-12-02,547.1155403248819,0.0,18
31,2011-12-09,5267.518580362158,0.0,18
18,2011-12-09,54598.44129490029,0.0,18
22,2011-12-23,35479.65432523627,0.0,18
97,2011-12-09,18982.11119713088,0.0,18
9,2011-12-23,12477.612517183696,0.0,18
5,2011-12-30,4095.739728827642,1.0,18
4,2011-12-16,72301.98823495008,0.0,18
34,2011-12-02,3410.0284643954374,0.0,18
21,2011-12-02,2221.731561760626,0.0,18
41,2011-12-16,1662.600366694734,0.0,18
40,2011-12-16,16887.006980640406,0.0,18
44,2011-12-30,4766.857140079683,1.0,18
20,2011-12-30,3321.753366977233,1.0,18
29,2011-12-23,20419.990296538595,0.0,18
60,2011-12-02,2661.430642085227,0.0,18
22,2011-12-16,11384.664092588318,0.0,18
85,2011-12-30,4794.127696419214,1.0,18
42,2011-12-16,6478.125874820668,0.0,18
96,2011-12-23,32051.576566948468,0.0,18
37,2011-12-23,2947.6068975910084,0.0,18
22,2011-12-09,5511.77899098671,0.0,18
91,2011-12-09,49774.22534415028,0.0,18
36,2011-12-09,4832.17362791893,0.0,18
58,2011-12-16,47.6022180040196,0.0,18
2,2011-12-09,67589.00283272739,0.0,18
31,2011-12-23,1185.990631400546,0.0,18
94,2011-12-02,53093.97355420581,0.0,18
35,2011-12-23,3305.570021675968,0.0,18
67,2011-12-09,5948.848820913995,0.0,18
38,2011-12-09,40337.82442824757,0.0,18
18,2011-12-09,54367.95317341709,0.0,18
85,2011-12-30,2733.256130339176,1.0,18
7,2011-12-09,19192.384842480544,0.0,18
80,2011-12-23,18170.94200315028,0.0,18
90,2011-12-16,2048.294205723199,0.0,18
52,2011-12-30,1534.3135729431858,1.0,18
71,2011-12-16,12063.992212715852,0.0,18
71,2011-12-30,22568.020627334125,1.0,18
35,2011-12-09,3233.126405203958,0.0,18
34,2011-12-02,18701.01618788472,0.0,18
6,2011-12-02,1407.024836592301,0.0,18
8,2011-12-02,28363.63895494199,0.0,18
32,2011-12-30,3088.9170605732297,1.0,18
98,2011-12-23,396.7715709065556,0.0,18
60,2011-12-09,87.73351729398023,0.0,18
34,2011-12-23,12339.11972923173,0.0,18
14,2011-12-16,33295.91813534805,0.0,18
11,2011-12-02,12050.647049669966,0.0,18
83,2011-12-16,3841.8662729292887,0.0,18
58,2011-12-30,1052.8426240512558,1.0,18
36,2011-12-23,4400.353292240256,0.0,18
10,2011-12-30,12810.613949899667,1.0,18
93,2011-12-23,1176.3697319501714,0.0,18
32,2011-12-09,5707.178109391129,0.0,18
83,2011-12-16,233.38928052550705,0.0,18
72,2011-12-30,34807.50338215111,1.0,18
40,2011-12-16,44466.23248677862,0.0,18
36,2011-12-23,2271.737299066129,0.0,18
3,2011-12-02,11326.693757456926,0.0,18
97,2011-12-16,3931.8575610718126,0.0,18
99,2011-12-30,292.81427191164704,1.0,18
42,2011-12-23,2323.920049928655,0.0,18
25,2011-12-30,7109.141856125281,1.0,18
34,2011-12-30,16729.897033561894,1.0,18
48,2011-12-23,40.53820289536703,0.0,18
54,2011-12-23,86.45651612470152,0.0,18
95,2011-12-30,27694.866289325557,1.0,18
25,2011-12-09,8029.804386258656,0.0,18
14,2011-12-16,44694.61412050177,0.0,18
11,2011-12-02,34100.098568405694,0.0,18
2,2011-12-09,27220.830712271672,0.0,18
56,2011-12-23,2398.7479499579854,0.0,18
1,2011-12-02,27850.97719518267,0.0,18
48,2011-12-23,4937.372142733469,0.0,18
85,2011-12-09,1488.66954338202,0.0,18
59,2011-12-30,7443.03642101167,1.0,18
1,2011-12-30,20129.12234274963,1.0,18
14,2011-12-23,7704.510702732012,0.0,18
35,2011-12-30,5413.647609523059,1.0,18
13,2011-12-02,8400.329814576438,0.0,18
12,2011-12-16,5905.31254388481,0.0,18
38,2011-12-09,14844.6410752694,0.0,18
96,2011-12-09,1829.803042426008,0.0,18
52,2011-12-02,46.14041724129579,0.0,18
81,2011-12-16,15338.639634980877,0.0,18
10,2011-12-30,34222.46417497266,1.0,18
98,2011-12-02,399.71743762158735,0.0,18
87,2011-12-16,20612.878801305706,0.0,18
10,2011-12-16,15102.518148977091,0.0,18
11,2011-12-16,39294.55178235712,0.0,18
71,2011-12-16,3720.5113372347614,0.0,18
38,2011-12-23,106119.66738984076,0.0,18
72,2011-12-30,1091.3090930101166,1.0,18
13,2011-12-09,8017.232053351597,0.0,18
19,2011-12-09,2225.7782946680504,0.0,18
97,2011-12-02,4751.146511770441,0.0,18
33,2011-12-02,4075.8403218308176,0.0,18
20,2011-12-23,4915.096661840785,0.0,18
11,2011-12-16,32425.623058587036,0.0,18
36,2011-12-16,3002.6212450144435,0.0,18
3,2011-12-30,3736.229184234591,1.0,18
59,2011-12-30,2136.917520709966,1.0,18
14,2011-12-16,1501.303579418531,0.0,18
95,2011-12-23,41339.03950959633,0.0,18
98,2011-12-09,1010.8871143918336,0.0,18
67,2011-12-16,15829.39993725955,0.0,18
60,2011-12-30,98.9667056621957,1.0,18
17,2011-12-16,19985.317416629496,0.0,18
32,2011-12-09,3736.990650538103,0.0,18
42,2011-12-23,7519.784775937167,0.0,18
82,2011-12-09,16695.058844535764,0.0,18
21,2011-12-02,4492.98314929944,0.0,18
34,2011-12-23,2210.50911650264,0.0,18
7,2011-12-23,12150.672473007058,0.0,18
27,2011-12-02,2285.847412041332,0.0,18
31,2011-12-02,2012.102524685216,0.0,18
13,2011-12-02,13243.033987994631,0.0,18
35,2011-12-16,3095.9491730039035,0.0,18
38,2011-12-02,86474.1610459985,0.0,18
60,2011-12-02,3987.016185351604,0.0,18
21,2011-12-02,9407.399279171728,0.0,18
94,2011-12-23,335.8322361195934,0.0,18
17,2011-12-16,20093.665685369702,0.0,18
13,2011-12-16,52638.15235693312,0.0,18
13,2011-12-02,18599.516842959663,0.0,18
97,2011-12-09,2430.047381469374,0.0,18
21,2011-12-02,4498.033715495456,0.0,18
5,2011-12-16,25867.48373749773,0.0,18
16,2011-12-09,2558.805824885241,0.0,18
16,2011-12-09,50596.32001572756,0.0,18
49,2011-12-16,18969.04732294764,0.0,18
3,2011-12-23,26279.054944808475,0.0,18
17,2011-12-16,22906.58294354484,0.0,18
58,2011-12-16,5361.335693757123,0.0,18
11,2011-12-30,9795.010444081923,1.0,18
38,2011-12-16,70291.81504163946,0.0,18
30,2011-12-23,13932.97251354215,0.0,18
13,2011-12-23,7362.98982402506,0.0,18
81,2011-12-23,7583.533988030877,0.0,18
24,2011-12-16,8759.384604477626,0.0,18
36,2011-12-23,2561.68021057408,0.0,18
12,2011-12-30,1618.578410262522,1.0,18
59,2011-12-09,633.6746122963307,0.0,18
3,2011-12-16,9562.423779505294,0.0,18
98,2011-12-16,7422.715524756674,0.0,18
21,2011-12-02,9989.18419151179,0.0,18
80,2011-12-23,7270.7203359099585,0.0,18
34,2011-12-16,6443.223979576026,0.0,18
46,2011-12-23,15.707298388107985,0.0,18
11,2011-12-16,15181.00684921031,0.0,18
54,2011-12-30,3544.1126785413217,1.0,18
81,2011-12-02,19780.306042888107,0.0,18
67,2011-12-02,192.20611286705605,0.0,18
16,2011-12-02,44264.18958134268,0.0,18
33,2011-12-30,3503.5367557941136,1.0,18
87,2011-12-30,960.6362810408626,1.0,18
2,2011-12-02,10448.452955814952,0.0,18
34,2011-12-09,14523.908033860467,0.0,18
2,2011-12-09,106194.49434544006,0.0,18
35,2011-12-02,2470.4993293017533,0.0,18
34,2011-12-16,12323.013528367424,0.0,18
8,2011-12-02,39106.03870564943,0.0,18
46,2011-12-23,4169.109426076992,0.0,18
12,2011-12-23,3568.676157350956,0.0,18
46,2011-12-09,17412.743455099582,0.0,18
2,2011-12-09,27869.85793283329,0.0,18
93,2011-12-09,863.7338694264467,0.0,18
72,2011-12-16,95973.68387075837,0.0,18
59,2011-12-23,16968.17371483153,0.0,18
36,2011-12-09,2311.3987397841274,0.0,18
40,2011-12-30,62685.6758813521,1.0,18
32,2011-12-23,11859.766615242102,0.0,18
25,2011-12-23,13766.40305241936,0.0,18
16,2011-12-09,53352.24408455276,0.0,18
7,2011-12-30,68.46213268920565,1.0,18
80,2011-12-02,16619.95155040328,0.0,18
99,2011-12-16,2443.3668576812493,0.0,18
31,2011-12-09,5555.524883692837,0.0,18
48,2011-12-30,1642.1388425002788,1.0,18
8,2011-12-16,162.67283460127965,0.0,18
67,2011-12-30,10404.225824722696,1.0,18
36,2011-12-09,897.9338362994747,0.0,18
1,2011-12-30,18330.614130269485,1.0,18
97,2011-12-09,2488.4496247908933,0.0,18
23,2011-12-23,38161.92452639396,0.0,18
74,2011-12-09,2487.831930303847,0.0,18
11,2011-12-09,1214.222376199359,0.0,18
38,2011-12-09,91116.34776267978,0.0,18
23,2011-12-16,20190.94437362593,0.0,18
16,2011-12-30,8071.659944278412,1.0,18
34,2011-12-02,18650.62012203486,0.0,18
91,2011-12-23,45734.527843406926,0.0,18
93,2011-12-16,1088.9094032496953,0.0,18
56,2011-12-16,29667.532863856573,0.0,18
13,2011-12-23,94.13844371150104,0.0,18
5,2011-12-23,8202.7847116781,0.0,18
32,2011-12-23,23247.800560730077,0.0,18
13,2011-12-02,46598.53961738343,0.0,18
2,2011-12-23,12471.37038076328,0.0,18
24,2011-12-09,9264.13038077521,0.0,18
59,2011-12-23,2544.9016944839104,0.0,18
85,2011-12-23,11398.784200523338,0.0,18
24,2011-12-23,12142.940868140991,0.0,18
52,2011-12-09,-4.541425647746589,0.0,18
35,2011-12-02,2836.548955124233,0.0,18
10,2011-12-23,32996.497340725444,0.0,18
4,2011-12-02,6167.525994896903,0.0,18
52,2011-12-23,98.55316381069542,0.0,18
36,2011-12-02,2890.096507313588,0.0,18
13,2011-12-16,24691.95281907007,0.0,18
98,2011-12-02,221.66656429364235,0.0,18
33,2011-12-30,15174.763014723536,1.0,18
90,2011-12-16,10248.647101514884,0.0,18
14,2011-12-09,39437.45454590047,0.0,18
34,2011-12-23,19724.12371873776,0.0,18
42,2011-12-09,5900.950874104821,0.0,18
3,2011-12-09,13915.838642010542,0.0,18
80,2011-12-23,22724.42025506545,0.0,18
19,2011-12-16,1640.4046423334785,0.0,18
2,2011-12-09,21130.740283253603,0.0,18
90,2011-12-16,101841.27026132111,0.0,18
14,2011-12-23,1864.556643809417,0.0,18
9,2011-12-23,13793.04007174883,0.0,18
8,2011-12-02,67000.90876933478,0.0,18
21,2011-12-09,6743.431261559393,0.0,18
3,2011-12-02,5495.958218714852,0.0,18
12,2011-12-30,4304.129843927528,1.0,18
74,2011-12-23,1243.3247380883845,0.0,18
98,2011-12-23,723.7266521165103,0.0,18
35,2011-12-30,2342.207330359985,1.0,18
6,2011-12-02,6645.363466965145,0.0,18
8,2011-12-09,41170.45324080988,0.0,18
5,2011-12-23,3219.0246301568045,0.0,18
13,2011-12-09,9509.231826822092,0.0,18
94,2011-12-30,2448.9243328953257,1.0,18
33,2011-12-30,3580.2728643213645,1.0,18
26,2011-12-16,19836.655081554127,0.0,18
21,2011-12-16,10512.17371059434,0.0,18
72,2011-12-16,6453.299465444829,0.0,18
24,2011-12-02,9563.9116425567,0.0,18
21,2011-12-23,24311.897361523974,0.0,18
25,2011-12-16,7891.785121145013,0.0,18
79,2011-12-23,5872.561741907944,0.0,18
10,2011-12-02,40425.68354412612,0.0,18
21,2011-12-16,14865.038308183446,0.0,18
98,2011-12-09,16654.709736684297,0.0,18
82,2011-12-16,15044.62511790354,0.0,18
11,2011-12-09,37537.73721800257,0.0,18
87,2011-12-02,20923.35536654468,0.0,18
60,2011-12-02,6497.962973116096,0.0,18
85,2011-12-09,1192.3818686855363,0.0,18
98,2011-12-02,78.80116384932276,0.0,18
27,2011-12-16,5268.31120365907,0.0,18
13,2011-12-09,16341.968249327085,0.0,18
83,2011-12-16,3193.0032555070848,0.0,18
72,2011-12-02,77936.64121959466,0.0,18
59,2011-12-16,4508.489716414308,0.0,18
4,2011-12-09,25761.14623717642,0.0,18
5,2011-12-09,41107.158228297965,0.0,18
44,2011-12-23,9839.532480453305,0.0,18
94,2011-12-23,2991.3746619263547,0.0,18
95,2011-12-30,24867.33431377213,1.0,18
41,2011-12-09,1379.245996611364,0.0,18
13,2011-12-16,18546.404399264124,0.0,18
21,2011-12-30,2431.2120215267905,1.0,18
55,2011-12-16,27863.718050599506,0.0,18
74,2011-12-16,1060.227869454018,0.0,18
90,2011-12-09,4564.439830483036,0.0,18
6,2011-12-09,381.7093244652455,0.0,18
97,2011-12-02,13730.787860493696,0.0,19
58,2011-12-16,4001.245211882259,0.0,19
93,2011-12-09,56091.33594215176,0.0,19
56,2011-12-16,26975.82575683641,0.0,19
2,2011-12-02,78721.62021572671,0.0,19
14,2011-12-09,1193.411982973484,0.0,19
25,2011-12-02,5899.728109758766,0.0,19
7,2011-12-16,174034.22441332368,0.0,19
71,2011-12-09,82494.90202635633,0.0,19
29,2011-12-09,7023.7938469090905,0.0,19
21,2011-12-16,14168.820474038472,0.0,19
22,2011-12-23,24248.7155154025,0.0,19
34,2011-12-02,19366.41055754608,0.0,19
40,2011-12-02,38056.26996227059,0.0,19
79,2011-12-02,22413.42602298701,0.0,19
7,2011-12-23,192600.85241890288,0.0,19
20,2011-12-09,6442.923008623799,0.0,19
38,2011-12-30,54854.9593126478,1.0,19
11,2011-12-16,4816.636297212352,0.0,19
21,2011-12-02,3754.180123797766,0.0,19
97,2011-12-30,8395.68001347184,1.0,19
4,2011-12-02,7919.786163819962,0.0,19
92,2011-12-02,46555.277672019445,0.0,19
85,2011-12-02,2030.7086769922653,0.0,19
59,2011-12-30,4548.776247341662,1.0,19
72,2011-12-23,203966.58967312623,0.0,19
31,2011-12-09,9747.867651380917,0.0,19
48,2011-12-23,18218.58918346313,0.0,19
55,2011-12-30,25532.163590047425,1.0,19
29,2011-12-09,5675.282544665422,0.0,19
22,2011-12-16,21581.09489393013,0.0,19
31,2011-12-16,3089.665037448177,0.0,19
85,2011-12-02,4720.040659141073,0.0,19
21,2011-12-30,1685.0769491722804,1.0,19
52,2011-12-23,14.999396698240052,0.0,19
87,2011-12-16,39526.020159407824,0.0,19
90,2011-12-09,31251.769044448884,0.0,19
7,2011-12-09,55968.27263810843,0.0,19
90,2011-12-23,133786.06035197468,0.0,19
19,2011-12-16,1500.5342031620344,0.0,19
40,2011-12-02,69304.97048659295,0.0,19
67,2011-12-30,1614.7288293284153,1.0,19
79,2011-12-23,23670.263913970964,0.0,19
79,2011-12-23,29303.383552780942,0.0,19
36,2011-12-16,1653.906893080068,0.0,19
40,2011-12-23,16942.54773112371,0.0,19
33,2011-12-16,15372.05564348583,0.0,19
80,2011-12-23,29196.891242484,0.0,19
13,2011-12-09,16075.39442614242,0.0,19
48,2011-12-23,5083.786298613803,0.0,19
58,2011-12-09,6360.832137299475,0.0,19
1,2011-12-16,36922.95211942768,0.0,19
25,2011-12-23,13641.743870480102,0.0,19
92,2011-12-09,217971.97261600653,0.0,19
6,2011-12-16,313.3377536352114,0.0,19
36,2011-12-30,3122.4826068852,1.0,19
26,2011-12-23,5677.791994806598,0.0,19
40,2011-12-16,60214.67225602522,0.0,19
10,2011-12-30,25113.6629177275,1.0,19
2,2011-12-16,5738.046600221248,0.0,19
19,2011-12-09,4190.045910763027,0.0,19
40,2011-12-09,31308.899191575416,0.0,19
79,2011-12-30,29790.4115794749,1.0,19
18,2011-12-30,18489.323536216056,1.0,19
48,2011-12-02,29434.7673676784,0.0,19
36,2011-12-02,4208.076638278352,0.0,19
9,2011-12-23,29374.11937161701,0.0,19
97,2011-12-16,42033.23787424247,0.0,19
99,2011-12-09,628.799825058498,0.0,19
25,2011-12-02,7787.379558876824,0.0,19
92,2011-12-16,154382.96106632645,0.0,19
17,2011-12-02,15018.015185063618,0.0,19
52,2011-12-23,59053.85695857303,0.0,19
7,2011-12-09,162041.93882765493,0.0,19
95,2011-12-02,45323.34397352414,0.0,19
19,2011-12-09,5511.818102839853,0.0,19
25,2011-12-30,5186.283220467674,1.0,19
12,2011-12-09,2972.0186292594617,0.0,19
94,2011-12-16,21697.351430784063,0.0,19
93,2011-12-23,55319.60390122657,0.0,19
31,2011-12-30,1065.0207709669291,1.0,19
12,2011-12-23,2579.554445387156,0.0,19
11,2011-12-30,14157.698814118094,1.0,19
99,2011-12-23,3394.418789591871,0.0,19
16,2011-12-23,16673.380094154913,0.0,19
11,2011-12-02,13805.176027169106,0.0,19
30,2011-12-02,2181.939826388944,0.0,19
20,2011-12-02,2069.830518698957,0.0,19
8,2011-12-09,1384.535933862111,0.0,19
36,2011-12-09,4147.406286462423,0.0,19
93,2011-12-23,39058.30498345279,0.0,19
59,2011-12-16,16459.659819250533,0.0,19
33,2011-12-30,7570.319138227266,1.0,19
38,2011-12-02,76965.77725122673,0.0,19
30,2011-12-23,27711.42452183012,0.0,19
40,2011-12-30,35170.24785956532,1.0,19
34,2011-12-09,6292.125953437308,0.0,19
35,2011-12-09,2803.5071728584417,0.0,19
10,2011-12-30,12871.09870037412,1.0,19
87,2011-12-30,13901.416851685372,1.0,19
67,2011-12-30,15296.308516797317,1.0,19
96,2011-12-02,3769.880366638645,0.0,19
33,2011-12-23,32101.74629593767,0.0,19
25,2011-12-16,17649.870356631953,0.0,19
90,2011-12-23,81749.73494800049,0.0,19
82,2011-12-30,23774.27322834796,1.0,19
79,2011-12-23,10604.694386147474,0.0,19
74,2011-12-02,43741.44873167268,0.0,19
49,2011-12-30,2167.3771240810747,1.0,19
31,2011-12-02,3792.5194776222393,0.0,19
96,2011-12-30,28736.559589231296,1.0,19
14,2011-12-09,2188.087483166292,0.0,19
19,2011-12-16,1935.1921889286327,0.0,19
25,2011-12-30,10077.803605719808,1.0,19
81,2011-12-16,76523.44410303958,0.0,19
23,2011-12-16,28050.765077058644,0.0,19
44,2011-12-02,7974.303845173365,0.0,19
18,2011-12-02,23405.91545305722,0.0,19
18,2011-12-16,56987.0658464704,0.0,19
52,2011-12-23,2240.709578153403,0.0,19
51,2011-12-02,3596.484381582084,0.0,19
71,2011-12-09,71976.66427140367,0.0,19
3,2011-12-02,14845.424410995003,0.0,19
1,2011-12-09,33473.95903007011,0.0,19
46,2011-12-02,25911.32529054651,0.0,19
90,2011-12-30,26527.295041963807,1.0,19
45,2011-12-23,29.07391243908492,0.0,19
92,2011-12-23,252542.3144825988,0.0,19
21,2011-12-02,6433.003339348754,0.0,19
54,2011-12-02,21379.860438395142,0.0,19
92,2011-12-16,191500.39215369255,0.0,19
80,2011-12-09,62086.27490273026,0.0,19
6,2011-12-30,671.5695724195385,1.0,19
33,2011-12-02,22982.90620012852,0.0,19
67,2011-12-02,11555.008689936913,0.0,19
12,2011-12-16,1567.4127373828164,0.0,19
7,2011-12-09,81846.74481939877,0.0,19
12,2011-12-23,3019.6095487561324,0.0,19
25,2011-12-09,24549.59165410568,0.0,19
8,2011-12-30,3149.1899982904,1.0,19
38,2011-12-30,13642.167276773527,1.0,19
71,2011-12-23,98642.69538944477,0.0,19
14,2011-12-16,23642.09013003948,0.0,19
2,2011-12-09,22357.589735161408,0.0,19
82,2011-12-02,4950.453723771715,0.0,19
92,2011-12-02,124417.2633634307,0.0,19
82,2011-12-16,7463.306857042242,0.0,19
29,2011-12-16,10577.918354420666,0.0,19
10,2011-12-16,46176.30588681081,0.0,19
14,2011-12-23,63620.66680254909,0.0,19
33,2011-12-30,5394.114407757374,1.0,19
34,2011-12-30,7603.774760100749,1.0,19
90,2011-12-23,77732.26931821648,0.0,19
36,2011-12-30,2009.40763416728,1.0,19
16,2011-12-16,6797.392175894617,0.0,19
56,2011-12-23,1179.7900198277805,0.0,19
98,2011-12-16,167.61481778870035,0.0,19
11,2011-12-02,15278.10064695022,0.0,19
40,2011-12-30,12036.064566255554,1.0,19
46,2011-12-02,1859.770446618488,0.0,19
48,2011-12-23,90186.39850385564,0.0,19
5,2011-12-30,25381.419560999904,1.0,19
12,2011-12-23,2766.3356305042585,0.0,19
14,2011-12-02,16201.741637003575,0.0,19
82,2011-12-02,22882.296672921173,0.0,19
95,2011-12-30,53579.171117611295,1.0,19
87,2011-12-09,20762.934548357254,0.0,19
18,2011-12-09,81919.29234960624,0.0,19
90,2011-12-09,69067.76566796158,0.0,19
8,2011-12-09,291.1476519718313,0.0,19
35,2011-12-09,3840.119210887044,0.0,19
9,2011-12-16,24164.909121365577,0.0,19
5,2011-12-30,27660.4385745338,1.0,19
58,2011-12-02,4342.7428266261295,0.0,19
82,2011-12-23,94488.90427621936,0.0,19
92,2011-12-30,114487.2915419923,1.0,19
22,2011-12-30,14474.050558792487,1.0,19
96,2011-12-16,40783.61305951449,0.0,19
25,2011-12-09,10746.030643117369,0.0,19
80,2011-12-30,3241.6749347944306,1.0,19
31,2011-12-09,1831.2712913908692,0.0,19
71,2011-12-30,34688.30149767775,1.0,19
2,2011-12-23,47616.63679060001,0.0,19
18,2011-12-30,20984.723933622077,1.0,19
46,2011-12-16,3097.3886686181604,0.0,19
38,2011-12-23,82005.20506280776,0.0,19
10,2011-12-09,46689.98287816499,0.0,19
31,2011-12-16,2261.7018481673613,0.0,19
9,2011-12-16,1325.961203789596,0.0,19
3,2011-12-30,10202.45061450972,1.0,19
59,2011-12-23,3084.7391385623782,0.0,19
16,2011-12-02,3539.3970438070005,0.0,19
78,2011-12-16,15126.507536675275,0.0,19
80,2011-12-09,10403.915688370533,0.0,19
20,2011-12-30,5250.34913897475,1.0,19
92,2011-12-02,113377.69228695618,0.0,19
36,2011-12-02,2927.411991678209,0.0,19
20,2011-12-30,5414.491618322133,1.0,19
1,2011-12-16,105156.31173953136,0.0,19
23,2011-12-23,45810.67994971799,0.0,19
97,2011-12-23,10967.192393326442,0.0,19
14,2011-12-23,20214.24092919673,0.0,19
38,2011-12-09,92804.1389788356,0.0,19
93,2011-12-23,647.7707877827984,0.0,19
41,2011-12-09,2625.523264189464,0.0,19
29,2011-12-09,9593.32936053126,0.0,19
18,2011-12-30,26189.62643966268,1.0,19
10,2011-12-23,18930.807380223287,0.0,19
3,2011-12-16,15234.65874409816,0.0,19
80,2011-12-30,29627.10432614128,1.0,19
28,2011-12-30,785.2382203766504,1.0,19
31,2011-12-09,4785.913491879295,0.0,19
44,2011-12-23,9772.17978701526,0.0,19
26,2011-12-23,6792.567772986352,0.0,19
44,2011-12-23,9790.66330782966,0.0,19
97,2011-12-16,2479.395502458337,0.0,19
23,2011-12-09,20088.45286051742,0.0,19
8,2011-12-30,26070.15092123885,1.0,19
11,2011-12-02,22226.2255373356,0.0,19
13,2011-12-23,15995.116218018358,0.0,19
3,2011-12-23,2879.116537932244,0.0,19
19,2011-12-09,1645.5095591625495,0.0,19
3,2011-12-09,3640.743911160868,0.0,19
94,2011-12-02,36392.57913627496,0.0,19
92,2011-12-30,85091.24928364134,1.0,19
2,2011-12-23,98730.88548852786,0.0,19
95,2011-12-02,56685.86323672166,0.0,19
8,2011-12-23,39964.92813778045,0.0,19
25,2011-12-02,8517.398397526676,0.0,19
46,2011-12-23,100415.10292558809,0.0,19
90,2011-12-30,69162.43302769012,1.0,19
60,2011-12-16,289.9598897643397,0.0,19
55,2011-12-02,26.065222209552385,0.0,19
71,2011-12-02,41998.694655694526,0.0,19
32,2011-12-09,8235.588311752424,0.0,19
16,2011-12-23,22701.30724037357,0.0,19
94,2011-12-09,73756.2898305638,0.0,19
85,2011-12-23,7782.833806883576,0.0,19
95,2011-12-23,56033.08817428655,0.0,19
24,2011-12-30,10393.700399581649,1.0,19
7,2011-12-30,5446.925181458015,1.0,19
59,2011-12-23,7876.330306340793,0.0,19
95,2011-12-23,51216.55856727566,0.0,19
2,2011-12-16,113262.21393073822,0.0,19
11,2011-12-09,17678.93697032426,0.0,19
33,2011-12-16,12946.267892399908,0.0,19
91,2011-12-16,57585.40913947634,0.0,19
2,2011-12-16,33383.82603818322,0.0,19
2,2011-12-30,18006.65913627197,1.0,19
45,2011-12-23,7119.293823761809,0.0,19
27,2011-12-02,1472.2424324182691,0.0,19
1,2011-12-23,112319.55958340566,0.0,19
35,2011-12-23,2377.060786831964,0.0,19
5,2011-12-16,2005.370087580632,0.0,19
19,2011-12-23,4881.103752401279,0.0,19
74,2011-12-09,4800.969889537161,0.0,19
5,2011-12-02,23863.529357711654,0.0,19
90,2011-12-02,60025.74294631449,0.0,19
21,2011-12-09,8081.129189889026,0.0,19
79,2011-12-16,49239.42914442362,0.0,19
95,2011-12-09,81628.07662759747,0.0,19
32,2011-12-23,20663.852141405598,0.0,19
21,2011-12-16,7308.420754422756,0.0,19
5,2011-12-30,34792.15076449616,1.0,19
97,2011-12-09,27570.96916721832,0.0,19
92,2011-12-23,53310.91306217573,0.0,19
29,2011-12-02,8328.834188219376,0.0,19
46,2011-12-09,8140.110431490219,0.0,19
9,2011-12-16,73709.52320787986,0.0,19
12,2011-12-23,4215.39037709112,0.0,19
45,2011-12-23,6875.824050827387,0.0,19
80,2011-12-23,20176.458483353454,0.0,19
33,2011-12-02,7403.630611859837,0.0,19
38,2011-12-16,82986.56292923934,0.0,19
13,2011-12-30,4984.501131199135,1.0,19
52,2011-12-16,167.13278587383817,0.0,19
54,2011-12-16,26779.494581033578,0.0,19
79,2011-12-23,14939.00391622195,0.0,19
98,2011-12-30,8853.36205715334,1.0,19
67,2011-12-30,5454.474778226854,1.0,19
90,2011-12-30,92109.82632403966,1.0,19
13,2011-12-30,35291.58221628965,1.0,19
42,2011-12-16,2414.8853188208896,0.0,19
94,2011-12-09,47968.16520848536,0.0,19
38,2011-12-02,79485.95417023519,0.0,19
83,2011-12-23,5476.3458445268925,0.0,19
59,2011-12-09,3275.722283833712,0.0,19
31,2011-12-16,15962.56124218036,0.0,19
46,2011-12-23,71386.12724480055,0.0,19
37,2011-12-23,4152.136499343373,0.0,19
37,2011-12-23,2254.300346281111,0.0,19
17,2011-12-30,9934.780041326609,1.0,19
41,2011-12-09,2505.576340771692,0.0,19
5,2011-12-30,45350.04322770477,1.0,19
8,2011-12-16,12751.779047367663,0.0,19
54,2011-12-30,13.13978995577571,1.0,19
1,2011-12-16,32019.455374045785,0.0,19
46,2011-12-02,7096.583677645002,0.0,19
17,2011-12-02,31311.586724823163,0.0,19
6,2011-12-02,3887.972629047673,0.0,19
30,2011-12-16,890.5947599636864,0.0,19
54,2011-12-23,2151.8866266875134,0.0,19
46,2011-12-02,19573.093508714497,0.0,19
8,2011-12-23,17916.5040779308,0.0,19
16,2011-12-02,295.7038300859008,0.0,19
8,2011-12-16,36699.17122069044,0.0,19
83,2011-12-16,8008.76241851893,0.0,19
33,2011-12-23,20116.0524846609,0.0,19
22,2011-12-16,13125.892905192166,0.0,19
48,2011-12-09,3169.742987337158,0.0,19
12,2011-12-09,2789.6349056707872,0.0,19
90,2011-12-23,16205.971824241386,0.0,19
44,2011-12-09,8897.406064152892,0.0,19
91,2011-12-09,49504.75034766076,0.0,19
47,2011-12-23,11368.471118115904,0.0,19
18,2011-12-23,27912.75952600329,0.0,19
25,2011-12-09,14829.181474091156,0.0,19
92,2011-12-30,28928.91903705997,1.0,19
24,2011-12-23,32048.84714251857,0.0,19
81,2011-12-09,26526.28648227902,0.0,19
42,2011-12-09,5669.815592970434,0.0,19
97,2011-12-09,8621.473479933633,0.0,19
56,2011-12-16,30267.844417598917,0.0,19
74,2011-12-02,9317.024192663264,0.0,19
21,2011-12-16,1271.1862272665255,0.0,19
24,2011-12-30,8942.645099649792,1.0,19
31,2011-12-23,5242.058747268474,0.0,19
21,2011-12-16,1238.357605063077,0.0,19
34,2011-12-23,20634.803221185684,0.0,19
56,2011-12-30,81.85509148507711,1.0,19
56,2011-12-23,38422.225967195045,0.0,19
41,2011-12-30,1204.0851926363098,1.0,19
18,2011-12-09,39866.962949373,0.0,19
7,2011-12-23,168762.0310898991,0.0,19
21,2011-12-30,6954.803484100135,1.0,19
98,2011-12-02,7785.668382847519,0.0,19
50,2011-12-09,1644.6795661828296,0.0,19
21,2011-12-23,7163.30498650223,0.0,19
19,2011-12-23,3772.638677601448,0.0,19
82,2011-12-23,94627.01315367687,0.0,19
40,2011-12-02,43744.57180205198,0.0,19
90,2011-12-16,61850.61927512524,0.0,19
7,2011-12-02,34827.4402210476,0.0,19
7,2011-12-23,15366.566057014235,0.0,19
22,2011-12-23,47586.50235002307,0.0,19
20,2011-12-30,4293.66275267012,1.0,19
2,2011-12-16,68280.39424295445,0.0,19
25,2011-12-16,9847.885256408206,0.0,19
46,2011-12-16,49107.00271890016,0.0,19
59,2011-12-23,2604.651616387895,0.0,19
94,2011-12-16,65596.11814093153,0.0,19
32,2011-12-23,8538.418428825706,0.0,19
93,2011-12-23,77717.67568742062,0.0,19
35,2011-12-09,2305.6378680233006,0.0,19
33,2011-12-02,8838.80998621988,0.0,19
96,2011-12-23,27404.31359900927,0.0,19
5,2011-12-09,31181.585713702098,0.0,19
71,2011-12-16,14055.752421449914,0.0,19
25,2011-12-09,9367.257176061878,0.0,20
24,2011-12-30,5364.322560071903,1.0,20
14,2011-12-23,87425.33543122694,0.0,20
49,2011-12-23,103296.63106625737,0.0,20
26,2011-12-16,5402.386407488858,0.0,20
40,2011-12-23,58799.984033138106,0.0,20
54,2011-12-09,26.63372629224777,0.0,20
71,2011-12-09,401.35278309809394,0.0,20
94,2011-12-02,23595.61149609086,0.0,20
21,2011-12-30,6679.418141598308,1.0,20
77,2011-12-09,5155.223009600114,0.0,20
98,2011-12-23,76.64120049921985,0.0,20
52,2011-12-23,38111.712524910894,0.0,20
10,2011-12-02,15168.520652878597,0.0,20
46,2011-12-16,55287.57560131481,0.0,20
55,2011-12-23,57211.52111699586,0.0,20
31,2011-12-16,5428.301071811196,0.0,20
30,2011-12-09,4912.586746228219,0.0,20
42,2011-12-09,5631.3141856224265,0.0,20
14,2011-12-30,30393.186000852125,1.0,20
94,2011-12-30,46039.99684357873,1.0,20
81,2011-12-30,3129.7714869958504,1.0,20
10,2011-12-30,9221.221430173982,1.0,20
55,2011-12-23,67.55327866674976,0.0,20
38,2011-12-09,37217.61167995177,0.0,20
29,2011-12-02,10358.94877487382,0.0,20
94,2011-12-16,32285.92463641953,0.0,20
36,2011-12-09,7151.716161448149,0.0,20
10,2011-12-09,20604.61445408167,0.0,20
96,2011-12-16,6438.332312885464,0.0,20
14,2011-12-09,6031.928383382962,0.0,20
17,2011-12-23,26047.32884136826,0.0,20
7,2011-12-23,188498.58856129265,0.0,20
1,2011-12-02,19981.02967355883,0.0,20
77,2011-12-23,5444.985487474092,0.0,20
82,2011-12-09,47793.41141358236,0.0,20
4,2011-12-23,22624.992947409635,0.0,20
27,2011-12-16,5462.769716440918,0.0,20
58,2011-12-02,29308.661715969298,0.0,20
30,2011-12-30,1175.0362920228226,1.0,20
31,2011-12-30,4503.525079705907,1.0,20
21,2011-12-30,6061.197671658402,1.0,20
40,2011-12-23,9323.959970100208,0.0,20
35,2011-12-23,3812.876148155712,0.0,20
38,2011-12-30,84659.05910138506,1.0,20
60,2011-12-23,96.29556281908788,0.0,20
80,2011-12-09,37034.05525732404,0.0,20
60,2011-12-30,884.7715690969857,1.0,20
26,2011-12-09,5207.178600873617,0.0,20
93,2011-12-30,26528.192768726072,1.0,20
82,2011-12-16,7602.82428157063,0.0,20
10,2011-12-23,20935.297786561823,0.0,20
97,2011-12-16,2414.255041417964,0.0,20
22,2011-12-09,5914.20217132101,0.0,20
59,2011-12-16,3160.0342004311938,0.0,20
56,2011-12-30,23007.226302976094,1.0,20
46,2011-12-30,19902.97432358698,1.0,20
12,2011-12-23,4997.200879974397,0.0,20
41,2011-12-30,13628.702348029195,1.0,20
85,2011-12-02,4979.064186659646,0.0,20
14,2011-12-16,3449.718380428296,0.0,20
3,2011-12-02,2370.52216554458,0.0,20
36,2011-12-16,3593.234257537752,0.0,20
90,2011-12-02,16845.45442139574,0.0,20
87,2011-12-30,8178.7199423618,1.0,20
59,2011-12-02,7.766961460343196,0.0,20
35,2011-12-09,1672.0668292298678,0.0,20
91,2011-12-16,10599.774021848443,0.0,20
33,2011-12-09,10368.188963518518,0.0,20
37,2011-12-30,2742.214850932104,1.0,20
18,2011-12-16,62555.23977310456,0.0,20
72,2011-12-09,3586.7133227425293,0.0,20
74,2011-12-02,22978.424924997977,0.0,20
41,2011-12-23,36266.21191470708,0.0,20
31,2011-12-30,2087.104083371331,1.0,20
23,2011-12-02,29022.87193574569,0.0,20
29,2011-12-23,20376.28895059346,0.0,20
98,2011-12-09,187.0768532286528,0.0,20
34,2011-12-23,9617.397887657306,0.0,20
46,2011-12-02,27649.29960553554,0.0,20
20,2011-12-30,1474.379840037541,1.0,20
18,2011-12-23,50742.52065158863,0.0,20
32,2011-12-09,10953.822350167682,0.0,20
85,2011-12-16,26025.45433570586,0.0,20
38,2011-12-09,55369.22158956051,0.0,20
32,2011-12-30,12402.09269402546,1.0,20
28,2011-12-30,237.561861011278,1.0,20
13,2011-12-09,60.52035799617299,0.0,20
91,2011-12-16,9637.6781237415,0.0,20
87,2011-12-23,741.232176129886,0.0,20
59,2011-12-23,14908.572097110964,0.0,20
96,2011-12-02,8766.234774638468,0.0,20
46,2011-12-02,23295.396554092706,0.0,20
32,2011-12-30,6672.43587184178,1.0,20
98,2011-12-09,286.45912371009086,0.0,20
82,2011-12-09,28792.448268152173,0.0,20
18,2011-12-30,12743.638913333009,1.0,20
79,2011-12-02,176.52195937365605,0.0,20
29,2011-12-23,22982.52164619941,0.0,20
27,2011-12-02,5069.043288085906,0.0,20
93,2011-12-09,1270.094209708148,0.0,20
83,2011-12-09,2440.784487991917,0.0,20
79,2011-12-16,23923.46671715451,0.0,20
7,2011-12-23,239647.62308243732,0.0,20
42,2011-12-16,2788.296977758813,0.0,20
7,2011-12-02,271.40930757979066,0.0,20
60,2011-12-09,7749.094632417355,0.0,20
9,2011-12-16,14425.117541130438,0.0,20
28,2011-12-02,1178.976679257754,0.0,20
29,2011-12-30,7034.41028687119,1.0,20
13,2011-12-23,-580.5826433541993,0.0,20
38,2011-12-02,34317.47219021288,0.0,20
1,2011-12-02,28357.61582076472,0.0,20
19,2011-12-16,2021.139133084659,0.0,20
37,2011-12-23,2207.298792726544,0.0,20
94,2011-12-02,7707.675805929039,0.0,20
39,2011-12-09,10993.285551452556,0.0,20
92,2011-12-09,1450.7262411435458,0.0,20
93,2011-12-02,2030.992315480985,0.0,20
92,2011-12-02,46136.76528473408,0.0,20
27,2011-12-09,4561.2312966760255,0.0,20
26,2011-12-09,9996.854650061116,0.0,20
71,2011-12-09,7518.458645324471,0.0,20
90,2011-12-02,8599.334846082393,0.0,20
7,2011-12-30,8693.457242249098,1.0,20
36,2011-12-16,3323.5681333958346,0.0,20
52,2011-12-09,4915.748524525446,0.0,20
79,2011-12-23,62873.64308401042,0.0,20
91,2011-12-23,4606.596841674609,0.0,20
85,2011-12-09,7172.239979373154,0.0,20
74,2011-12-30,14336.591155929877,1.0,20
37,2011-12-23,7585.344317388177,0.0,20
16,2011-12-23,1003.8971101282028,0.0,20
20,2011-12-09,8251.966870019392,0.0,20
96,2011-12-23,-141.494849005927,0.0,20
29,2011-12-09,244.42289792782887,0.0,20
42,2011-12-23,9427.243585385606,0.0,20
93,2011-12-23,802.2682590186793,0.0,20
27,2011-12-30,1744.2316851280689,1.0,20
28,2011-12-30,999.6114470561972,1.0,20
74,2011-12-30,9093.456599844329,1.0,20
21,2011-12-02,10233.417325226152,0.0,20
44,2011-12-30,5032.485578663491,1.0,20
40,2011-12-23,38055.269521185655,0.0,20
27,2011-12-30,2509.859873964015,1.0,20
52,2011-12-16,33.9252788392822,0.0,20
18,2011-12-30,44426.36349197977,1.0,20
27,2011-12-09,2439.7853972092075,0.0,20
25,2011-12-23,13567.131166231242,0.0,20
60,2011-12-23,442.0834068289407,0.0,20
35,2011-12-30,2859.4306049061533,1.0,20
96,2011-12-30,4488.911985886878,1.0,20
40,2011-12-02,26754.531178564845,0.0,20
19,2011-12-02,4659.300484382028,0.0,20
49,2011-12-02,27526.673371061297,0.0,20
30,2011-12-23,5684.084982400475,0.0,20
36,2011-12-16,2404.9335379665868,0.0,20
13,2011-12-30,6607.498581087752,1.0,20
19,2011-12-30,559.5993100657186,1.0,20
98,2011-12-09,294.9256819292356,0.0,20
18,2011-12-23,35814.5942468446,0.0,20
35,2011-12-16,7002.982636222481,0.0,20
32,2011-12-30,3407.5436721910464,1.0,20
2,2011-12-16,83161.84215816537,0.0,20
11,2011-12-02,17364.058430456884,0.0,20
13,2011-12-09,4403.435511966148,0.0,20
6,2011-12-16,1811.3745181061895,0.0,20
23,2011-12-23,84713.05919650066,0.0,20
22,2011-12-02,2866.123192685145,0.0,20
36,2011-12-09,4689.207153404154,0.0,20
21,2011-12-23,13164.124661376089,0.0,20
1,2011-12-23,43474.77417378416,0.0,20
6,2011-12-09,297.7129663152942,0.0,20
59,2011-12-09,17.269578656800018,0.0,20
96,2011-12-30,11934.476471906535,1.0,20
36,2011-12-09,2009.7484948609103,0.0,20
81,2011-12-16,30219.91059350589,0.0,20
85,2011-12-30,2762.1500794713847,1.0,20
48,2011-12-23,4304.343821361311,0.0,20
82,2011-12-02,15815.552671153846,0.0,20
13,2011-12-02,575.7368892741653,0.0,20
85,2011-12-09,6333.682620388388,0.0,20
5,2011-12-09,1371.869933931274,0.0,20
74,2011-12-09,3000.9387030866656,0.0,20
49,2011-12-23,102589.50762013582,0.0,20
74,2011-12-02,1940.76866388004,0.0,20
95,2011-12-02,39654.10711307959,0.0,20
14,2011-12-09,3696.1229537001327,0.0,20
3,2011-12-02,10017.607063175192,0.0,20
98,2011-12-23,774.3010014019573,0.0,20
40,2011-12-02,37083.78920531348,0.0,20
32,2011-12-30,16296.60840419673,1.0,20
13,2011-12-16,10022.636058025955,0.0,20
37,2011-12-09,2933.146531277784,0.0,20
29,2011-12-09,9629.404701771356,0.0,20
12,2011-12-16,3640.3544022563033,0.0,20
4,2011-12-30,20936.802076459862,1.0,20
27,2011-12-30,520.9993591262448,1.0,20
24,2011-12-02,14537.551793904411,0.0,20
83,2011-12-30,161.06718387237504,1.0,20
80,2011-12-09,22507.158977097555,0.0,20
93,2011-12-23,21365.91848228488,0.0,20
74,2011-12-30,29119.99922628081,1.0,20
10,2011-12-30,14639.37417743256,1.0,20
34,2011-12-23,20658.082331349407,0.0,20
36,2011-12-16,2173.0715771193245,0.0,20
22,2011-12-23,10987.753513431167,0.0,20
49,2011-12-02,25128.24717018817,0.0,20
17,2011-12-30,18184.071515541094,1.0,20
36,2011-12-16,3794.326646709952,0.0,20
46,2011-12-23,40630.79993610604,0.0,20
5,2011-12-16,79.59712845332209,0.0,20
72,2011-12-02,15040.310728934222,0.0,20
29,2011-12-02,11692.647413873336,0.0,20
82,2011-12-02,7379.295209132484,0.0,20
27,2011-12-09,2585.741194071258,0.0,20
83,2011-12-30,1754.2520144348216,1.0,20
74,2011-12-09,4903.585737721011,0.0,20
67,2011-12-30,16672.18417898715,1.0,20
23,2011-12-09,28170.374606669982,0.0,20
31,2011-12-16,3803.59972715176,0.0,20
10,2011-12-23,34103.44352542185,0.0,20
33,2011-12-02,3806.076225652808,0.0,20
20,2011-12-23,6289.37697535047,0.0,20
22,2011-12-09,11313.531956235203,0.0,20
74,2011-12-09,2456.2153800180104,0.0,20
10,2011-12-09,33891.97980656603,0.0,20
50,2011-12-23,274.7791269590117,0.0,20
10,2011-12-30,11787.172950874228,1.0,20
13,2011-12-23,54809.71941545268,0.0,20
19,2011-12-02,4098.700788673475,0.0,20
85,2011-12-09,8098.085873063502,0.0,20
11,2011-12-16,1382.111084427566,0.0,20
19,2011-12-16,1529.150759268099,0.0,20
42,2011-12-09,157.54173938369644,0.0,20
93,2011-12-16,47321.09246983125,0.0,20
31,2011-12-16,6121.910293671483,0.0,20
12,2011-12-16,199.16552072113203,0.0,20
98,2011-12-30,11.2787865850142,1.0,20
44,2011-12-02,3270.3937021292,0.0,20
17,2011-12-16,18764.155824944875,0.0,20
55,2011-12-16,2448.161890152363,0.0,20
27,2011-12-09,5231.020096153596,0.0,20
11,2011-12-23,6223.456659573327,0.0,20
21,2011-12-30,4002.754500857335,1.0,20
9,2011-12-23,49202.35255480823,0.0,20
30,2011-12-23,3843.0246853891977,0.0,20
96,2011-12-23,3152.6462582357963,0.0,20
3,2011-12-09,7316.456146738292,0.0,20
91,2011-12-30,18955.79365802401,1.0,20
11,2011-12-23,1377.4468969573516,0.0,20
91,2011-12-16,10370.99602321179,0.0,20
74,2011-12-23,20043.25738111985,0.0,20
5,2011-12-23,1662.3170059748452,0.0,20
52,2011-12-30,1238.1827491456324,1.0,20
4,2011-12-02,30706.74139674335,0.0,20
95,2011-12-02,67579.98604769417,0.0,20
17,2011-12-30,13802.836303999824,1.0,20
40,2011-12-02,17763.84163239817,0.0,20
18,2011-12-23,67087.0906787317,0.0,20
83,2011-12-02,3325.007527629124,0.0,20
58,2011-12-09,1869.32088592604,0.0,20
5,2011-12-02,1753.2656466216804,0.0,20
27,2011-12-23,10049.494315773773,0.0,20
27,2011-12-02,1068.6727001742945,0.0,20
16,2011-12-23,45980.697338088445,0.0,20
59,2011-12-09,472.2340349383654,0.0,20
59,2011-12-16,5790.1361091371045,0.0,20
36,2011-12-23,5515.615442180252,0.0,20
32,2011-12-23,23840.518677271742,0.0,20
72,2011-12-02,20067.51926341398,0.0,20
10,2011-12-23,10351.115224634044,0.0,20
7,2011-12-02,5336.609619668523,0.0,20
36,2011-12-09,2300.0648217478424,0.0,20
97,2011-12-09,5799.5586702681485,0.0,20
48,2011-12-02,488.9682021375116,0.0,20
87,2011-12-09,45197.35359239759,0.0,20
19,2011-12-30,1594.2793987932316,1.0,20
4,2011-12-09,29955.86926924141,0.0,20
17,2011-12-02,16671.409586597212,0.0,20
20,2011-12-02,3936.157421342193,0.0,20
72,2011-12-02,110585.06247395273,0.0,20
90,2011-12-30,29175.291286489766,1.0,20
56,2011-12-30,115.63737899877164,1.0,20
5,2011-12-02,2962.687691783589,0.0,20
37,2011-12-30,1739.9549591970572,1.0,20
71,2011-12-02,494.633820501822,0.0,20
41,2011-12-02,1787.4034450181657,0.0,20
98,2011-12-02,7392.719422294213,0.0,20
9,2011-12-02,25581.46032496858,0.0,20
41,2011-12-23,11269.182436593504,0.0,20
20,2011-12-30,4069.199969180089,1.0,20
10,2011-12-09,24202.41413992752,0.0,20
6,2011-12-09,249.40920855861,0.0,20
29,2011-12-02,16686.620302889605,0.0,20
10,2011-12-16,42979.0148586506,0.0,20
90,2011-12-09,79210.16408514223,0.0,20
98,2011-12-16,14698.667494636677,0.0,20
20,2011-12-09,8335.70522423531,0.0,20
14,2011-12-02,1146.7890486917636,0.0,20
72,2011-12-09,8118.270085753836,0.0,20
30,2011-12-23,2013.9667877740096,0.0,20
36,2011-12-02,1802.5282382344196,0.0,20
72,2011-12-30,81669.77902705989,1.0,20
50,2011-12-23,1545.1760037544532,0.0,20
72,2011-12-02,58326.149184135655,0.0,20
83,2011-12-09,4629.709630236927,0.0,20
28,2011-12-09,2563.705204517465,0.0,20
98,2011-12-23,21947.69082388713,0.0,20
46,2011-12-16,41671.59800616342,0.0,20
10,2011-12-09,29463.322006387007,0.0,20
45,2011-12-02,5714.678609615136,0.0,20
80,2011-12-23,51204.74884190668,0.0,20
74,2011-12-09,6895.145191828655,0.0,20
42,2011-12-16,10374.417591411016,0.0,20
60,2011-12-16,798.862755278071,0.0,20
34,2011-12-23,23328.26465590472,0.0,20
32,2011-12-09,14152.605624922418,0.0,20
83,2011-12-30,1300.1716815901225,1.0,20
38,2011-12-02,70775.75285595699,0.0,20
6,2011-12-30,4755.299226006323,1.0,20
44,2011-12-16,58.55495083518901,0.0,20
36,2011-12-16,3988.730117540136,0.0,20
40,2011-12-02,25530.58807365824,0.0,20
58,2011-12-09,2801.5800985154865,0.0,20
22,2011-12-30,22739.643087218665,1.0,20
45,2011-12-23,25573.444441554035,0.0,20
33,2011-12-16,11363.003595567032,0.0,20
46,2011-12-09,3729.864204873394,0.0,20
92,2011-12-16,120024.34831876778,0.0,20
80,2011-12-09,16289.805757614353,0.0,20
91,2011-12-23,52890.92482696872,0.0,20
72,2011-12-02,56523.05336561239,0.0,20
46,2011-12-23,58502.33530447315,0.0,20
46,2011-12-30,24529.44525535604,1.0,20
11,2011-12-30,1034.2524478916096,1.0,20
94,2011-12-02,343.5550089820275,0.0,20
60,2011-12-30,323.65774265893856,1.0,20
82,2011-12-09,6487.163776411391,0.0,20
27,2011-12-16,6622.054107301766,0.0,20
92,2011-12-23,89993.33574412583,0.0,20
52,2011-12-02,24145.805523706025,0.0,20
33,2011-12-02,3337.177670974589,0.0,20
54,2011-12-02,26.23886818633256,0.0,20
27,2011-12-09,2542.2736892170333,0.0,21
71,2011-12-30,61193.90191083212,1.0,21
31,2011-12-16,6050.748383698542,0.0,21
32,2011-12-23,17996.026306698866,0.0,21
98,2011-12-16,707.1980592048959,0.0,21
28,2011-12-09,1148.356190833171,0.0,21
12,2011-12-30,2627.8081843572386,1.0,21
23,2011-12-16,19400.929547621905,0.0,21
56,2011-12-09,28228.237334097357,0.0,21
40,2011-12-09,55530.90000544921,0.0,21
1,2011-12-23,47399.88401974874,0.0,21
16,2011-12-02,18519.21800638501,0.0,21
7,2011-12-16,13050.05251790034,0.0,21
14,2011-12-30,904.7019382050272,1.0,21
55,2011-12-16,1581.372690861584,0.0,21
35,2011-12-02,1278.081144716625,0.0,21
91,2011-12-16,10563.57597685717,0.0,21
12,2011-12-23,2680.9131983573056,0.0,21
46,2011-12-23,16190.643653830732,0.0,21
31,2011-12-09,6326.828810243444,0.0,21
32,2011-12-02,9959.617760923991,0.0,21
30,2011-12-02,5097.458557293047,0.0,21
16,2011-12-16,21677.5020840039,0.0,21
34,2011-12-30,13512.106448936862,1.0,21
32,2011-12-09,6259.750364999633,0.0,21
28,2011-12-16,1324.0274936354156,0.0,21
80,2011-12-09,27704.3904224982,0.0,21
3,2011-12-02,3208.606726510936,0.0,21
82,2011-12-02,9724.95143753589,0.0,21
7,2011-12-30,38687.328159459816,1.0,21
80,2011-12-23,1653.9860172288595,0.0,21
13,2011-12-09,5337.893391525137,0.0,21
55,2011-12-16,27736.49379686211,0.0,21
94,2011-12-30,3422.2367056991984,1.0,21
46,2011-12-23,40995.004757769886,0.0,21
97,2011-12-02,5161.890578727839,0.0,21
41,2011-12-02,1330.7330052006212,0.0,21
4,2011-12-09,36911.48248659215,0.0,21
90,2011-12-09,43536.5275430333,0.0,21
18,2011-12-16,666.4638351186384,0.0,21
41,2011-12-30,1972.5272645154107,1.0,21
26,2011-12-16,10875.38239441132,0.0,21
78,2011-12-30,11987.997750439972,1.0,21
85,2011-12-09,4892.845522909248,0.0,21
67,2011-12-16,9390.865192607856,0.0,21
8,2011-12-02,25703.70475201766,0.0,21
19,2011-12-02,1622.2725776197851,0.0,21
23,2011-12-30,21541.638567544414,1.0,21
94,2011-12-02,811.3572309721824,0.0,21
10,2011-12-16,8454.511402676904,0.0,21
50,2011-12-09,1566.584511130705,0.0,21
93,2011-12-23,2281.306556351971,0.0,21
8,2011-12-30,19914.98676197068,1.0,21
3,2011-12-02,5703.767663708951,0.0,21
11,2011-12-09,1185.5126556631317,0.0,21
82,2011-12-30,5665.353207606573,1.0,21
54,2011-12-16,2284.26550245387,0.0,21
1,2011-12-23,37432.3601448557,0.0,21
25,2011-12-02,12114.372049150325,0.0,21
12,2011-12-16,4508.19871638449,0.0,21
3,2011-12-30,6334.658044548673,1.0,21
14,2011-12-16,56548.736453417805,0.0,21
3,2011-12-09,2792.962508347878,0.0,21
46,2011-12-23,28465.13931866251,0.0,21
20,2011-12-09,9623.916197146014,0.0,21
96,2011-12-16,3825.448097469054,0.0,21
46,2011-12-16,16307.27555432064,0.0,21
8,2011-12-16,5383.712500582355,0.0,21
35,2011-12-23,4498.818821574417,0.0,21
13,2011-12-02,5706.61213726211,0.0,21
40,2011-12-16,55831.09577004142,0.0,21
19,2011-12-02,44.294899957801945,0.0,21
27,2011-12-02,1627.8692146580536,0.0,21
18,2011-12-09,45307.05076255415,0.0,21
92,2011-12-02,57899.283617281726,0.0,21
14,2011-12-30,33098.2321673105,1.0,21
31,2011-12-09,4342.50428990587,0.0,21
80,2011-12-30,10148.15822836251,1.0,21
6,2011-12-09,297.0409044911475,0.0,21
60,2011-12-16,8018.938132246442,0.0,21
58,2011-12-30,1911.4399907214984,1.0,21
16,2011-12-02,3769.786034993964,0.0,21
44,2011-12-02,11323.375028948996,0.0,21
19,2011-12-23,4127.642525420745,0.0,21
80,2011-12-30,16233.545526957854,1.0,21
26,2011-12-16,8208.944206896127,0.0,21
31,2011-12-16,10398.456411211724,0.0,21
13,2011-12-30,994.5302665276188,1.0,21
55,2011-12-02,13304.75863598618,0.0,21
67,2011-12-23,6971.299033443066,0.0,21
46,2011-12-23,45630.23048281898,0.0,21
54,2011-12-23,87171.60846266792,0.0,21
55,2011-12-02,24622.06766770286,0.0,21
30,2011-12-09,4701.384082107366,0.0,21
38,2011-12-16,75599.1520754519,0.0,21
3,2011-12-30,3873.866046807954,1.0,21
26,2011-12-02,18260.786347523645,0.0,21
27,2011-12-02,3890.1075153349634,0.0,21
24,2011-12-09,4301.717651566622,0.0,21
22,2011-12-16,10835.56574426348,0.0,21
2,2011-12-30,31054.236976921457,1.0,21
82,2011-12-16,14589.973968741657,0.0,21
32,2011-12-30,10335.031920779587,1.0,21
81,2011-12-23,41833.35761845681,0.0,21
26,2011-12-23,4300.702722164797,0.0,21
93,2011-12-09,799.143021278627,0.0,21
34,2011-12-23,22212.39985600941,0.0,21
31,2011-12-30,5384.785675888575,1.0,21
72,2011-12-30,2867.864601471486,1.0,21
46,2011-12-23,23066.50767781496,0.0,21
52,2011-12-02,31.57499338631632,0.0,21
5,2011-12-23,1129.129648232924,0.0,21
78,2011-12-16,27212.60479721313,0.0,21
74,2011-12-02,11816.11576835892,0.0,21
32,2011-12-30,9448.542256847477,1.0,21
10,2011-12-23,14145.169823486623,0.0,21
94,2011-12-09,2751.112777258811,0.0,21
29,2011-12-16,3739.477723304929,0.0,21
79,2011-12-30,4384.011538604005,1.0,21
17,2011-12-09,20069.753648104983,0.0,21
94,2011-12-30,30634.893968473225,1.0,21
80,2011-12-09,31408.05798989981,0.0,21
36,2011-12-02,1889.3029028316716,0.0,21
97,2011-12-02,708.8181921595689,0.0,21
33,2011-12-23,15857.514845793949,0.0,21
19,2011-12-09,3974.60161960561,0.0,21
22,2011-12-16,24114.593063709788,0.0,21
1,2011-12-16,37509.11364099159,0.0,21
20,2011-12-09,4193.101821653479,0.0,21
2,2011-12-30,44742.817002904165,1.0,21
9,2011-12-16,15330.099403776092,0.0,21
21,2011-12-30,1300.0578452088594,1.0,21
94,2011-12-09,3010.83767530032,0.0,21
30,2011-12-02,3176.39492661449,0.0,21
18,2011-12-02,192.32883962983072,0.0,21
42,2011-12-23,6841.756444571594,0.0,21
79,2011-12-02,275.3863985563358,0.0,21
50,2011-12-02,26868.816645103758,0.0,21
58,2011-12-09,4485.571678241486,0.0,21
83,2011-12-09,1634.451775576392,0.0,21
3,2011-12-23,21565.100985260608,0.0,21
23,2011-12-16,74426.86531586286,0.0,21
29,2011-12-23,9782.362550144226,0.0,21
71,2011-12-30,21328.225210782093,1.0,21
33,2011-12-09,9360.165483063212,0.0,21
83,2011-12-16,4576.313950377397,0.0,21
4,2011-12-16,24026.932808360256,0.0,21
59,2011-12-23,285.3811708388475,0.0,21
11,2011-12-23,2021.7406712669408,0.0,21
4,2011-12-23,12629.436084156148,0.0,21
6,2011-12-23,16168.253294703349,0.0,21
20,2011-12-16,5254.768316742478,0.0,21
4,2011-12-16,6689.184174279948,0.0,21
24,2011-12-23,3464.4120940014423,0.0,21
54,2011-12-09,26211.630875540435,0.0,21
34,2011-12-02,3929.122551170599,0.0,21
2,2011-12-02,75430.31885591903,0.0,21
4,2011-12-23,23174.726207830143,0.0,21
71,2011-12-16,2675.309943325362,0.0,21
4,2011-12-16,26655.56159220929,0.0,21
85,2011-12-30,1306.919787894058,1.0,21
92,2011-12-16,21356.359315662303,0.0,21
87,2011-12-23,20859.25849652458,0.0,21
17,2011-12-02,15285.65714289322,0.0,21
22,2011-12-30,22449.769701751644,1.0,21
36,2011-12-23,4917.59729591395,0.0,21
67,2011-12-23,20889.01121674481,0.0,21
29,2011-12-30,7287.401852089453,1.0,21
11,2011-12-16,16576.662500293944,0.0,21
60,2011-12-30,6941.816891454143,1.0,21
92,2011-12-16,34172.10157238769,0.0,21
90,2011-12-30,2807.095863663113,1.0,21
9,2011-12-02,15842.44672402663,0.0,21
54,2011-12-09,1361.1464773017526,0.0,21
67,2011-12-30,54076.13696780569,1.0,21
48,2011-12-16,-122.91528387282278,0.0,21
32,2011-12-23,17530.995161216706,0.0,21
9,2011-12-30,12500.116299111744,1.0,21
92,2011-12-16,16100.231829281938,0.0,21
12,2011-12-30,112.14806024706624,1.0,21
40,2011-12-16,65051.62874740992,0.0,21
50,2011-12-16,28659.388546933627,0.0,21
94,2011-12-30,26732.587292246077,1.0,21
33,2011-12-16,10705.691038891462,0.0,21
27,2011-12-09,11671.976193216473,0.0,21
26,2011-12-30,2803.4858228104054,1.0,21
46,2011-12-23,9017.849042850748,0.0,21
1,2011-12-30,7988.356741178029,1.0,21
74,2011-12-16,15461.687763419724,0.0,21
32,2011-12-23,51615.42581763018,0.0,21
42,2011-12-09,9570.847137092336,0.0,21
52,2011-12-09,25850.55418861547,0.0,21
49,2011-12-09,4113.686265250828,0.0,21
44,2011-12-09,5756.7654134318855,0.0,21
28,2011-12-30,435.5245767583157,1.0,21
92,2011-12-23,5884.941456583824,0.0,21
30,2011-12-02,1532.765123757309,0.0,21
55,2011-12-02,77.86275549188159,0.0,21
17,2011-12-16,11008.099485829716,0.0,21
59,2011-12-23,5286.71421838479,0.0,21
91,2011-12-02,16067.597352376974,0.0,21
29,2011-12-09,5129.661457657101,0.0,21
97,2011-12-16,9689.459785375237,0.0,21
19,2011-12-16,-4.976046984666876,0.0,21
14,2011-12-09,841.8823687125242,0.0,21
17,2011-12-02,13219.698990219083,0.0,21
92,2011-12-02,21419.249538241234,0.0,21
58,2011-12-16,6188.508081650952,0.0,21
46,2011-12-16,7236.707335608902,0.0,21
72,2011-12-16,56124.85980215288,0.0,21
41,2011-12-09,1335.8993409927218,0.0,21
2,2011-12-02,8308.690532289475,0.0,21
16,2011-12-09,2225.49533478814,0.0,21
34,2011-12-30,22187.15676497108,1.0,21
25,2011-12-02,17776.115986656714,0.0,21
12,2011-12-02,3537.490926444607,0.0,21
80,2011-12-02,26638.23088510192,0.0,21
2,2011-12-02,10803.504581724976,0.0,21
35,2011-12-09,1780.044714916766,0.0,21
87,2011-12-09,11963.762602453258,0.0,21
71,2011-12-02,64571.8436915798,0.0,21
94,2011-12-23,228.7555507872435,0.0,21
40,2011-12-30,294.8753799829061,1.0,21
13,2011-12-23,30500.18315957368,0.0,21
42,2011-12-30,4824.688415703788,1.0,21
7,2011-12-30,259.88679121004054,1.0,21
30,2011-12-02,6815.254699846336,0.0,21
26,2011-12-23,15276.38143523196,0.0,21
7,2011-12-09,95982.75529834564,0.0,21
71,2011-12-02,2416.1102060870803,0.0,21
80,2011-12-02,18818.70289384848,0.0,21
22,2011-12-30,12962.625736733988,1.0,21
3,2011-12-16,9486.240636018669,0.0,21
97,2011-12-16,3166.666454875045,0.0,21
13,2011-12-23,56752.185620163735,0.0,21
24,2011-12-09,9588.77607813297,0.0,21
29,2011-12-09,22204.08109560505,0.0,21
21,2011-12-30,1231.451702520705,1.0,21
35,2011-12-09,2965.7285381996503,0.0,21
67,2011-12-23,5738.340312902449,0.0,21
28,2011-12-16,2291.5197525561366,0.0,21
1,2011-12-23,49698.20492272716,0.0,21
52,2011-12-16,41553.76643830512,0.0,21
74,2011-12-02,1808.88714620118,0.0,21
28,2011-12-23,939.868146992403,0.0,21
67,2011-12-09,8551.816721966788,0.0,21
71,2011-12-16,112621.47889973532,0.0,21
8,2011-12-16,24808.727171476192,0.0,21
46,2011-12-16,10525.97998607415,0.0,21
83,2011-12-16,32268.128667720943,0.0,21
60,2011-12-09,688.9724700957389,0.0,21
42,2011-12-16,202.8932568431283,0.0,21
13,2011-12-23,7386.298941797955,0.0,21
59,2011-12-02,29.71466926208105,0.0,21
38,2011-12-09,73375.50661217772,0.0,21
6,2011-12-09,4081.7697037271982,0.0,21
12,2011-12-02,2513.700706698079,0.0,21
10,2011-12-23,15500.42042894686,0.0,21
91,2011-12-30,6417.779666877227,1.0,21
87,2011-12-16,16089.754740255556,0.0,21
12,2011-12-02,5171.4338188165375,0.0,21
35,2011-12-23,1725.2339524502804,0.0,21
36,2011-12-09,3475.729442719377,0.0,21
16,2011-12-16,2407.083080837779,0.0,21
94,2011-12-30,17844.73970723698,1.0,21
35,2011-12-09,2269.743326646268,0.0,21
38,2011-12-30,44410.344068932274,1.0,21
85,2011-12-30,7717.876986652781,1.0,21
10,2011-12-16,42942.91569444411,0.0,21
29,2011-12-02,8790.667527033598,0.0,21
4,2011-12-09,12660.63938161657,0.0,21
74,2011-12-30,13926.411523763436,1.0,21
6,2011-12-02,7320.445325720531,0.0,21
40,2011-12-09,18101.997897066747,0.0,21
92,2011-12-09,8878.39453538743,0.0,21
42,2011-12-16,4386.927204767457,0.0,21
54,2011-12-16,13735.447537544544,0.0,21
97,2011-12-30,25572.8615119356,1.0,21
94,2011-12-16,796.6486026294717,0.0,21
13,2011-12-16,5973.760395936159,0.0,21
71,2011-12-30,5317.478007206692,1.0,21
30,2011-12-16,6692.553541829717,0.0,21
22,2011-12-02,8507.82333708152,0.0,21
12,2011-12-23,7590.137678064671,0.0,21
48,2011-12-09,37.22223983253248,0.0,21
25,2011-12-09,18393.356292907098,0.0,21
24,2011-12-23,11896.257189681364,0.0,21
20,2011-12-16,4931.077971313112,0.0,21
20,2011-12-23,11675.895403080474,0.0,21
40,2011-12-16,1711.2441275942854,0.0,21
85,2011-12-16,7382.105150686374,0.0,21
98,2011-12-30,6823.6048465309605,1.0,21
54,2011-12-23,121.71296333061711,0.0,21
48,2011-12-16,15592.56412477962,0.0,21
25,2011-12-02,5186.398904473363,0.0,21
80,2011-12-23,1277.27589767109,0.0,21
3,2011-12-09,18265.5001101556,0.0,21
87,2011-12-30,724.8263152588797,1.0,21
42,2011-12-09,7584.939001112621,0.0,21
31,2011-12-02,1268.5124973393235,0.0,21
22,2011-12-02,8056.467224197246,0.0,21
96,2011-12-23,10559.678910701316,0.0,21
49,2011-12-16,12.377998612963893,0.0,21
34,2011-12-30,3935.2091635822976,1.0,21
25,2011-12-23,36326.98815278688,0.0,21
93,2011-12-23,793.9344804218264,0.0,21
52,2011-12-09,4937.653185270066,0.0,21
18,2011-12-02,55239.3352928868,0.0,21
37,2011-12-09,277.3409694613275,0.0,21
27,2011-12-02,3008.778606903069,0.0,21
33,2011-12-30,9468.609170028449,1.0,21
33,2011-12-02,10959.814399794295,0.0,21
31,2011-12-09,6951.701898071134,0.0,21
7,2011-12-09,2712.63317569966,0.0,21
25,2011-12-16,9271.105370740326,0.0,21
6,2011-12-02,556.1018089220838,0.0,21
19,2011-12-30,734.5180610878213,1.0,21
21,2011-12-16,4348.6080871062295,0.0,21
8,2011-12-23,31990.27603864813,0.0,21
45,2011-12-02,24247.55109611367,0.0,21
3,2011-12-16,6211.826273666857,0.0,21
28,2011-12-23,361.3661277783525,0.0,21
91,2011-12-30,51926.67862026294,1.0,21
94,2011-12-30,32001.77565832061,1.0,21
47,2011-12-16,8582.146494803626,0.0,21
1,2011-12-09,48842.18303365132,0.0,21
13,2011-12-02,21223.136763911752,0.0,21
83,2011-12-09,3926.101839363155,0.0,21
18,2011-12-30,8264.084274200452,1.0,21
93,2011-12-02,853.1503514284802,0.0,21
20,2011-12-09,8172.803203762104,0.0,21
52,2011-12-16,11.425764799053828,0.0,21
44,2011-12-16,5415.381097546938,0.0,21
41,2011-12-23,3515.096398730127,0.0,21
21,2011-12-09,11533.73771702385,0.0,21
3,2011-12-09,14438.782795834715,0.0,21
21,2011-12-30,1048.858561073156,1.0,21
12,2011-12-02,1955.836993622462,0.0,21
50,2011-12-23,1663.64466121152,0.0,21
35,2011-12-30,2749.270477238759,1.0,21
80,2011-12-02,31292.63078630896,0.0,21
97,2011-12-09,28990.50011915361,0.0,21
1,2011-12-23,38667.516606639125,0.0,21
13,2011-12-16,5448.8602436003375,0.0,21
94,2011-12-30,29248.152970476563,1.0,22
46,2011-12-02,109.05505134956296,0.0,22
18,2011-12-09,827.1122225741013,0.0,22
80,2011-12-09,85.19068222333064,0.0,22
98,2011-12-09,340.66704082349906,0.0,22
94,2011-12-09,46431.562854576325,0.0,22
11,2011-12-16,200.93779057948768,0.0,22
18,2011-12-23,7572.102803999786,0.0,22
90,2011-12-23,156243.63662395437,0.0,22
28,2011-12-09,333.0966252782786,0.0,22
55,2011-12-16,17862.336673285907,0.0,22
49,2011-12-09,247.94188682421503,0.0,22
85,2011-12-23,-2.615010235319609,0.0,22
24,2011-12-09,4.973137673996972,0.0,22
28,2011-12-30,121.22548833325504,1.0,22
16,2011-12-30,1282.9809377371091,1.0,22
94,2011-12-30,33963.40597910312,1.0,22
27,2011-12-16,5.44916216588462,0.0,22
95,2011-12-30,28413.98962600277,1.0,22
19,2011-12-16,1241.6155062730104,0.0,22
16,2011-12-02,3611.396996648875,0.0,22
87,2011-12-30,11461.066855187792,1.0,22
96,2011-12-09,14636.238429837278,0.0,22
92,2011-12-30,32621.049271542182,1.0,22
46,2011-12-30,41.15599813541322,1.0,22
21,2011-12-09,12002.157696448374,0.0,22
81,2011-12-16,14827.747303986982,0.0,22
25,2011-12-09,77.42530777322605,0.0,22
52,2011-12-02,24006.39950555292,0.0,22
87,2011-12-30,7350.279193490017,1.0,22
23,2011-12-23,54.061584753847725,0.0,22
95,2011-12-09,69426.69594626536,0.0,22
4,2011-12-16,61580.66315502041,0.0,22
93,2011-12-23,35014.33407754645,0.0,22
87,2011-12-30,18195.41090977317,1.0,22
74,2011-12-09,363.33575457449086,0.0,22
10,2011-12-16,17798.103311344614,0.0,22
67,2011-12-02,174.76083465433297,0.0,22
92,2011-12-30,20964.152860477752,1.0,22
25,2011-12-23,33849.30710880061,0.0,22
98,2011-12-23,16797.27442431186,0.0,22
92,2011-12-30,28862.25670184888,1.0,22
20,2011-12-23,35.90163393235954,0.0,22
20,2011-12-09,26.316317324468628,0.0,22
26,2011-12-16,46.85855143324501,0.0,22
97,2011-12-23,11817.24319317146,0.0,22
31,2011-12-30,4537.275612556001,1.0,22
56,2011-12-30,1031.043097389849,1.0,22
25,2011-12-30,8099.229651048662,1.0,22
16,2011-12-16,871.9049241039123,0.0,22
93,2011-12-23,30520.99169096724,0.0,22
94,2011-12-16,144.51513934729508,0.0,22
33,2011-12-02,7176.1553144337695,0.0,22
28,2011-12-23,398.0641381324023,0.0,22
24,2011-12-09,14.755512495888762,0.0,22
5,2011-12-30,984.0386960760072,1.0,22
13,2011-12-30,3927.4246285931786,1.0,22
16,2011-12-16,1271.2011440471445,0.0,22
94,2011-12-30,21.81337741595497,1.0,22
94,2011-12-02,31361.901190586577,0.0,22
93,2011-12-30,804.7408227336691,1.0,22
54,2011-12-23,65.48718715134727,0.0,22
94,2011-12-02,83.28171503265185,0.0,22
19,2011-12-23,3.28677799570061,0.0,22
52,2011-12-02,5287.296388512459,0.0,22
14,2011-12-02,799.3966152241481,0.0,22
12,2011-12-16,2642.997220977816,0.0,22
72,2011-12-09,295.74133740636427,0.0,22
71,2011-12-23,1543.5494604872622,0.0,22
23,2011-12-02,14.347587821198829,0.0,22
9,2011-12-02,12288.538388006184,0.0,22
31,2011-12-09,12.594633776532492,0.0,22
80,2011-12-16,11665.195045891542,0.0,22
56,2011-12-30,34.02449324965745,1.0,22
44,2011-12-23,25.29740224943455,0.0,22
2,2011-12-02,9540.179466623533,0.0,22
60,2011-12-02,158.97448668939973,0.0,22
32,2011-12-09,7.9906481163058976,0.0,22
97,2011-12-02,13503.491381113598,0.0,22
91,2011-12-23,60529.28027610005,0.0,22
93,2011-12-23,28342.38355297602,0.0,22
28,2011-12-30,645.9853742384936,1.0,22
87,2011-12-16,8581.43453024418,0.0,22
10,2011-12-09,801.6869158138505,0.0,22
52,2011-12-30,722.630565711822,1.0,22
74,2011-12-09,315.46997726962513,0.0,22
41,2011-12-02,1289.6716371936936,0.0,22
52,2011-12-16,825.8566091143492,0.0,22
92,2011-12-09,36236.985746277394,0.0,22
3,2011-12-16,235.87564771053275,0.0,22
85,2011-12-23,7324.752665049175,0.0,22
82,2011-12-09,10330.32063694903,0.0,22
90,2011-12-16,36406.58238534391,0.0,22
80,2011-12-23,7630.730582780278,0.0,22
91,2011-12-30,30592.795642277488,1.0,22
77,2011-12-23,4380.024904528967,0.0,22
24,2011-12-30,7316.587982505453,1.0,22
27,2011-12-02,777.8940574998454,0.0,22
17,2011-12-16,19388.619735068314,0.0,22
98,2011-12-09,16.753164207753443,0.0,22
26,2011-12-02,5.077299006614798,0.0,22
74,2011-12-02,522.9477940482283,0.0,22
38,2011-12-02,46446.33533449786,0.0,22
87,2011-12-23,281.47835678713034,0.0,22
72,2011-12-02,80.39900217241556,0.0,22
97,2011-12-16,7012.367809833294,0.0,22
42,2011-12-02,63.10894602910072,0.0,22
54,2011-12-02,54.821447639772735,0.0,22
28,2011-12-02,83.36923949545793,0.0,22
56,2011-12-30,2.389638954067851,1.0,22
1,2011-12-30,2370.238862762862,1.0,22
14,2011-12-30,46762.50448954855,1.0,22
14,2011-12-30,24026.26464165408,1.0,22
24,2011-12-02,45.19808026959672,0.0,22
93,2011-12-30,29300.95201979065,1.0,22
8,2011-12-16,9444.525472550398,0.0,22
19,2011-12-23,62.9591370468356,0.0,22
1,2011-12-02,12029.543234318791,0.0,22
28,2011-12-02,284.15911747777903,0.0,22
52,2011-12-02,273.220831133416,0.0,22
79,2011-12-16,747.083467045775,0.0,22
56,2011-12-02,15277.853458968368,0.0,22
67,2011-12-23,1718.9265590651105,0.0,22
33,2011-12-16,10899.975309431353,0.0,22
17,2011-12-30,22273.712080287754,1.0,22
90,2011-12-23,35899.12651980439,0.0,22
90,2011-12-30,21341.58242044192,1.0,22
60,2011-12-16,99.79686520043524,0.0,22
90,2011-12-23,23816.379768198665,0.0,22
17,2011-12-09,110.02907021691938,0.0,22
46,2011-12-09,18854.20434163987,0.0,22
37,2011-12-16,2129.074177331919,0.0,22
16,2011-12-16,143.73606792106114,0.0,22
21,2011-12-16,969.7073807173238,0.0,22
9,2011-12-02,20097.99452701293,0.0,22
24,2011-12-02,73.26975662726659,0.0,22
5,2011-12-16,6940.675263434577,0.0,22
82,2011-12-09,507.1356260408778,0.0,22
95,2011-12-23,68848.21911312964,0.0,22
98,2011-12-09,17275.853389145508,0.0,22
87,2011-12-30,237.68488095219612,1.0,22
23,2011-12-02,24.75839470165104,0.0,22
96,2011-12-02,14980.73243859444,0.0,22
80,2011-12-30,11556.58152737446,1.0,22
85,2011-12-02,830.4953772918462,0.0,22
17,2011-12-16,10322.987428215643,0.0,22
80,2011-12-16,7827.535486782247,0.0,22
54,2011-12-30,56.13357476272759,1.0,22
81,2011-12-16,18722.50180921898,0.0,22
97,2011-12-16,16983.706283497842,0.0,22
99,2011-12-30,441.5532197736254,1.0,22
6,2011-12-09,1799.120427982759,0.0,22
17,2011-12-23,32058.370290252413,0.0,22
23,2011-12-30,6560.469604675179,1.0,22
1,2011-12-23,15218.285723153867,0.0,22
9,2011-12-30,60.98891813238416,1.0,22
16,2011-12-16,5826.731597678147,0.0,22
28,2011-12-02,163.39623123684254,0.0,22
10,2011-12-02,298.5482548295212,0.0,22
32,2011-12-02,26.8083355892718,0.0,22
94,2011-12-09,39714.2671762917,0.0,22
18,2011-12-23,15177.59010236127,0.0,22
80,2011-12-09,23468.630019608583,0.0,22
16,2011-12-30,1190.3657401198047,1.0,22
20,2011-12-23,42.15366955230716,0.0,22
91,2011-12-30,35403.32107213333,1.0,22
58,2011-12-09,1053.3163978414302,0.0,22
13,2011-12-23,22283.674543687404,0.0,22
32,2011-12-02,14739.945956780224,0.0,22
93,2011-12-30,23148.134715431952,1.0,22
14,2011-12-23,412.9234836993372,0.0,22
51,2011-12-16,134.26741309906254,0.0,22
46,2011-12-23,39.25129833217059,0.0,22
52,2011-12-30,14.81733994338382,1.0,22
1,2011-12-02,6862.88776692426,0.0,22
67,2011-12-09,500.4836852872787,0.0,22
23,2011-12-30,1.7022970825988477,1.0,22
77,2011-12-16,4802.216124976286,0.0,22
94,2011-12-02,84.78875377921932,0.0,22
59,2011-12-23,355.5099674519593,0.0,22
56,2011-12-02,9595.208767274073,0.0,22
10,2011-12-30,302.0695971592818,1.0,22
27,2011-12-23,9.174066563835154,0.0,22
74,2011-12-30,71.64256397411201,1.0,22
83,2011-12-02,383.353580702739,0.0,22
74,2011-12-16,1025.156933693376,0.0,22
3,2011-12-16,14402.597198912556,0.0,22
71,2011-12-30,6413.321845028851,1.0,22
14,2011-12-09,21443.549702461158,0.0,22
22,2011-12-23,197.08202069865987,0.0,22
30,2011-12-02,9599.97675615044,0.0,22
28,2011-12-23,1510.2589297959946,0.0,22
98,2011-12-02,6803.4489656673495,0.0,22
80,2011-12-16,1214.7207100727858,0.0,22
20,2011-12-09,900.4105334349706,0.0,22
16,2011-12-23,26424.194841595785,0.0,22
60,2011-12-30,98.73381116570437,1.0,22
45,2011-12-02,12.060227877761896,0.0,22
96,2011-12-23,57381.788738365045,0.0,22
28,2011-12-30,54.20904863487038,1.0,22
10,2011-12-02,16956.53404938533,0.0,22
74,2011-12-30,2174.760331867879,1.0,22
85,2011-12-30,3122.8802556830165,1.0,22
1,2011-12-02,9552.723606482075,0.0,22
67,2011-12-09,1815.6704189777345,0.0,22
98,2011-12-02,9232.86110565078,0.0,22
59,2011-12-23,11449.353672968038,0.0,22
83,2011-12-02,419.6471058915099,0.0,22
35,2011-12-02,333.3102455017161,0.0,22
60,2011-12-16,257.815206040341,0.0,22
85,2011-12-23,580.6466985347088,0.0,22
87,2011-12-02,19569.68314020464,0.0,22
24,2011-12-23,19.964084654021047,0.0,22
31,2011-12-23,25.90808678039444,0.0,22
94,2011-12-02,31667.617560374598,0.0,22
87,2011-12-16,662.5731829547251,0.0,22
1,2011-12-30,2294.7761436287637,1.0,22
27,2011-12-23,1193.462641896126,0.0,22
6,2011-12-02,19.194951888356428,0.0,22
74,2011-12-09,549.1669749606291,0.0,22
13,2011-12-23,3353.47577005219,0.0,22
54,2011-12-16,66.48858495582526,0.0,22
50,2011-12-09,4.567830454547183,0.0,22
46,2011-12-09,26011.19789342478,0.0,22
12,2011-12-09,74.2553066258988,0.0,22
31,2011-12-16,2666.2581342320923,0.0,22
91,2011-12-02,72672.99904938335,0.0,22
23,2011-12-23,10.51154843334542,0.0,22
93,2011-12-23,29666.125733411547,0.0,22
79,2011-12-09,7964.086963913998,0.0,22
16,2011-12-02,3322.0597733938966,0.0,22
95,2011-12-02,16060.966899631352,0.0,22
98,2011-12-16,6060.004577558046,0.0,22
55,2011-12-09,1349.1667261535165,0.0,22
90,2011-12-30,31817.48413123952,1.0,22
16,2011-12-16,905.2861005955052,0.0,22
83,2011-12-09,5974.792671313004,0.0,22
7,2011-12-09,128.9490558591132,0.0,22
13,2011-12-16,20965.270329100786,0.0,22
59,2011-12-02,1637.3970691366665,0.0,22
14,2011-12-16,272.0490652292008,0.0,22
28,2011-12-09,47.90578480026728,0.0,22
32,2011-12-09,28.55294867108113,0.0,22
52,2011-12-09,27.224590648769816,0.0,22
79,2011-12-16,1030.1238018625922,0.0,22
95,2011-12-30,18192.40083981045,1.0,22
16,2011-12-09,583.4054448218452,0.0,22
95,2011-12-16,38255.55528444951,0.0,22
79,2011-12-02,8766.578286884223,0.0,22
81,2011-12-30,738.9257040365608,1.0,22
7,2011-12-09,2734.087516374279,0.0,22
10,2011-12-23,21175.24913013803,0.0,22
22,2011-12-16,15.459160620326964,0.0,22
45,2011-12-09,21.639094404722428,0.0,22
55,2011-12-30,27.94984894378952,1.0,22
16,2011-12-16,13311.020776137131,0.0,22
2,2011-12-02,62253.66190963641,0.0,22
60,2011-12-09,79.76021522057009,0.0,22
92,2011-12-09,33875.82614961972,0.0,22
97,2011-12-02,11848.411468023956,0.0,22
72,2011-12-23,311.87398263406203,0.0,22
22,2011-12-23,134.66110842504764,0.0,22
44,2011-12-23,10.505085563560051,0.0,22
17,2011-12-02,706.7045843354972,0.0,22
24,2011-12-30,16649.252067328565,1.0,23
56,2011-12-23,66505.73036074993,0.0,23
97,2011-12-09,3093.427961810685,0.0,23
38,2011-12-16,52996.94255922212,0.0,23
54,2011-12-02,36.95337490542868,0.0,23
79,2011-12-09,2084.212651441932,0.0,23
41,2011-12-23,26858.747396381183,0.0,23
6,2011-12-09,5149.849152263567,0.0,23
33,2011-12-16,3158.755776108489,0.0,23
4,2011-12-09,32702.18661869638,0.0,23
24,2011-12-09,11416.607066740213,0.0,23
55,2011-12-09,1573.3472695819546,0.0,23
13,2011-12-30,27902.99176236831,1.0,23
27,2011-12-16,8151.272063769106,0.0,23
31,2011-12-30,1544.9294497606627,1.0,23
51,2011-12-30,32080.48293762211,1.0,23
16,2011-12-16,1484.888633819413,0.0,23
32,2011-12-16,8469.196302210692,0.0,23
16,2011-12-23,8090.510742601902,0.0,23
33,2011-12-02,15299.870154031823,0.0,23
94,2011-12-09,17426.255780970943,0.0,23
60,2011-12-16,21735.13565996704,0.0,23
20,2011-12-09,4246.806949140187,0.0,23
96,2011-12-02,7031.978032617511,0.0,23
31,2011-12-23,4035.7872964905073,0.0,23
26,2011-12-23,5783.186061184165,0.0,23
58,2011-12-02,4457.872346215517,0.0,23
60,2011-12-30,330.6167364027111,1.0,23
42,2011-12-23,2923.0834948338284,0.0,23
52,2011-12-23,55.45988517047573,0.0,23
17,2011-12-02,2665.0092681766887,0.0,23
35,2011-12-23,3094.8296943663986,0.0,23
36,2011-12-30,988.3342522561364,1.0,23
32,2011-12-09,5273.399626963448,0.0,23
81,2011-12-30,18228.28815949611,1.0,23
13,2011-12-09,13033.56327009604,0.0,23
4,2011-12-23,64319.73585594369,0.0,23
16,2011-12-23,588.3291102640246,0.0,23
80,2011-12-09,24623.1340126152,0.0,23
18,2011-12-30,35152.91176727962,1.0,23
25,2011-12-02,7547.635937503568,0.0,23
5,2011-12-16,1902.2722941935965,0.0,23
72,2011-12-09,15997.972237649084,0.0,23
1,2011-12-02,14671.013051764816,0.0,23
98,2011-12-02,383.12123074688776,0.0,23
83,2011-12-23,0.6040964727896636,0.0,23
34,2011-12-02,5855.260131624695,0.0,23
24,2011-12-09,7547.7797734588,0.0,23
56,2011-12-09,830.9961078241543,0.0,23
79,2011-12-30,10173.250455853911,1.0,23
34,2011-12-16,5866.437429542415,0.0,23
40,2011-12-09,2212.5118461568586,0.0,23
90,2011-12-16,7307.947888259341,0.0,23
13,2011-12-16,2023.225316398028,0.0,23
8,2011-12-23,37652.96714298023,0.0,23
97,2011-12-23,6675.711519604705,0.0,23
52,2011-12-02,2916.113499576406,0.0,23
93,2011-12-02,34079.672980015086,0.0,23
41,2011-12-09,869.5664296159949,0.0,23
19,2011-12-16,4528.564533213298,0.0,23
20,2011-12-16,7207.301845515171,0.0,23
6,2011-12-23,625.7116309755679,0.0,23
67,2011-12-30,12350.118431834671,1.0,23
31,2011-12-02,1574.5147392295023,0.0,23
27,2011-12-02,2623.6741197957776,0.0,23
27,2011-12-09,2735.78982174622,0.0,23
85,2011-12-16,4528.890371553954,0.0,23
85,2011-12-16,1434.9792929931275,0.0,23
29,2011-12-16,35873.20884239662,0.0,23
49,2011-12-02,18563.761790310826,0.0,23
83,2011-12-16,14038.256870838206,0.0,23
30,2011-12-23,3640.2751500536033,0.0,23
42,2011-12-16,265.2938612546534,0.0,23
21,2011-12-30,7745.150267765725,1.0,23
42,2011-12-02,5745.190889359124,0.0,23
9,2011-12-30,15364.617420060886,1.0,23
21,2011-12-02,958.1766864880308,0.0,23
60,2011-12-30,88.80525477256272,1.0,23
2,2011-12-02,8383.067359582967,0.0,23
5,2011-12-09,10026.913876576396,0.0,23
12,2011-12-02,4302.736095146245,0.0,23
85,2011-12-30,3388.8645039782864,1.0,23
79,2011-12-16,6493.451602013001,0.0,23
7,2011-12-30,14947.13576089796,1.0,23
87,2011-12-16,11972.572810610942,0.0,23
80,2011-12-23,8731.800693831843,0.0,23
83,2011-12-23,4173.26413652798,0.0,23
94,2011-12-30,30385.64169985537,1.0,23
12,2011-12-02,5782.017953514004,0.0,23
41,2011-12-09,1678.9726576822638,0.0,23
12,2011-12-16,2121.741901995238,0.0,23
94,2011-12-16,48155.00427533896,0.0,23
32,2011-12-30,12574.77584920538,1.0,23
21,2011-12-23,11463.916920303138,0.0,23
98,2011-12-23,220.7098499118231,0.0,23
27,2011-12-16,2992.516452388033,0.0,23
41,2011-12-16,1328.4450793466924,0.0,23
11,2011-12-09,15116.591041791531,0.0,23
42,2011-12-09,5726.72725670585,0.0,23
14,2011-12-09,3231.324450425792,0.0,23
33,2011-12-23,67892.74818094661,0.0,23
94,2011-12-02,19.477709166116224,0.0,23
24,2011-12-09,15560.73226477924,0.0,23
4,2011-12-30,9711.151112597658,1.0,23
5,2011-12-09,30851.84190907097,0.0,23
1,2011-12-16,27714.948000758875,0.0,23
20,2011-12-09,6222.032023327447,0.0,23
97,2011-12-30,6120.201824414686,1.0,23
80,2011-12-09,26055.512604195144,0.0,23
46,2011-12-02,24584.55796331183,0.0,23
19,2011-12-09,1425.359023580008,0.0,23
35,2011-12-02,2003.930166038532,0.0,23
83,2011-12-23,2032.6370331499595,0.0,23
93,2011-12-30,29551.449397910957,1.0,23
60,2011-12-23,15707.021780943069,0.0,23
21,2011-12-30,3278.821541182315,1.0,23
30,2011-12-09,2262.211226339392,0.0,23
34,2011-12-16,13930.568562826802,0.0,23
80,2011-12-02,43663.41344455116,0.0,23
21,2011-12-02,1134.8381513257798,0.0,23
36,2011-12-02,2241.451061094508,0.0,23
7,2011-12-30,52637.06268041812,1.0,23
80,2011-12-30,19111.424613601048,1.0,23
19,2011-12-23,3582.7422428474933,0.0,23
6,2011-12-09,6232.850973930315,0.0,23
54,2011-12-16,1771.3339964539896,0.0,23
1,2011-12-02,10632.133017844952,0.0,23
87,2011-12-16,9700.426410926022,0.0,23
32,2011-12-16,8903.9006163205,0.0,23
67,2011-12-09,4251.855015090644,0.0,23
24,2011-12-02,5830.099809345798,0.0,23
19,2011-12-02,907.6167717936396,0.0,23
14,2011-12-30,2019.7724225496,1.0,23
49,2011-12-02,37778.17838007231,0.0,23
21,2011-12-30,4109.329138472859,1.0,23
22,2011-12-09,7546.283383389367,0.0,23
46,2011-12-23,14062.68677861488,0.0,23
94,2011-12-23,206.69561742223647,0.0,23
13,2011-12-30,10240.617728941916,1.0,23
32,2011-12-30,4733.394486423783,1.0,23
46,2011-12-23,55032.77085807912,0.0,23
1,2011-12-30,22728.39822154024,1.0,23
32,2011-12-09,4718.782812634371,0.0,23
25,2011-12-23,18278.180162726167,0.0,23
5,2011-12-09,7990.638307145187,0.0,23
48,2011-12-23,4.638803908596739,0.0,23
21,2011-12-30,6586.491956130708,1.0,23
59,2011-12-02,406.1508395990452,0.0,23
2,2011-12-16,58122.23249995992,0.0,23
24,2011-12-09,7271.492011806193,0.0,23
19,2011-12-02,34.61373667533243,0.0,23
32,2011-12-30,10003.4685315146,1.0,23
52,2011-12-09,824.3282123619701,0.0,23
23,2011-12-16,45648.371648982335,0.0,23
72,2011-12-09,44594.671167497625,0.0,23
96,2011-12-02,1662.1727988863004,0.0,23
49,2011-12-02,49518.54230697202,0.0,23
96,2011-12-30,21262.271290578763,1.0,23
5,2011-12-23,67675.5521559987,0.0,23
4,2011-12-09,49509.05361374547,0.0,23
8,2011-12-02,34834.60096335221,0.0,23
27,2011-12-30,830.937565974141,1.0,23
4,2011-12-16,22607.3162962268,0.0,23
22,2011-12-30,80.47232932426385,1.0,23
34,2011-12-30,7248.25104306677,1.0,23
80,2011-12-02,75.7913138447992,0.0,23
54,2011-12-30,22.980324124812867,1.0,23
9,2011-12-16,17880.75884276,0.0,23
56,2011-12-30,164.2196886518854,1.0,23
10,2011-12-30,9806.025590574343,1.0,23
35,2011-12-09,3822.189440786732,0.0,23
7,2011-12-02,2874.876898972045,0.0,23
48,2011-12-16,29624.36887318676,0.0,23
95,2011-12-09,34942.09242791275,0.0,23
71,2011-12-16,62078.55021145578,0.0,23
11,2011-12-02,1583.4957645274271,0.0,23
98,2011-12-09,9196.830656985683,0.0,23
54,2011-12-09,1572.749116352215,0.0,23
2,2011-12-02,68630.08273581555,0.0,23
85,2011-12-02,6392.883641264773,0.0,23
91,2011-12-16,16441.649055586437,0.0,23
34,2011-12-09,16068.904043749097,0.0,23
49,2011-12-23,9703.363033168776,0.0,23
60,2011-12-16,265.5691473442489,0.0,23
42,2011-12-23,4158.571818973434,0.0,23
83,2011-12-09,1945.948716993753,0.0,23
71,2011-12-30,18042.402203193127,1.0,23
9,2011-12-23,26416.818669092456,0.0,23
49,2011-12-02,4109.693623226406,0.0,23
80,2011-12-09,10829.258393168013,0.0,23
13,2011-12-16,65049.476493816524,0.0,23
2,2011-12-02,12114.582383778145,0.0,23
81,2011-12-09,33772.79891041929,0.0,23
46,2011-12-30,9937.729669936123,1.0,23
55,2011-12-30,44.69350910154686,1.0,23
25,2011-12-30,7035.465239283758,1.0,23
81,2011-12-30,103.94301205873526,1.0,23
56,2011-12-16,51054.04332659167,0.0,23
59,2011-12-16,140.63969166206493,0.0,23
46,2011-12-09,14003.140633097057,0.0,23
7,2011-12-09,28274.237342250733,0.0,23
55,2011-12-16,25.291766834619366,0.0,23
81,2011-12-09,1643.535470266309,0.0,23
34,2011-12-16,18718.29274613651,0.0,23
23,2011-12-30,13737.147345179998,1.0,23
87,2011-12-23,13314.554000266988,0.0,23
27,2011-12-16,2309.8710530393896,0.0,23
54,2011-12-16,83.09334525366133,0.0,23
42,2011-12-23,7257.994833163283,0.0,23
91,2011-12-16,34255.274892707144,0.0,23
49,2011-12-02,256.3360548495198,0.0,23
78,2011-12-09,45641.361794186254,0.0,23
14,2011-12-23,885.1256019707406,0.0,23
41,2011-12-23,4024.5155371674414,0.0,23
42,2011-12-02,5189.708542829965,0.0,23
28,2011-12-02,382.1806095352792,0.0,23
28,2011-12-30,1128.7906212194323,1.0,23
97,2011-12-16,2567.998885512115,0.0,23
46,2011-12-02,4368.342015422282,0.0,23
24,2011-12-16,6002.918489365797,0.0,23
30,2011-12-23,3000.3556408610007,0.0,23
8,2011-12-30,5787.361168922574,1.0,23
93,2011-12-09,26527.99054064046,0.0,23
60,2011-12-23,493.1795007764373,0.0,23
11,2011-12-23,23053.650460613622,0.0,23
58,2011-12-02,634.3707922346464,0.0,23
46,2011-12-23,32003.96481398597,0.0,23
31,2011-12-02,6333.680162605171,0.0,23
12,2011-12-23,3536.037943960476,0.0,23
12,2011-12-09,157.34579380556886,0.0,23
13,2011-12-02,21443.61098001665,0.0,23
24,2011-12-30,8019.673279287369,1.0,23
14,2011-12-02,27625.86268352681,0.0,23
10,2011-12-09,19407.21868446929,0.0,23
13,2011-12-09,22364.59577066309,0.0,23
21,2011-12-23,20968.651358798164,0.0,23
55,2011-12-09,14.940625839992787,0.0,23
31,2011-12-09,1235.943866525082,0.0,23
13,2011-12-16,64248.737695351374,0.0,23
33,2011-12-16,9559.618749178637,0.0,23
13,2011-12-30,-352.67757403963265,1.0,23
58,2011-12-02,690.6328868121057,0.0,23
35,2011-12-23,3616.657188480531,0.0,23
11,2011-12-09,9519.339919379332,0.0,23
71,2011-12-02,657.2575447893682,0.0,23
21,2011-12-30,1322.3741482520115,1.0,23
11,2011-12-23,23598.213996916773,0.0,23
91,2011-12-30,10600.949360304268,1.0,23
14,2011-12-09,6080.484977761705,0.0,23
83,2011-12-30,3379.85325571346,1.0,23
25,2011-12-30,6371.544304811643,1.0,23
54,2011-12-16,67.87141375898379,0.0,23
17,2011-12-09,8527.38806081882,0.0,23
48,2011-12-16,7678.351127186767,0.0,23
82,2011-12-09,12951.466383642568,0.0,23
21,2011-12-30,4671.023617072267,1.0,23
22,2011-12-23,15381.396778291826,0.0,23
94,2011-12-30,21599.05136488056,1.0,23
11,2011-12-16,1351.6602013798638,0.0,23
33,2011-12-02,15967.424933375538,0.0,23
2,2011-12-09,56494.62015694806,0.0,23
21,2011-12-09,1429.485992237073,0.0,23
85,2011-12-02,259.6256061531919,0.0,23
98,2011-12-23,16222.92984876118,0.0,23
6,2011-12-30,10582.6701015872,1.0,23
81,2011-12-09,15890.1069697966,0.0,23
5,2011-12-16,4515.352826676788,0.0,23
87,2011-12-02,121.34994341163548,0.0,23
80,2011-12-09,16896.27620702332,0.0,23
54,2011-12-02,4256.54521818104,0.0,23
96,2011-12-30,4940.12736692137,1.0,23
10,2011-12-23,17075.08571602638,0.0,23
81,2011-12-02,6940.992588040758,0.0,23
46,2011-12-30,12809.177277099796,1.0,23
49,2011-12-02,1810.9050411334104,0.0,23
83,2011-12-02,3380.558690014543,0.0,23
21,2011-12-30,8537.531080921597,1.0,23
3,2011-12-02,1544.4787280666335,0.0,23
36,2011-12-02,2719.4934891584526,0.0,23
98,2011-12-30,5.084351314505401,1.0,23
80,2011-12-23,19478.246466251865,0.0,23
52,2011-12-09,98.04430342775376,0.0,23
28,2011-12-16,1187.71130979655,0.0,23
1,2011-12-16,14941.583892875657,0.0,23
26,2011-12-09,3545.867903609824,0.0,23
17,2011-12-09,10071.96527090606,0.0,23
24,2011-12-16,12008.658017914337,0.0,23
26,2011-12-02,3127.4703752383784,0.0,23
79,2011-12-23,34593.68715293901,0.0,23
12,2011-12-30,50.01134725364618,1.0,23
7,2011-12-02,4204.208673450065,0.0,23
28,2011-12-16,1163.3892625555172,0.0,23
7,2011-12-16,31470.59046233671,0.0,23
31,2011-12-09,2987.5546488131217,0.0,23
71,2011-12-23,1092.1986854231352,0.0,23
3,2011-12-09,1015.9577080332876,0.0,23
45,2011-12-09,14246.113425418122,0.0,23
22,2011-12-09,4190.168089675364,0.0,23
36,2011-12-30,1892.7884789486864,1.0,23
16,2011-12-23,5538.754504613193,0.0,23
60,2011-12-30,13346.494796592408,1.0,23
30,2011-12-02,2115.676743545269,0.0,23
6,2011-12-30,6330.844491571612,1.0,23
74,2011-12-16,7565.171636095905,0.0,23
25,2011-12-16,9345.805380568128,0.0,23
52,2011-12-09,2463.050287850476,0.0,23
14,2011-12-23,6592.878107653008,0.0,23
60,2011-12-16,685.6662988618982,0.0,23
13,2011-12-09,14381.712730606852,0.0,23
28,2011-12-09,818.0421636890269,0.0,23
21,2011-12-02,9571.30098149384,0.0,23
82,2011-12-30,22193.756436056523,1.0,23
6,2011-12-16,10708.083213058826,0.0,23
41,2011-12-23,3696.2272446177535,0.0,23
7,2011-12-09,64213.56020874114,0.0,23
21,2011-12-30,680.3651151795727,1.0,23
44,2011-12-16,6924.581525478837,0.0,23
21,2011-12-23,7525.3637783125405,0.0,23
83,2011-12-02,801.7112409041831,0.0,23
74,2011-12-30,2074.806581132339,1.0,23
90,2011-12-09,27394.501695105733,0.0,23
7,2011-12-16,2667.575311240282,0.0,23
82,2011-12-02,14896.203411079978,0.0,23
21,2011-12-02,8068.639072820865,0.0,23
85,2011-12-16,3057.810748575941,0.0,23
90,2011-12-30,69558.14246846229,1.0,24
5,2011-12-30,19.877121148515823,1.0,24
30,2011-12-09,2022.446142960931,0.0,24
80,2011-12-23,10901.9976686451,0.0,24
19,2011-12-09,892.1399996374237,0.0,24
67,2011-12-09,31453.43148387801,0.0,24
35,2011-12-23,4056.34868053572,0.0,24
90,2011-12-02,15677.904698064314,0.0,24
32,2011-12-09,19358.5596753666,0.0,24
4,2011-12-16,27605.70848146899,0.0,24
35,2011-12-16,3671.165956833348,0.0,24
55,2011-12-02,4294.360483678905,0.0,24
96,2011-12-23,23526.458191941907,0.0,24
67,2011-12-23,15741.204122722722,0.0,24
17,2011-12-16,1490.2925087029264,0.0,24
4,2011-12-30,12019.023941126705,1.0,24
2,2011-12-23,43986.08562785804,0.0,24
99,2011-12-16,1296.685212044982,0.0,24
31,2011-12-30,6521.548557433612,1.0,24
16,2011-12-02,15017.505314621474,0.0,24
31,2011-12-09,1659.5625304745697,0.0,24
4,2011-12-16,27431.388994739034,0.0,24
33,2011-12-30,5785.3203320488365,1.0,24
74,2011-12-09,3992.0004620573777,0.0,24
26,2011-12-23,13645.182277065753,0.0,24
56,2011-12-09,3883.354815514157,0.0,24
21,2011-12-16,12580.85239531798,0.0,24
33,2011-12-09,5740.111464098753,0.0,24
24,2011-12-30,2635.2457296547527,1.0,24
19,2011-12-23,3933.1323217084696,0.0,24
11,2011-12-30,18999.40279357013,1.0,24
1,2011-12-02,19508.38051827024,0.0,24
6,2011-12-30,5067.786240960277,1.0,24
56,2011-12-23,2736.511470294847,0.0,24
22,2011-12-02,17697.216007374143,0.0,24
67,2011-12-16,8679.663233863132,0.0,24
98,2011-12-02,9743.26079375745,0.0,24
82,2011-12-23,114612.43822253782,0.0,24
45,2011-12-23,10.166653132296291,0.0,24
67,2011-12-02,9084.039660238475,0.0,24
81,2011-12-02,22256.50817628541,0.0,24
14,2011-12-09,33580.00756098378,0.0,24
19,2011-12-16,1329.3086260713246,0.0,24
91,2011-12-02,36052.57880840539,0.0,24
31,2011-12-23,9493.30679559474,0.0,24
23,2011-12-30,34188.6032824526,1.0,24
8,2011-12-23,30124.639769302463,0.0,24
8,2011-12-16,16435.09745512035,0.0,24
72,2011-12-16,8380.41773829889,0.0,24
41,2011-12-02,1471.3221512552668,0.0,24
6,2011-12-23,13214.907981476745,0.0,24
9,2011-12-02,9832.336735566429,0.0,24
58,2011-12-16,2661.4953264004694,0.0,24
4,2011-12-30,19142.221977354187,1.0,24
92,2011-12-23,154345.13613295538,0.0,24
72,2011-12-02,4495.3362164772325,0.0,24
14,2011-12-09,25183.897245812783,0.0,24
45,2011-12-09,4702.532878182052,0.0,24
22,2011-12-23,16861.179165899885,0.0,24
55,2011-12-09,37386.83705703729,0.0,24
95,2011-12-23,135105.2893388195,0.0,24
23,2011-12-02,43178.980843655445,0.0,24
93,2011-12-23,63511.91935710242,0.0,24
97,2011-12-02,17257.049639945115,0.0,24
71,2011-12-16,2825.6852729130846,0.0,24
54,2011-12-02,73.40660985969613,0.0,24
92,2011-12-23,36875.65462278816,0.0,24
42,2011-12-16,7509.708833953478,0.0,24
38,2011-12-23,83053.53953722263,0.0,24
49,2011-12-30,28819.62284622268,1.0,24
3,2011-12-30,8306.88745640843,1.0,24
31,2011-12-23,4038.915770420884,0.0,24
33,2011-12-23,15422.733485474331,0.0,24
22,2011-12-09,12067.596316491148,0.0,24
3,2011-12-23,3681.2176848293534,0.0,24
2,2011-12-23,44143.41373573833,0.0,24
37,2011-12-09,2655.724601934895,0.0,24
30,2011-12-30,1178.5477764081252,1.0,24
60,2011-12-02,7174.385356765903,0.0,24
12,2011-12-09,64.59103146483822,0.0,24
24,2011-12-16,4576.653043147234,0.0,24
97,2011-12-16,30390.86984953537,0.0,24
26,2011-12-30,3032.6525448645684,1.0,24
80,2011-12-16,29396.20036189476,0.0,24
30,2011-12-09,2981.4006011070223,0.0,24
81,2011-12-09,34091.56264024843,0.0,24
49,2011-12-02,25.312356270885694,0.0,24
30,2011-12-16,2118.3623175086127,0.0,24
60,2011-12-23,158.39244553108787,0.0,24
11,2011-12-16,14169.182126308726,0.0,24
72,2011-12-02,68945.71866513949,0.0,24
67,2011-12-23,6284.034215467324,0.0,24
6,2011-12-09,11142.088621636023,0.0,24
58,2011-12-02,3434.341921871261,0.0,24
9,2011-12-16,13977.499926637696,0.0,24
94,2011-12-23,70930.40294706757,0.0,24
42,2011-12-02,2672.63047008174,0.0,24
80,2011-12-16,13083.270036790493,0.0,24
83,2011-12-16,9913.804510015138,0.0,24
42,2011-12-30,6202.543264108593,1.0,24
31,2011-12-30,3710.923808851892,1.0,24
35,2011-12-30,1345.5346205535875,1.0,24
93,2011-12-09,60061.3957503934,0.0,24
38,2011-12-30,43006.84086333979,1.0,24
90,2011-12-16,20067.932250952454,0.0,24
40,2011-12-30,26485.02235436974,1.0,24
85,2011-12-16,2561.3724546189237,0.0,24
22,2011-12-16,23743.71192056951,0.0,24
42,2011-12-23,9215.529047224514,0.0,24
50,2011-12-16,50657.18289010795,0.0,24
11,2011-12-30,10897.987286687929,1.0,24
95,2011-12-16,95089.57576290851,0.0,24
42,2011-12-30,8788.146973708439,1.0,24
18,2011-12-23,41564.146461494245,0.0,24
85,2011-12-09,7872.4135745694175,0.0,24
95,2011-12-16,68783.36181390623,0.0,24
24,2011-12-02,5657.053962853672,0.0,24
12,2011-12-16,3419.702855083856,0.0,24
19,2011-12-30,2279.4931336768027,1.0,24
16,2011-12-02,19353.307438471344,0.0,24
21,2011-12-30,1177.6744800295585,1.0,24
13,2011-12-23,33564.426225877185,0.0,24
67,2011-12-16,6111.65898127081,0.0,24
21,2011-12-23,12215.65535351787,0.0,24
16,2011-12-16,6019.437380265877,0.0,24
99,2011-12-30,302.29295566150995,1.0,24
19,2011-12-02,1306.8472640243488,0.0,24
43,2011-12-09,5189.085827951446,0.0,24
18,2011-12-09,48698.45089425013,0.0,24
97,2011-12-09,20263.77234332604,0.0,24
9,2011-12-16,11404.611306291808,0.0,24
35,2011-12-09,2092.7306310564195,0.0,24
37,2011-12-02,1897.356486497312,0.0,24
48,2011-12-30,1151.595736932241,1.0,24
45,2011-12-23,13.948888877357884,0.0,24
24,2011-12-30,3117.9527626902004,1.0,24
79,2011-12-02,10932.951908045514,0.0,24
11,2011-12-30,9473.245769850382,1.0,24
20,2011-12-09,7625.287296290078,0.0,24
25,2011-12-23,12431.588283809197,0.0,24
41,2011-12-09,3004.660595035401,0.0,24
59,2011-12-23,7617.450439386402,0.0,24
80,2011-12-09,18596.03367693395,0.0,24
21,2011-12-09,8927.425683597045,0.0,24
25,2011-12-30,10009.409897848238,1.0,24
90,2011-12-02,20889.237480663425,0.0,24
25,2011-12-09,18289.466789363305,0.0,24
13,2011-12-16,19198.765492099938,0.0,24
25,2011-12-02,14086.168413352414,0.0,24
60,2011-12-16,1006.8014611960846,0.0,24
71,2011-12-23,247.7946458636097,0.0,24
49,2011-12-30,37737.95570533859,1.0,24
13,2011-12-02,23794.24338280029,0.0,24
13,2011-12-16,15871.266643659172,0.0,24
31,2011-12-09,6261.477843528337,0.0,24
46,2011-12-16,12973.167975581402,0.0,24
25,2011-12-02,5162.640753428077,0.0,24
9,2011-12-02,14947.205152807728,0.0,24
42,2011-12-09,1508.2951832200808,0.0,24
20,2011-12-30,2724.588277153905,1.0,24
40,2011-12-30,57186.85500039964,1.0,24
30,2011-12-23,7716.304783644129,0.0,24
48,2011-12-09,1995.325510771936,0.0,24
30,2011-12-02,3509.198628802726,0.0,24
11,2011-12-02,26462.72483787261,0.0,24
78,2011-12-30,11671.725073799207,1.0,24
18,2011-12-02,26816.285791907158,0.0,24
33,2011-12-30,11220.35157887826,1.0,24
3,2011-12-16,3665.520786786224,0.0,24
55,2011-12-02,491.861890641508,0.0,24
13,2011-12-02,35511.63409359278,0.0,24
4,2011-12-16,30413.04415414866,0.0,24
72,2011-12-23,3611.25594987797,0.0,24
4,2011-12-09,14190.249168702734,0.0,24
21,2011-12-02,3593.5134198651685,0.0,24
36,2011-12-16,1815.7382769273504,0.0,24
35,2011-12-02,2112.251890140372,0.0,24
98,2011-12-23,10817.819159014747,0.0,24
90,2011-12-02,42272.40512131673,0.0,24
22,2011-12-16,10876.49232926382,0.0,24
98,2011-12-30,8592.911719337613,1.0,24
16,2011-12-09,3209.856572036478,0.0,24
40,2011-12-30,6489.579555345023,1.0,24
8,2011-12-23,66769.8372606696,0.0,24
87,2011-12-30,18969.21028227587,1.0,24
13,2011-12-16,16197.028092807372,0.0,24
38,2011-12-30,70203.14935386482,1.0,24
28,2011-12-23,2141.686097284618,0.0,24
5,2011-12-09,7095.148053218282,0.0,24
30,2011-12-23,5110.222240852152,0.0,24
4,2011-12-09,13687.024361480191,0.0,24
12,2011-12-23,3820.73545850444,0.0,24
34,2011-12-09,4420.192453109004,0.0,24
33,2011-12-09,15191.87950161947,0.0,24
11,2011-12-09,26569.039065349563,0.0,24
11,2011-12-02,19452.045656090835,0.0,24
92,2011-12-30,75892.149805202,1.0,24
20,2011-12-02,12215.66652034816,0.0,24
72,2011-12-09,61808.31481129279,0.0,24
1,2011-12-30,15946.606500946897,1.0,24
22,2011-12-09,26776.582224242266,0.0,24
94,2011-12-02,32977.60687565086,0.0,24
77,2011-12-30,7447.438328231217,1.0,24
16,2011-12-23,3572.2227803045507,0.0,24
95,2011-12-02,69716.81184089485,0.0,24
14,2011-12-02,24113.436513750137,0.0,24
79,2011-12-23,12784.199033281271,0.0,24
30,2011-12-02,3773.9508763143326,0.0,24
91,2011-12-23,85251.44992884582,0.0,24
37,2011-12-02,2730.082875543106,0.0,24
24,2011-12-09,11780.582384000909,0.0,24
99,2011-12-09,1371.5610443792968,0.0,24
18,2011-12-16,1559.4368339380308,0.0,24
27,2011-12-30,978.2022046195974,1.0,24
83,2011-12-30,2697.7193873283504,1.0,24
24,2011-12-02,10853.550634840174,0.0,24
31,2011-12-30,1900.4865775597516,1.0,24
3,2011-12-16,14241.029774042538,0.0,24
42,2011-12-16,11751.502579355863,0.0,24
18,2011-12-02,64374.5897302984,0.0,24
32,2011-12-16,11208.089282668134,0.0,24
19,2011-12-16,4086.9960340757552,0.0,24
99,2011-12-16,1661.0236116791202,0.0,24
60,2011-12-16,13609.563296369186,0.0,24
8,2011-12-30,6973.359288294326,1.0,24
23,2011-12-16,52469.8810672867,0.0,24
78,2011-12-16,27104.76011118612,0.0,24
55,2011-12-02,3854.1836375814582,0.0,24
54,2011-12-09,51.4145813083659,0.0,24
67,2011-12-30,58.07522815057381,1.0,24
2,2011-12-09,38656.39069993778,0.0,24
22,2011-12-23,29548.42201292859,0.0,24
10,2011-12-02,25039.380925152887,0.0,24
38,2011-12-23,42505.30827863614,0.0,24
98,2011-12-30,21.59844852518538,1.0,24
12,2011-12-09,2860.657458636702,0.0,24
42,2011-12-09,6825.039452786293,0.0,24
22,2011-12-09,15747.862212395545,0.0,24
16,2011-12-30,33299.857795194905,1.0,24
26,2011-12-23,25027.98996646444,0.0,24
33,2011-12-30,6979.359071317927,1.0,24
41,2011-12-23,4128.138829937891,0.0,24
29,2011-12-16,2018.442726462988,0.0,24
55,2011-12-23,3062.160840705573,0.0,24
56,2011-12-09,49650.210873486205,0.0,24
20,2011-12-30,2389.4984278311285,1.0,24
55,2011-12-02,3096.234484490207,0.0,24
17,2011-12-16,10920.776612173384,0.0,24
42,2011-12-23,4192.882500748108,0.0,24
87,2011-12-23,18288.254042685097,0.0,24
22,2011-12-02,18160.966415430656,0.0,24
5,2011-12-23,5555.326122166022,0.0,24
46,2011-12-02,1650.3185987232573,0.0,24
35,2011-12-09,2318.020378939288,0.0,24
26,2011-12-23,15671.087376293266,0.0,24
33,2011-12-23,28617.58349157843,0.0,24
56,2011-12-30,47.977900989940814,1.0,24
41,2011-12-23,5872.922394893731,0.0,24
55,2011-12-23,72.12982600091946,0.0,24
7,2011-12-16,150561.0754985745,0.0,24
46,2011-12-23,45989.0734628228,0.0,24
59,2011-12-16,2596.0032300238886,0.0,24
1,2011-12-30,9371.03216336634,1.0,24
6,2011-12-02,4184.7702654709765,0.0,24
33,2011-12-30,39431.07443095408,1.0,24
36,2011-12-02,4523.621982585068,0.0,24
33,2011-12-09,13684.095101425764,0.0,24
9,2011-12-09,9744.001781805888,0.0,24
87,2011-12-16,14653.378295136952,0.0,24
80,2011-12-16,26813.235330207423,0.0,24
22,2011-12-16,33180.31042963667,0.0,24
90,2011-12-09,53602.38232050986,0.0,24
4,2011-12-02,40225.59559999812,0.0,24
59,2011-12-30,1624.501511112419,1.0,24
2,2011-12-23,65697.93509114107,0.0,24
52,2011-12-23,56620.72659342297,0.0,24
90,2011-12-02,46588.38586219262,0.0,24
35,2011-12-09,3630.156907410954,0.0,24
58,2011-12-09,5628.849927686427,0.0,24
80,2011-12-02,16534.19469537454,0.0,24
52,2011-12-30,23251.231420145785,1.0,24
40,2011-12-30,28429.99474594238,1.0,24
38,2011-12-02,45931.128662011855,0.0,24
3,2011-12-30,5544.940272428528,1.0,24
34,2011-12-16,2487.323853723653,0.0,24
11,2011-12-30,12128.347934404852,1.0,24
26,2011-12-02,2099.057903965498,0.0,24
56,2011-12-30,191.26290689489463,1.0,24
13,2011-12-02,29550.89275599196,0.0,24
18,2011-12-16,8063.960819776216,0.0,24
22,2011-12-09,19423.965720429605,0.0,24
28,2011-12-09,2001.8894438841244,0.0,24
31,2011-12-30,2147.0743368083213,1.0,24
6,2011-12-02,8912.362848230294,0.0,24
17,2011-12-02,22900.31986834791,0.0,24
23,2011-12-30,27340.711524536426,1.0,24
92,2011-12-23,170854.51341058663,0.0,24
52,2011-12-30,39.67530108711698,1.0,24
26,2011-12-30,4308.384124347809,1.0,24
80,2011-12-02,25036.8954924995,0.0,24
67,2011-12-09,1156.737839501285,0.0,24
55,2011-12-02,354.9716905986235,0.0,24
13,2011-12-16,33082.47585835043,0.0,24
3,2011-12-23,2025.8032615094369,0.0,24
56,2011-12-30,43.88202103306955,1.0,24
83,2011-12-23,5595.111620943129,0.0,24
5,2011-12-23,2048.6505699406043,0.0,24
74,2011-12-23,22136.05403605472,0.0,24
59,2011-12-23,1918.522500802709,0.0,24
44,2011-12-09,11174.6920336192,0.0,24
9,2011-12-09,16451.50093249303,0.0,24
37,2011-12-23,2636.276589598944,0.0,24
56,2011-12-09,24369.95661115191,0.0,24
30,2011-12-30,2978.8337215471997,1.0,24
32,2011-12-16,2837.9763030367417,0.0,24
98,2011-12-02,9794.49056260189,0.0,24
80,2011-12-09,38863.06216124832,0.0,24
17,2011-12-30,29569.90187683416,1.0,24
80,2011-12-23,8208.875587551855,0.0,24
16,2011-12-02,4912.810462890615,0.0,24
16,2011-12-16,4495.57346133595,0.0,24
29,2011-12-09,18180.625991857927,0.0,24
26,2011-12-23,17527.473386647725,0.0,24
90,2011-12-23,59769.20480525077,0.0,24
24,2011-12-02,3815.361026542775,0.0,24
21,2011-12-30,744.5587404418585,1.0,24
14,2011-12-16,38361.73226844926,0.0,24
13,2011-12-02,6632.478514256268,0.0,24
13,2011-12-09,24215.70547795108,0.0,24
12,2011-12-02,5308.878578025218,0.0,24
99,2011-12-23,5614.4941546718,0.0,24
59,2011-12-30,418.9945574750084,1.0,24
11,2011-12-30,26178.06224224761,1.0,24
25,2011-12-30,1798.0982719231508,1.0,24
92,2011-12-02,79308.67912421424,0.0,24
94,2011-12-30,42157.78457529632,1.0,24
82,2011-12-09,44095.527947282426,0.0,24
20,2011-12-02,3741.8532745817415,0.0,24
11,2011-12-16,13543.885086156572,0.0,24
9,2011-12-23,24621.79743667748,0.0,24
26,2011-12-02,6702.566407347482,0.0,24
31,2011-12-16,3605.377046824136,0.0,24
67,2011-12-16,11420.730218143384,0.0,24
97,2011-12-30,15209.268715096585,1.0,24
20,2011-12-16,4206.454544176874,0.0,24
8,2011-12-23,22000.80081367422,0.0,24
49,2011-12-23,4004.784607980074,0.0,24
1,2011-12-02,24410.3921053991,0.0,24
95,2011-12-02,24336.146491154348,0.0,24
8,2011-12-16,30628.167060376072,0.0,24
13,2011-12-16,46012.89708117467,0.0,24
34,2011-12-16,37963.72567030512,0.0,24
82,2011-12-16,52797.10950288284,0.0,24
6,2011-12-30,6248.604203184648,1.0,24
82,2011-12-23,84111.45155859033,0.0,24
85,2011-12-09,10346.508312729406,0.0,24
13,2011-12-30,29763.51753856171,1.0,24
85,2011-12-02,4317.412966351404,0.0,24
80,2011-12-23,28515.05381217851,0.0,24
23,2011-12-23,53743.33283722261,0.0,24
41,2011-12-16,2699.141000817492,0.0,24
77,2011-12-23,7073.586438710045,0.0,25
87,2011-12-09,8284.454842214647,0.0,25
28,2011-12-30,559.2947860737621,1.0,25
6,2011-12-09,891.6491355682981,0.0,25
41,2011-12-16,17555.21233567314,0.0,25
29,2011-12-16,3744.1233954230265,0.0,25
28,2011-12-30,708.8542864862291,1.0,25
12,2011-12-09,113.47295570612042,0.0,25
14,2011-12-09,18282.245783845243,0.0,25
27,2011-12-16,840.2556986054282,0.0,25
25,2011-12-16,17464.022715986794,0.0,25
85,2011-12-16,1736.725369490074,0.0,25
1,2011-12-16,11648.091424509648,0.0,25
11,2011-12-02,15712.248464347467,0.0,25
85,2011-12-16,2733.0172030902468,0.0,25
1,2011-12-02,10594.400091643329,0.0,25
17,2011-12-16,11132.330022945194,0.0,25
90,2011-12-23,10877.47857116716,0.0,25
55,2011-12-23,30943.81808045405,0.0,25
30,2011-12-23,5825.041678994662,0.0,25
18,2011-12-30,433.5969964843201,1.0,25
34,2011-12-23,11911.755586350491,0.0,25
80,2011-12-30,14231.43502963094,1.0,25
72,2011-12-16,24422.874255573548,0.0,25
10,2011-12-23,9489.935384882072,0.0,25
1,2011-12-23,62159.65723091579,0.0,25
13,2011-12-16,16482.646452839177,0.0,25
91,2011-12-09,9632.98509809952,0.0,25
46,2011-12-09,25440.678004073405,0.0,25
7,2011-12-16,13561.567436281624,0.0,25
82,2011-12-09,13204.448862905105,0.0,25
7,2011-12-09,1154.978001378067,0.0,25
7,2011-12-16,19317.889652722875,0.0,25
41,2011-12-09,1253.5567926361218,0.0,25
14,2011-12-09,2692.5629020586234,0.0,25
95,2011-12-09,47274.60372504258,0.0,25
20,2011-12-09,3417.196007908066,0.0,25
90,2011-12-09,10040.493621338695,0.0,25
36,2011-12-23,3058.05913168231,0.0,25
79,2011-12-23,1330.7689569607032,0.0,25
91,2011-12-09,8716.457290148914,0.0,25
6,2011-12-23,922.8712166409324,0.0,25
31,2011-12-02,3966.511612686796,0.0,25
96,2011-12-09,6713.657053216022,0.0,25
24,2011-12-02,11429.698426010573,0.0,25
35,2011-12-23,3305.5321501597064,0.0,25
41,2011-12-16,1241.569160763382,0.0,25
71,2011-12-23,108193.52632346626,0.0,25
91,2011-12-16,7792.165876939239,0.0,25
1,2011-12-02,12584.53306590515,0.0,25
7,2011-12-09,1979.4882147813,0.0,25
20,2011-12-16,3287.719099752164,0.0,25
7,2011-12-16,12828.75001498884,0.0,25
60,2011-12-09,1433.0854039158355,0.0,25
1,2011-12-23,51854.71611005153,0.0,25
85,2011-12-02,380.98695591904,0.0,25
90,2011-12-30,16766.07131037309,1.0,25
21,2011-12-09,931.8892050846736,0.0,25
14,2011-12-09,2522.9946634247785,0.0,25
35,2011-12-02,1531.9031039463553,0.0,25
19,2011-12-16,1204.858110845159,0.0,25
59,2011-12-09,13890.894669648136,0.0,25
91,2011-12-30,11169.289927384776,1.0,25
82,2011-12-02,2236.6871265928644,0.0,25
17,2011-12-02,9067.682142079866,0.0,25
49,2011-12-30,3928.175135857213,1.0,25
10,2011-12-16,21359.965917182148,0.0,25
77,2011-12-30,19561.18859414336,1.0,25
25,2011-12-23,14872.568553546454,0.0,25
52,2011-12-23,17.94544209327005,0.0,25
60,2011-12-02,3915.011411636988,0.0,25
77,2011-12-02,379.9223745105736,0.0,25
27,2011-12-23,3319.8117585326213,0.0,25
44,2011-12-16,5952.910903091039,0.0,25
37,2011-12-02,3557.876469590412,0.0,25
44,2011-12-23,8833.74508921742,0.0,25
93,2011-12-02,1399.815914083859,0.0,25
82,2011-12-23,15606.93642760266,0.0,25
5,2011-12-23,95.57328591045564,0.0,25
98,2011-12-30,284.02535620333674,1.0,25
96,2011-12-23,5789.199494860501,0.0,25
9,2011-12-16,23840.82400729329,0.0,25
87,2011-12-16,15299.540079567236,0.0,25
20,2011-12-09,3248.2498332107416,0.0,25
16,2011-12-16,2173.254152830266,0.0,25
8,2011-12-23,4548.3916032101,0.0,25
33,2011-12-02,6656.226342860762,0.0,25
40,2011-12-09,724.8677934849372,0.0,25
25,2011-12-30,10952.049414344438,1.0,25
24,2011-12-09,5116.775580769928,0.0,25
80,2011-12-16,2736.3595133634967,0.0,25
60,2011-12-02,485.4997057790145,0.0,25
93,2011-12-02,242.30540953671547,0.0,25
12,2011-12-30,1977.5706928889076,1.0,25
17,2011-12-23,15301.548181116448,0.0,25
27,2011-12-16,2399.279210747926,0.0,25
10,2011-12-16,461.4605318585975,0.0,25
29,2011-12-30,9712.409160783607,1.0,25
28,2011-12-02,1353.6122659564226,0.0,25
29,2011-12-23,23874.366363166493,0.0,25
52,2011-12-30,59.894143455879615,1.0,25
36,2011-12-09,1426.928096003379,0.0,25
29,2011-12-02,2190.46635657556,0.0,25
1,2011-12-09,8721.671437305075,0.0,25
82,2011-12-02,3281.7116269609064,0.0,25
27,2011-12-30,2055.494242160791,1.0,25
30,2011-12-16,6404.280314082783,0.0,25
17,2011-12-09,732.5516916601272,0.0,25
40,2011-12-16,147.47376807942774,0.0,25
60,2011-12-02,159.60174743852025,0.0,25
99,2011-12-30,653.4434913869533,1.0,25
19,2011-12-30,12.758361451771536,1.0,25
7,2011-12-23,7547.524826131739,0.0,25
94,2011-12-30,243.86958776190104,1.0,25
35,2011-12-02,1307.785709716814,0.0,25
83,2011-12-16,3898.783696648769,0.0,25
37,2011-12-09,5129.340195195562,0.0,25
91,2011-12-09,5123.692795782498,0.0,25
10,2011-12-30,214.41353157142063,1.0,25
28,2011-12-30,1120.4581608526796,1.0,25
30,2011-12-30,3117.7135014089263,1.0,25
17,2011-12-30,9176.714404310693,1.0,25
28,2011-12-23,525.9970055182557,0.0,25
83,2011-12-16,183.50100185296344,0.0,25
49,2011-12-09,10141.32211138944,0.0,25
97,2011-12-02,1327.7064116515992,0.0,25
36,2011-12-02,2532.503439301411,0.0,25
67,2011-12-16,2183.182760840955,0.0,25
27,2011-12-02,2679.4340161528203,0.0,25
48,2011-12-09,10144.512414145109,0.0,25
98,2011-12-02,203.30375817728049,0.0,25
94,2011-12-16,484.47721602870433,0.0,25
10,2011-12-16,364.4356064339317,0.0,25
93,2011-12-23,611.9404273815474,0.0,25
7,2011-12-02,37959.98344271165,0.0,25
42,2011-12-16,3187.1082030972325,0.0,25
55,2011-12-30,31.033456834815063,1.0,25
17,2011-12-09,11255.197302148596,0.0,25
14,2011-12-02,13816.887682673509,0.0,25
6,2011-12-16,379.2352512878717,0.0,25
93,2011-12-16,2125.276695917581,0.0,25
72,2011-12-16,21633.3014220379,0.0,25
83,2011-12-23,8856.185840260048,0.0,25
94,2011-12-23,24160.29659315613,0.0,25
6,2011-12-30,8438.084203904004,1.0,25
14,2011-12-02,653.5863070320323,0.0,25
18,2011-12-02,502.1524632588876,0.0,25
81,2011-12-09,1237.9391732062224,0.0,25
20,2011-12-09,2427.567672816554,0.0,25
2,2011-12-30,23034.069866680813,1.0,25
7,2011-12-30,1853.847593390344,1.0,25
37,2011-12-23,3273.094867615804,0.0,25
56,2011-12-09,510.4552024866282,0.0,25
35,2011-12-30,1376.0523784240595,1.0,25
32,2011-12-09,6468.983405732528,0.0,25
41,2011-12-23,2448.187387040929,0.0,25
24,2011-12-09,9516.861660199253,0.0,25
1,2011-12-16,15901.347005756605,0.0,25
59,2011-12-30,7560.410086971168,1.0,25
18,2011-12-02,193.9875590763733,0.0,25
32,2011-12-30,6381.12926100024,1.0,25
30,2011-12-23,7470.952360675691,0.0,25
85,2011-12-23,483.6964684785498,0.0,25
58,2011-12-16,3720.089619552125,0.0,25
6,2011-12-02,157.1880402877043,0.0,25
85,2011-12-16,7879.669859670661,0.0,25
60,2011-12-02,3684.802206161101,0.0,25
14,2011-12-02,4539.243977577778,0.0,25
21,2011-12-30,863.631383287787,1.0,25
32,2011-12-16,11190.775625033328,0.0,25
1,2011-12-02,9000.590386414335,0.0,25
28,2011-12-23,-0.0067013267634372,0.0,25
13,2011-12-23,10370.034133201289,0.0,25
1,2011-12-02,9782.904337543892,0.0,25
49,2011-12-09,28746.011045432853,0.0,25
10,2011-12-30,11049.948777511629,1.0,25
94,2011-12-16,350.0474214793597,0.0,25
60,2011-12-16,95.1535773739868,0.0,25
34,2011-12-09,15228.158711451608,0.0,25
49,2011-12-30,207.1485734976145,1.0,25
50,2011-12-16,94.57744558129734,0.0,25
26,2011-12-30,1203.370478746583,1.0,25
59,2011-12-02,368.7126081582441,0.0,25
49,2011-12-30,16.745529385990153,1.0,25
97,2011-12-23,2627.8878084698663,0.0,25
42,2011-12-16,8736.72604545822,0.0,25
12,2011-12-23,8590.470920580987,0.0,25
94,2011-12-30,724.7682207413037,1.0,25
10,2011-12-16,19178.476677309904,0.0,25
80,2011-12-30,15018.846926412018,1.0,25
80,2011-12-09,16153.59190455342,0.0,25
12,2011-12-23,4423.54329864546,0.0,25
29,2011-12-30,12129.420686340734,1.0,25
92,2011-12-16,9100.763963630072,0.0,25
14,2011-12-16,473.9269939230725,0.0,25
80,2011-12-30,6116.637684130416,1.0,25
33,2011-12-30,5251.792872769443,1.0,25
5,2011-12-23,1789.5644759132908,0.0,25
12,2011-12-16,4147.231416032395,0.0,25
56,2011-12-16,1059.8894955597175,0.0,25
81,2011-12-09,13042.892378932438,0.0,25
35,2011-12-23,2787.269976708135,0.0,25
41,2011-12-02,984.6609776781614,0.0,25
59,2011-12-09,5566.307171828469,0.0,25
6,2011-12-16,10.213926166535504,0.0,25
16,2011-12-30,551.0069261849744,1.0,25
21,2011-12-02,4875.853125409712,0.0,25
74,2011-12-30,816.6741693209444,1.0,25
50,2011-12-16,-12.35290697171398,0.0,25
13,2011-12-16,8248.73081865514,0.0,25
10,2011-12-23,423.3859042529057,0.0,25
4,2011-12-30,11260.02137200802,1.0,25
27,2011-12-09,4022.45053674506,0.0,25
14,2011-12-09,23.00063002186969,0.0,25
18,2011-12-16,1530.3066148606074,0.0,25
55,2011-12-02,1063.482687680523,0.0,25
26,2011-12-02,13273.368622976936,0.0,25
55,2011-12-16,1584.5614515168074,0.0,25
58,2011-12-16,1406.4246382132917,0.0,25
32,2011-12-09,8.507079785441501,0.0,25
9,2011-12-30,664.4468022115135,1.0,25
59,2011-12-16,15022.041013091057,0.0,25
27,2011-12-30,933.934606012234,1.0,25
83,2011-12-09,4904.124309030717,0.0,25
90,2011-12-09,20586.77834544412,0.0,25
22,2011-12-23,6102.868758025139,0.0,25
9,2011-12-09,45.307898435903866,0.0,25
79,2011-12-16,3017.7299740764315,0.0,25
82,2011-12-16,6050.099312568411,0.0,25
67,2011-12-23,1154.1095891629632,0.0,25
14,2011-12-09,44040.55314463081,0.0,25
56,2011-12-02,1230.5746819474582,0.0,25
30,2011-12-23,4577.353410641124,0.0,25
55,2011-12-16,13529.016353958608,0.0,25
46,2011-12-09,22420.05511528125,0.0,25
72,2011-12-16,1487.5115074322937,0.0,25
32,2011-12-16,16411.130101168248,0.0,25
97,2011-12-16,2793.423278118912,0.0,25
97,2011-12-02,4686.513637112804,0.0,25
37,2011-12-16,1864.3035737458104,0.0,25
29,2011-12-02,2104.518810689126,0.0,25
8,2011-12-09,10778.619530078762,0.0,25
97,2011-12-16,2832.239805882258,0.0,25
12,2011-12-02,2119.786612303984,0.0,25
34,2011-12-02,9718.376492329797,0.0,25
21,2011-12-30,1113.922680885281,1.0,25
81,2011-12-09,14816.362601014644,0.0,25
74,2011-12-16,6832.564334490128,0.0,25
17,2011-12-23,345.90550428047635,0.0,25
3,2011-12-23,1643.6820437656968,0.0,25
31,2011-12-02,3090.764607432651,0.0,25
36,2011-12-16,2385.793901480522,0.0,25
71,2011-12-16,13544.334597078072,0.0,25
19,2011-12-30,2009.606440780895,1.0,25
74,2011-12-30,357.0031745653437,1.0,25
93,2011-12-23,1655.8072933600358,0.0,25
3,2011-12-09,8141.327946046366,0.0,25
9,2011-12-23,12469.255411919205,0.0,25
97,2011-12-02,6631.6354394878,0.0,25
59,2011-12-02,4391.103621650251,0.0,25
25,2011-12-16,12476.674294117563,0.0,25
81,2011-12-30,15545.451422209464,1.0,25
9,2011-12-23,17989.43735938813,0.0,25
28,2011-12-09,995.1817595634795,0.0,25
9,2011-12-23,37.62523722521099,0.0,25
35,2011-12-09,2801.602904495492,0.0,25
85,2011-12-30,1512.159257990542,1.0,25
16,2011-12-16,11334.90343657066,0.0,25
77,2011-12-16,2283.4204079372066,0.0,25
12,2011-12-02,3234.802687141726,0.0,25
71,2011-12-09,4168.263419515583,0.0,25
96,2011-12-30,1866.560595372274,1.0,25
50,2011-12-09,1268.320216577413,0.0,25
95,2011-12-16,333.0812102325584,0.0,25
20,2011-12-30,3879.1643832465634,1.0,25
5,2011-12-02,1161.9962697858764,0.0,25
28,2011-12-23,1188.023967209384,0.0,25
49,2011-12-30,14775.285676260684,1.0,25
74,2011-12-09,2266.574969623046,0.0,25
45,2011-12-23,27.0261227704333,0.0,25
35,2011-12-23,8046.1108996914845,0.0,25
41,2011-12-16,1161.081742606557,0.0,25
90,2011-12-30,3220.647024569665,1.0,25
79,2011-12-09,4260.088028710496,0.0,25
11,2011-12-09,16408.86009346461,0.0,25
44,2011-12-02,2977.324979257573,0.0,25
7,2011-12-30,5819.889305718423,1.0,25
96,2011-12-23,15700.60013038865,0.0,25
56,2011-12-30,152.47307347665975,1.0,25
20,2011-12-09,4335.925836494575,0.0,25
33,2011-12-23,17163.929585113638,0.0,25
41,2011-12-02,1797.2994594171355,0.0,25
41,2011-12-02,1162.4710592160388,0.0,25
97,2011-12-09,3092.8230613888763,0.0,25
27,2011-12-23,87.80001543156597,0.0,25
97,2011-12-30,2609.995532106083,1.0,25
85,2011-12-09,1827.5446388508035,0.0,25
12,2011-12-16,74.63028238036625,0.0,25
85,2011-12-02,397.2009589914995,0.0,25
67,2011-12-30,2824.542167809751,1.0,25
41,2011-12-23,2005.3066934041003,0.0,25
59,2011-12-16,44.68269685285897,0.0,25
97,2011-12-23,2609.499324502892,0.0,25
90,2011-12-16,2212.3553172579736,0.0,25
96,2011-12-09,2452.796763786877,0.0,25
59,2011-12-23,4731.229281057242,0.0,25
78,2011-12-09,11371.77818063488,0.0,25
93,2011-12-23,1970.750870645566,0.0,25
7,2011-12-16,736.7799900742226,0.0,25
31,2011-12-16,2305.6980533210385,0.0,25
27,2011-12-02,2247.6028383080056,0.0,25
19,2011-12-02,907.4114114099576,0.0,25
36,2011-12-02,1880.999635097852,0.0,25
20,2011-12-30,3867.5505609330366,1.0,25
83,2011-12-30,1575.287395085449,1.0,25
56,2011-12-23,4.9199590232171815,0.0,25
25,2011-12-30,11464.678115674273,1.0,25
28,2011-12-23,1942.595388901478,0.0,25
87,2011-12-02,910.27140225369,0.0,25
5,2011-12-16,854.6528081869903,0.0,25
14,2011-12-02,1968.6611760175815,0.0,25
36,2011-12-23,2273.273844749527,0.0,25
97,2011-12-30,10424.321003505474,1.0,25
92,2011-12-02,1468.9509624551513,0.0,25
97,2011-12-16,2611.58276007566,0.0,25
95,2011-12-16,10414.548350572795,0.0,25
55,2011-12-02,15343.52463934884,0.0,25
77,2011-12-16,11924.046830938589,0.0,25
16,2011-12-09,353.1644751466698,0.0,25
40,2011-12-30,15869.123435178786,1.0,26
46,2011-12-09,23.863463353576723,0.0,26
93,2011-12-23,41448.84732360028,0.0,26
83,2011-12-09,4536.748625414527,0.0,26
42,2011-12-09,95.08479060081544,0.0,26
2,2011-12-09,42233.15371126121,0.0,26
2,2011-12-16,53681.3119872874,0.0,26
42,2011-12-16,11024.250337564428,0.0,26
30,2011-12-30,1944.9096087479736,1.0,26
41,2011-12-16,23383.646503662232,0.0,26
34,2011-12-30,6633.304425415092,1.0,26
19,2011-12-02,1070.563128199639,0.0,26
90,2011-12-09,84763.19742419137,0.0,26
32,2011-12-16,9247.130074715931,0.0,26
56,2011-12-02,14281.709059660045,0.0,26
4,2011-12-23,15548.022621850452,0.0,26
91,2011-12-30,59630.48738847004,1.0,26
17,2011-12-23,51182.391145731606,0.0,26
8,2011-12-30,35917.29862935071,1.0,26
97,2011-12-30,15896.967052885806,1.0,26
95,2011-12-16,148431.58370435057,0.0,26
71,2011-12-09,81352.34541472298,0.0,26
23,2011-12-09,22421.99917634443,0.0,26
87,2011-12-09,19477.72318528165,0.0,26
24,2011-12-09,8217.45094801342,0.0,26
13,2011-12-16,6901.885529764057,0.0,26
49,2011-12-16,23.023745688948026,0.0,26
34,2011-12-30,6025.987849028221,1.0,26
6,2011-12-02,4870.84591600513,0.0,26
36,2011-12-09,1529.0826660289486,0.0,26
46,2011-12-09,5464.506496516,0.0,26
21,2011-12-16,1765.6269305965272,0.0,26
87,2011-12-23,-1.3976904571095154,0.0,26
92,2011-12-23,173794.4174599279,0.0,26
54,2011-12-09,23090.63330368284,0.0,26
32,2011-12-16,10077.75547759851,0.0,26
1,2011-12-30,23018.387054016395,1.0,26
77,2011-12-09,39574.89127103605,0.0,26
35,2011-12-02,1909.1479048892952,0.0,26
18,2011-12-09,52666.238827025634,0.0,26
45,2011-12-16,8376.992797110162,0.0,26
8,2011-12-16,27615.015815429244,0.0,26
8,2011-12-23,1275.925675280319,0.0,26
18,2011-12-02,84411.99796867535,0.0,26
4,2011-12-16,29240.447577652893,0.0,26
1,2011-12-30,16845.52837837324,1.0,26
34,2011-12-16,31698.88102128741,0.0,26
54,2011-12-30,49.924933980627216,1.0,26
92,2011-12-23,102328.82138604246,0.0,26
29,2011-12-23,14778.081087604947,0.0,26
87,2011-12-02,17291.255829197344,0.0,26
37,2011-12-16,3908.43276098883,0.0,26
45,2011-12-09,4169.4185780326725,0.0,26
12,2011-12-16,4849.586867673019,0.0,26
36,2011-12-02,1582.995028411723,0.0,26
79,2011-12-02,9064.43051855565,0.0,26
71,2011-12-23,8123.245573927888,0.0,26
97,2011-12-02,33629.58995895818,0.0,26
1,2011-12-23,39392.48102807,0.0,26
34,2011-12-30,15020.82202467272,1.0,26
92,2011-12-23,149007.24465251723,0.0,26
35,2011-12-02,11064.415170783806,0.0,26
41,2011-12-09,2512.304594617195,0.0,26
3,2011-12-02,14382.691864811284,0.0,26
31,2011-12-23,9257.094502572283,0.0,26
8,2011-12-16,11722.509146544708,0.0,26
14,2011-12-23,63295.89682233322,0.0,26
41,2011-12-16,1733.6072187537652,0.0,26
5,2011-12-02,7192.871894117721,0.0,26
19,2011-12-30,844.9248899451757,1.0,26
56,2011-12-23,3703.862149559488,0.0,26
90,2011-12-30,53265.64266850177,1.0,26
92,2011-12-09,146206.98698748622,0.0,26
56,2011-12-16,3145.192049229684,0.0,26
72,2011-12-23,12942.297589587031,0.0,26
79,2011-12-30,2769.61608271808,1.0,26
97,2011-12-16,40194.07311835675,0.0,26
72,2011-12-23,81794.1497381598,0.0,26
26,2011-12-09,15476.614866943224,0.0,26
46,2011-12-23,10260.046343735306,0.0,26
94,2011-12-30,25395.5948623618,1.0,26
60,2011-12-30,138.9034679456177,1.0,26
82,2011-12-16,62901.55341042364,0.0,26
94,2011-12-09,40487.05908605521,0.0,26
59,2011-12-23,1734.5975993453148,0.0,26
30,2011-12-16,3580.502615345536,0.0,26
25,2011-12-30,13300.342702251151,1.0,26
41,2011-12-02,1994.5734038648327,0.0,26
29,2011-12-16,2086.651523836797,0.0,26
40,2011-12-09,1073.6478521076708,0.0,26
19,2011-12-30,2218.074529082009,1.0,26
44,2011-12-02,5141.137748979572,0.0,26
2,2011-12-23,41015.88058776247,0.0,26
19,2011-12-23,61.28030558162521,0.0,26
18,2011-12-02,36754.73070727806,0.0,26
54,2011-12-30,30729.05861382724,1.0,26
21,2011-12-30,12039.29141563517,1.0,26
80,2011-12-09,94265.71063495395,0.0,26
90,2011-12-16,55649.158157339065,0.0,26
31,2011-12-23,2838.6566647174395,0.0,26
41,2011-12-09,4324.230828398376,0.0,26
4,2011-12-16,36584.35155174988,0.0,26
90,2011-12-09,68983.79448781168,0.0,26
87,2011-12-09,11059.942822131105,0.0,26
97,2011-12-30,9329.45916283554,1.0,26
97,2011-12-16,27423.43761532195,0.0,26
27,2011-12-16,2444.44381061894,0.0,26
8,2011-12-23,21047.617328413515,0.0,26
4,2011-12-23,8479.590907528576,0.0,26
19,2011-12-16,875.8709623613818,0.0,26
28,2011-12-02,739.8377740458815,0.0,26
5,2011-12-16,33514.72884002591,0.0,26
19,2011-12-30,67.93673782768954,1.0,26
35,2011-12-09,6677.629254368382,0.0,26
12,2011-12-09,5860.249862288766,0.0,26
21,2011-12-09,4454.248297547973,0.0,26
81,2011-12-30,11876.461015104009,1.0,26
99,2011-12-09,816.7123730678019,0.0,26
11,2011-12-16,16878.144897459835,0.0,26
42,2011-12-02,10338.959429539174,0.0,26
97,2011-12-23,29982.330806195943,0.0,26
23,2011-12-09,18904.67410322705,0.0,26
56,2011-12-09,5796.084708082356,0.0,26
56,2011-12-16,29835.36997567496,0.0,26
35,2011-12-16,3003.7327379754147,0.0,26
10,2011-12-09,32953.86832722827,0.0,26
5,2011-12-02,55767.43561653546,0.0,26
28,2011-12-16,1067.1363436559996,0.0,26
72,2011-12-02,106254.96606103813,0.0,26
48,2011-12-30,16007.40513434614,1.0,26
87,2011-12-16,8865.329422927893,0.0,26
10,2011-12-16,13808.01708545911,0.0,26
2,2011-12-16,16346.20837338874,0.0,26
26,2011-12-09,7475.344650808358,0.0,26
90,2011-12-09,11681.062267288971,0.0,26
46,2011-12-09,35793.87260904285,0.0,26
11,2011-12-30,6910.060215041531,1.0,26
46,2011-12-16,15348.430360179089,0.0,26
71,2011-12-02,2098.412087226494,0.0,26
92,2011-12-23,61795.38839408436,0.0,26
13,2011-12-23,47048.89639123058,0.0,26
18,2011-12-02,92224.1890662726,0.0,26
94,2011-12-16,23729.47961484977,0.0,26
22,2011-12-30,8567.358057249226,1.0,26
40,2011-12-30,22076.577489832103,1.0,26
95,2011-12-02,67428.9630596364,0.0,26
56,2011-12-23,1126.0027192419689,0.0,26
58,2011-12-02,1142.349840566233,0.0,26
4,2011-12-09,43813.77693808493,0.0,26
19,2011-12-02,2808.420825356194,0.0,26
54,2011-12-02,2017.607357113733,0.0,26
8,2011-12-30,13753.195945502255,1.0,26
67,2011-12-02,1381.176688062775,0.0,26
31,2011-12-30,3432.216606200173,1.0,26
21,2011-12-02,10141.003910378791,0.0,26
85,2011-12-02,2260.3358902843133,0.0,26
23,2011-12-02,38745.856485933335,0.0,26
55,2011-12-23,103.67138904095368,0.0,26
3,2011-12-09,15047.250611296193,0.0,26
35,2011-12-02,7954.908997426365,0.0,26
92,2011-12-02,113390.12157768842,0.0,26
30,2011-12-02,3905.037583179222,0.0,26
46,2011-12-23,21728.865546717425,0.0,26
91,2011-12-02,4754.279050284666,0.0,26
6,2011-12-16,27927.621080133074,0.0,26
31,2011-12-16,3369.056578888565,0.0,26
5,2011-12-02,2624.9112253140597,0.0,26
13,2011-12-30,31951.066816664723,1.0,26
18,2011-12-23,38597.48141349127,0.0,26
27,2011-12-30,1265.5859319004965,1.0,26
82,2011-12-23,93228.32255183224,0.0,26
29,2011-12-02,8119.021155688245,0.0,26
95,2011-12-30,51739.73579044186,1.0,26
85,2011-12-09,1.3212613000931062,0.0,26
27,2011-12-23,3411.0912612664256,0.0,26
21,2011-12-30,950.0398892757212,1.0,26
24,2011-12-09,12035.967726392731,0.0,26
83,2011-12-09,6630.977501119564,0.0,26
82,2011-12-30,30364.838913059222,1.0,26
41,2011-12-16,1493.2100334381091,0.0,26
87,2011-12-23,20928.31607969007,0.0,26
99,2011-12-16,5346.965106883607,0.0,26
30,2011-12-16,2746.978717953298,0.0,26
74,2011-12-23,19951.669974611723,0.0,26
8,2011-12-30,17196.923834271896,1.0,26
4,2011-12-02,17677.800735525678,0.0,26
96,2011-12-02,22462.91981129725,0.0,26
54,2011-12-23,62189.58953390271,0.0,26
97,2011-12-02,12008.58373860059,0.0,26
90,2011-12-02,61975.51119312633,0.0,26
56,2011-12-09,2269.89196976904,0.0,26
8,2011-12-23,356.09288713515724,0.0,26
47,2011-12-02,39526.16840277572,0.0,26
1,2011-12-09,30945.66925994584,0.0,26
98,2011-12-09,3746.765341104003,0.0,26
40,2011-12-16,56741.32282324897,0.0,26
13,2011-12-16,41610.12439137465,0.0,26
16,2011-12-23,28813.18330936433,0.0,26
80,2011-12-09,15626.069010092817,0.0,26
71,2011-12-02,12130.65188717826,0.0,26
82,2011-12-23,2986.252427011324,0.0,26
60,2011-12-02,9247.37555433479,0.0,26
13,2011-12-09,18414.75693998212,0.0,26
95,2011-12-02,40462.55210431968,0.0,26
19,2011-12-30,472.9155434572637,1.0,26
19,2011-12-23,2061.3541649961417,0.0,26
98,2011-12-30,8760.793648991836,1.0,26
21,2011-12-30,2850.442294355515,1.0,26
38,2011-12-09,53701.46584977236,0.0,26
19,2011-12-02,1195.8443254012302,0.0,26
74,2011-12-02,45765.08200474965,0.0,26
4,2011-12-23,22813.62823754842,0.0,26
20,2011-12-09,3073.453565037237,0.0,26
97,2011-12-16,32663.51753454428,0.0,26
97,2011-12-16,35945.187859690246,0.0,26
1,2011-12-09,13677.65008531636,0.0,26
26,2011-12-09,7499.934316779757,0.0,26
23,2011-12-16,52614.10377741797,0.0,26
12,2011-12-23,4539.651818664141,0.0,26
10,2011-12-02,45390.85234418542,0.0,26
10,2011-12-30,38422.16133242478,1.0,26
55,2011-12-16,185.11255823596537,0.0,26
72,2011-12-23,10841.9905425159,0.0,26
9,2011-12-16,12405.747764297295,0.0,26
90,2011-12-02,68638.8588918852,0.0,26
16,2011-12-23,35134.027377781924,0.0,26
38,2011-12-23,44096.43757652141,0.0,26
10,2011-12-23,17261.750757201225,0.0,26
25,2011-12-02,14163.995334673602,0.0,26
40,2011-12-23,58898.45439705903,0.0,26
38,2011-12-16,74961.53986932957,0.0,26
3,2011-12-23,2242.9712908185024,0.0,26
36,2011-12-23,4597.614242673213,0.0,26
28,2011-12-16,1665.1833085128085,0.0,26
13,2011-12-16,6802.172694307234,0.0,26
13,2011-12-23,32610.238531391977,0.0,26
34,2011-12-09,25598.68780877497,0.0,26
11,2011-12-30,8729.120694522067,1.0,26
13,2011-12-16,36820.29913519602,0.0,26
95,2011-12-16,100940.420271058,0.0,26
46,2011-12-02,22.445713608859776,0.0,26
48,2011-12-16,32870.72801089309,0.0,26
16,2011-12-23,67134.29596812952,0.0,26
60,2011-12-30,2976.7648547015133,1.0,26
23,2011-12-09,21122.101757461787,0.0,26
5,2011-12-16,45897.81613253189,0.0,26
9,2011-12-09,511.5579096602401,0.0,26
11,2011-12-09,34423.51038061209,0.0,26
38,2011-12-16,96203.74923974506,0.0,26
22,2011-12-16,12208.753535661172,0.0,26
21,2011-12-30,2390.702398584627,1.0,26
8,2011-12-02,33907.51963388363,0.0,26
14,2011-12-02,26243.475040893216,0.0,26
81,2011-12-16,22834.821128492407,0.0,26
20,2011-12-23,6836.023226228603,0.0,26
87,2011-12-23,18515.629069850944,0.0,26
81,2011-12-23,50880.99658430649,0.0,26
11,2011-12-16,20893.42792366023,0.0,26
52,2011-12-30,22220.27170958366,1.0,26
90,2011-12-02,56122.30431064518,0.0,26
72,2011-12-09,118143.6210097218,0.0,26
71,2011-12-23,149225.1782811522,0.0,26
11,2011-12-02,8099.510851910297,0.0,26
52,2011-12-23,14.772561071283294,0.0,26
41,2011-12-16,1313.6972230467672,0.0,26
4,2011-12-30,52679.26521816325,1.0,26
36,2011-12-09,1168.6237261626836,0.0,26
14,2011-12-09,2921.8062147244955,0.0,26
31,2011-12-16,3979.2541252286674,0.0,26
56,2011-12-09,7989.389149817305,0.0,26
27,2011-12-30,2950.0130445139075,1.0,26
29,2011-12-02,11835.739548955182,0.0,26
97,2011-12-02,11684.68786768118,0.0,26
56,2011-12-23,1088.749201500461,0.0,26
85,2011-12-23,4866.233333139207,0.0,26
8,2011-12-02,17672.279501939534,0.0,26
97,2011-12-02,18193.75763587369,0.0,26
28,2011-12-23,-1.9546309181488384,0.0,26
8,2011-12-16,19028.809506984795,0.0,26
34,2011-12-30,18811.44026346475,1.0,26
2,2011-12-02,19938.775733271992,0.0,26
8,2011-12-23,20520.37244405809,0.0,26
14,2011-12-30,37108.88155031228,1.0,26
56,2011-12-02,13840.359121534591,0.0,26
81,2011-12-09,13572.65134430498,0.0,26
32,2011-12-16,13686.399800064788,0.0,26
31,2011-12-16,2366.419363498196,0.0,26
5,2011-12-16,1603.879515092918,0.0,26
72,2011-12-16,7259.396325099163,0.0,26
2,2011-12-02,78751.6303498928,0.0,26
42,2011-12-09,6174.948951297075,0.0,26
80,2011-12-23,20297.354575931444,0.0,26
79,2011-12-02,13257.133133915637,0.0,26
58,2011-12-30,3036.433614645261,1.0,26
25,2011-12-30,13927.670257191226,1.0,26
93,2011-12-09,1730.6327052106783,0.0,26
26,2011-12-23,8169.753105440946,0.0,26
2,2011-12-23,70528.4234919254,0.0,26
18,2011-12-02,80546.86323441424,0.0,26
95,2011-12-16,29610.253666440294,0.0,26
2,2011-12-30,10020.891754891538,1.0,26
45,2011-12-16,5437.928542299558,0.0,26
56,2011-12-16,40678.6710779653,0.0,26
56,2011-12-30,19390.570778148016,1.0,26
6,2011-12-09,6.562122580414119,0.0,26
59,2011-12-23,16707.352528867243,0.0,26
49,2011-12-23,22129.11827654468,0.0,26
13,2011-12-30,57923.41970628299,1.0,26
1,2011-12-16,20436.64993658878,0.0,26
85,2011-12-16,5268.867704082378,0.0,26
99,2011-12-23,6785.905408148799,0.0,26
11,2011-12-23,1513.3790838556838,0.0,26
12,2011-12-23,3232.9171688902943,0.0,26
67,2011-12-02,49853.24072164782,0.0,26
34,2011-12-02,12919.202303006014,0.0,26
18,2011-12-16,59088.58075275592,0.0,26
46,2011-12-16,33704.875929309164,0.0,26
46,2011-12-23,37018.79701872718,0.0,26
82,2011-12-16,2418.962525561947,0.0,26
96,2011-12-16,3300.0172867905094,0.0,26
19,2011-12-02,2004.5340220905784,0.0,26
29,2011-12-30,7706.858541654416,1.0,26
10,2011-12-16,40247.60866344381,0.0,26
28,2011-12-23,1764.088020757733,0.0,26
56,2011-12-23,66039.55449089574,0.0,26
93,2011-12-16,76061.24495064435,0.0,26
36,2011-12-16,4177.434719915565,0.0,26
26,2011-12-02,4673.758671338146,0.0,26
13,2011-12-30,404.8754808799027,1.0,26
79,2011-12-16,21856.45175128935,0.0,26
47,2011-12-16,16181.383933349922,0.0,26
52,2011-12-16,2567.560566924913,0.0,26
81,2011-12-23,1940.499104267064,0.0,26
72,2011-12-16,11913.712088796285,0.0,26
23,2011-12-02,20649.837855115933,0.0,26
33,2011-12-02,4795.279172683627,0.0,26
54,2011-12-30,46.83793824807345,1.0,26
11,2011-12-02,20953.20010819445,0.0,26
18,2011-12-16,35873.889844802485,0.0,26
38,2011-12-09,47452.83462011376,0.0,26
12,2011-12-30,2435.051714496733,1.0,26
4,2011-12-02,49572.31162543071,0.0,26
8,2011-12-09,21557.377241738257,0.0,26
38,2011-12-16,105460.43661965417,0.0,26
17,2011-12-02,31211.910339107624,0.0,26
67,2011-12-30,479.3989257042576,1.0,26
10,2011-12-23,52232.09905459928,0.0,26
14,2011-12-02,6962.236087661799,0.0,26
6,2011-12-02,5996.612884066105,0.0,26
92,2011-12-30,128300.48379451993,1.0,26
14,2011-12-02,21992.07012668229,0.0,26
12,2011-12-23,2261.574879718211,0.0,26
51,2011-12-16,56326.81111345224,0.0,26
38,2011-12-09,54363.19751994936,0.0,26
90,2011-12-09,107406.57230076536,0.0,26
85,2011-12-16,9819.393680313404,0.0,26
13,2011-12-30,17346.951974783686,1.0,26
71,2011-12-09,56113.61323812194,0.0,26
31,2011-12-30,3436.203765873161,1.0,27
41,2011-12-09,1435.461133824796,0.0,27
8,2011-12-09,38992.98416508615,0.0,27
20,2011-12-30,4502.972741976618,1.0,27
20,2011-12-02,5456.212256700476,0.0,27
48,2011-12-02,10065.720841188782,0.0,27
31,2011-12-02,2317.1719929130627,0.0,27
50,2011-12-16,5014.166849579427,0.0,27
72,2011-12-30,40672.276360572665,1.0,27
3,2011-12-09,9484.529206689353,0.0,27
90,2011-12-30,26906.72252512792,1.0,27
11,2011-12-09,29292.77727058113,0.0,27
24,2011-12-23,12711.658104023398,0.0,27
31,2011-12-23,6395.560126115664,0.0,27
85,2011-12-09,1727.2840730729931,0.0,27
23,2011-12-09,29017.006112005827,0.0,27
82,2011-12-16,38089.76380801705,0.0,27
1,2011-12-23,80264.62393788804,0.0,27
40,2011-12-16,25537.16291178939,0.0,27
82,2011-12-30,39699.84620788849,1.0,27
21,2011-12-16,6542.218263846442,0.0,27
14,2011-12-23,62519.410816919866,0.0,27
2,2011-12-16,42322.66683518668,0.0,27
74,2011-12-02,286.88296727916463,0.0,27
17,2011-12-16,21572.211446760783,0.0,27
82,2011-12-09,33543.10958504737,0.0,27
1,2011-12-09,17523.993942843765,0.0,27
67,2011-12-16,57519.54807962424,0.0,27
11,2011-12-23,22553.98223479663,0.0,27
25,2011-12-02,6619.555860286958,0.0,27
16,2011-12-30,8841.950804060605,1.0,27
55,2011-12-02,1756.2609615767033,0.0,27
13,2011-12-30,32289.07702600705,1.0,27
18,2011-12-30,13781.524152499143,1.0,27
14,2011-12-30,17384.219326881852,1.0,27
95,2011-12-09,18145.07904972292,0.0,27
36,2011-12-16,1567.6918423200896,0.0,27
28,2011-12-16,2535.67124742383,0.0,27
60,2011-12-23,573.0567721608714,0.0,27
93,2011-12-23,3008.860221020337,0.0,27
59,2011-12-16,326.388947667559,0.0,27
82,2011-12-02,16814.17365175783,0.0,27
29,2011-12-16,17787.020875748338,0.0,27
85,2011-12-02,2742.4539904058856,0.0,27
25,2011-12-16,20468.075052187403,0.0,27
8,2011-12-09,9488.897107010423,0.0,27
87,2011-12-30,6212.271958005344,1.0,27
22,2011-12-30,17794.119346652627,1.0,27
14,2011-12-02,6701.740072144568,0.0,27
25,2011-12-16,20622.008367913542,0.0,27
14,2011-12-30,31115.47525010637,1.0,27
46,2011-12-30,18905.70447624635,1.0,27
34,2011-12-02,15436.920157130451,0.0,27
79,2011-12-23,31304.07691910885,0.0,27
96,2011-12-09,4049.044609714584,0.0,27
45,2011-12-23,2849.406063750595,0.0,27
47,2011-12-23,20162.756992243485,0.0,27
36,2011-12-30,420.533073771522,1.0,27
41,2011-12-02,1568.3473172403424,0.0,27
46,2011-12-16,20594.17071435383,0.0,27
7,2011-12-09,71151.66370435785,0.0,27
27,2011-12-16,1321.129643355169,0.0,27
30,2011-12-16,7375.549526424723,0.0,27
5,2011-12-09,1136.3273932498491,0.0,27
38,2011-12-09,46185.50537800248,0.0,27
54,2011-12-23,6892.91676487022,0.0,27
31,2011-12-23,22607.26278696651,0.0,27
4,2011-12-30,16546.83998735116,1.0,27
72,2011-12-02,594.6422909663831,0.0,27
17,2011-12-23,32030.072404994964,0.0,27
38,2011-12-30,38160.49744995425,1.0,27
4,2011-12-16,20173.624244166946,0.0,27
87,2011-12-30,208.42217317035457,1.0,27
97,2011-12-23,2480.378459530039,0.0,27
74,2011-12-23,3056.0464119218523,0.0,27
10,2011-12-02,23163.58729408878,0.0,27
94,2011-12-30,9.767077617341307,1.0,27
49,2011-12-16,20.7471531706309,0.0,27
83,2011-12-09,3340.3129772511197,0.0,27
32,2011-12-09,9826.13994641662,0.0,27
8,2011-12-02,1495.914977351476,0.0,27
91,2011-12-02,5410.22944162456,0.0,27
51,2011-12-16,16207.698822196648,0.0,27
74,2011-12-02,22596.71910377813,0.0,27
31,2011-12-16,8074.183455222093,0.0,27
1,2011-12-09,80732.95034320673,0.0,27
41,2011-12-09,2162.939817092885,0.0,27
97,2011-12-02,3454.990235255754,0.0,27
93,2011-12-16,43237.93205571194,0.0,27
7,2011-12-09,58301.77496258848,0.0,27
83,2011-12-16,10323.304287419667,0.0,27
1,2011-12-09,22435.58473469895,0.0,27
1,2011-12-16,22568.97791705532,0.0,27
59,2011-12-23,939.9306270109348,0.0,27
90,2011-12-23,27203.185834538708,0.0,27
3,2011-12-23,11279.457768919934,0.0,27
10,2011-12-30,13713.44984883297,1.0,27
17,2011-12-16,20664.48461399708,0.0,27
79,2011-12-23,29091.794707665395,0.0,27
52,2011-12-09,19.507491917235136,0.0,27
29,2011-12-23,11631.853662252246,0.0,27
74,2011-12-30,513.0035295444885,1.0,27
26,2011-12-30,13216.009245882811,1.0,27
29,2011-12-16,3425.7656945707304,0.0,27
14,2011-12-02,8220.869390386253,0.0,27
54,2011-12-16,1368.9711084123624,0.0,27
90,2011-12-30,13980.86382858161,1.0,27
20,2011-12-16,6280.994675402126,0.0,27
42,2011-12-09,2537.9284253388223,0.0,27
74,2011-12-09,48513.27303881438,0.0,27
13,2011-12-23,48677.56925627895,0.0,27
98,2011-12-16,134.51305723671587,0.0,27
19,2011-12-02,615.7221525973059,0.0,27
29,2011-12-23,11943.879701877397,0.0,27
42,2011-12-02,4368.860224615126,0.0,27
46,2011-12-30,37419.268668923854,1.0,27
74,2011-12-09,13778.494168017438,0.0,27
16,2011-12-23,2015.3945961329869,0.0,27
85,2011-12-02,4364.910291722585,0.0,27
17,2011-12-30,43521.7375213628,1.0,27
54,2011-12-09,45.13370093487651,0.0,27
96,2011-12-09,7520.938832670639,0.0,27
38,2011-12-16,38319.78812385327,0.0,27
42,2011-12-30,4760.797470899622,1.0,27
3,2011-12-30,5571.122688642253,1.0,27
6,2011-12-02,2471.2717610210752,0.0,27
33,2011-12-30,7955.428173027781,1.0,27
38,2011-12-09,69466.487777889,0.0,27
52,2011-12-16,172.8165563781517,0.0,27
72,2011-12-02,67768.66667873623,0.0,27
83,2011-12-02,1197.5594469360235,0.0,27
96,2011-12-16,8048.553556986882,0.0,27
56,2011-12-23,47593.78345456091,0.0,27
6,2011-12-30,123.08082561204849,1.0,27
46,2011-12-16,6561.901262324362,0.0,27
34,2011-12-23,3556.4242500204023,0.0,27
81,2011-12-30,5860.434922355106,1.0,27
2,2011-12-02,68760.94675595818,0.0,27
96,2011-12-23,3794.648849941665,0.0,27
14,2011-12-02,1198.6930591148523,0.0,27
44,2011-12-30,4289.141481236572,1.0,27
14,2011-12-23,2918.5167470359784,0.0,27
72,2011-12-09,6231.125917578654,0.0,27
23,2011-12-02,48242.12019365491,0.0,27
42,2011-12-30,145.26157887814753,1.0,27
21,2011-12-23,24321.56516552774,0.0,27
13,2011-12-23,23479.38569011199,0.0,27
46,2011-12-16,6074.727274895515,0.0,27
81,2011-12-09,6837.891163608838,0.0,27
72,2011-12-23,112693.54251444848,0.0,27
25,2011-12-30,9895.434770287577,1.0,27
59,2011-12-30,6033.9181881833065,1.0,27
55,2011-12-02,1942.7343321568253,0.0,27
35,2011-12-02,7957.191763257647,0.0,27
11,2011-12-30,833.4653073030865,1.0,27
36,2011-12-09,2350.849990090732,0.0,27
34,2011-12-30,8391.72799089082,1.0,27
27,2011-12-30,2316.753491496237,1.0,27
34,2011-12-02,4949.724617359285,0.0,27
1,2011-12-02,30402.722373672827,0.0,27
28,2011-12-23,969.2187976603682,0.0,27
95,2011-12-16,41613.53075949055,0.0,27
48,2011-12-16,57877.57263788485,0.0,27
52,2011-12-16,4680.748276604454,0.0,27
91,2011-12-02,27500.894711869827,0.0,27
7,2011-12-02,68548.14715369664,0.0,27
98,2011-12-23,897.4760727373546,0.0,27
32,2011-12-30,12137.618397763888,1.0,27
24,2011-12-09,5844.109233074019,0.0,27
47,2011-12-30,36111.88516806749,1.0,27
49,2011-12-30,14117.35706699316,1.0,27
40,2011-12-30,41085.909349799,1.0,27
20,2011-12-02,3952.237959187574,0.0,27
21,2011-12-09,1929.9234634556456,0.0,27
90,2011-12-02,52233.19663763043,0.0,27
7,2011-12-16,24074.665230479757,0.0,27
17,2011-12-23,26561.77584866042,0.0,27
39,2011-12-16,11650.03075016822,0.0,27
1,2011-12-30,16185.64333019356,1.0,27
33,2011-12-30,7923.6772364432545,1.0,27
13,2011-12-23,68634.05927512939,0.0,27
59,2011-12-23,1287.8966762354505,0.0,27
22,2011-12-30,5967.699064646819,1.0,27
13,2011-12-16,42647.585873446464,0.0,27
3,2011-12-23,14741.602040532278,0.0,27
29,2011-12-02,4650.499790993715,0.0,27
4,2011-12-09,18243.91911171824,0.0,27
96,2011-12-23,38213.181164756585,0.0,27
31,2011-12-09,4913.45233007654,0.0,27
98,2011-12-30,10.593085373953112,1.0,27
21,2011-12-02,7975.62677023814,0.0,27
11,2011-12-16,23526.02899331604,0.0,27
92,2011-12-23,41850.00351803756,0.0,27
33,2011-12-30,12591.693683015248,1.0,27
13,2011-12-02,24722.294891776062,0.0,27
16,2011-12-02,4811.9314086006825,0.0,27
9,2011-12-30,20.788793451066677,1.0,27
17,2011-12-09,8957.432531051532,0.0,27
71,2011-12-09,142137.90022047382,0.0,27
26,2011-12-09,2620.231698574149,0.0,27
33,2011-12-09,9380.308730154702,0.0,27
72,2011-12-30,2503.217169678252,1.0,27
7,2011-12-02,46665.92172112475,0.0,27
8,2011-12-30,37829.374604512384,1.0,27
85,2011-12-02,171.4262650459767,0.0,27
94,2011-12-09,2617.599062178074,0.0,27
95,2011-12-09,64817.56947448916,0.0,27
22,2011-12-23,16119.813977304686,0.0,27
34,2011-12-16,28855.20623869126,0.0,27
85,2011-12-09,6464.2538592648825,0.0,27
10,2011-12-30,19532.473014556563,1.0,27
49,2011-12-16,27492.911940702536,0.0,27
32,2011-12-16,26221.032587406426,0.0,27
98,2011-12-23,211.16241858762663,0.0,27
93,2011-12-16,1454.61574611958,0.0,27
9,2011-12-30,13710.634445631897,1.0,27
71,2011-12-02,42344.43859797268,0.0,27
32,2011-12-23,12743.36620924852,0.0,27
81,2011-12-16,21589.00126565137,0.0,27
38,2011-12-23,51290.84039028115,0.0,27
9,2011-12-23,297.74169437613546,0.0,27
29,2011-12-09,10143.0299640751,0.0,27
32,2011-12-09,8499.3511253626,0.0,27
26,2011-12-09,2732.4816264957085,0.0,27
22,2011-12-16,13619.039207068685,0.0,27
55,2011-12-16,1813.6326054178048,0.0,27
20,2011-12-09,9028.861868788388,0.0,27
16,2011-12-16,5876.813588977628,0.0,27
24,2011-12-02,10312.27559022468,0.0,27
90,2011-12-23,18655.288256482312,0.0,27
59,2011-12-23,5807.725327598061,0.0,27
33,2011-12-30,3574.7773595591066,1.0,27
2,2011-12-02,31883.94339673581,0.0,27
46,2011-12-23,53680.57310355848,0.0,27
54,2011-12-23,61.81252314497038,0.0,27
91,2011-12-16,10031.899095631105,0.0,27
44,2011-12-30,6621.706037582315,1.0,27
34,2011-12-16,17523.74376487097,0.0,27
31,2011-12-30,2425.197518996827,1.0,27
21,2011-12-16,5193.579817045851,0.0,27
44,2011-12-02,6541.96488776464,0.0,27
54,2011-12-30,68.71909905349007,1.0,27
7,2011-12-23,78300.09086265808,0.0,27
44,2011-12-30,11042.968436994546,1.0,27
37,2011-12-30,3370.625803609297,1.0,27
36,2011-12-16,2344.118054671412,0.0,27
14,2011-12-02,1371.7489964019037,0.0,27
14,2011-12-30,21278.5797668442,1.0,27
36,2011-12-09,2102.037730503539,0.0,27
52,2011-12-02,1764.969547583818,0.0,27
30,2011-12-30,11889.151657180457,1.0,27
59,2011-12-30,799.8101478367636,1.0,27
35,2011-12-30,1730.1774379737317,1.0,27
27,2011-12-16,5489.66702366891,0.0,27
1,2011-12-30,19455.78626927427,1.0,27
72,2011-12-09,7801.5080437124925,0.0,27
72,2011-12-09,47815.07674429301,0.0,27
81,2011-12-16,13800.949127813412,0.0,27
98,2011-12-16,831.9792745645607,0.0,27
9,2011-12-16,9764.492656698996,0.0,27
55,2011-12-02,24496.00224081804,0.0,27
83,2011-12-30,4370.914535315669,1.0,27
27,2011-12-16,2242.7889049742084,0.0,27
21,2011-12-30,1683.962365556638,1.0,27
72,2011-12-09,70946.21695576195,0.0,27
32,2011-12-16,9585.808580657877,0.0,27
6,2011-12-09,13154.510825933365,0.0,27
97,2011-12-16,2029.3591640237355,0.0,27
92,2011-12-16,19710.025759804663,0.0,27
11,2011-12-23,3405.5778945532134,0.0,27
98,2011-12-30,205.57974193451247,1.0,27
7,2011-12-09,36295.914749561496,0.0,27
8,2011-12-16,32810.43158316849,0.0,27
79,2011-12-09,36535.854445668185,0.0,27
24,2011-12-23,10387.29698009744,0.0,27
98,2011-12-09,142.5558987234524,0.0,27
2,2011-12-23,138514.48581929263,0.0,27
52,2011-12-16,1044.2045130813349,0.0,27
8,2011-12-09,7045.48363603932,0.0,27
10,2011-12-16,16283.809455547447,0.0,27
30,2011-12-02,6387.641775092432,0.0,27
8,2011-12-02,13111.958739921409,0.0,27
29,2011-12-02,894.3013517894599,0.0,27
60,2011-12-23,37634.20477239359,0.0,27
23,2011-12-02,34275.03704407798,0.0,27
97,2011-12-23,436.75385846648896,0.0,27
23,2011-12-16,52610.73194538487,0.0,27
41,2011-12-23,11358.145551955313,0.0,27
40,2011-12-23,60323.72548201346,0.0,27
98,2011-12-30,523.2595925358844,1.0,27
16,2011-12-23,2118.412706343606,0.0,27
54,2011-12-09,105.9000810130653,0.0,27
93,2011-12-16,2198.7131125406418,0.0,27
91,2011-12-16,22423.082157662007,0.0,27
3,2011-12-02,4915.029135216871,0.0,27
23,2011-12-23,14784.428324473109,0.0,27
2,2011-12-02,57009.63807478753,0.0,27
99,2011-12-23,3124.429127131928,0.0,27
71,2011-12-23,91023.33468831348,0.0,27
54,2011-12-30,707.2923613763696,1.0,27
32,2011-12-16,7262.560614794517,0.0,27
17,2011-12-16,14153.03042208959,0.0,27
83,2011-12-23,399.6866478822764,0.0,27
40,2011-12-30,24176.29452288344,1.0,27
93,2011-12-09,2714.46714649716,0.0,27
21,2011-12-23,1904.8025119045856,0.0,27
36,2011-12-02,1752.7455794913471,0.0,27
29,2011-12-23,23891.62131390856,0.0,27
36,2011-12-23,4173.376229329028,0.0,27
93,2011-12-16,2040.5237862805811,0.0,27
18,2011-12-30,18714.709273205444,1.0,27
90,2011-12-30,14386.28452885955,1.0,27
1,2011-12-16,20594.953184507864,0.0,27
38,2011-12-16,68999.06694875636,0.0,27
7,2011-12-23,3144.5811292527583,0.0,27
82,2011-12-02,19711.46737140495,0.0,27
19,2011-12-30,10.68705481938072,1.0,27
6,2011-12-30,7290.32655480377,1.0,27
9,2011-12-30,13788.311930603184,1.0,27
25,2011-12-30,13939.650935062864,1.0,27
81,2011-12-16,21065.710462164014,0.0,27
11,2011-12-30,27175.93178303472,1.0,27
8,2011-12-02,8099.424929042068,0.0,27
42,2011-12-02,7421.719162833983,0.0,27
1,2011-12-16,43591.978123457,0.0,27
49,2011-12-02,17.554955970323704,0.0,27
28,2011-12-30,1570.034219787032,1.0,27
46,2011-12-02,6710.312368605486,0.0,27
14,2011-12-09,43534.78263653746,0.0,27
13,2011-12-02,45082.1391214465,0.0,27
38,2011-12-02,51695.233503614894,0.0,27
71,2011-12-23,88188.62838205733,0.0,27
21,2011-12-02,4850.872305401707,0.0,27
16,2011-12-02,14354.465111657411,0.0,27
77,2011-12-30,21865.62108480249,1.0,27
32,2011-12-23,12120.912981676278,0.0,27
18,2011-12-02,65282.46840258837,0.0,27
25,2011-12-23,27245.95161726833,0.0,27
30,2011-12-09,5637.101419051374,0.0,27
79,2011-12-23,39516.14203135981,0.0,27
80,2011-12-23,193.51397283324155,0.0,27
16,2011-12-23,4756.700738508313,0.0,27
28,2011-12-30,2659.801154065878,1.0,27
54,2011-12-23,343.16598772824943,0.0,27
87,2011-12-30,423.6524369898313,1.0,27
41,2011-12-09,1534.8843631178747,0.0,27
33,2011-12-09,9456.934527992667,0.0,27
74,2011-12-02,6625.673702647464,0.0,27
83,2011-12-09,3323.0135573456,0.0,27
32,2011-12-09,16911.707296111985,0.0,27
10,2011-12-30,40165.53361534447,1.0,27
35,2011-12-09,15702.3138159205,0.0,27
81,2011-12-16,37.55142081768756,0.0,28
93,2011-12-16,86529.0721397784,0.0,28
59,2011-12-09,21.57538967790888,0.0,28
11,2011-12-09,26795.047085846312,0.0,28
18,2011-12-09,41517.90610261639,0.0,28
20,2011-12-09,3.2295134717149114,0.0,28
80,2011-12-02,22737.50407640702,0.0,28
85,2011-12-09,8601.055281070594,0.0,28
38,2011-12-09,29462.493970753665,0.0,28
92,2011-12-09,25940.052549143875,0.0,28
25,2011-12-16,47.82621005110866,0.0,28
8,2011-12-30,10215.852739538608,1.0,28
72,2011-12-02,1089.1656880878097,0.0,28
97,2011-12-23,6505.366389064064,0.0,28
52,2011-12-02,80.76172571982981,0.0,28
93,2011-12-30,697.0704018794502,1.0,28
91,2011-12-02,51940.02036395588,0.0,28
35,2011-12-02,4219.135206771697,0.0,28
6,2011-12-16,10366.714449018316,0.0,28
7,2011-12-23,1803.6925907934235,0.0,28
98,2011-12-09,15296.16074555493,0.0,28
79,2011-12-02,186.5680279078097,0.0,28
36,2011-12-30,807.3940816300016,1.0,28
8,2011-12-30,6467.310171429354,1.0,28
22,2011-12-09,36.66877792724428,0.0,28
28,2011-12-09,311.5975926555071,0.0,28
74,2011-12-09,3801.398362713058,0.0,28
90,2011-12-23,80483.46596712024,0.0,28
55,2011-12-23,729.5265112030133,0.0,28
12,2011-12-02,5380.1064134936605,0.0,28
97,2011-12-09,25458.555194195367,0.0,28
60,2011-12-09,515.5543547262643,0.0,28
91,2011-12-30,34651.99973049795,1.0,28
33,2011-12-23,20459.11494205837,0.0,28
10,2011-12-23,198.8926273734081,0.0,28
97,2011-12-30,12636.561745976647,1.0,28
31,2011-12-23,40.13006370989908,0.0,28
29,2011-12-16,10295.138234907054,0.0,28
95,2011-12-23,63469.62096065733,0.0,28
41,2011-12-23,52.212109640534045,0.0,28
14,2011-12-30,28.33500413480148,1.0,28
56,2011-12-23,469.74732244542713,0.0,28
83,2011-12-23,4170.645755137438,0.0,28
74,2011-12-02,4567.850233530359,0.0,28
59,2011-12-23,4.453966434458668,0.0,28
14,2011-12-30,243.05149508293232,1.0,28
10,2011-12-09,194.87568916935413,0.0,28
94,2011-12-23,69354.17438477039,0.0,28
81,2011-12-23,12276.20267555742,0.0,28
42,2011-12-09,4957.171550325949,0.0,28
96,2011-12-16,13312.31739518118,0.0,28
12,2011-12-02,34.39312046398243,0.0,28
85,2011-12-16,3576.219974636412,0.0,28
79,2011-12-30,1036.2416103665105,1.0,28
54,2011-12-30,38868.76071228208,1.0,28
81,2011-12-09,7955.269517201594,0.0,28
67,2011-12-09,859.7148019792853,0.0,28
10,2011-12-02,76.77349177380046,0.0,28
14,2011-12-16,22630.63017481838,0.0,28
94,2011-12-30,17170.02793702051,1.0,28
29,2011-12-23,17325.762134834076,0.0,28
29,2011-12-23,18069.447819779143,0.0,28
92,2011-12-09,67151.76609243959,0.0,28
21,2011-12-09,1283.2227770833765,0.0,28
71,2011-12-16,746.6161633701995,0.0,28
42,2011-12-30,5884.019076175809,1.0,28
41,2011-12-30,634.5418611384225,1.0,28
6,2011-12-30,108.78792848688234,1.0,28
1,2011-12-02,8779.773058748346,0.0,28
26,2011-12-16,8.126380880790125,0.0,28
18,2011-12-30,555.120050728226,1.0,28
20,2011-12-16,23.44293432773775,0.0,28
87,2011-12-16,12861.053403159029,0.0,28
17,2011-12-09,19237.38151844212,0.0,28
13,2011-12-02,39663.46167214959,0.0,28
58,2011-12-02,20.74513898998236,0.0,28
87,2011-12-09,512.2415288419879,0.0,28
80,2011-12-09,27509.24748779988,0.0,28
18,2011-12-02,62310.254157030045,0.0,28
90,2011-12-16,39930.69331952479,0.0,28
22,2011-12-16,58.84659806478548,0.0,28
28,2011-12-30,41.6860954737835,1.0,28
81,2011-12-16,11263.30814556243,0.0,28
82,2011-12-23,47300.443045856046,0.0,28
16,2011-12-09,18549.15921013996,0.0,28
32,2011-12-16,39.88583722341809,0.0,28
92,2011-12-16,76225.03525293122,0.0,28
90,2011-12-30,73593.38497054702,1.0,28
3,2011-12-09,11868.874088908924,0.0,28
95,2011-12-23,121632.55616893228,0.0,28
79,2011-12-23,695.2860419951877,0.0,28
87,2011-12-02,38.32856033579111,0.0,28
44,2011-12-16,5482.47615698639,0.0,28
44,2011-12-02,104.50984604914264,0.0,28
34,2011-12-02,3873.285654710828,0.0,28
52,2011-12-02,3161.2418655202728,0.0,28
32,2011-12-30,6997.842947707207,1.0,28
28,2011-12-09,527.4766150354022,0.0,28
96,2011-12-30,8759.770586218276,1.0,28
31,2011-12-30,12.363945228659254,1.0,28
22,2011-12-16,51.85986729202161,0.0,28
80,2011-12-09,10187.850404867102,0.0,28
93,2011-12-02,2068.4551340898865,0.0,28
35,2011-12-16,2006.6731120273864,0.0,28
32,2011-12-30,28.431923804632707,1.0,28
17,2011-12-30,299.24506889623666,1.0,28
49,2011-12-09,58.60119807677246,0.0,28
6,2011-12-09,4649.1667321367495,0.0,28
48,2011-12-23,-201.55376407965923,0.0,28
67,2011-12-30,7208.0290605187265,1.0,28
16,2011-12-23,27842.52273745017,0.0,28
46,2011-12-30,672.3094633160857,1.0,28
22,2011-12-09,63.42522384933001,0.0,28
26,2011-12-09,78.5103605319775,0.0,28
21,2011-12-02,147.7018803507827,0.0,28
83,2011-12-02,10265.41281904847,0.0,28
95,2011-12-16,17982.563447745277,0.0,28
95,2011-12-30,37953.87860469415,1.0,28
1,2011-12-16,13496.937608607364,0.0,28
82,2011-12-30,571.2802095724287,1.0,28
99,2011-12-16,3164.443334187109,0.0,28
85,2011-12-23,894.0587075196262,0.0,28
16,2011-12-16,2428.542051259465,0.0,28
79,2011-12-16,5188.68729721785,0.0,28
59,2011-12-02,939.5204874172424,0.0,28
82,2011-12-09,898.5095757727684,0.0,28
29,2011-12-23,18185.27529540865,0.0,28
97,2011-12-23,7750.156103894369,0.0,28
1,2011-12-16,4330.263534774544,0.0,28
94,2011-12-09,186.4556675208481,0.0,28
56,2011-12-09,2374.4462619267915,0.0,28
80,2011-12-02,17588.293964176788,0.0,28
44,2011-12-23,7607.158189837644,0.0,28
82,2011-12-16,74599.0198899217,0.0,28
97,2011-12-02,13212.182176817529,0.0,28
81,2011-12-02,21621.50094856449,0.0,28
9,2011-12-30,8103.343015944853,1.0,28
99,2011-12-23,2634.591691303465,0.0,28
80,2011-12-09,61.36035116374536,0.0,28
6,2011-12-09,1200.206730137373,0.0,28
90,2011-12-30,90338.85715615432,1.0,28
45,2011-12-23,19.590100512095205,0.0,28
45,2011-12-02,10.368491726099885,0.0,28
95,2011-12-02,43810.94957091592,0.0,28
83,2011-12-30,164.9071865661695,1.0,28
30,2011-12-23,6199.871565322551,0.0,28
16,2011-12-16,2301.186233165057,0.0,28
67,2011-12-02,6406.360677719621,0.0,28
48,2011-12-23,24639.77414784589,0.0,28
10,2011-12-30,294.8161777575355,1.0,28
95,2011-12-16,132736.3045641405,0.0,28
10,2011-12-09,26707.0421216766,0.0,28
25,2011-12-23,26.062591556577345,0.0,28
22,2011-12-09,71.57016495646575,0.0,28
17,2011-12-30,8495.126664041074,1.0,28
96,2011-12-09,9331.091417100528,0.0,28
6,2011-12-23,193.14596748071125,0.0,28
11,2011-12-02,286.3435649545001,0.0,28
10,2011-12-16,12844.93859812902,0.0,28
16,2011-12-02,4941.133151097384,0.0,28
21,2011-12-02,4912.44660316037,0.0,28
85,2011-12-09,68.28972802482572,0.0,28
12,2011-12-23,5680.673733497846,0.0,28
72,2011-12-09,7552.494087511051,0.0,28
96,2011-12-02,23940.60690070481,0.0,28
23,2011-12-23,9.611907458070442,0.0,28
2,2011-12-16,94291.7410652757,0.0,28
16,2011-12-02,405.7837406441061,0.0,28
28,2011-12-23,74.97505760291342,0.0,28
54,2011-12-09,53.67894408241579,0.0,28
55,2011-12-09,9956.707740788372,0.0,28
23,2011-12-23,47.08203879590853,0.0,28
13,2011-12-23,10693.177142291404,0.0,28
9,2011-12-23,36756.7000912138,0.0,28
12,2011-12-02,3942.190951699751,0.0,28
96,2011-12-23,18792.75322015856,0.0,28
16,2011-12-23,244.3504932147823,0.0,28
93,2011-12-30,43273.19144188355,1.0,28
96,2011-12-30,-3.023225207330274,1.0,28
4,2011-12-09,15897.23641074442,0.0,28
49,2011-12-23,12.673828310148211,0.0,28
6,2011-12-23,798.9141596118969,0.0,28
94,2011-12-16,28792.082114313063,0.0,28
4,2011-12-23,63630.40879780432,0.0,28
42,2011-12-16,6651.8870657691,0.0,28
27,2011-12-30,17.145538300156886,1.0,28
10,2011-12-23,19069.28057334217,0.0,28
33,2011-12-23,17067.343248858735,0.0,28
16,2011-12-09,8184.218556268302,0.0,28
60,2011-12-16,473.6538862062458,0.0,28
54,2011-12-23,106.99903609926004,0.0,28
10,2011-12-30,39.05702574785879,1.0,28
6,2011-12-23,154.1911679792206,0.0,28
7,2011-12-16,972.4633423284232,0.0,28
4,2011-12-09,12971.321764559398,0.0,28
90,2011-12-30,17852.29075811866,1.0,28
9,2011-12-23,15525.365106499572,0.0,28
91,2011-12-09,62100.57414408114,0.0,28
93,2011-12-30,28020.778932435613,1.0,28
91,2011-12-16,43116.641833272406,0.0,28
20,2011-12-16,3335.0036980915656,0.0,28
22,2011-12-16,45.584353623906495,0.0,28
17,2011-12-23,13.082798178253933,0.0,28
24,2011-12-23,9.774753404002835,0.0,28
59,2011-12-30,4035.557102426441,1.0,28
16,2011-12-16,569.0704553524438,0.0,28
16,2011-12-16,7933.1299017210495,0.0,28
33,2011-12-16,13915.05063635095,0.0,28
16,2011-12-16,243.04311396073143,0.0,28
12,2011-12-02,48.91572620049585,0.0,28
60,2011-12-16,399.4903489354665,0.0,28
32,2011-12-02,9798.314615672994,0.0,28
34,2011-12-02,10198.938768348651,0.0,28
95,2011-12-23,25441.413067915622,0.0,28
46,2011-12-30,17030.748912116673,1.0,28
59,2011-12-16,742.8863535751893,0.0,28
82,2011-12-02,18191.625053701537,0.0,28
93,2011-12-09,41026.20859931376,0.0,28
9,2011-12-09,18205.593988980545,0.0,28
72,2011-12-30,4316.507293475495,1.0,28
6,2011-12-02,1016.0946045890188,0.0,28
22,2011-12-02,21.881820908350623,0.0,28
94,2011-12-02,85.33318817577369,0.0,28
28,2011-12-30,262.2724087374816,1.0,28
23,2011-12-16,24.56178796392977,0.0,28
6,2011-12-09,53.17878969329613,0.0,28
87,2011-12-09,14017.03565767928,0.0,28
48,2011-12-02,19.86129051292784,0.0,28
38,2011-12-23,21392.9020340596,0.0,28
42,2011-12-16,6255.858116679984,0.0,28
18,2011-12-09,470.10121732263167,0.0,28
49,2011-12-16,883.0416958078935,0.0,28
95,2011-12-02,11438.952947382191,0.0,28
94,2011-12-02,95.12565855070974,0.0,28
17,2011-12-16,78.70452242425685,0.0,28
98,2011-12-30,7062.890036456888,1.0,28
33,2011-12-23,43524.45228240812,0.0,28
10,2011-12-09,202.1801946744324,0.0,28
55,2011-12-23,362.83203520407386,0.0,28
83,2011-12-02,4485.97554000189,0.0,28
47,2011-12-16,8409.33144167081,0.0,28
67,2011-12-09,8217.13022753548,0.0,28
28,2011-12-02,102.04667769824914,0.0,28
92,2011-12-30,29679.48379479545,1.0,28
27,2011-12-23,1352.6143132912305,0.0,28
72,2011-12-02,7310.318733273008,0.0,28
9,2011-12-30,23746.2847886636,1.0,28
67,2011-12-09,1138.4487456324157,0.0,28
81,2011-12-16,27738.122984983384,0.0,28
12,2011-12-09,84.62763392964433,0.0,28
74,2011-12-30,573.0802322076355,1.0,28
60,2011-12-30,202.48680005906564,1.0,28
60,2011-12-09,250.51508660219787,0.0,28
20,2011-12-09,984.7334512265528,0.0,28
28,2011-12-16,51.47332979571595,0.0,28
5,2011-12-09,4977.180557974189,0.0,29
4,2011-12-02,16867.758317480464,0.0,29
74,2011-12-23,6240.488697893709,0.0,29
91,2011-12-09,45982.53561982023,0.0,29
56,2011-12-02,16878.465663680185,0.0,29
97,2011-12-02,14238.768955560245,0.0,29
74,2011-12-23,13440.02903205211,0.0,29
2,2011-12-30,72385.42231413806,1.0,29
56,2011-12-23,941.614561871371,0.0,29
36,2011-12-23,3320.416975847756,0.0,29
35,2011-12-23,2063.184394623408,0.0,29
79,2011-12-16,1067.642974826853,0.0,29
85,2011-12-30,10171.225567142554,1.0,29
93,2011-12-16,59803.14757247672,0.0,29
38,2011-12-16,38065.34856580703,0.0,29
95,2011-12-30,41617.89331176492,1.0,29
30,2011-12-02,8818.707570645602,0.0,29
94,2011-12-23,51787.05917010782,0.0,29
13,2011-12-16,52007.85854767638,0.0,29
98,2011-12-23,12609.635685876508,0.0,29
85,2011-12-23,7060.225979857979,0.0,29
2,2011-12-23,109504.20651073576,0.0,29
42,2011-12-02,7356.689447343688,0.0,29
59,2011-12-16,1280.639384927108,0.0,29
38,2011-12-30,35818.190610383564,1.0,29
32,2011-12-16,17242.967181768017,0.0,29
95,2011-12-16,88005.84890871643,0.0,29
26,2011-12-23,13162.022123267998,0.0,29
23,2011-12-09,37685.96445137672,0.0,29
13,2011-12-09,13041.705790803711,0.0,29
92,2011-12-30,84622.39981187132,1.0,29
71,2011-12-02,47760.04724478465,0.0,29
3,2011-12-30,4099.894735320852,1.0,29
72,2011-12-30,57345.26970482322,1.0,29
40,2011-12-09,61873.014745116576,0.0,29
90,2011-12-23,116864.12360242305,0.0,29
27,2011-12-23,1149.8932979835538,0.0,29
79,2011-12-09,21406.06557779265,0.0,29
10,2011-12-30,20843.4504939682,1.0,29
96,2011-12-16,19215.140771877857,0.0,29
90,2011-12-02,10572.417931555938,0.0,29
48,2011-12-23,33562.99395391085,0.0,29
92,2011-12-09,113915.49775365937,0.0,29
92,2011-12-02,67390.68428712002,0.0,29
55,2011-12-16,1912.967340507708,0.0,29
27,2011-12-16,8238.27935152045,0.0,29
48,2011-12-30,16255.476799138316,1.0,29
74,2011-12-30,1665.8750430882658,1.0,29
7,2011-12-02,4374.474348226914,0.0,29
2,2011-12-02,57079.42194201221,0.0,29
33,2011-12-23,8998.534747481193,0.0,29
7,2011-12-02,70931.6702590515,0.0,29
5,2011-12-23,3703.961883497772,0.0,29
94,2011-12-23,38801.2656926396,0.0,29
29,2011-12-09,9289.320590619804,0.0,29
58,2011-12-30,3644.628849800916,1.0,29
30,2011-12-02,419.5527713483192,0.0,29
94,2011-12-30,26567.89182544111,1.0,29
10,2011-12-02,44030.50297599349,0.0,29
67,2011-12-09,15398.960416345164,0.0,29
37,2011-12-09,3252.2174668660896,0.0,29
22,2011-12-09,7787.036702706132,0.0,29
8,2011-12-30,11557.769630657143,1.0,29
31,2011-12-16,3287.115742667541,0.0,29
95,2011-12-30,117761.24560395018,1.0,29
26,2011-12-16,11351.995744103697,0.0,29
23,2011-12-16,73646.20102642206,0.0,29
93,2011-12-30,30698.060266807934,1.0,29
87,2011-12-30,552.2300841743362,1.0,29
50,2011-12-02,1436.304558076191,0.0,29
42,2011-12-23,9929.415854333543,0.0,29
46,2011-12-30,44651.75633474181,1.0,29
34,2011-12-23,27783.450886420545,0.0,29
52,2011-12-02,30785.738695345502,0.0,29
92,2011-12-30,47879.75550394895,1.0,29
17,2011-12-23,50183.72472420401,0.0,29
4,2011-12-16,56528.13491404266,0.0,29
19,2011-12-16,5379.701924955793,0.0,29
24,2011-12-23,9176.206569513331,0.0,29
79,2011-12-30,25677.470206223803,1.0,29
27,2011-12-09,2841.912031716192,0.0,29
14,2011-12-09,4063.640398048145,0.0,29
30,2011-12-30,1718.592819252805,1.0,29
26,2011-12-02,13780.59166076,0.0,29
82,2011-12-30,21727.660470515264,1.0,29
18,2011-12-02,22175.011329313933,0.0,29
10,2011-12-23,28496.41420477557,0.0,29
94,2011-12-09,30482.70703322129,0.0,29
49,2011-12-02,3052.464792744607,0.0,29
25,2011-12-23,17910.85318235365,0.0,29
41,2011-12-16,5809.242891573902,0.0,29
30,2011-12-16,5050.163501305397,0.0,29
18,2011-12-23,50336.27744290072,0.0,29
34,2011-12-09,7770.1748467321695,0.0,29
55,2011-12-02,72.65157490535755,0.0,29
85,2011-12-23,5981.054869475958,0.0,29
74,2011-12-02,1874.4403556665056,0.0,29
28,2011-12-16,1482.6184874531068,0.0,29
81,2011-12-30,22864.366965981604,1.0,29
19,2011-12-30,2079.474443766021,1.0,29
59,2011-12-23,15727.358692681992,0.0,29
95,2011-12-30,62155.02832135424,1.0,29
3,2011-12-23,4826.406382268336,0.0,29
16,2011-12-16,16955.0643213023,0.0,29
40,2011-12-23,58212.97651443704,0.0,29
98,2011-12-09,20044.7976096126,0.0,29
54,2011-12-23,44246.29511741288,0.0,29
72,2011-12-09,21016.543174684462,0.0,29
6,2011-12-23,15138.112700800124,0.0,29
54,2011-12-16,60713.736073910666,0.0,29
2,2011-12-09,25478.38179041217,0.0,29
87,2011-12-02,18400.26121475092,0.0,29
37,2011-12-16,4054.7363584320783,0.0,29
92,2011-12-09,82765.77549152428,0.0,29
45,2011-12-16,28.7554744496867,0.0,29
30,2011-12-09,4944.478761260088,0.0,29
67,2011-12-09,15761.834315060025,0.0,29
35,2011-12-16,1409.815830528324,0.0,29
80,2011-12-23,13493.079551522018,0.0,29
34,2011-12-09,23138.933818269503,0.0,29
32,2011-12-16,9116.430638177131,0.0,29
91,2011-12-30,5516.741512534481,1.0,29
95,2011-12-16,154823.84417726757,0.0,29
52,2011-12-09,14.639476934021918,0.0,29
22,2011-12-30,12445.77342496537,1.0,29
82,2011-12-02,41684.286184894285,0.0,29
40,2011-12-30,55648.83067995269,1.0,29
90,2011-12-16,37773.25094048888,0.0,29
40,2011-12-09,76102.2616596826,0.0,29
60,2011-12-16,2361.286129372748,0.0,29
38,2011-12-16,59454.823006084654,0.0,29
31,2011-12-16,5526.741825378444,0.0,29
12,2011-12-23,5136.848591793177,0.0,29
23,2011-12-02,26281.153765024257,0.0,29
82,2011-12-23,16502.455043412396,0.0,29
16,2011-12-30,23283.37145638214,1.0,29
67,2011-12-30,9619.911580689946,1.0,29
23,2011-12-16,54724.30145689961,0.0,29
52,2011-12-09,-14.094868232362897,0.0,29
52,2011-12-23,2417.538231864984,0.0,29
26,2011-12-30,15711.984091634047,1.0,29
5,2011-12-30,1237.3162481126317,1.0,29
81,2011-12-30,53719.15745240624,1.0,29
7,2011-12-09,54925.904461345,0.0,29
13,2011-12-16,32144.07458534259,0.0,29
45,2011-12-23,12221.94888682107,0.0,29
67,2011-12-02,232.20453599913048,0.0,29
93,2011-12-30,45503.16365876954,1.0,29
24,2011-12-23,15159.75868608641,0.0,29
87,2011-12-09,9472.47925805719,0.0,29
22,2011-12-02,8863.387437821746,0.0,29
12,2011-12-30,3060.2892980505026,1.0,29
1,2011-12-09,46629.57880768049,0.0,29
22,2011-12-16,14037.742330349512,0.0,29
2,2011-12-16,64667.437659745854,0.0,29
56,2011-12-30,11339.801331228133,1.0,29
72,2011-12-16,96830.31162401772,0.0,29
55,2011-12-02,17486.328731596375,0.0,29
44,2011-12-09,7202.506065363628,0.0,29
72,2011-12-02,5830.690310266725,0.0,29
12,2011-12-02,4212.600991179072,0.0,29
81,2011-12-16,73076.22896684222,0.0,29
95,2011-12-09,30774.563760218123,0.0,29
13,2011-12-16,19863.80054682945,0.0,29
10,2011-12-30,26875.579519721123,1.0,29
9,2011-12-16,20384.320755539957,0.0,29
67,2011-12-02,50675.8900255383,0.0,29
35,2011-12-02,839.4224514528686,0.0,29
42,2011-12-16,12318.788949725806,0.0,29
5,2011-12-02,2063.6467931406887,0.0,29
19,2011-12-23,3360.0875834296594,0.0,29
6,2011-12-09,1832.001558145677,0.0,29
37,2011-12-16,3283.1449567647683,0.0,29
20,2011-12-23,6022.565739398806,0.0,29
80,2011-12-23,27382.86068522712,0.0,29
3,2011-12-16,12387.58428786238,0.0,29
24,2011-12-16,9758.945621517045,0.0,29
7,2011-12-09,92585.09115387508,0.0,29
6,2011-12-30,11051.943105288286,1.0,29
22,2011-12-02,19728.667855428692,0.0,29
6,2011-12-30,10810.201439594755,1.0,29
55,2011-12-23,4007.964861552397,0.0,29
56,2011-12-02,1877.0441817916587,0.0,29
28,2011-12-23,1294.0858321839446,0.0,29
3,2011-12-16,16130.860030908689,0.0,29
96,2011-12-23,19626.39038794586,0.0,29
46,2011-12-23,65143.320590000105,0.0,29
95,2011-12-23,42666.771656558725,0.0,29
81,2011-12-23,25077.64284132348,0.0,29
92,2011-12-02,119489.74411649718,0.0,29
8,2011-12-02,15182.385083515095,0.0,29
72,2011-12-16,16076.248402749614,0.0,29
28,2011-12-09,1629.2685670177443,0.0,29
67,2011-12-02,6954.222834843526,0.0,29
21,2011-12-02,8728.720545960025,0.0,29
95,2011-12-30,106903.64311009078,1.0,29
71,2011-12-30,25812.549256336926,1.0,29
92,2011-12-23,106034.52258974216,0.0,29
90,2011-12-02,43489.8923847248,0.0,29
94,2011-12-30,22640.491222341974,1.0,29
60,2011-12-16,365.6114492442009,0.0,29
97,2011-12-30,19171.811240747666,1.0,29
56,2011-12-16,160.03946847076855,0.0,29
82,2011-12-23,7603.064400139742,0.0,29
2,2011-12-30,44814.10734939642,1.0,29
29,2011-12-09,25432.44701630696,0.0,29
42,2011-12-09,6247.638428080038,0.0,29
67,2011-12-23,544.0008748371249,0.0,29
58,2011-12-16,8735.56171570254,0.0,29
6,2011-12-02,3458.469475358584,0.0,29
7,2011-12-23,232926.6371785164,0.0,29
2,2011-12-16,49386.2032300489,0.0,29
92,2011-12-02,117439.29146739992,0.0,29
27,2011-12-09,5378.052087654561,0.0,29
42,2011-12-23,5136.326470535105,0.0,29
92,2011-12-02,100522.43281466406,0.0,29
81,2011-12-09,12493.690332347858,0.0,29
52,2011-12-16,2290.130373665384,0.0,29
14,2011-12-23,9802.383571335366,0.0,29
92,2011-12-16,94473.43671753138,0.0,29
48,2011-12-23,7809.668932302352,0.0,29
38,2011-12-16,61624.97899037928,0.0,29
32,2011-12-09,9658.678651026148,0.0,29
8,2011-12-16,44183.6812607652,0.0,29
74,2011-12-02,15799.746667645975,0.0,29
11,2011-12-23,11952.607506554004,0.0,29
72,2011-12-09,55306.5752322308,0.0,29
48,2011-12-09,9991.11201219616,0.0,29
19,2011-12-09,5223.55949409657,0.0,29
56,2011-12-02,2669.164108520643,0.0,29
87,2011-12-23,18151.013488323,0.0,29
32,2011-12-09,11231.485828847848,0.0,29
13,2011-12-02,10686.620698694947,0.0,29
2,2011-12-02,35292.92522240052,0.0,29
92,2011-12-16,202478.00708016992,0.0,29
3,2011-12-16,24053.61884677213,0.0,29
13,2011-12-16,44672.00493657605,0.0,29
83,2011-12-30,2149.955265154207,1.0,29
25,2011-12-02,4625.209072166257,0.0,29
81,2011-12-09,16955.184153982413,0.0,29
22,2011-12-02,10347.83915077302,0.0,29
91,2011-12-23,18667.496874121945,0.0,29
72,2011-12-23,188703.9730172787,0.0,29
55,2011-12-16,2015.9295264140965,0.0,29
79,2011-12-16,30452.01900612235,0.0,29
21,2011-12-30,3193.067059637381,1.0,29
23,2011-12-09,86159.3987900246,0.0,29
10,2011-12-23,11346.651188477575,0.0,29
21,2011-12-30,4180.618133827736,1.0,29
13,2011-12-09,45588.10781158535,0.0,29
59,2011-12-09,1072.5926834222676,0.0,29
10,2011-12-30,23429.31541191197,1.0,29
54,2011-12-23,133.05075427643837,0.0,29
87,2011-12-16,18980.611803647036,0.0,29
14,2011-12-02,464.1602673640321,0.0,29
74,2011-12-16,11168.705923350237,0.0,29
52,2011-12-16,21.813529502607853,0.0,29
20,2011-12-16,5244.818348065407,0.0,29
48,2011-12-30,3360.320505747556,1.0,29
83,2011-12-23,3503.9987575331315,0.0,29
79,2011-12-23,63506.97008942646,0.0,29
38,2011-12-02,70880.65686951618,0.0,29
90,2011-12-02,76251.40008153346,0.0,29
1,2011-12-23,90094.06573294025,0.0,29
94,2011-12-30,55981.776132945735,1.0,29
85,2011-12-23,6867.776309676391,0.0,29
40,2011-12-30,34997.44049382087,1.0,29
30,2011-12-23,5710.043232128737,0.0,29
51,2011-12-30,115.64125631091446,1.0,29
24,2011-12-09,11905.073239910738,0.0,29
33,2011-12-16,9600.292156340658,0.0,29
42,2011-12-30,10520.30975138082,1.0,29
23,2011-12-30,21380.0754958972,1.0,29
49,2011-12-09,42601.98964813189,0.0,29
40,2011-12-16,34900.36799760399,0.0,29
38,2011-12-30,40187.465025048354,1.0,29
46,2011-12-30,28.852931662656225,1.0,29
8,2011-12-23,29387.73336703603,0.0,29
92,2011-12-02,80813.30563651549,0.0,29
49,2011-12-02,13932.435106400628,0.0,29
60,2011-12-23,9794.425248159145,0.0,29
56,2011-12-23,26460.75578363276,0.0,29
56,2011-12-30,20098.803183432527,1.0,29
25,2011-12-09,11350.055460460642,0.0,29
71,2011-12-16,69367.11062970097,0.0,29
54,2011-12-23,153.2010558386888,0.0,29
23,2011-12-09,27240.15683352856,0.0,29
52,2011-12-16,21787.45643229328,0.0,29
22,2011-12-30,16229.082952245712,1.0,29
85,2011-12-02,9278.38389711448,0.0,29
55,2011-12-02,102.63788971678208,0.0,29
17,2011-12-16,12388.677748395326,0.0,29
14,2011-12-23,68782.05387148725,0.0,29
4,2011-12-30,5934.901552997732,1.0,29
6,2011-12-23,1164.3422736112148,0.0,29
80,2011-12-09,65196.52719243142,0.0,29
91,2011-12-16,5916.75475121114,0.0,29
44,2011-12-02,7.589303306989834,0.0,29
92,2011-12-16,92502.25517413148,0.0,29
72,2011-12-16,81528.27444953866,0.0,29
35,2011-12-30,1976.4654778916129,1.0,29
7,2011-12-16,189571.20136617235,0.0,29
95,2011-12-02,88064.03463212677,0.0,29
46,2011-12-02,14.73280724442704,0.0,29
26,2011-12-23,11112.439809024056,0.0,29
80,2011-12-23,10654.84787198866,0.0,29
25,2011-12-23,26490.35809348321,0.0,29
82,2011-12-02,42348.83815703602,0.0,29
60,2011-12-02,8538.428678456052,0.0,29
11,2011-12-02,19145.30305476816,0.0,29
12,2011-12-09,5027.03350536805,0.0,29
20,2011-12-09,2805.0718845334804,0.0,29
67,2011-12-23,14909.782754896114,0.0,29
71,2011-12-02,44823.60996704464,0.0,29
31,2011-12-23,6191.907341619051,0.0,29
59,2011-12-23,4734.535746514626,0.0,29
13,2011-12-30,57741.02697871123,1.0,29
38,2011-12-09,58522.539481476175,0.0,29
71,2011-12-30,14723.971818348798,1.0,29
49,2011-12-23,9976.576094358028,0.0,29
67,2011-12-30,12731.858670320333,1.0,29
5,2011-12-16,1796.038824920392,0.0,29
32,2011-12-16,11342.310384857648,0.0,29
11,2011-12-16,18045.110642574477,0.0,29
26,2011-12-30,6608.5860203506,1.0,29
80,2011-12-09,7829.688315218523,0.0,29
59,2011-12-23,22044.33053252856,0.0,29
82,2011-12-09,42686.60035891429,0.0,29
95,2011-12-30,117870.08617632082,1.0,29
97,2011-12-16,15736.236173230573,0.0,29
30,2011-12-09,2232.83798452882,0.0,29
95,2011-12-30,59807.399293082846,1.0,29
21,2011-12-30,4314.4045690311295,1.0,29
41,2011-12-30,1159.699215604884,1.0,29
72,2011-12-23,17947.33669682787,0.0,29
24,2011-12-09,3010.398160546053,0.0,29
82,2011-12-09,2753.331361595136,0.0,29
16,2011-12-16,38427.1382527979,0.0,29
24,2011-12-23,3562.38321794394,0.0,29
81,2011-12-16,17569.183922781333,0.0,29
2,2011-12-09,34992.42028476831,0.0,29
93,2011-12-02,40131.67052148457,0.0,29
77,2011-12-09,18894.265687292125,0.0,29
72,2011-12-23,199755.697421235,0.0,29
11,2011-12-30,25504.020709904144,1.0,29
72,2011-12-09,54111.24111177331,0.0,29
8,2011-12-30,17225.57575455462,1.0,29
1,2011-12-16,50418.24788955572,0.0,29
7,2011-12-23,187076.15735042508,0.0,29
72,2011-12-30,154468.7333123673,1.0,29
7,2011-12-30,36900.124729779454,1.0,29
46,2011-12-02,4727.066470205021,0.0,29
46,2011-12-30,21499.12998753493,1.0,29
14,2011-12-09,14790.675135920264,0.0,29
2,2011-12-02,39783.68757866814,0.0,29
90,2011-12-09,15195.23557384903,0.0,29
25,2011-12-16,20028.863089866438,0.0,29
49,2011-12-30,6571.153476525061,1.0,29
34,2011-12-30,2583.8717180056906,1.0,29
52,2011-12-09,7945.345770849594,0.0,29
97,2011-12-30,20768.595158512333,1.0,29
93,2011-12-23,59418.44330303736,0.0,29
26,2011-12-23,28093.833086916347,0.0,29
33,2011-12-30,6239.5729419612,1.0,29
26,2011-12-30,6343.776502587709,1.0,29
80,2011-12-23,34863.63264590168,0.0,29
7,2011-12-16,75998.77475988795,0.0,29
14,2011-12-09,14100.465072740588,0.0,29
44,2011-12-09,5952.499004026887,0.0,29
56,2011-12-16,23410.28184848768,0.0,29
5,2011-12-23,1462.9513421864135,0.0,29
38,2011-12-16,14244.30064520786,0.0,30
7,2011-12-02,13144.177070967688,0.0,30
40,2011-12-16,12818.104432593607,0.0,30
98,2011-12-09,13978.922998348937,0.0,30
28,2011-12-23,1056.2038944356686,0.0,30
85,2011-12-09,156.8227630128752,0.0,30
16,2011-12-23,30364.15667291257,0.0,30
60,2011-12-30,166.81333160289608,1.0,30
18,2011-12-16,1503.353185793748,0.0,30
85,2011-12-30,31420.81223312862,1.0,30
81,2011-12-09,17531.292122688108,0.0,30
56,2011-12-09,1254.5936836133972,0.0,30
28,2011-12-23,637.1110234411489,0.0,30
45,2011-12-23,21527.955049395798,0.0,30
10,2011-12-23,19891.84445856804,0.0,30
36,2011-12-16,964.514105175207,0.0,30
98,2011-12-02,113.56921780246206,0.0,30
54,2011-12-23,14.897335784651435,0.0,30
44,2011-12-02,160.2664484723621,0.0,30
4,2011-12-30,8784.423637035676,1.0,30
24,2011-12-23,17512.026870193236,0.0,30
22,2011-12-30,39.50932969618745,1.0,30
97,2011-12-23,16961.581490947097,0.0,30
85,2011-12-30,7777.474934707831,1.0,30
48,2011-12-23,33.361562095725255,0.0,30
87,2011-12-30,5098.728471653306,1.0,30
60,2011-12-30,410.1762473285438,1.0,30
54,2011-12-23,488.86353994582805,0.0,30
25,2011-12-16,37.7755638838412,0.0,30
47,2011-12-30,-40.63000342393775,1.0,30
28,2011-12-30,106.5395007204788,1.0,30
94,2011-12-16,22346.12918205295,0.0,30
52,2011-12-30,33.29841635836689,1.0,30
27,2011-12-09,17.8888950181508,0.0,30
2,2011-12-02,11838.123194808964,0.0,30
1,2011-12-09,22167.8760946714,0.0,30
7,2011-12-09,853.5711667232441,0.0,30
17,2011-12-16,504.536231548567,0.0,30
9,2011-12-16,25095.07310981229,0.0,30
35,2011-12-09,985.5332160557896,0.0,30
58,2011-12-16,50.57416107244066,0.0,30
44,2011-12-30,2.1020807001565487,1.0,30
67,2011-12-09,13806.678790496502,0.0,30
4,2011-12-09,18548.12113860982,0.0,30
55,2011-12-23,100.57703970643183,0.0,30
97,2011-12-30,3805.1258593417992,1.0,30
94,2011-12-09,34615.6002556473,0.0,30
94,2011-12-09,213.39407611800576,0.0,30
87,2011-12-23,25270.490698447044,0.0,30
6,2011-12-02,139.27570899777666,0.0,30
10,2011-12-30,14523.113984929822,1.0,30
95,2011-12-16,55729.65739411885,0.0,30
10,2011-12-16,14651.573099583657,0.0,30
52,2011-12-30,52.38657542408368,1.0,30
94,2011-12-02,89.62277955408383,0.0,30
49,2011-12-23,3774.2110004776873,0.0,30
1,2011-12-02,6869.314646505064,0.0,30
30,2011-12-02,9945.271044725536,0.0,30
11,2011-12-30,277.1803830463887,1.0,30
28,2011-12-09,55.93108742284444,0.0,30
96,2011-12-30,14155.95522194621,1.0,30
22,2011-12-30,54.89544730720711,1.0,30
12,2011-12-30,6738.114412978253,1.0,30
6,2011-12-23,59.65209378696888,0.0,30
79,2011-12-02,27564.97546742772,0.0,30
42,2011-12-02,5534.65899327928,0.0,30
78,2011-12-30,36.1401765828548,1.0,30
85,2011-12-02,198.5906574278137,0.0,30
40,2011-12-09,67.9279722357704,0.0,30
36,2011-12-30,846.9488798716095,1.0,30
60,2011-12-16,8287.185393577227,0.0,30
52,2011-12-16,1406.454137613798,0.0,30
96,2011-12-16,18.02349195426445,0.0,30
25,2011-12-02,51.62410267823233,0.0,30
27,2011-12-23,3347.3087087571507,0.0,30
17,2011-12-30,11263.615661339809,1.0,30
85,2011-12-02,7414.816222468625,0.0,30
90,2011-12-16,2740.6802642025773,0.0,30
24,2011-12-02,48.026827456145554,0.0,30
21,2011-12-09,153.3710417971511,0.0,30
44,2011-12-02,5687.401901549397,0.0,30
23,2011-12-30,59.348527508886704,1.0,30
32,2011-12-16,13575.893487712232,0.0,30
67,2011-12-23,1116.3878678932774,0.0,30
38,2011-12-02,74004.26943107804,0.0,30
81,2011-12-23,128.71621275594237,0.0,30
87,2011-12-23,11950.729481396338,0.0,30
13,2011-12-02,4502.848859607286,0.0,30
3,2011-12-30,923.5861150511978,1.0,30
2,2011-12-02,12633.969619502095,0.0,30
60,2011-12-09,231.55321892429663,0.0,30
10,2011-12-23,11679.63372936356,0.0,30
6,2011-12-09,416.90900602898046,0.0,30
72,2011-12-23,577.3978493806673,0.0,30
77,2011-12-30,8658.47786442463,1.0,30
20,2011-12-02,7041.207075316323,0.0,30
23,2011-12-02,35141.880051378925,0.0,30
46,2011-12-02,11.290661129584848,0.0,30
22,2011-12-02,79.54498336090379,0.0,30
4,2011-12-23,16889.839668550874,0.0,30
12,2011-12-16,75.66118578731243,0.0,30
85,2011-12-23,3788.770872945585,0.0,30
40,2011-12-09,49411.57096168079,0.0,30
3,2011-12-02,11778.59319118347,0.0,30
98,2011-12-30,11.663809418599005,1.0,30
22,2011-12-16,50.7794362124807,0.0,30
8,2011-12-23,23873.710841912725,0.0,30
13,2011-12-16,18436.66135129777,0.0,30
23,2011-12-23,37.745184201550494,0.0,30
79,2011-12-02,238.95510763841517,0.0,30
81,2011-12-02,272.65252607112546,0.0,30
94,2011-12-30,30361.36966604009,1.0,30
49,2011-12-02,34.465985877206144,0.0,30
60,2011-12-30,177.44837191097585,1.0,30
93,2011-12-16,33654.23861719875,0.0,30
49,2011-12-30,67.00375029628569,1.0,30
80,2011-12-09,6587.821245089054,0.0,30
16,2011-12-30,42277.48808793184,1.0,30
52,2011-12-16,56289.61387386065,0.0,30
97,2011-12-16,6405.056634280042,0.0,30
12,2011-12-16,64.31254190021616,0.0,30
54,2011-12-30,17337.712700357108,1.0,30
94,2011-12-16,22816.07994962385,0.0,30
55,2011-12-23,62.834755136080574,0.0,30
93,2011-12-23,91481.95782886112,0.0,30
80,2011-12-30,6222.363239906634,1.0,30
16,2011-12-09,343.1992156922496,0.0,30
1,2011-12-23,12638.90437306613,0.0,30
74,2011-12-23,17935.66774320637,0.0,30
3,2011-12-02,10668.148506967687,0.0,30
10,2011-12-23,413.3885035841425,0.0,30
67,2011-12-30,798.0792996717377,1.0,30
96,2011-12-16,15407.974769761908,0.0,30
98,2011-12-30,5147.93398624718,1.0,30
52,2011-12-23,1.3196918060644565,0.0,30
87,2011-12-16,574.7625860318029,0.0,30
71,2011-12-02,14059.91397351178,0.0,30
26,2011-12-02,33.129663429591545,0.0,30
16,2011-12-23,395.99602764724966,0.0,30
67,2011-12-02,6077.627757707081,0.0,30
22,2011-12-09,11.581570421986896,0.0,30
1,2011-12-02,8962.642586905242,0.0,30
41,2011-12-16,4447.403830546568,0.0,30
82,2011-12-02,95.72596215388182,0.0,30
97,2011-12-09,16488.288474431112,0.0,30
10,2011-12-23,355.04782626455926,0.0,30
99,2011-12-16,1451.0890882699098,0.0,30
56,2011-12-16,19982.21392246246,0.0,30
22,2011-12-23,103.40181137441029,0.0,30
49,2011-12-02,23553.72386382014,0.0,30
5,2011-12-02,693.3140923859934,0.0,30
74,2011-12-30,832.2081853528655,1.0,30
87,2011-12-23,15490.954773594383,0.0,30
93,2011-12-30,66936.6787048497,1.0,30
98,2011-12-23,9414.91023499622,0.0,30
17,2011-12-16,18297.793276143555,0.0,30
6,2011-12-23,561.9807532485337,0.0,30
44,2011-12-30,12.566944838903716,1.0,30
97,2011-12-16,20430.526511790747,0.0,30
97,2011-12-02,15608.740522147158,0.0,30
65,2011-12-16,234.40483718376976,0.0,30
95,2011-12-16,49255.94875989871,0.0,30
4,2011-12-02,274.29621033344245,0.0,30
4,2011-12-23,55540.807247610566,0.0,30
28,2011-12-02,805.3657230234262,0.0,30
97,2011-12-30,23423.1857798277,1.0,30
60,2011-12-09,416.50730001449136,0.0,30
45,2011-12-09,17.86866824440266,0.0,30
34,2011-12-02,13174.352504147064,0.0,30
18,2011-12-23,758.1334748750281,0.0,30
9,2011-12-30,29506.18294302036,1.0,30
42,2011-12-30,5893.863351061116,1.0,30
83,2011-12-23,879.4762137336661,0.0,30
42,2011-12-02,7632.137338626804,0.0,30
23,2011-12-09,31841.24290401834,0.0,30
52,2011-12-02,104.222152647737,0.0,30
31,2011-12-16,9.397029922482655,0.0,30
29,2011-12-16,15565.030185591955,0.0,30
28,2011-12-30,114.36716762368316,1.0,30
96,2011-12-23,-10.921216810747868,0.0,30
91,2011-12-30,4834.701234086285,1.0,30
22,2011-12-02,52.41032957985846,0.0,30
54,2011-12-09,181.0209289493525,0.0,30
87,2011-12-02,356.5503190393992,0.0,30
85,2011-12-02,163.9907071594198,0.0,30
94,2011-12-16,54344.887452745024,0.0,30
87,2011-12-23,354.3042960064392,0.0,30
91,2011-12-23,4269.814681808158,0.0,30
23,2011-12-30,12.852338858689382,1.0,30
2,2011-12-02,14433.857019281244,0.0,30
85,2011-12-02,461.1100012770374,0.0,30
94,2011-12-09,25234.267755706347,0.0,30
38,2011-12-16,63394.18679231014,0.0,30
1,2011-12-16,12040.138040304442,0.0,30
56,2011-12-23,24726.707942361787,0.0,30
52,2011-12-02,2.187663794387655,0.0,30
5,2011-12-02,33.44701935207115,0.0,30
22,2011-12-30,63.8209966828481,1.0,30
94,2011-12-02,15082.153572866571,0.0,30
97,2011-12-30,8706.122421525644,1.0,30
92,2011-12-23,33155.48500497325,0.0,30
32,2011-12-02,13745.12933248082,0.0,30
92,2011-12-23,60610.68697959002,0.0,30
16,2011-12-16,2399.8606369076674,0.0,30
71,2011-12-09,1029.3699737343331,0.0,30
10,2011-12-23,13811.678905914789,0.0,30
41,2011-12-16,99.92377811357188,0.0,30
90,2011-12-30,8280.75358050989,1.0,30
87,2011-12-02,3786.6667105054175,0.0,30
38,2011-12-09,81.93933854653551,0.0,30
10,2011-12-09,72.23389934741692,0.0,30
90,2011-12-16,19224.89991875442,0.0,30
16,2011-12-02,300.7177923989643,0.0,30
14,2011-12-16,1810.0290399905905,0.0,30
36,2011-12-23,1731.012296107421,0.0,30
25,2011-12-30,28.460086102850973,1.0,30
60,2011-12-30,188.92732030196464,1.0,30
96,2011-12-02,24647.87557785274,0.0,30
60,2011-12-30,727.4619262996717,1.0,30
98,2011-12-16,13680.78396259656,0.0,30
77,2011-12-09,-154.91894926856855,0.0,30
12,2011-12-16,77.03308570011708,0.0,30
31,2011-12-16,383.0659814684121,0.0,30
14,2011-12-09,5127.236056634524,0.0,30
55,2011-12-16,73.7302551274401,0.0,30
8,2011-12-02,1936.5434215088576,0.0,30
6,2011-12-02,11.599314569438048,0.0,30
44,2011-12-23,3.2691693169629965,0.0,30
6,2011-12-16,1238.0618159868648,0.0,30
85,2011-12-30,216.88238842246744,1.0,30
85,2011-12-16,8957.550949446999,0.0,30
17,2011-12-30,270.9438664763771,1.0,30
41,2011-12-23,15766.512641644644,0.0,30
74,2011-12-02,53.83734032807364,0.0,30
55,2011-12-30,501.6870962107536,1.0,30
93,2011-12-09,43012.52333678876,0.0,30
40,2011-12-23,18047.251129446748,0.0,30
21,2011-12-30,192.56605269373907,1.0,30
87,2011-12-23,88.17697660039627,0.0,30
25,2011-12-16,43.97139927001346,0.0,30
87,2011-12-09,203.00066265808127,0.0,30
98,2011-12-02,7037.43965055125,0.0,30
95,2011-12-09,17393.85603859358,0.0,30
16,2011-12-02,513.8441017827696,0.0,30
94,2011-12-09,25712.228161284504,0.0,30
97,2011-12-09,5246.787000111562,0.0,30
79,2011-12-30,1901.8578653753725,1.0,30
83,2011-12-23,9281.856105633884,0.0,30
10,2011-12-16,64.36968993596068,0.0,30
97,2011-12-02,21026.648864184648,0.0,30
42,2011-12-16,7664.2184270254365,0.0,30
83,2011-12-09,1002.2949399895224,0.0,30
94,2011-12-02,68.01350425786644,0.0,30
94,2011-12-16,27491.92691542227,0.0,30
16,2011-12-16,19022.64682443572,0.0,30
90,2011-12-02,3575.059765638123,0.0,30
8,2011-12-09,1674.7242712017587,0.0,30
92,2011-12-30,41725.32415910527,1.0,30
16,2011-12-16,480.3776332914527,0.0,30
7,2011-12-09,284.23541518249,0.0,30
54,2011-12-09,70.66476421609472,0.0,30
25,2011-12-30,49.31174275668681,1.0,30
83,2011-12-16,4403.066185756364,0.0,30
59,2011-12-02,766.3533415123069,0.0,30
4,2011-12-16,30402.868509166525,0.0,31
20,2011-12-16,4454.651017096671,0.0,31
38,2011-12-09,74145.35813295159,0.0,31
49,2011-12-30,1877.95190883396,1.0,31
56,2011-12-09,31340.60661053107,0.0,31
80,2011-12-09,5628.096826380104,0.0,31
27,2011-12-23,4502.651317881871,0.0,31
98,2011-12-02,254.7781743691544,0.0,31
93,2011-12-09,818.8082860684366,0.0,31
24,2011-12-23,24682.593557836157,0.0,31
4,2011-12-16,15184.481007691458,0.0,31
18,2011-12-23,48486.9487003655,0.0,31
4,2011-12-02,23970.193258606567,0.0,31
97,2011-12-02,14373.024631904014,0.0,31
14,2011-12-23,1976.0268588948552,0.0,31
30,2011-12-30,4168.973513651676,1.0,31
32,2011-12-23,36488.01833696832,0.0,31
82,2011-12-09,7874.939585044617,0.0,31
33,2011-12-16,7749.808129686936,0.0,31
52,2011-12-16,17.570789120679073,0.0,31
72,2011-12-02,114601.76576846528,0.0,31
41,2011-12-16,5161.738035144146,0.0,31
55,2011-12-09,5441.505520284039,0.0,31
92,2011-12-30,16652.949038018094,1.0,31
60,2011-12-02,712.1916176648485,0.0,31
55,2011-12-09,61.06697961335715,0.0,31
28,2011-12-30,476.2003509653071,1.0,31
38,2011-12-02,102661.01669936802,0.0,31
23,2011-12-30,42678.5014498997,1.0,31
80,2011-12-16,29681.86246658806,0.0,31
67,2011-12-02,6153.815976976935,0.0,31
8,2011-12-09,43339.170069569285,0.0,31
94,2011-12-16,46793.60590543763,0.0,31
18,2011-12-30,19894.270630565505,1.0,31
34,2011-12-09,23991.009253078144,0.0,31
16,2011-12-09,6609.466120155334,0.0,31
17,2011-12-02,13297.56605571748,0.0,31
4,2011-12-23,13001.987608883685,0.0,31
71,2011-12-16,16799.487564879837,0.0,31
58,2011-12-16,217.7338199977626,0.0,31
49,2011-12-16,59802.80459237719,0.0,31
36,2011-12-23,1829.671982976543,0.0,31
52,2011-12-16,1478.2422661243977,0.0,31
72,2011-12-09,54579.74873609329,0.0,31
94,2011-12-02,74.18883290858777,0.0,31
96,2011-12-09,19492.938561773208,0.0,31
85,2011-12-02,6034.650220655169,0.0,31
16,2011-12-09,27743.45524048628,0.0,31
28,2011-12-09,2182.0548904019965,0.0,31
94,2011-12-02,30538.912086995497,0.0,31
55,2011-12-30,2.2004710477265057,1.0,31
40,2011-12-30,57752.65695305892,1.0,31
91,2011-12-23,5975.871131228326,0.0,31
40,2011-12-09,57495.79900430342,0.0,31
67,2011-12-16,1594.6302030034792,0.0,31
27,2011-12-09,3435.319865634493,0.0,31
72,2011-12-09,88516.71479640211,0.0,31
28,2011-12-23,1081.433355680476,0.0,31
28,2011-12-16,1245.990987889792,0.0,31
14,2011-12-30,3826.360799762144,1.0,31
42,2011-12-30,6421.1493293671065,1.0,31
8,2011-12-30,23802.90409928842,1.0,31
7,2011-12-23,772.9563589887813,0.0,31
38,2011-12-09,83001.82443422053,0.0,31
72,2011-12-09,73423.31525711305,0.0,31
7,2011-12-09,581.063199412667,0.0,31
13,2011-12-30,36054.350678647,1.0,31
91,2011-12-02,70304.358130685,0.0,31
96,2011-12-23,13252.726220189776,0.0,31
2,2011-12-30,41438.44942956024,1.0,31
31,2011-12-30,4038.558961065573,1.0,31
85,2011-12-02,4722.870715944002,0.0,31
20,2011-12-23,5109.170801502127,0.0,31
97,2011-12-09,556.9559040272609,0.0,31
91,2011-12-02,12149.314021651237,0.0,31
94,2011-12-23,292.081866195009,0.0,31
22,2011-12-16,6753.019470188311,0.0,31
85,2011-12-09,6680.771362101544,0.0,31
25,2011-12-23,10588.171431635466,0.0,31
40,2011-12-09,23463.54806887814,0.0,31
40,2011-12-16,97114.50352751964,0.0,31
59,2011-12-30,15225.633169239156,1.0,31
56,2011-12-30,963.0066604754478,1.0,31
31,2011-12-16,3179.0954036991534,0.0,31
55,2011-12-16,19475.940602660336,0.0,31
46,2011-12-16,20111.28049300614,0.0,31
23,2011-12-09,45080.40100886329,0.0,31
33,2011-12-16,7063.509842205397,0.0,31
60,2011-12-23,691.1081938763964,0.0,31
1,2011-12-23,31541.984737672912,0.0,31
72,2011-12-23,17205.439040880065,0.0,31
52,2011-12-02,4130.9441118394025,0.0,31
13,2011-12-16,8607.068657845584,0.0,31
98,2011-12-09,1066.4318508805372,0.0,31
81,2011-12-02,2446.5651173826827,0.0,31
95,2011-12-23,64313.9748018285,0.0,31
98,2011-12-30,9.588981090543133,1.0,31
59,2011-12-02,365.0352559419634,0.0,31
40,2011-12-23,14547.485673530424,0.0,31
14,2011-12-16,76.56932719683985,0.0,31
17,2011-12-16,31743.432798277543,0.0,31
74,2011-12-30,813.0271356636575,1.0,31
96,2011-12-23,37604.376356900495,0.0,31
90,2011-12-02,80437.22521733123,0.0,31
99,2011-12-30,378.73286217946696,1.0,31
24,2011-12-23,15310.618377108158,0.0,31
17,2011-12-23,58213.42196404114,0.0,31
40,2011-12-16,32717.908011959847,0.0,31
8,2011-12-23,15780.817864536852,0.0,31
28,2011-12-09,541.819260228162,0.0,31
11,2011-12-23,1369.343850188601,0.0,31
32,2011-12-02,9016.780635911597,0.0,31
82,2011-12-23,93411.47247725687,0.0,31
49,2011-12-23,63252.54696876768,0.0,31
45,2011-12-16,3397.4124147583366,0.0,31
80,2011-12-16,43822.98486593498,0.0,31
13,2011-12-23,7369.853450216904,0.0,31
1,2011-12-16,28313.58961875656,0.0,31
8,2011-12-30,29635.336750792896,1.0,31
98,2011-12-09,1515.403103784687,0.0,31
39,2011-12-23,45046.31202160323,0.0,31
97,2011-12-23,2538.4258666963656,0.0,31
46,2011-12-16,14211.84515949761,0.0,31
87,2011-12-23,20962.49346598781,0.0,31
74,2011-12-16,891.5535645734672,0.0,31
40,2011-12-23,77772.32814857355,0.0,31
42,2011-12-30,1926.1753818974312,1.0,31
79,2011-12-09,92.1814601471877,0.0,31
38,2011-12-09,30878.262213573937,0.0,31
34,2011-12-30,9628.531597666795,1.0,31
87,2011-12-23,43.031839701673285,0.0,31
74,2011-12-02,412.3962775498741,0.0,31
52,2011-12-23,20.111115574109004,0.0,31
71,2011-12-16,898.42778763985,0.0,31
35,2011-12-09,2147.5583241207446,0.0,31
56,2011-12-23,41829.08338446343,0.0,31
54,2011-12-16,9.865426616885598,0.0,31
16,2011-12-09,-228.57222646669072,0.0,31
79,2011-12-30,39172.65360464745,1.0,31
55,2011-12-23,3695.2621580854975,0.0,31
8,2011-12-23,21333.46805566829,0.0,31
77,2011-12-09,44756.77581577588,0.0,31
80,2011-12-30,40313.46938705539,1.0,31
29,2011-12-16,24871.366030060013,0.0,31
19,2011-12-23,1795.6837695970926,0.0,31
90,2011-12-02,57252.90437143345,0.0,31
60,2011-12-16,10.551157332581017,0.0,31
94,2011-12-23,110.58214345838508,0.0,31
35,2011-12-30,1595.7721320362932,1.0,31
38,2011-12-09,37083.56499554479,0.0,31
5,2011-12-16,30706.623449905648,0.0,31
56,2011-12-16,11342.064363422383,0.0,31
31,2011-12-23,4004.012063878962,0.0,31
71,2011-12-23,195146.31653998396,0.0,31
44,2011-12-09,187.8467469311825,0.0,31
91,2011-12-09,28555.285914947577,0.0,31
58,2011-12-30,34.86950161366674,1.0,31
14,2011-12-30,33339.35466647413,1.0,31
14,2011-12-16,53970.742684757,0.0,31
33,2011-12-23,17528.339327704914,0.0,31
60,2011-12-30,322.6692595424301,1.0,31
46,2011-12-09,28863.287383745115,0.0,31
36,2011-12-23,3791.173520291448,0.0,31
97,2011-12-23,4580.220751247663,0.0,31
60,2011-12-30,92.19217435209326,1.0,31
44,2011-12-02,40.01749440025306,0.0,31
46,2011-12-23,44168.17238993585,0.0,31
31,2011-12-09,5844.55215749564,0.0,31
25,2011-12-09,19062.28815794948,0.0,31
96,2011-12-02,855.1994204447203,0.0,31
26,2011-12-23,13396.033494296398,0.0,31
72,2011-12-16,18207.38015465213,0.0,31
12,2011-12-02,4364.081751513311,0.0,31
8,2011-12-09,29095.41020321937,0.0,31
3,2011-12-09,3611.198046382382,0.0,31
40,2011-12-30,35380.260465033185,1.0,31
27,2011-12-16,3843.2546284442624,0.0,31
30,2011-12-09,734.0075968946718,0.0,31
55,2011-12-23,2453.715731306061,0.0,31
24,2011-12-02,8302.786612356766,0.0,31
60,2011-12-09,173.4547642315414,0.0,31
46,2011-12-23,93039.44065169472,0.0,31
25,2011-12-02,11018.593994336276,0.0,31
32,2011-12-23,13633.794586498372,0.0,31
2,2011-12-23,6641.265509916725,0.0,31
90,2011-12-30,11479.000045690702,1.0,31
58,2011-12-09,5713.210937212606,0.0,31
72,2011-12-02,63825.123933548944,0.0,31
44,2011-12-02,6535.775477090292,0.0,31
17,2011-12-02,10885.846451561303,0.0,31
99,2011-12-09,161.7244824520776,0.0,31
16,2011-12-09,2760.3128397596147,0.0,31
31,2011-12-02,56.98927015741821,0.0,31
97,2011-12-02,10064.348586734688,0.0,31
17,2011-12-23,27709.130750942502,0.0,31
56,2011-12-09,1218.1401513308645,0.0,31
49,2011-12-23,47329.48743831735,0.0,31
52,2011-12-23,93102.0658682322,0.0,31
25,2011-12-02,15475.326245187816,0.0,31
13,2011-12-23,53590.0924568848,0.0,31
59,2011-12-30,4929.873455902647,1.0,31
11,2011-12-02,29995.10791694353,0.0,31
4,2011-12-30,34.26866123562655,1.0,31
98,2011-12-02,259.2520479752421,0.0,31
12,2011-12-23,2897.140686718544,0.0,31
44,2011-12-30,3556.048162882814,1.0,31
3,2011-12-16,14549.668308812335,0.0,31
38,2011-12-16,34511.56581196626,0.0,31
25,2011-12-16,5668.710948454944,0.0,31
87,2011-12-02,509.0438766135596,0.0,31
95,2011-12-23,75543.91228378106,0.0,31
93,2011-12-16,2479.8909531415893,0.0,31
85,2011-12-09,6415.587343792242,0.0,31
6,2011-12-23,19768.42688084243,0.0,31
40,2011-12-30,66007.64234392966,1.0,31
9,2011-12-16,11186.273959425753,0.0,31
11,2011-12-16,13000.034762287973,0.0,31
90,2011-12-23,135115.13244316343,0.0,31
16,2011-12-23,12077.711296350411,0.0,31
9,2011-12-30,48542.21771518361,1.0,31
79,2011-12-23,58303.72243425619,0.0,31
7,2011-12-16,92276.44334358818,0.0,31
60,2011-12-02,4258.4025117312,0.0,31
49,2011-12-09,6182.389893849528,0.0,31
8,2011-12-16,56216.205078823245,0.0,31
13,2011-12-09,56.41684746918172,0.0,31
46,2011-12-23,4662.024286382739,0.0,31
87,2011-12-23,234.4096200945482,0.0,31
11,2011-12-09,25535.0296694856,0.0,31
13,2011-12-23,11.143232949473042,0.0,31
3,2011-12-16,9654.42051110831,0.0,31
11,2011-12-23,21341.806302034634,0.0,31
8,2011-12-02,25960.480777213328,0.0,31
90,2011-12-09,78048.6643058228,0.0,31
14,2011-12-02,16318.949335718013,0.0,31
29,2011-12-09,4242.678230883427,0.0,31
4,2011-12-30,42100.80149329611,1.0,31
82,2011-12-16,56176.0898451414,0.0,31
9,2011-12-16,16313.480904665665,0.0,31
38,2011-12-09,18045.76430682765,0.0,31
40,2011-12-09,61265.765994322144,0.0,31
22,2011-12-16,13738.538777919402,0.0,31
52,2011-12-23,13.39421382594932,0.0,31
56,2011-12-02,2304.0491734298857,0.0,31
13,2011-12-23,-64.71945963952055,0.0,31
40,2011-12-02,52758.70978638261,0.0,31
32,2011-12-30,7973.296774573865,1.0,31
87,2011-12-23,131.60202155924117,0.0,31
80,2011-12-16,30373.91989308142,0.0,31
13,2011-12-16,28271.45087740435,0.0,31
92,2011-12-16,29567.417933078905,0.0,31
93,2011-12-23,952.9327180586782,0.0,31
21,2011-12-30,5373.547703754731,1.0,31
13,2011-12-16,5125.668169992033,0.0,31
59,2011-12-23,8216.496911292717,0.0,31
56,2011-12-02,16664.88353839507,0.0,31
82,2011-12-23,10406.49068773626,0.0,31
42,2011-12-16,3160.6680877161957,0.0,31
27,2011-12-09,2883.3817235061138,0.0,31
97,2011-12-23,723.6354033301731,0.0,31
46,2011-12-09,23890.502764145996,0.0,31
72,2011-12-02,110410.56043079158,0.0,31
24,2011-12-30,2152.303036724082,1.0,31
59,2011-12-16,8708.119978913912,0.0,31
10,2011-12-23,52798.30672996595,0.0,31
56,2011-12-16,122.19738443334818,0.0,31
19,2011-12-02,16.66263873681212,0.0,31
95,2011-12-30,52581.865320837744,1.0,31
1,2011-12-30,39612.13664704037,1.0,31
32,2011-12-09,7287.3161034642035,0.0,31
93,2011-12-09,1180.439864667975,0.0,31
5,2011-12-30,3847.454680014483,1.0,31
83,2011-12-30,11081.317256033712,1.0,31
90,2011-12-02,11565.586264275136,0.0,31
27,2011-12-09,3044.8913488006965,0.0,31
48,2011-12-02,38248.463987563344,0.0,31
29,2011-12-09,8204.561623351592,0.0,31
55,2011-12-23,125.38075972434628,0.0,31
7,2011-12-02,10955.687296575305,0.0,31
95,2011-12-09,1885.200097330151,0.0,31
12,2011-12-09,74.07774920025459,0.0,31
96,2011-12-23,4961.662183799067,0.0,31
80,2011-12-23,28306.93554763244,0.0,31
1,2011-12-23,58169.97721529195,0.0,31
17,2011-12-09,19129.604607591,0.0,31
27,2011-12-16,3543.6017554425075,0.0,31
60,2011-12-09,5203.740098438351,0.0,31
80,2011-12-16,19710.429732021792,0.0,31
37,2011-12-16,2997.417955080481,0.0,31
11,2011-12-23,12457.329849237802,0.0,31
74,2011-12-02,4547.74610534337,0.0,31
7,2011-12-16,10652.544962739825,0.0,31
3,2011-12-09,2785.0409856693504,0.0,31
8,2011-12-09,47632.99690006333,0.0,31
42,2011-12-09,62.5310425959616,0.0,31
85,2011-12-16,21387.405230217817,0.0,31
7,2011-12-09,47946.12586795804,0.0,31
41,2011-12-09,22434.604802386624,0.0,31
33,2011-12-23,24827.98738288513,0.0,31
80,2011-12-09,8179.748907924381,0.0,31
38,2011-12-16,75458.47106399706,0.0,31
80,2011-12-02,16595.41924170817,0.0,31
82,2011-12-09,46432.371919009,0.0,31
93,2011-12-30,22443.15913380409,1.0,31
67,2011-12-16,20966.456221469325,0.0,31
92,2011-12-30,143880.9206874259,1.0,31
3,2011-12-09,5150.955675111358,0.0,31
95,2011-12-16,16275.100700460134,0.0,31
20,2011-12-30,3601.217545295208,1.0,31
9,2011-12-09,64.34318322433971,0.0,31
91,2011-12-16,753.0259374097483,0.0,31
79,2011-12-30,22099.97972727418,1.0,31
83,2011-12-02,6128.717486586793,0.0,31
80,2011-12-23,62373.475652483685,0.0,31
9,2011-12-30,14893.310302197233,1.0,31
19,2011-12-09,1686.3207863672717,0.0,31
2,2011-12-16,10923.011922809075,0.0,31
8,2011-12-09,40370.30090420239,0.0,31
5,2011-12-16,2095.427268076928,0.0,31
3,2011-12-30,7858.731058548492,1.0,31
13,2011-12-23,28209.85586919597,0.0,31
22,2011-12-09,17926.704278727637,0.0,31
24,2011-12-02,12823.115763682425,0.0,31
21,2011-12-30,4750.365219235418,1.0,31
42,2011-12-02,5171.498892561243,0.0,31
95,2011-12-30,63405.118998152335,1.0,31
21,2011-12-30,218.19266934599756,1.0,31
71,2011-12-16,713.1662937682613,0.0,31
55,2011-12-09,2242.3680277608746,0.0,31
58,2011-12-16,11230.349113577338,0.0,31
40,2011-12-16,21950.13898053915,0.0,31
19,2011-12-02,1679.7314155339452,0.0,31
35,2011-12-09,2809.558578073646,0.0,31
96,2011-12-16,157.10879531986714,0.0,31
4,2011-12-30,18603.53787830815,1.0,31
23,2011-12-09,23629.29059066559,0.0,31
97,2011-12-16,25750.12545295921,0.0,31
44,2011-12-09,9287.611558694369,0.0,31
18,2011-12-23,42130.603322730574,0.0,31
10,2011-12-30,27873.09288587468,1.0,31
25,2011-12-09,14354.791222754871,0.0,31
18,2011-12-09,33884.20913181901,0.0,31
85,2011-12-30,1876.9888936160887,1.0,31
55,2011-12-16,33885.84330321207,0.0,31
38,2011-12-23,44204.111047049264,0.0,31
17,2011-12-09,9138.34801445592,0.0,31
13,2011-12-09,4924.89660106816,0.0,31
31,2011-12-30,4875.672170094186,1.0,31
16,2011-12-23,12150.68053625849,0.0,31
18,2011-12-23,14083.004234619466,0.0,31
40,2011-12-30,3761.2660950031222,1.0,31
82,2011-12-30,7025.193912956318,1.0,31
18,2011-12-09,96206.0394343962,0.0,31
34,2011-12-02,23971.17695882922,0.0,31
38,2011-12-09,74365.06661243169,0.0,31
48,2011-12-02,1681.35647466442,0.0,31
34,2011-12-16,19333.69506642457,0.0,31
4,2011-12-23,40186.9176688326,0.0,31
80,2011-12-02,22468.603628324552,0.0,31
11,2011-12-02,1261.769396797231,0.0,31
26,2011-12-30,11808.67627482651,1.0,31
32,2011-12-16,8281.970271535412,0.0,31
14,2011-12-23,1162.5661875078215,0.0,32
18,2011-12-30,20011.21503672052,1.0,32
47,2011-12-09,28825.94198770544,0.0,32
74,2011-12-09,7962.229261323109,0.0,32
5,2011-12-02,866.8047130716405,0.0,32
72,2011-12-09,18671.256165223604,0.0,32
80,2011-12-16,10165.66031160545,0.0,32
14,2011-12-16,15.059350113535984,0.0,32
55,2011-12-09,1299.0266296052691,0.0,32
55,2011-12-02,5840.44824215879,0.0,32
18,2011-12-09,59176.43610993085,0.0,32
40,2011-12-30,53672.79055201075,1.0,32
17,2011-12-02,20144.56161447513,0.0,32
13,2011-12-30,54575.66216198771,1.0,32
59,2011-12-02,8562.253884859878,0.0,32
83,2011-12-09,535.097151277712,0.0,32
81,2011-12-30,352.31983250240813,1.0,32
80,2011-12-09,16415.393990751545,0.0,32
22,2011-12-30,10332.233915187224,1.0,32
22,2011-12-09,26100.195377200063,0.0,32
4,2011-12-30,35856.60610629494,1.0,32
8,2011-12-09,4511.557489078362,0.0,32
54,2011-12-09,29755.58158854063,0.0,32
2,2011-12-16,60471.35244570679,0.0,32
5,2011-12-02,2275.005506135511,0.0,32
28,2011-12-23,1750.191949543865,0.0,32
90,2011-12-09,3604.2413485931993,0.0,32
26,2011-12-23,27736.87972612831,0.0,32
21,2011-12-09,8699.01964996458,0.0,32
14,2011-12-30,26799.822762726915,1.0,32
16,2011-12-09,3978.826070107754,0.0,32
4,2011-12-23,65240.92113524597,0.0,32
78,2011-12-16,8583.487014746173,0.0,32
28,2011-12-02,1008.8405027728722,0.0,32
16,2011-12-09,5939.094864839439,0.0,32
24,2011-12-30,3383.626594649824,1.0,32
58,2011-12-09,739.0191528486642,0.0,32
40,2011-12-02,62583.60679188797,0.0,32
26,2011-12-30,15560.09695529434,1.0,32
38,2011-12-16,34989.96340300165,0.0,32
81,2011-12-23,9787.086784460804,0.0,32
96,2011-12-16,1791.2386825391102,0.0,32
30,2011-12-30,2217.5950923439814,1.0,32
81,2011-12-23,13947.157175591456,0.0,32
96,2011-12-16,16878.533571426833,0.0,32
9,2011-12-09,13126.974642592237,0.0,32
27,2011-12-23,4099.809479996207,0.0,32
79,2011-12-02,28172.532544234236,0.0,32
40,2011-12-16,84565.00875866794,0.0,32
42,2011-12-16,6048.181843902969,0.0,32
77,2011-12-23,6074.167157500846,0.0,32
42,2011-12-16,15916.001370489956,0.0,32
44,2011-12-23,11127.760324632474,0.0,32
58,2011-12-02,1415.270910892554,0.0,32
94,2011-12-23,452.2839256640471,0.0,32
50,2011-12-16,2037.6860173627404,0.0,32
30,2011-12-16,5642.9777048256965,0.0,32
79,2011-12-09,40164.828119841535,0.0,32
80,2011-12-16,20134.80032312109,0.0,32
3,2011-12-09,20006.49842342577,0.0,32
8,2011-12-30,27174.471811383628,1.0,32
74,2011-12-23,9176.83579595294,0.0,32
72,2011-12-02,20749.092100986494,0.0,32
74,2011-12-02,11952.304261993262,0.0,32
1,2011-12-30,23902.48916349348,1.0,32
95,2011-12-23,63572.18553966308,0.0,32
40,2011-12-02,74924.96790201812,0.0,32
1,2011-12-09,58898.972560824994,0.0,32
40,2011-12-09,29392.912781995223,0.0,32
14,2011-12-02,25382.56662991269,0.0,32
46,2011-12-23,19620.308867743526,0.0,32
32,2011-12-30,11308.671096137234,1.0,32
35,2011-12-30,2238.52990607975,1.0,32
41,2011-12-16,2945.8948876639897,0.0,32
40,2011-12-16,82146.31149174848,0.0,32
7,2011-12-02,44739.49200380713,0.0,32
55,2011-12-30,16419.17561453276,1.0,32
59,2011-12-02,3298.939908806509,0.0,32
34,2011-12-30,2986.6682501839537,1.0,32
87,2011-12-02,17755.981259327542,0.0,32
12,2011-12-09,2823.791464193538,0.0,32
25,2011-12-23,20349.35717402441,0.0,32
38,2011-12-09,73039.95399477718,0.0,32
91,2011-12-23,33119.90207228876,0.0,32
71,2011-12-02,338.72022353990627,0.0,32
25,2011-12-02,9920.834166302702,0.0,32
12,2011-12-16,1697.6790846081774,0.0,32
22,2011-12-02,13755.759171525013,0.0,32
14,2011-12-09,16806.26177900026,0.0,32
92,2011-12-09,54543.94764933867,0.0,32
42,2011-12-23,6468.9143711395545,0.0,32
97,2011-12-23,4292.702428336449,0.0,32
82,2011-12-02,21406.118168804063,0.0,32
2,2011-12-30,18186.745058735298,1.0,32
55,2011-12-16,24239.122112140707,0.0,32
93,2011-12-09,7835.303050005669,0.0,32
81,2011-12-30,13916.888028827623,1.0,32
44,2011-12-16,8019.058065818877,0.0,32
83,2011-12-23,7412.830772089911,0.0,32
23,2011-12-09,58434.3561232556,0.0,32
36,2011-12-23,3558.036303210774,0.0,32
36,2011-12-30,7497.09018102176,1.0,32
97,2011-12-09,24813.014572319786,0.0,32
97,2011-12-23,3578.207168398846,0.0,32
14,2011-12-09,1712.9844742793546,0.0,32
37,2011-12-23,2808.257651240456,0.0,32
32,2011-12-23,32013.775487686515,0.0,32
10,2011-12-16,45969.59781439687,0.0,32
94,2011-12-09,44565.562767586685,0.0,32
96,2011-12-30,11994.251982071704,1.0,32
46,2011-12-16,98.6817348855841,0.0,32
94,2011-12-23,73637.68420480385,0.0,32
55,2011-12-23,54686.24108744981,0.0,32
13,2011-12-23,20838.54728192656,0.0,32
52,2011-12-16,191.0503321257866,0.0,32
94,2011-12-23,159.01248277835413,0.0,32
30,2011-12-23,3882.1801225491354,0.0,32
41,2011-12-23,3423.8476676408773,0.0,32
6,2011-12-02,10687.525273582303,0.0,32
82,2011-12-23,90107.59602799646,0.0,32
80,2011-12-02,16907.93491910536,0.0,32
55,2011-12-09,7059.2659451143245,0.0,32
49,2011-12-30,38326.79293277415,1.0,32
81,2011-12-16,1213.664811856884,0.0,32
18,2011-12-09,65621.70746024627,0.0,32
71,2011-12-23,20174.50165334238,0.0,32
2,2011-12-09,78308.15004250665,0.0,32
80,2011-12-09,139.11535464727075,0.0,32
21,2011-12-02,3393.6033151076044,0.0,32
1,2011-12-30,21083.393162023327,1.0,32
49,2011-12-23,5241.749506450951,0.0,32
81,2011-12-23,18919.44190928704,0.0,32
56,2011-12-02,81.92111503656204,0.0,32
26,2011-12-30,3297.1587051054166,1.0,32
72,2011-12-23,13402.762706378046,0.0,32
31,2011-12-09,7162.464943751836,0.0,32
91,2011-12-23,14491.881633128056,0.0,32
46,2011-12-30,9831.259290637743,1.0,32
21,2011-12-09,4174.416241850311,0.0,32
30,2011-12-30,2732.0486157286514,1.0,32
10,2011-12-23,41664.815440563325,0.0,32
46,2011-12-16,32532.31391544153,0.0,32
38,2011-12-16,79665.43962517417,0.0,32
11,2011-12-16,1071.5509475931212,0.0,32
91,2011-12-30,42183.87316617115,1.0,32
59,2011-12-16,1526.437633415714,0.0,32
31,2011-12-09,5422.520059457185,0.0,32
37,2011-12-23,3008.931144780091,0.0,32
20,2011-12-16,3418.7529854698264,0.0,32
42,2011-12-09,2654.7319954679283,0.0,32
79,2011-12-09,4488.028117140848,0.0,32
98,2011-12-30,284.69764465557165,1.0,32
79,2011-12-02,21925.8059275507,0.0,32
29,2011-12-23,11614.124689008378,0.0,32
92,2011-12-02,53372.68316643904,0.0,32
5,2011-12-23,44611.42011478444,0.0,32
56,2011-12-30,32777.634981943964,1.0,32
17,2011-12-09,6739.197108111607,0.0,32
36,2011-12-09,2234.148759977819,0.0,32
45,2011-12-30,5387.844080349113,1.0,32
60,2011-12-30,4661.458715383909,1.0,32
25,2011-12-02,15659.435059482994,0.0,32
14,2011-12-09,4894.987633346692,0.0,32
10,2011-12-02,19254.69282317957,0.0,32
60,2011-12-30,15136.634258970133,1.0,32
20,2011-12-02,6898.940375643961,0.0,32
42,2011-12-16,3810.773021351634,0.0,32
6,2011-12-16,1124.390266308738,0.0,32
81,2011-12-30,10640.811205920283,1.0,32
80,2011-12-16,55289.27453916695,0.0,32
80,2011-12-23,18458.167814618788,0.0,32
74,2011-12-23,2470.856564636373,0.0,32
10,2011-12-30,9143.13455671248,1.0,32
4,2011-12-30,28722.47314804894,1.0,32
21,2011-12-09,2844.735489574144,0.0,32
11,2011-12-16,25880.530215376813,0.0,32
22,2011-12-09,8882.721877712514,0.0,32
97,2011-12-30,2583.979222963703,1.0,32
87,2011-12-09,10914.341292213872,0.0,32
10,2011-12-23,14867.08454180908,0.0,32
97,2011-12-09,3139.1867961936537,0.0,32
33,2011-12-09,6553.64424410435,0.0,32
13,2011-12-02,37107.66981191631,0.0,32
1,2011-12-30,20686.488108414906,1.0,32
98,2011-12-02,77.99296240674265,0.0,32
79,2011-12-02,4766.097920846116,0.0,32
10,2011-12-23,25832.82254087153,0.0,32
6,2011-12-23,962.8849088737368,0.0,32
7,2011-12-23,8838.027203952845,0.0,32
93,2011-12-02,2533.4435863738067,0.0,32
17,2011-12-16,27952.269470670544,0.0,32
37,2011-12-02,1952.262555920104,0.0,32
55,2011-12-09,2034.3569564409424,0.0,32
29,2011-12-16,23382.58942189331,0.0,32
85,2011-12-16,3786.933508011573,0.0,32
32,2011-12-16,13259.348599061726,0.0,32
40,2011-12-23,68675.39727959575,0.0,32
49,2011-12-02,1546.1442324044986,0.0,32
35,2011-12-02,2941.9713276260723,0.0,32
58,2011-12-02,1440.6247397352638,0.0,32
27,2011-12-23,3835.440697753929,0.0,32
9,2011-12-16,15621.41674129244,0.0,32
46,2011-12-09,20175.343503861084,0.0,32
83,2011-12-23,9498.040650243052,0.0,32
8,2011-12-09,29450.29997982429,0.0,32
90,2011-12-02,114.34290562777905,0.0,32
82,2011-12-23,38132.83356580741,0.0,32
8,2011-12-23,44693.25100567331,0.0,32
25,2011-12-16,12804.778090344116,0.0,32
56,2011-12-23,95.50910954815328,0.0,32
30,2011-12-16,2290.3390112276224,0.0,32
52,2011-12-02,1861.6390986234956,0.0,32
90,2011-12-02,17776.1926958135,0.0,32
49,2011-12-30,10.660772394371982,1.0,32
95,2011-12-09,55883.16876507419,0.0,32
54,2011-12-09,69.75824473878414,0.0,32
22,2011-12-16,4102.35249721018,0.0,32
23,2011-12-23,32673.766463709468,0.0,32
99,2011-12-16,8433.538336000835,0.0,32
48,2011-12-16,8852.424486313927,0.0,32
6,2011-12-23,25599.245951142173,0.0,32
74,2011-12-09,2619.471115666081,0.0,32
46,2011-12-16,22971.68202119552,0.0,32
97,2011-12-16,2429.142694670075,0.0,32
9,2011-12-02,11245.566818182431,0.0,32
27,2011-12-16,3576.141651828703,0.0,32
97,2011-12-16,1821.7126013054008,0.0,32
10,2011-12-09,10559.842336531843,0.0,32
60,2011-12-09,160.68112447607638,0.0,32
13,2011-12-09,9289.83791900699,0.0,32
8,2011-12-30,11513.854174964708,1.0,32
3,2011-12-09,3196.450401092024,0.0,32
23,2011-12-09,54519.506999623714,0.0,32
97,2011-12-16,1766.9468328585374,0.0,32
30,2011-12-09,1995.2345028070656,0.0,32
93,2011-12-23,2630.757513436427,0.0,32
30,2011-12-16,2149.6256815969145,0.0,32
65,2011-12-30,8496.689976315358,1.0,32
33,2011-12-23,18724.12104107251,0.0,32
81,2011-12-02,5017.832299855669,0.0,32
20,2011-12-02,3923.163113976293,0.0,32
34,2011-12-23,24982.15304716667,0.0,32
87,2011-12-30,15152.102595974584,1.0,32
17,2011-12-30,12487.668427516955,1.0,32
41,2011-12-23,41717.88328191721,0.0,32
3,2011-12-23,544.1505592018461,0.0,32
74,2011-12-30,2261.6653735275886,1.0,32
50,2011-12-16,64635.534570510405,0.0,32
49,2011-12-02,42320.236498987935,0.0,32
25,2011-12-23,22218.794346155835,0.0,32
1,2011-12-09,19300.032264568777,0.0,32
23,2011-12-23,32302.35485258005,0.0,32
50,2011-12-02,24436.39708935582,0.0,32
10,2011-12-23,28185.00690622592,0.0,32
13,2011-12-23,19335.09233307904,0.0,32
67,2011-12-09,264.2347573627491,0.0,32
85,2011-12-09,7028.289817557316,0.0,32
37,2011-12-16,2572.981621408971,0.0,32
27,2011-12-30,2653.387906035205,1.0,32
4,2011-12-02,28167.31335726445,0.0,32
55,2011-12-16,2029.1900210210688,0.0,32
58,2011-12-30,3244.052725680966,1.0,32
90,2011-12-09,12256.821277913492,0.0,32
96,2011-12-16,19.22422048598965,0.0,32
91,2011-12-16,8477.843429446757,0.0,32
39,2011-12-02,48863.10676289899,0.0,32
96,2011-12-16,-12.908302254917375,0.0,32
67,2011-12-16,14961.573840020204,0.0,32
4,2011-12-23,42107.151135192646,0.0,32
3,2011-12-09,8496.382716392147,0.0,32
12,2011-12-16,2237.4695472011845,0.0,32
91,2011-12-30,6831.557367164204,1.0,32
16,2011-12-16,2723.0681044608887,0.0,32
14,2011-12-09,17555.90154227338,0.0,32
97,2011-12-23,2838.4081709930774,0.0,32
98,2011-12-16,518.229545890595,0.0,32
80,2011-12-23,27624.101329336765,0.0,32
8,2011-12-23,39580.28032879844,0.0,32
72,2011-12-02,38396.02161344561,0.0,32
79,2011-12-30,19061.52236921972,1.0,32
83,2011-12-02,1235.524933386628,0.0,32
8,2011-12-09,79871.40051047801,0.0,32
17,2011-12-16,106.38335755678796,0.0,32
5,2011-12-16,91006.86113829438,0.0,32
83,2011-12-16,13095.0921865816,0.0,32
25,2011-12-16,18472.591042894757,0.0,32
12,2011-12-09,4829.23237111007,0.0,32
72,2011-12-02,150432.9637115044,0.0,32
7,2011-12-23,310060.56845687336,0.0,32
97,2011-12-23,2391.4624822290216,0.0,32
1,2011-12-30,13080.703297262737,1.0,32
37,2011-12-16,4338.3296521373,0.0,32
46,2011-12-16,38381.42952061999,0.0,32
13,2011-12-30,17743.08835612668,1.0,32
95,2011-12-16,755.274815962994,0.0,32
13,2011-12-16,16349.279434884833,0.0,32
12,2011-12-23,2543.953369326352,0.0,32
10,2011-12-09,45303.06836477011,0.0,32
46,2011-12-02,28770.18848543813,0.0,32
34,2011-12-02,9800.695911660365,0.0,32
11,2011-12-23,11957.833973574972,0.0,32
82,2011-12-30,26191.164298192103,1.0,32
36,2011-12-23,2590.46006928441,0.0,32
13,2011-12-23,8547.241035057361,0.0,32
44,2011-12-02,3990.0414093642808,0.0,32
59,2011-12-09,23.254285762974217,0.0,32
30,2011-12-23,6555.1201255579845,0.0,32
3,2011-12-23,5198.958915701565,0.0,32
93,2011-12-09,2747.973239709566,0.0,32
85,2011-12-30,1793.5375733263124,1.0,32
16,2011-12-30,19154.93166559721,1.0,32
42,2011-12-23,5110.211434913129,0.0,32
36,2011-12-23,3599.6650770468564,0.0,32
81,2011-12-23,94231.27819925196,0.0,32
32,2011-12-23,50753.52358170722,0.0,32
42,2011-12-09,8175.23731894297,0.0,32
44,2011-12-09,4743.940199409121,0.0,32
40,2011-12-09,48422.11046431558,0.0,32
19,2011-12-30,1705.2170987681798,1.0,32
29,2011-12-02,6936.493633967315,0.0,32
13,2011-12-16,19032.788950714174,0.0,32
5,2011-12-02,27521.541273339568,0.0,32
85,2011-12-16,6172.098567835768,0.0,32
55,2011-12-30,898.3482107891351,1.0,32
93,2011-12-09,1161.9159165092065,0.0,32
23,2011-12-09,45085.80501309611,0.0,32
32,2011-12-09,9184.145571990435,0.0,32
24,2011-12-09,5402.281229781192,0.0,32
26,2011-12-23,11391.298125490155,0.0,32
8,2011-12-09,17989.47803316057,0.0,32
71,2011-12-09,65506.861694307234,0.0,32
55,2011-12-09,1573.7837714091145,0.0,32
71,2011-12-30,55243.24721183641,1.0,32
18,2011-12-16,53973.697734062975,0.0,32
33,2011-12-30,7210.300951493983,1.0,32
16,2011-12-23,18164.14143156243,0.0,32
99,2011-12-09,185.7516404844384,0.0,32
9,2011-12-02,3817.449977799255,0.0,32
3,2011-12-23,16194.014104386924,0.0,32
38,2011-12-30,43300.17335711867,1.0,32
81,2011-12-23,13024.846264904616,0.0,32
85,2011-12-02,802.065315240228,0.0,32
21,2011-12-30,3094.95392506105,1.0,32
1,2011-12-23,89950.72423412047,0.0,32
93,2011-12-30,790.0942441918063,1.0,33
25,2011-12-16,8861.022065253414,0.0,33
13,2011-12-30,9732.692901839646,1.0,33
14,2011-12-30,468.3507452369231,1.0,33
6,2011-12-30,13315.853012126054,1.0,33
55,2011-12-30,887.3640888214918,1.0,33
9,2011-12-16,17481.305815119824,0.0,33
45,2011-12-23,11.49614371626396,0.0,33
87,2011-12-09,7216.771575636315,0.0,33
90,2011-12-30,12983.259886172884,1.0,33
71,2011-12-30,1625.36051453037,1.0,33
45,2011-12-30,6.463285820267759,1.0,33
19,2011-12-23,3210.075634371532,0.0,33
97,2011-12-23,3161.491934004029,0.0,33
20,2011-12-16,2913.4140287082373,0.0,33
10,2011-12-23,20167.29266889458,0.0,33
91,2011-12-23,11297.223018760074,0.0,33
42,2011-12-23,12858.840911987092,0.0,33
27,2011-12-02,3560.639330342516,0.0,33
32,2011-12-16,12540.026003867688,0.0,33
60,2011-12-16,19962.991580567043,0.0,33
65,2011-12-30,11369.559338947283,1.0,33
14,2011-12-16,6065.54316469866,0.0,33
60,2011-12-09,562.2978913743978,0.0,33
96,2011-12-09,1660.7358940261586,0.0,33
34,2011-12-30,19168.556495421897,1.0,33
49,2011-12-09,33287.96888052592,0.0,33
65,2011-12-16,1167.0740346413045,0.0,33
33,2011-12-23,16572.677051105205,0.0,33
12,2011-12-23,2649.530139892519,0.0,33
48,2011-12-02,48053.83120609657,0.0,33
28,2011-12-23,1589.711511949433,0.0,33
41,2011-12-23,1755.397587872532,0.0,33
21,2011-12-16,8015.522252353655,0.0,33
67,2011-12-16,509.9165334478716,0.0,33
34,2011-12-23,22849.018439005584,0.0,33
37,2011-12-30,54.34708836911667,1.0,33
18,2011-12-30,37714.63254753895,1.0,33
17,2011-12-02,8518.550337328992,0.0,33
51,2011-12-09,5114.567575684376,0.0,33
90,2011-12-23,76012.26220459267,0.0,33
98,2011-12-30,3.179354238040464,1.0,33
34,2011-12-02,2937.7174527477678,0.0,33
93,2011-12-16,43973.39729214618,0.0,33
44,2011-12-23,9778.500437664938,0.0,33
8,2011-12-16,2939.74394472252,0.0,33
71,2011-12-16,13661.313623974049,0.0,33
24,2011-12-23,19471.70929119448,0.0,33
46,2011-12-02,22740.755123034716,0.0,33
21,2011-12-02,4024.7429332196775,0.0,33
24,2011-12-23,11026.92320042159,0.0,33
40,2011-12-16,24367.83141781813,0.0,33
52,2011-12-09,18.482735803566086,0.0,33
6,2011-12-23,11343.37153094766,0.0,33
14,2011-12-23,33297.66366075277,0.0,33
46,2011-12-16,11549.524290639109,0.0,33
82,2011-12-30,30555.6905228821,1.0,33
30,2011-12-09,5327.168514754588,0.0,33
92,2011-12-02,54205.43434713185,0.0,33
22,2011-12-23,18116.428098900287,0.0,33
37,2011-12-16,5509.854669321516,0.0,33
46,2011-12-02,22429.317793593294,0.0,33
38,2011-12-09,14263.374432350049,0.0,33
94,2011-12-16,2658.24816001434,0.0,33
80,2011-12-23,19739.02792334883,0.0,33
30,2011-12-09,5146.452867956944,0.0,33
72,2011-12-09,5377.895445931465,0.0,33
98,2011-12-30,7745.227163495821,1.0,33
44,2011-12-16,4159.190814521726,0.0,33
55,2011-12-23,32342.50538728771,0.0,33
74,2011-12-23,73334.9136041494,0.0,33
2,2011-12-23,119616.57652750816,0.0,33
1,2011-12-02,14330.69878595671,0.0,33
12,2011-12-23,3807.3708408338994,0.0,33
95,2011-12-23,195.73878855275183,0.0,33
97,2011-12-09,2182.4814411724524,0.0,33
67,2011-12-16,9719.110406099682,0.0,33
60,2011-12-30,416.4526032870585,1.0,33
30,2011-12-23,5195.049028270334,0.0,33
20,2011-12-23,5339.965427000347,0.0,33
27,2011-12-23,4512.681181607818,0.0,33
52,2011-12-16,16369.246325564318,0.0,33
30,2011-12-30,2255.0156274666338,1.0,33
54,2011-12-16,2743.942369881381,0.0,33
94,2011-12-23,69284.70890089584,0.0,33
25,2011-12-30,13009.582412128237,1.0,33
83,2011-12-23,81.50455492211547,0.0,33
5,2011-12-16,8.776141591202158,0.0,33
72,2011-12-16,4675.4080638464,0.0,33
30,2011-12-09,3162.7039630435893,0.0,33
34,2011-12-16,10307.340377945293,0.0,33
38,2011-12-09,38815.20262487416,0.0,33
59,2011-12-30,5366.569680060566,1.0,33
23,2011-12-30,12026.641103924543,1.0,33
22,2011-12-16,3536.8633610551565,0.0,33
21,2011-12-02,7314.257198469856,0.0,33
72,2011-12-02,237.58689720182485,0.0,33
42,2011-12-16,8477.63006747194,0.0,33
2,2011-12-09,57004.631420911486,0.0,33
1,2011-12-09,20489.97273774321,0.0,33
12,2011-12-16,3031.800104900656,0.0,33
13,2011-12-30,35419.3794126789,1.0,33
59,2011-12-02,1856.4470555347311,0.0,33
82,2011-12-02,24416.323835579617,0.0,33
27,2011-12-09,3800.965422238773,0.0,33
9,2011-12-23,22373.085119537467,0.0,33
41,2011-12-23,10816.321099218949,0.0,33
14,2011-12-30,26.403908940240377,1.0,33
60,2011-12-30,146.65161997602598,1.0,33
4,2011-12-09,25950.1098271216,0.0,33
55,2011-12-02,4756.482778436687,0.0,33
20,2011-12-16,7011.034164191545,0.0,33
31,2011-12-23,7294.435415812715,0.0,33
25,2011-12-02,17225.338420036664,0.0,33
6,2011-12-23,169.2266631394677,0.0,33
38,2011-12-02,35911.23215681464,0.0,33
74,2011-12-16,62646.30073922308,0.0,33
10,2011-12-16,15013.138411323,0.0,33
42,2011-12-02,2036.3929983854496,0.0,33
38,2011-12-23,29282.36421018941,0.0,33
44,2011-12-23,71.81574166873368,0.0,33
80,2011-12-09,48221.59626973295,0.0,33
90,2011-12-02,18018.81449287528,0.0,33
12,2011-12-16,3913.357990451764,0.0,33
81,2011-12-16,48219.542145110565,0.0,33
3,2011-12-30,11272.3541215947,1.0,33
93,2011-12-23,2883.272215891433,0.0,33
11,2011-12-16,19267.5133843302,0.0,33
26,2011-12-02,16762.61969875535,0.0,33
33,2011-12-23,8552.895999412542,0.0,33
21,2011-12-23,10699.968393913276,0.0,33
1,2011-12-30,24031.136404773195,1.0,33
41,2011-12-16,1172.371837051826,0.0,33
58,2011-12-30,1640.5404424544054,1.0,33
32,2011-12-16,18125.27347997274,0.0,33
25,2011-12-23,11850.21493745812,0.0,33
1,2011-12-30,19081.207905307954,1.0,33
56,2011-12-02,8.100798203907395,0.0,33
74,2011-12-23,407.8024904063912,0.0,33
85,2011-12-16,6363.592898468481,0.0,33
58,2011-12-16,6458.894068802703,0.0,33
2,2011-12-02,57257.82986192069,0.0,33
3,2011-12-09,18384.35770631687,0.0,33
5,2011-12-16,137.6985897811748,0.0,33
60,2011-12-02,4115.633573321948,0.0,33
91,2011-12-30,10245.717708812192,1.0,33
29,2011-12-30,12384.27680431388,1.0,33
22,2011-12-09,14435.99079983631,0.0,33
24,2011-12-02,4322.6922518407655,0.0,33
59,2011-12-09,3569.3918934145254,0.0,33
7,2011-12-16,50351.69889738421,0.0,33
87,2011-12-30,16639.93612027294,1.0,33
14,2011-12-23,81674.57775853192,0.0,33
5,2011-12-09,46943.88284590579,0.0,33
81,2011-12-30,20317.427090359022,1.0,33
42,2011-12-23,81.85629762881081,0.0,33
7,2011-12-09,9822.954664727917,0.0,33
55,2011-12-09,203.6092310690588,0.0,33
72,2011-12-30,2912.175870760927,1.0,33
5,2011-12-09,34150.40776454718,0.0,33
87,2011-12-09,21320.80862316585,0.0,33
94,2011-12-16,836.7911399495192,0.0,33
42,2011-12-02,96.91141077217996,0.0,33
7,2011-12-02,68710.23798215734,0.0,33
41,2011-12-02,1007.1631759646292,0.0,33
54,2011-12-23,7975.65785558926,0.0,33
12,2011-12-02,4441.915299742161,0.0,33
60,2011-12-02,166.20446540321538,0.0,33
16,2011-12-09,43533.278994993,0.0,33
55,2011-12-23,3830.044984074804,0.0,33
33,2011-12-09,10570.667534675416,0.0,33
27,2011-12-23,9825.213792356815,0.0,33
48,2011-12-16,-107.28612984526636,0.0,33
87,2011-12-02,331.16653592991315,0.0,33
71,2011-12-16,95.86360865285572,0.0,33
90,2011-12-09,77356.69212935961,0.0,33
29,2011-12-30,16903.06344873699,1.0,33
8,2011-12-02,23733.76306965639,0.0,33
38,2011-12-09,46035.538049177645,0.0,33
60,2011-12-23,22960.21268756216,0.0,33
71,2011-12-02,970.17663052878,0.0,33
14,2011-12-16,2817.435685571155,0.0,33
5,2011-12-09,75138.86332199279,0.0,33
10,2011-12-23,33456.65181512393,0.0,33
38,2011-12-30,44790.786732880246,1.0,33
23,2011-12-02,11116.624296844851,0.0,33
91,2011-12-16,26063.680772714688,0.0,33
72,2011-12-02,5081.708710489834,0.0,33
93,2011-12-09,21025.55480276897,0.0,33
33,2011-12-16,19602.587132666304,0.0,33
54,2011-12-09,31438.773094431668,0.0,33
14,2011-12-02,61.72538722548183,0.0,33
42,2011-12-16,3294.686545967193,0.0,33
8,2011-12-16,10464.366663819725,0.0,33
41,2011-12-02,10400.953859608862,0.0,33
6,2011-12-02,4955.70832140125,0.0,33
25,2011-12-02,2812.440467177455,0.0,33
19,2011-12-02,1415.7242741460095,0.0,33
16,2011-12-16,3658.243363178364,0.0,33
41,2011-12-09,1687.7884669582927,0.0,33
29,2011-12-16,22896.07809613392,0.0,33
40,2011-12-30,66667.22895702616,1.0,33
36,2011-12-02,753.9183824858119,0.0,33
46,2011-12-02,14.357574562053316,0.0,33
38,2011-12-16,12700.395802520869,0.0,33
25,2011-12-16,13025.240655617306,0.0,33
58,2011-12-16,4217.887627591942,0.0,33
16,2011-12-23,4013.727231198996,0.0,33
34,2011-12-09,18074.795582153456,0.0,33
2,2011-12-09,8810.886408767334,0.0,33
97,2011-12-16,5875.8934912368695,0.0,33
38,2011-12-09,100157.76561752173,0.0,33
82,2011-12-16,4223.3760767875065,0.0,33
10,2011-12-16,18184.995225542923,0.0,33
90,2011-12-23,18533.23225662332,0.0,33
37,2011-12-23,4867.087632405316,0.0,33
8,2011-12-02,10345.07234401207,0.0,33
41,2011-12-16,4530.331709691954,0.0,33
36,2011-12-30,1747.0479933242525,1.0,33
99,2011-12-16,6351.181387127649,0.0,33
85,2011-12-30,2556.8800064370025,1.0,33
27,2011-12-02,2032.480755456621,0.0,33
11,2011-12-30,5789.877489364217,1.0,33
71,2011-12-23,874.9934827356795,0.0,33
11,2011-12-09,20917.808848601457,0.0,33
28,2011-12-09,1328.025446345078,0.0,33
87,2011-12-23,3277.223384393162,0.0,33
41,2011-12-02,1216.4226721769714,0.0,33
7,2011-12-02,55254.58813962682,0.0,33
20,2011-12-23,4522.220436860914,0.0,33
46,2011-12-23,40275.06984279311,0.0,33
6,2011-12-30,297.0025630387689,1.0,33
18,2011-12-02,259.73115788267177,0.0,33
85,2011-12-16,244.2628836036911,0.0,33
49,2011-12-23,59348.882131627135,0.0,33
97,2011-12-16,3824.4314487121896,0.0,33
1,2011-12-23,58803.78408072906,0.0,33
7,2011-12-02,126.98245235625032,0.0,33
96,2011-12-23,29742.75623086577,0.0,33
2,2011-12-09,56931.864322141366,0.0,33
52,2011-12-30,54.8646668195551,1.0,33
20,2011-12-23,10082.019976433276,0.0,33
41,2011-12-09,2966.4307622050333,0.0,33
35,2011-12-09,2860.576302709268,0.0,33
82,2011-12-02,18654.48839785815,0.0,33
20,2011-12-16,3786.6124721898855,0.0,33
19,2011-12-02,3266.043843861052,0.0,33
81,2011-12-16,10452.208994976829,0.0,33
46,2011-12-23,18989.89175929752,0.0,33
33,2011-12-16,13147.30564310533,0.0,33
54,2011-12-09,36372.12176862507,0.0,33
27,2011-12-16,4806.95232525435,0.0,33
36,2011-12-23,1958.422398307301,0.0,33
91,2011-12-23,22714.819603989334,0.0,33
55,2011-12-30,17108.037450997635,1.0,33
71,2011-12-30,17889.08868379803,1.0,33
29,2011-12-16,8117.148048590987,0.0,33
38,2011-12-02,46296.490695944456,0.0,33
19,2011-12-02,1820.8980513171064,0.0,33
94,2011-12-16,18687.26934244216,0.0,33
52,2011-12-16,-10.42866553369378,0.0,33
3,2011-12-02,7435.491339417778,0.0,33
31,2011-12-02,4203.946086380291,0.0,33
14,2011-12-16,45577.099463898194,0.0,33
20,2011-12-16,6814.391016292143,0.0,33
79,2011-12-23,41457.61213238582,0.0,33
46,2011-12-02,32313.943640345453,0.0,33
74,2011-12-09,42520.33009899223,0.0,33
42,2011-12-30,4002.566951374604,1.0,33
23,2011-12-02,69365.34891033583,0.0,33
6,2011-12-16,29892.145891386062,0.0,33
4,2011-12-09,34326.31203464834,0.0,33
26,2011-12-30,6277.909949575453,1.0,33
93,2011-12-09,570.8933487102914,0.0,33
13,2011-12-23,51332.92578918835,0.0,33
32,2011-12-09,10442.03327587458,0.0,33
3,2011-12-23,7750.37904524957,0.0,33
6,2011-12-09,569.7745421970016,0.0,33
92,2011-12-23,52940.94957813727,0.0,33
11,2011-12-09,13510.724697533598,0.0,33
5,2011-12-09,49636.15139220224,0.0,33
36,2011-12-16,3216.546538640917,0.0,33
29,2011-12-23,9149.586419736885,0.0,33
31,2011-12-02,2067.434670060609,0.0,33
34,2011-12-30,12995.618926788817,1.0,33
80,2011-12-30,19995.19125608509,1.0,33
35,2011-12-09,20977.324302994315,0.0,33
67,2011-12-09,11779.228046661525,0.0,33
85,2011-12-16,254.47618966701808,0.0,33
2,2011-12-16,56814.64259322721,0.0,33
79,2011-12-30,18963.05191210683,1.0,33
71,2011-12-09,49865.4219298054,0.0,33
16,2011-12-02,4348.260716016533,0.0,33
14,2011-12-09,3590.878727338774,0.0,33
59,2011-12-16,4773.669451157137,0.0,33
2,2011-12-30,24608.111982387865,1.0,33
34,2011-12-30,14571.31908062902,1.0,33
72,2011-12-02,28351.66796684476,0.0,33
8,2011-12-30,-6.870831183583655,1.0,33
72,2011-12-16,112377.68996011894,0.0,33
40,2011-12-09,36263.274124668336,0.0,33
7,2011-12-02,19945.007124829976,0.0,33
2,2011-12-23,66856.34151731728,0.0,33
52,2011-12-09,4873.480796050159,0.0,33
45,2011-12-09,23.50503411756426,0.0,33
22,2011-12-30,5091.863329484865,1.0,33
29,2011-12-09,6788.017130526814,0.0,33
34,2011-12-30,19719.20838219373,1.0,33
38,2011-12-09,115859.60493847828,0.0,33
42,2011-12-16,2338.1600791676706,0.0,33
18,2011-12-09,44186.1093613521,0.0,33
85,2011-12-30,3136.921673044972,1.0,33
1,2011-12-09,29940.13146101563,0.0,33
83,2011-12-02,2435.032139046731,0.0,33
79,2011-12-02,18867.292692901763,0.0,33
26,2011-12-02,8632.520630679377,0.0,33
87,2011-12-30,904.1495924922668,1.0,33
32,2011-12-30,9918.993953171492,1.0,33
97,2011-12-30,642.9652301586957,1.0,33
72,2011-12-09,65543.47751032822,0.0,33
31,2011-12-09,4540.739129919477,0.0,33
49,2011-12-16,55791.18971186563,0.0,33
55,2011-12-02,2118.4562039958755,0.0,33
74,2011-12-16,2133.480890146945,0.0,33
87,2011-12-23,11918.685625541331,0.0,33
16,2011-12-23,38510.54000078394,0.0,33
10,2011-12-02,42702.04098041223,0.0,33
23,2011-12-23,38697.72055165017,0.0,33
87,2011-12-16,31294.01635291516,0.0,33
82,2011-12-02,3448.825749029557,0.0,33
35,2011-12-02,3064.4177408412115,0.0,33
58,2011-12-23,3410.758155864633,0.0,33
29,2011-12-16,12777.054918199772,0.0,33
44,2011-12-30,6178.669269823484,1.0,33
93,2011-12-23,2532.5015755373606,0.0,33
10,2011-12-09,10950.463575975058,0.0,33
2,2011-12-30,37359.06666520781,1.0,33
87,2011-12-09,7124.093971741589,0.0,33
72,2011-12-23,114697.59286512384,0.0,33
8,2011-12-09,18117.69851709041,0.0,33
98,2011-12-30,20.80195782616057,1.0,33
41,2011-12-30,-4.123850714308185,1.0,33
24,2011-12-16,5222.865507112438,0.0,33
14,2011-12-02,9515.561855697264,0.0,33
19,2011-12-16,2529.902082449318,0.0,34
10,2011-12-23,27483.335437089438,0.0,34
7,2011-12-16,61348.20725340762,0.0,34
22,2011-12-23,44050.83110558896,0.0,34
9,2011-12-16,16083.051285199632,0.0,34
20,2011-12-02,2766.621464658392,0.0,34
92,2011-12-02,14569.0035306323,0.0,34
34,2011-12-09,2353.5760441116977,0.0,34
4,2011-12-02,50999.32375301647,0.0,34
16,2011-12-16,390.9917370646793,0.0,34
22,2011-12-02,19136.717234214422,0.0,34
54,2011-12-09,3730.306744888363,0.0,34
35,2011-12-09,15778.1280747392,0.0,34
11,2011-12-30,15031.76231952804,1.0,34
35,2011-12-23,10935.0967552118,0.0,34
25,2011-12-09,16976.11368260244,0.0,34
24,2011-12-02,7961.430872422561,0.0,34
38,2011-12-30,51098.9465075368,1.0,34
25,2011-12-30,10328.189755743717,1.0,34
18,2011-12-23,558.9192165044689,0.0,34
23,2011-12-30,25601.61506199601,1.0,34
72,2011-12-30,7876.867652328312,1.0,34
34,2011-12-02,12462.940201945628,0.0,34
87,2011-12-30,16324.989005470225,1.0,34
29,2011-12-16,11366.657860509744,0.0,34
95,2011-12-30,8741.331524162415,1.0,34
94,2011-12-09,41495.82439265142,0.0,34
9,2011-12-23,14549.183422489385,0.0,34
79,2011-12-16,1992.34004151666,0.0,34
3,2011-12-23,13335.886543595236,0.0,34
85,2011-12-02,1917.318955756324,0.0,34
97,2011-12-16,204.2596506925779,0.0,34
35,2011-12-16,15667.149762639108,0.0,34
18,2011-12-09,366.39807363885024,0.0,34
81,2011-12-09,1643.683681409213,0.0,34
79,2011-12-09,42146.56739154349,0.0,34
90,2011-12-02,12040.87002202171,0.0,34
54,2011-12-09,34.43120971725318,0.0,34
54,2011-12-30,20131.27335778536,1.0,34
32,2011-12-23,46156.9048632461,0.0,34
40,2011-12-23,59927.85085506434,0.0,34
82,2011-12-30,6222.908673714911,1.0,34
17,2011-12-23,17309.484457827122,0.0,34
6,2011-12-16,935.7277222763136,0.0,34
7,2011-12-02,104731.30472395134,0.0,34
71,2011-12-09,144811.92021841367,0.0,34
4,2011-12-30,22876.956049243086,1.0,34
21,2011-12-30,3543.7587413369465,1.0,34
45,2011-12-02,15816.3784328547,0.0,34
22,2011-12-30,12014.0156238873,1.0,34
12,2011-12-23,2777.04707349833,0.0,34
56,2011-12-23,30565.646746049908,0.0,34
32,2011-12-30,9284.292177651443,1.0,34
85,2011-12-30,1544.5469432025402,1.0,34
79,2011-12-23,34.61754260359571,0.0,34
17,2011-12-02,4497.07307932613,0.0,34
74,2011-12-16,829.6495622903429,0.0,34
55,2011-12-30,31653.95178770365,1.0,34
1,2011-12-30,22800.91063934908,1.0,34
92,2011-12-09,36612.80199316205,0.0,34
87,2011-12-23,1979.034732531428,0.0,34
1,2011-12-23,51860.09724360215,0.0,34
81,2011-12-16,9197.163385752056,0.0,34
32,2011-12-30,34420.97507240086,1.0,34
71,2011-12-02,49996.05850067594,0.0,34
38,2011-12-02,98535.16810328254,0.0,34
40,2011-12-02,63531.6462760815,0.0,34
94,2011-12-23,76477.08991105318,0.0,34
80,2011-12-09,14248.308333344215,0.0,34
38,2011-12-16,80278.16760862009,0.0,34
38,2011-12-16,70169.35629447064,0.0,34
85,2011-12-23,7338.530324145368,0.0,34
18,2011-12-30,38454.547608792986,1.0,34
10,2011-12-30,42630.148771284745,1.0,34
34,2011-12-02,5887.64609565649,0.0,34
98,2011-12-16,10027.953318556549,0.0,34
8,2011-12-16,723.8002793784342,0.0,34
46,2011-12-09,29300.751114033697,0.0,34
28,2011-12-30,806.4858045707564,1.0,34
3,2011-12-23,15863.055951183444,0.0,34
44,2011-12-23,9338.246992398485,0.0,34
46,2011-12-16,10718.771050275753,0.0,34
26,2011-12-30,9103.075012405645,1.0,34
87,2011-12-16,14006.18012974516,0.0,34
98,2011-12-16,410.45008022645845,0.0,34
54,2011-12-16,26242.963501826744,0.0,34
90,2011-12-30,12855.738600276669,1.0,34
79,2011-12-09,146.32712616361192,0.0,34
91,2011-12-16,23838.409736301648,0.0,34
59,2011-12-30,2949.2297165412137,1.0,34
93,2011-12-02,27244.956208281368,0.0,34
7,2011-12-16,208137.75988177105,0.0,34
49,2011-12-30,10566.488070956457,1.0,34
8,2011-12-30,20912.303991952336,1.0,34
26,2011-12-16,18920.32880120297,0.0,34
16,2011-12-09,51470.7110868519,0.0,34
8,2011-12-02,10317.93700548003,0.0,34
23,2011-12-16,17816.36336806796,0.0,34
27,2011-12-30,1280.4702481230945,1.0,34
2,2011-12-23,62721.977960689146,0.0,34
95,2011-12-23,47166.824402543214,0.0,34
42,2011-12-02,-1.0256086059927991,0.0,34
34,2011-12-16,19326.839147368333,0.0,34
14,2011-12-16,54481.839462402175,0.0,34
55,2011-12-16,2599.5883837756683,0.0,34
22,2011-12-23,35417.00386672365,0.0,34
98,2011-12-09,2207.4626124581355,0.0,34
58,2011-12-30,13268.96896621907,1.0,34
80,2011-12-23,50551.62448859644,0.0,34
38,2011-12-09,81385.64886615034,0.0,34
13,2011-12-23,56212.749343411546,0.0,34
22,2011-12-16,16885.246217347798,0.0,34
23,2011-12-16,46003.01899324788,0.0,34
36,2011-12-30,4074.643066223866,1.0,34
94,2011-12-23,471.38234014751134,0.0,34
30,2011-12-02,3430.245144182909,0.0,34
79,2011-12-30,5329.222854025185,1.0,34
67,2011-12-02,3546.529330092484,0.0,34
98,2011-12-30,7.374574288609356,1.0,34
45,2011-12-02,13.449399934613798,0.0,34
25,2011-12-23,26478.87184073465,0.0,34
36,2011-12-09,7590.720535652902,0.0,34
98,2011-12-09,2701.202216015576,0.0,34
40,2011-12-02,43124.43845486288,0.0,34
6,2011-12-02,788.2829992701576,0.0,34
17,2011-12-30,221.3946330548991,1.0,34
24,2011-12-16,5866.050409020001,0.0,34
23,2011-12-09,22388.50249736664,0.0,34
58,2011-12-23,6878.911550644999,0.0,34
17,2011-12-30,53129.33986035638,1.0,34
33,2011-12-02,6713.395469885741,0.0,34
72,2011-12-23,92406.73616564026,0.0,34
32,2011-12-09,16256.276121964838,0.0,34
87,2011-12-02,410.7105340249293,0.0,34
10,2011-12-16,15493.64012513656,0.0,34
41,2011-12-02,8466.43317161696,0.0,34
90,2011-12-30,33916.87145984112,1.0,34
90,2011-12-16,405.8318136689463,0.0,34
30,2011-12-09,6223.303712385081,0.0,34
33,2011-12-23,24685.677106247786,0.0,34
71,2011-12-09,5226.8346816639705,0.0,34
28,2011-12-30,1133.233377988541,1.0,34
95,2011-12-02,77643.78195285902,0.0,34
30,2011-12-23,5504.509089736128,0.0,34
59,2011-12-30,2221.561009403164,1.0,34
79,2011-12-30,38262.25098564748,1.0,34
25,2011-12-23,19042.728180725997,0.0,34
74,2011-12-30,4309.613409998407,1.0,34
24,2011-12-23,25839.82511218505,0.0,34
42,2011-12-16,9408.46854857619,0.0,34
6,2011-12-30,116.68499073620778,1.0,34
46,2011-12-02,54720.82625420695,0.0,34
87,2011-12-16,23104.246468745023,0.0,34
60,2011-12-09,76.37310325100015,0.0,34
92,2011-12-09,47007.931013369394,0.0,34
96,2011-12-16,6015.986991507224,0.0,34
6,2011-12-16,252.60830158181503,0.0,34
23,2011-12-30,43854.77397991183,1.0,34
3,2011-12-30,10674.96002332184,1.0,34
55,2011-12-30,3071.0417023065884,1.0,34
72,2011-12-23,102110.25599994828,0.0,34
22,2011-12-09,9394.363072509184,0.0,34
33,2011-12-30,5345.942502665338,1.0,34
95,2011-12-02,36344.033792613984,0.0,34
40,2011-12-23,13627.81520649413,0.0,34
97,2011-12-30,32510.163090133185,1.0,34
55,2011-12-16,5835.507796636041,0.0,34
67,2011-12-09,53423.40996495904,0.0,34
38,2011-12-09,70199.39435319301,0.0,34
85,2011-12-30,1320.2196829129537,1.0,34
26,2011-12-16,21430.671354062342,0.0,34
90,2011-12-09,17222.485056242887,0.0,34
98,2011-12-16,134.25526410573968,0.0,34
97,2011-12-23,2994.8847956349,0.0,34
60,2011-12-09,179.7485525076565,0.0,34
72,2011-12-30,15805.231731936145,1.0,34
46,2011-12-09,46569.96540864903,0.0,34
67,2011-12-16,970.1340558562168,0.0,34
42,2011-12-16,7103.2900143142815,0.0,34
40,2011-12-09,55791.17766334615,0.0,34
85,2011-12-02,3259.575954306337,0.0,34
21,2011-12-23,9072.3456383371,0.0,34
40,2011-12-09,35955.49387160513,0.0,34
92,2011-12-09,41825.97953218895,0.0,34
46,2011-12-16,27784.74068094785,0.0,34
93,2011-12-02,27957.65573341397,0.0,34
96,2011-12-09,8955.570845743374,0.0,34
85,2011-12-30,2798.493006522567,1.0,34
42,2011-12-16,15428.895518814936,0.0,34
98,2011-12-23,697.2740007798716,0.0,34
94,2011-12-09,21115.180464501977,0.0,34
41,2011-12-09,5302.074351950302,0.0,34
6,2011-12-16,1283.6367972365788,0.0,34
92,2011-12-09,25149.41592428333,0.0,34
91,2011-12-09,49867.56639777718,0.0,34
2,2011-12-09,9253.124109745597,0.0,34
71,2011-12-02,37483.4256680635,0.0,34
37,2011-12-23,3762.2000916397774,0.0,34
23,2011-12-02,19708.108480688014,0.0,34
14,2011-12-02,18354.79779079986,0.0,34
81,2011-12-09,9790.285815086125,0.0,34
85,2011-12-09,750.3562503816257,0.0,34
80,2011-12-23,13022.744821916149,0.0,34
22,2011-12-30,7245.742629685186,1.0,34
90,2011-12-30,17891.61876240331,1.0,34
87,2011-12-09,346.36472246601335,0.0,34
26,2011-12-02,6258.286163292076,0.0,34
80,2011-12-09,16842.29341008317,0.0,34
71,2011-12-09,14359.075470242691,0.0,34
38,2011-12-30,63361.72779379084,1.0,34
8,2011-12-09,41696.34290341373,0.0,34
90,2011-12-23,253.11700618661345,0.0,34
5,2011-12-30,28357.705549635444,1.0,34
39,2011-12-02,47483.28733642978,0.0,34
16,2011-12-23,270.2355636028042,0.0,34
83,2011-12-30,2169.367689173885,1.0,34
2,2011-12-16,117069.26246933186,0.0,34
3,2011-12-23,33415.380354377514,0.0,34
79,2011-12-09,53834.963751887,0.0,34
24,2011-12-02,14728.494076283763,0.0,34
52,2011-12-02,2203.649681078342,0.0,34
94,2011-12-16,15460.986584396313,0.0,34
52,2011-12-02,25.32161733670721,0.0,34
19,2011-12-30,1633.1735851079354,1.0,34
6,2011-12-02,197.83804616912175,0.0,34
17,2011-12-02,310.40085213750194,0.0,34
49,2011-12-02,22972.25383770646,0.0,34
19,2011-12-30,811.9950588118479,1.0,34
25,2011-12-30,8246.602108940837,1.0,34
1,2011-12-16,52252.58786400526,0.0,34
5,2011-12-02,48536.16098720651,0.0,34
8,2011-12-16,16625.604792079608,0.0,34
20,2011-12-16,3830.148684170408,0.0,34
3,2011-12-02,10124.378764712796,0.0,34
11,2011-12-02,24029.80432164495,0.0,34
6,2011-12-02,6830.976945705828,0.0,34
87,2011-12-02,693.014705693874,0.0,34
8,2011-12-02,23202.206451447317,0.0,34
16,2011-12-23,11151.477355811056,0.0,34
37,2011-12-23,9537.619353147393,0.0,34
3,2011-12-30,11259.647454065323,1.0,34
12,2011-12-16,2841.5469510914204,0.0,34
36,2011-12-09,4514.912458919126,0.0,34
85,2011-12-09,3122.90468277432,0.0,34
44,2011-12-02,3390.618793239347,0.0,34
96,2011-12-16,2191.8238397664218,0.0,34
98,2011-12-30,623.9616421803211,1.0,34
42,2011-12-23,5430.353387429336,0.0,34
98,2011-12-23,64.51616156802392,0.0,34
13,2011-12-30,14962.359250081128,1.0,34
14,2011-12-23,35122.307424618615,0.0,34
29,2011-12-16,4891.832014042288,0.0,34
13,2011-12-23,70343.79232779567,0.0,34
28,2011-12-09,928.2703128868396,0.0,34
93,2011-12-16,16439.703852859766,0.0,34
14,2011-12-09,3071.9687179299203,0.0,34
38,2011-12-02,54616.96180066789,0.0,34
17,2011-12-16,1360.0235073686513,0.0,34
60,2011-12-02,843.4042306371797,0.0,34
24,2011-12-16,14436.629197448645,0.0,34
78,2011-12-16,-9.143810195107555,0.0,34
52,2011-12-30,1792.220291548142,1.0,34
81,2011-12-02,404.5867938128875,0.0,34
32,2011-12-09,6618.779563698553,0.0,34
27,2011-12-23,4727.168933236957,0.0,34
74,2011-12-16,10909.123500355345,0.0,34
41,2011-12-16,4536.364673215594,0.0,34
8,2011-12-23,28380.94107957163,0.0,34
71,2011-12-09,149271.4804531264,0.0,34
23,2011-12-09,69618.60094900032,0.0,34
38,2011-12-09,38954.81833703318,0.0,34
24,2011-12-16,15225.23732714386,0.0,34
37,2011-12-16,3306.70899644281,0.0,34
49,2011-12-16,6619.608010426854,0.0,34
95,2011-12-09,88185.27468708219,0.0,34
6,2011-12-30,457.2096273964934,1.0,34
29,2011-12-30,12181.467997672367,1.0,34
83,2011-12-02,4943.175214160602,0.0,34
49,2011-12-02,3975.9525806470015,0.0,34
40,2011-12-30,22675.69033132232,1.0,34
23,2011-12-30,41826.21455376614,1.0,34
54,2011-12-30,22.926666202642984,1.0,34
98,2011-12-30,474.04125984274657,1.0,34
38,2011-12-16,67907.27524007493,0.0,34
17,2011-12-23,29515.758573730556,0.0,34
52,2011-12-23,39788.84484942058,0.0,34
56,2011-12-16,1847.1032832062767,0.0,34
33,2011-12-23,23293.69389866087,0.0,34
46,2011-12-16,26773.09088664186,0.0,34
79,2011-12-30,4058.10294374237,1.0,34
59,2011-12-16,4587.047746924289,0.0,34
87,2011-12-16,152.68655992649204,0.0,34
95,2011-12-02,169.03215158927785,0.0,34
2,2011-12-09,104684.63346382556,0.0,34
90,2011-12-23,23649.58381920752,0.0,34
42,2011-12-30,4892.286136220649,1.0,34
7,2011-12-02,79053.45074487284,0.0,34
29,2011-12-02,5455.667973445964,0.0,34
46,2011-12-23,65742.18403777237,0.0,34
16,2011-12-16,139.9588412770917,0.0,34
56,2011-12-09,19466.37164488221,0.0,34
2,2011-12-30,64468.93514980917,1.0,34
91,2011-12-16,8352.18033261403,0.0,34
45,2011-12-02,13039.063768055295,0.0,34
6,2011-12-23,134.72631530457826,0.0,34
16,2011-12-23,411.1249857417579,0.0,34
11,2011-12-09,1208.816337105909,0.0,34
25,2011-12-23,7457.798205629201,0.0,34
97,2011-12-30,2617.2130586941225,1.0,34
87,2011-12-02,485.39993449865017,0.0,34
21,2011-12-16,1853.5515588592805,0.0,34
36,2011-12-23,3218.553668334502,0.0,34
13,2011-12-02,19201.98897490654,0.0,34
46,2011-12-16,42868.92958492918,0.0,34
29,2011-12-02,5322.680004845244,0.0,34
7,2011-12-09,51008.96245632399,0.0,34
29,2011-12-30,7036.9621709618505,1.0,34
16,2011-12-02,298.88634108052275,0.0,34
98,2011-12-02,23.382645644579828,0.0,34
9,2011-12-16,16029.329699578782,0.0,34
34,2011-12-02,7375.09515663659,0.0,34
94,2011-12-30,71.5261003249954,1.0,34
22,2011-12-23,31973.01184147462,0.0,34
95,2011-12-16,31608.479610485447,0.0,34
81,2011-12-30,50267.52714088737,1.0,34
96,2011-12-30,7661.004481683274,1.0,34
7,2011-12-30,33103.9872462595,1.0,34
74,2011-12-30,6730.307390906991,1.0,34
11,2011-12-23,23759.77670492958,0.0,34
90,2011-12-30,40902.79934924437,1.0,34
42,2011-12-09,123.24350695405184,0.0,34
23,2011-12-16,48626.37158554249,0.0,34
38,2011-12-23,90669.69532127892,0.0,34
59,2011-12-23,20004.13662202755,0.0,34
60,2011-12-09,44.43656984643086,0.0,34
90,2011-12-02,13477.160890144523,0.0,34
54,2011-12-02,27601.210847606384,0.0,34
81,2011-12-02,24927.30732888652,0.0,34
19,2011-12-16,4025.271490464157,0.0,34
28,2011-12-30,851.8030161875434,1.0,34
8,2011-12-09,39590.60058415264,0.0,34
87,2011-12-16,271.72318665905453,0.0,34
13,2011-12-16,15075.35532708824,0.0,34
92,2011-12-02,9549.96072074307,0.0,34
36,2011-12-16,4773.281325885738,0.0,34
95,2011-12-09,67422.07741655096,0.0,34
35,2011-12-09,2880.4361476659697,0.0,34
20,2011-12-16,13931.854138445173,0.0,34
95,2011-12-23,151450.97010834955,0.0,35
90,2011-12-09,55436.91734139668,0.0,35
93,2011-12-02,1678.914847398807,0.0,35
3,2011-12-16,1447.7057642679483,0.0,35
81,2011-12-23,7992.423461962818,0.0,35
5,2011-12-02,9023.854116379463,0.0,35
4,2011-12-23,24056.93577049068,0.0,35
40,2011-12-02,15827.400260233888,0.0,35
38,2011-12-02,82402.40712304703,0.0,35
27,2011-12-09,3612.742941465079,0.0,35
58,2011-12-30,1386.433962211543,1.0,35
60,2011-12-23,25436.268819752542,0.0,35
42,2011-12-16,5894.160201544973,0.0,35
2,2011-12-16,53801.14564836052,0.0,35
90,2011-12-09,106191.29251605384,0.0,35
1,2011-12-16,47747.39945900262,0.0,35
11,2011-12-16,26313.96468999955,0.0,35
85,2011-12-16,11720.97252004142,0.0,35
92,2011-12-30,22662.642633982403,1.0,35
13,2011-12-30,46142.34729424568,1.0,35
38,2011-12-09,44185.50015049206,0.0,35
30,2011-12-02,1638.171356515902,0.0,35
1,2011-12-23,45889.72550910647,0.0,35
16,2011-12-02,17939.614683824526,0.0,35
59,2011-12-23,27732.96876194449,0.0,35
33,2011-12-02,9505.7527810718,0.0,35
22,2011-12-09,20769.557226112003,0.0,35
83,2011-12-02,3824.462161986995,0.0,35
4,2011-12-30,29665.345643438577,1.0,35
10,2011-12-09,10035.935570280086,0.0,35
7,2011-12-09,123526.5688041128,0.0,35
25,2011-12-16,23049.25323059408,0.0,35
91,2011-12-30,32784.11745812518,1.0,35
2,2011-12-09,66628.38151491575,0.0,35
93,2011-12-16,57745.719301467,0.0,35
16,2011-12-02,5280.498691085354,0.0,35
91,2011-12-09,2961.245371291378,0.0,35
42,2011-12-30,3867.9204354406575,1.0,35
34,2011-12-16,4243.11320295446,0.0,35
40,2011-12-30,55057.81793329763,1.0,35
85,2011-12-30,2712.7781338568325,1.0,35
37,2011-12-09,2775.361725692324,0.0,35
38,2011-12-23,82615.92390035915,0.0,35
87,2011-12-02,2667.015379936928,0.0,35
72,2011-12-16,11046.046988005886,0.0,35
67,2011-12-30,8581.695144410014,1.0,35
2,2011-12-09,33777.60253170765,0.0,35
71,2011-12-02,15225.194745860794,0.0,35
16,2011-12-02,2818.1645637824595,0.0,35
32,2011-12-02,21478.220344562185,0.0,35
95,2011-12-02,27849.71639932771,0.0,35
18,2011-12-09,21156.44388182228,0.0,35
41,2011-12-02,1149.443752790397,0.0,35
80,2011-12-16,46150.292397313766,0.0,35
27,2011-12-23,4724.850570335126,0.0,35
38,2011-12-16,106489.52822969886,0.0,35
40,2011-12-09,14549.409313020537,0.0,35
41,2011-12-16,2448.7608638905,0.0,35
80,2011-12-09,27868.50441021796,0.0,35
26,2011-12-16,10522.385403640104,0.0,35
2,2011-12-23,28259.44999585199,0.0,35
80,2011-12-16,81194.05935885895,0.0,35
16,2011-12-02,3316.8728595551083,0.0,35
58,2011-12-09,6904.023250974543,0.0,35
36,2011-12-09,2950.9751832358147,0.0,35
32,2011-12-30,3209.8298659304915,1.0,35
81,2011-12-16,7619.621185823406,0.0,35
87,2011-12-30,20400.499438957333,1.0,35
30,2011-12-02,4290.0651825313735,0.0,35
58,2011-12-16,2357.63577636418,0.0,35
56,2011-12-16,3205.880574873748,0.0,35
83,2011-12-23,800.7928469397757,0.0,35
25,2011-12-09,20749.11658848397,0.0,35
83,2011-12-23,71919.44300648553,0.0,35
65,2011-12-02,8908.041400637841,0.0,35
33,2011-12-16,9985.268515342732,0.0,35
29,2011-12-23,16905.366302652314,0.0,35
29,2011-12-23,15185.015236005249,0.0,35
8,2011-12-30,6805.951777484384,1.0,35
1,2011-12-16,16890.056205841265,0.0,35
23,2011-12-23,31493.41141824818,0.0,35
51,2011-12-09,47513.50062501792,0.0,35
97,2011-12-23,20527.08016478781,0.0,35
82,2011-12-02,31850.924201581845,0.0,35
20,2011-12-02,7599.863462943981,0.0,35
27,2011-12-02,1586.992010674305,0.0,35
90,2011-12-23,99087.0324969105,0.0,35
74,2011-12-02,3377.6576491866363,0.0,35
78,2011-12-09,-158.5391728659739,0.0,35
81,2011-12-09,12825.276542683563,0.0,35
58,2011-12-30,4775.012404708371,1.0,35
37,2011-12-16,7848.956195585762,0.0,35
94,2011-12-16,42977.27261096687,0.0,35
32,2011-12-23,25296.21031400989,0.0,35
98,2011-12-02,6744.70551439615,0.0,35
72,2011-12-02,1955.4307007792609,0.0,35
18,2011-12-30,26655.086369342644,1.0,35
23,2011-12-02,34867.392050856695,0.0,35
38,2011-12-23,76449.12373765622,0.0,35
72,2011-12-30,26827.91334001408,1.0,35
78,2011-12-30,12655.148428697055,1.0,35
67,2011-12-30,596.1720335692411,1.0,35
26,2011-12-09,12699.420269363798,0.0,35
46,2011-12-02,21448.29455717498,0.0,35
13,2011-12-30,32683.479113094403,1.0,35
6,2011-12-09,323.7310770688822,0.0,35
16,2011-12-23,34960.53487397796,0.0,35
55,2011-12-23,46406.90857074764,0.0,35
90,2011-12-16,47158.16387630123,0.0,35
8,2011-12-09,58418.951668040645,0.0,35
17,2011-12-16,36671.249864568126,0.0,35
81,2011-12-23,9377.161635391849,0.0,35
17,2011-12-23,48174.32132172907,0.0,35
48,2011-12-02,2931.2690269622453,0.0,35
22,2011-12-02,8955.699104919317,0.0,35
13,2011-12-02,11279.147505271078,0.0,35
19,2011-12-30,1604.7618529816084,1.0,35
27,2011-12-16,4858.425117633391,0.0,35
13,2011-12-09,29653.852818572013,0.0,35
55,2011-12-30,15421.982689447992,1.0,35
72,2011-12-16,11020.387833292749,0.0,35
71,2011-12-02,43537.648304777584,0.0,35
14,2011-12-09,21601.474411833333,0.0,35
71,2011-12-09,73112.89750425295,0.0,35
87,2011-12-02,8776.753835239413,0.0,35
99,2011-12-16,2359.529029117017,0.0,35
11,2011-12-02,22931.32224578924,0.0,35
16,2011-12-23,9256.416525625336,0.0,35
59,2011-12-30,413.3438611544001,1.0,35
46,2011-12-30,34965.91099649728,1.0,35
30,2011-12-16,3473.188785357909,0.0,35
99,2011-12-09,1166.1677324716063,0.0,35
81,2011-12-23,136577.98472803098,0.0,35
13,2011-12-02,16484.018945612825,0.0,35
3,2011-12-23,15563.946177557234,0.0,35
58,2011-12-09,3185.030757803805,0.0,35
23,2011-12-23,92293.028318101,0.0,35
27,2011-12-30,1811.9516072077024,1.0,35
95,2011-12-23,119731.0719291156,0.0,35
22,2011-12-30,16745.90880053446,1.0,35
46,2011-12-23,52806.08713862332,0.0,35
52,2011-12-16,17.812106045441276,0.0,35
32,2011-12-30,1886.691218703619,1.0,35
34,2011-12-02,10040.489009924848,0.0,35
71,2011-12-23,88088.09367453655,0.0,35
72,2011-12-23,111356.15375948088,0.0,35
17,2011-12-30,6889.261575442554,1.0,35
52,2011-12-30,20.334521165288063,1.0,35
3,2011-12-30,10893.394825717003,1.0,35
18,2011-12-16,55420.17363886531,0.0,35
82,2011-12-30,4480.881497635961,1.0,35
5,2011-12-09,37074.55307614007,0.0,35
37,2011-12-23,1327.9439129465443,0.0,35
54,2011-12-30,37290.83397772877,1.0,35
95,2011-12-09,42201.72387329045,0.0,35
22,2011-12-02,12271.23059745798,0.0,35
59,2011-12-30,5348.451760091956,1.0,35
17,2011-12-16,22761.672201451554,0.0,35
72,2011-12-02,35398.02380935456,0.0,35
10,2011-12-16,41027.57845660586,0.0,35
59,2011-12-02,617.056443094859,0.0,35
37,2011-12-16,2033.997369300524,0.0,35
59,2011-12-02,790.2831050727012,0.0,35
31,2011-12-09,4022.7657398332008,0.0,35
95,2011-12-02,14013.299985297026,0.0,35
85,2011-12-30,1425.6148023597514,1.0,35
40,2011-12-09,53929.417880681125,0.0,35
38,2011-12-16,81399.83358697234,0.0,35
30,2011-12-02,1811.373762814967,0.0,35
1,2011-12-23,70594.90275276828,0.0,35
1,2011-12-30,20456.14061586002,1.0,35
10,2011-12-09,18628.1507595356,0.0,35
81,2011-12-30,50697.73312023433,1.0,35
47,2011-12-09,6034.065234044643,0.0,35
8,2011-12-23,20155.12514849237,0.0,35
92,2011-12-30,64926.43773969702,1.0,35
26,2011-12-02,6699.039171290761,0.0,35
30,2011-12-02,10263.06328656497,0.0,35
90,2011-12-16,104259.22891268166,0.0,35
8,2011-12-09,67995.61590442111,0.0,35
81,2011-12-09,10203.106437461614,0.0,35
97,2011-12-02,22657.500709201133,0.0,35
7,2011-12-02,3586.908448750077,0.0,35
3,2011-12-09,13478.295710930985,0.0,35
6,2011-12-30,6529.120060418904,1.0,35
95,2011-12-16,79917.77631188816,0.0,35
95,2011-12-16,60675.32014525111,0.0,35
32,2011-12-23,8036.908144638451,0.0,35
7,2011-12-16,18118.834657092044,0.0,35
29,2011-12-30,14046.863279853264,1.0,35
11,2011-12-16,21328.503873543028,0.0,35
54,2011-12-02,12978.60863972411,0.0,35
82,2011-12-23,90183.54523692436,0.0,35
44,2011-12-16,164.80870452727248,0.0,35
81,2011-12-30,43542.75431371981,1.0,35
18,2011-12-02,33435.50573798517,0.0,35
96,2011-12-02,27514.871191547587,0.0,35
91,2011-12-02,41401.090971245045,0.0,35
87,2011-12-30,27478.2265934694,1.0,35
90,2011-12-16,13933.68337399142,0.0,35
1,2011-12-23,66349.54160340181,0.0,35
16,2011-12-02,7126.028098482864,0.0,35
81,2011-12-16,5532.383662055855,0.0,35
33,2011-12-09,14197.53006347654,0.0,35
8,2011-12-23,37523.89345678448,0.0,35
7,2011-12-23,10711.711681303252,0.0,35
2,2011-12-16,38695.43651990908,0.0,35
37,2011-12-30,1838.1488115581735,1.0,35
95,2011-12-23,66748.34675447064,0.0,35
79,2011-12-23,507.2575608815395,0.0,35
55,2011-12-02,28816.995926195545,0.0,35
41,2011-12-02,2426.600525261746,0.0,35
26,2011-12-02,1937.1995025606652,0.0,35
22,2011-12-16,20207.333971479224,0.0,35
95,2011-12-02,109737.7326578976,0.0,35
54,2011-12-02,20857.194270755597,0.0,35
1,2011-12-02,34236.901015702344,0.0,35
4,2011-12-23,31146.754168553394,0.0,35
2,2011-12-09,39743.4501184816,0.0,35
9,2011-12-30,38696.05730019539,1.0,35
11,2011-12-30,17850.027855957884,1.0,35
35,2011-12-23,4006.592766503191,0.0,35
4,2011-12-30,20040.903120471256,1.0,35
31,2011-12-16,4970.15255130955,0.0,35
87,2011-12-02,31869.23018085394,0.0,35
38,2011-12-16,48924.32367663933,0.0,35
2,2011-12-09,13757.147821815568,0.0,35
27,2011-12-09,1210.5239760646132,0.0,35
59,2011-12-30,4991.550161342321,1.0,35
16,2011-12-30,774.9136296009934,1.0,35
72,2011-12-16,15058.73256409086,0.0,35
3,2011-12-02,8194.413582433468,0.0,35
92,2011-12-09,92784.81253677727,0.0,35
87,2011-12-16,55513.28867679101,0.0,35
40,2011-12-02,19134.341938875372,0.0,35
28,2011-12-23,15526.579161135254,0.0,35
92,2011-12-02,117053.29292710053,0.0,35
26,2011-12-09,13117.260975645911,0.0,35
95,2011-12-09,122939.02709925968,0.0,35
58,2011-12-16,5151.207396977938,0.0,35
38,2011-12-23,52340.60354209595,0.0,35
85,2011-12-23,4727.235085502731,0.0,35
23,2011-12-16,55582.35265343271,0.0,35
55,2011-12-02,10997.95270559556,0.0,35
74,2011-12-23,19161.668460730656,0.0,35
5,2011-12-02,47282.16928584964,0.0,35
54,2011-12-30,202.85453212151307,1.0,35
87,2011-12-02,16024.09835813421,0.0,35
12,2011-12-30,3871.971508752296,1.0,35
81,2011-12-30,11920.707286713416,1.0,35
96,2011-12-02,15829.919707338568,0.0,35
42,2011-12-30,6918.363230589351,1.0,35
31,2011-12-30,25784.786479084625,1.0,35
14,2011-12-02,13374.978945170378,0.0,35
52,2011-12-23,33647.99993199377,0.0,35
38,2011-12-02,67082.10032889961,0.0,35
9,2011-12-30,14018.082819852089,1.0,35
71,2011-12-23,115328.9760837177,0.0,35
82,2011-12-23,50835.1123828486,0.0,35
14,2011-12-02,4569.4133218175575,0.0,35
77,2011-12-23,11286.62906032749,0.0,35
59,2011-12-16,2613.907500088849,0.0,35
34,2011-12-16,7080.868051686513,0.0,35
21,2011-12-30,4240.163353464672,1.0,35
85,2011-12-30,1395.2524878597435,1.0,35
99,2011-12-23,2532.330485919345,0.0,35
72,2011-12-02,52732.83970426832,0.0,35
74,2011-12-23,15734.476766645392,0.0,35
79,2011-12-09,15951.47971146729,0.0,35
79,2011-12-16,46915.56162673243,0.0,35
1,2011-12-02,27026.84281177851,0.0,35
28,2011-12-02,1094.394724211173,0.0,35
39,2011-12-16,9787.460750905742,0.0,35
4,2011-12-02,21592.583715388544,0.0,35
35,2011-12-23,7972.822641758516,0.0,35
35,2011-12-30,3364.362379350775,1.0,35
9,2011-12-02,11329.544706113984,0.0,35
46,2011-12-30,29063.31658887674,1.0,35
71,2011-12-30,71501.70296226109,1.0,35
54,2011-12-23,206.89607926024604,0.0,35
8,2011-12-23,32845.6109974355,0.0,35
38,2011-12-23,40842.45596092488,0.0,35
42,2011-12-09,10879.61407974052,0.0,35
83,2011-12-09,3707.952748528407,0.0,35
85,2011-12-30,2999.125753905389,1.0,35
79,2011-12-23,21482.55957586483,0.0,35
60,2011-12-16,2143.509832341818,0.0,35
38,2011-12-30,51953.30017817424,1.0,35
52,2011-12-30,255.79614343628657,1.0,35
33,2011-12-23,16526.852333900722,0.0,35
7,2011-12-30,110.96429473189052,1.0,35
22,2011-12-09,11152.268686905682,0.0,35
55,2011-12-09,8465.684092410138,0.0,35
16,2011-12-02,9742.827846390875,0.0,35
17,2011-12-16,8482.273669363305,0.0,35
9,2011-12-02,18995.342626266545,0.0,35
55,2011-12-30,2025.6038196980223,1.0,35
55,2011-12-16,40297.20450844787,0.0,35
72,2011-12-23,118663.51993497212,0.0,35
40,2011-12-09,40196.21668241316,0.0,35
10,2011-12-30,9380.138093107753,1.0,35
1,2011-12-02,29126.85113569011,0.0,35
56,2011-12-16,13627.226150556698,0.0,35
42,2011-12-16,10165.570758990954,0.0,35
94,2011-12-02,34857.922050142304,0.0,35
10,2011-12-30,33017.30034022643,1.0,35
25,2011-12-09,10732.396453132542,0.0,35
19,2011-12-09,1948.405794058029,0.0,35
99,2011-12-16,2955.6770116434955,0.0,35
19,2011-12-23,1751.9869123728738,0.0,35
23,2011-12-23,104237.6205335342,0.0,35
30,2011-12-23,2166.107056094228,0.0,35
59,2011-12-09,1550.7431141568006,0.0,35
40,2011-12-16,54302.644419724944,0.0,35
52,2011-12-30,806.0517148301358,1.0,35
52,2011-12-09,238.20532080624287,0.0,35
2,2011-12-02,56931.008912362726,0.0,35
32,2011-12-23,6967.0150153866025,0.0,35
25,2011-12-16,17491.539260961028,0.0,35
59,2011-12-09,3104.851702294636,0.0,35
83,2011-12-30,5043.938404678871,1.0,35
2,2011-12-23,68568.33250339217,0.0,35
13,2011-12-09,22388.97250801832,0.0,35
98,2011-12-23,13171.772359615838,0.0,35
81,2011-12-30,37421.8208766081,1.0,35
55,2011-12-09,2905.294102621506,0.0,35
21,2011-12-02,1198.0981371016571,0.0,35
92,2011-12-16,81304.4384788319,0.0,35
32,2011-12-30,14526.653602323398,1.0,35
2,2011-12-23,53805.86891822233,0.0,35
9,2011-12-09,12128.573602002316,0.0,35
93,2011-12-23,84909.11551478309,0.0,35
90,2011-12-09,95135.76692441967,0.0,35
29,2011-12-02,3993.721764079085,0.0,35
58,2011-12-02,2310.3248669839268,0.0,35
11,2011-12-09,31302.457580344504,0.0,35
40,2011-12-23,72936.48006347178,0.0,35
3,2011-12-23,25284.45020088137,0.0,35
4,2011-12-23,42703.88152409063,0.0,35
49,2011-12-16,9455.104970789524,0.0,35
33,2011-12-30,9562.41093911337,1.0,35
4,2011-12-16,22531.159627569952,0.0,35
48,2011-12-02,3440.5174122053945,0.0,35
19,2011-12-30,1204.9543821333243,1.0,35
98,2011-12-16,17421.568331052767,0.0,35
5,2011-12-30,3094.862110589172,1.0,35
9,2011-12-30,15292.242310072728,1.0,35
5,2011-12-02,7250.614500341767,0.0,35
35,2011-12-23,2701.6726631880465,0.0,35
54,2011-12-23,85.17989964103977,0.0,35
9,2011-12-09,7106.284059254042,0.0,35
52,2011-12-23,2021.8217556299453,0.0,35
42,2011-12-09,3194.100251240749,0.0,35
82,2011-12-02,15346.795592413682,0.0,35
9,2011-12-23,28610.76371764308,0.0,35
22,2011-12-23,34707.64629195064,0.0,35
8,2011-12-30,66609.45398065263,1.0,35
12,2011-12-23,2162.8253073834767,0.0,35
60,2011-12-30,15298.812632968278,1.0,35
79,2011-12-09,24912.075223157844,0.0,35
99,2011-12-09,861.6072058097641,0.0,35
27,2011-12-23,5852.534943626432,0.0,35
38,2011-12-02,70761.0611310892,0.0,36
87,2011-12-23,17875.855939398232,0.0,36
93,2011-12-02,59972.81227111823,0.0,36
95,2011-12-23,127084.415572884,0.0,36
17,2011-12-09,31463.60391296958,0.0,36
19,2011-12-09,1217.0464856676847,0.0,36
24,2011-12-09,6246.7692387080015,0.0,36
33,2011-12-02,6460.775682962889,0.0,36
90,2011-12-30,21387.78744664378,1.0,36
3,2011-12-30,9085.804608239916,1.0,36
92,2011-12-30,97462.0037053276,1.0,36
18,2011-12-30,11667.60995398741,1.0,36
4,2011-12-23,51303.66219271592,0.0,36
54,2011-12-02,2045.173641709672,0.0,36
20,2011-12-23,5243.116173613322,0.0,36
22,2011-12-16,40345.35598123386,0.0,36
97,2011-12-16,36344.14378015268,0.0,36
56,2011-12-02,1737.0707543401927,0.0,36
98,2011-12-30,7211.398642268355,1.0,36
82,2011-12-02,21257.773831459115,0.0,36
72,2011-12-09,8774.888685979016,0.0,36
71,2011-12-02,31086.10919671329,0.0,36
95,2011-12-09,124065.35789050264,0.0,36
97,2011-12-02,4674.91198168143,0.0,36
72,2011-12-16,86891.60921957449,0.0,36
18,2011-12-09,23863.489055111582,0.0,36
92,2011-12-09,41411.75033080389,0.0,36
92,2011-12-16,170695.2727014192,0.0,36
38,2011-12-30,48413.11975681444,1.0,36
40,2011-12-02,55243.95236036301,0.0,36
56,2011-12-16,6063.801677226869,0.0,36
32,2011-12-30,9040.763484569905,1.0,36
95,2011-12-30,65368.74510579666,1.0,36
82,2011-12-16,6239.067559692184,0.0,36
92,2011-12-02,89668.82667641526,0.0,36
2,2011-12-23,51902.64739259189,0.0,36
41,2011-12-09,2395.6787284163806,0.0,36
14,2011-12-09,37375.83616533202,0.0,36
27,2011-12-23,1013.8213028282868,0.0,36
80,2011-12-09,43547.39022927375,0.0,36
35,2011-12-16,2389.3081684314925,0.0,36
4,2011-12-30,18756.21399946388,1.0,36
1,2011-12-23,48141.419987407855,0.0,36
59,2011-12-16,5099.108079913047,0.0,36
25,2011-12-23,14224.296309713676,0.0,36
31,2011-12-16,2770.3379859577058,0.0,36
23,2011-12-23,41467.86878565424,0.0,36
24,2011-12-16,4270.288377554123,0.0,36
82,2011-12-02,11142.422073914742,0.0,36
92,2011-12-23,35699.56678553846,0.0,36
52,2011-12-16,50394.78157460441,0.0,36
3,2011-12-16,9464.349479150547,0.0,36
92,2011-12-02,20464.365530920404,0.0,36
27,2011-12-16,2184.1826011229336,0.0,36
2,2011-12-16,41832.84623756043,0.0,36
38,2011-12-23,54526.74186432768,0.0,36
7,2011-12-02,39191.27361445463,0.0,36
12,2011-12-02,3008.3812203064485,0.0,36
10,2011-12-09,11600.3823357088,0.0,36
7,2011-12-23,11767.655827472508,0.0,36
32,2011-12-16,7435.652622177572,0.0,36
46,2011-12-16,24013.855299859904,0.0,36
22,2011-12-16,17942.156150316885,0.0,36
91,2011-12-23,58092.65464657449,0.0,36
90,2011-12-23,60987.49341225432,0.0,36
26,2011-12-09,6152.955589437894,0.0,36
16,2011-12-09,2737.9080770415444,0.0,36
95,2011-12-09,148109.71072367215,0.0,36
91,2011-12-16,44831.44014844578,0.0,36
30,2011-12-09,755.8757116500755,0.0,36
27,2011-12-23,3102.636100749825,0.0,36
25,2011-12-09,21490.39777328968,0.0,36
33,2011-12-09,10624.254785814914,0.0,36
72,2011-12-02,49747.894921898216,0.0,36
44,2011-12-30,7110.328938435724,1.0,36
1,2011-12-30,21757.784672901,1.0,36
72,2011-12-16,11539.86004419647,0.0,36
59,2011-12-16,217.32995571704163,0.0,36
6,2011-12-30,152.63712756147194,1.0,36
34,2011-12-02,2394.0450295853866,0.0,36
56,2011-12-02,9425.937959664754,0.0,36
25,2011-12-02,2817.582095198441,0.0,36
21,2011-12-02,3028.5550774989806,0.0,36
50,2011-12-09,3479.41781559707,0.0,36
60,2011-12-02,10.078212283265076,0.0,36
14,2011-12-30,31911.397338056613,1.0,36
19,2011-12-30,9.33775599855497,1.0,36
19,2011-12-09,1234.3735468568118,0.0,36
72,2011-12-23,114987.73225380373,0.0,36
94,2011-12-23,80908.26772865813,0.0,36
97,2011-12-30,22881.78125533192,1.0,36
58,2011-12-16,3354.8094995411943,0.0,36
29,2011-12-16,10256.093492904502,0.0,36
38,2011-12-09,35903.83914956136,0.0,36
7,2011-12-09,13091.927256764033,0.0,36
10,2011-12-09,44911.90896942673,0.0,36
11,2011-12-02,17141.541034844908,0.0,36
87,2011-12-16,8760.047280277893,0.0,36
17,2011-12-23,31277.59853761089,0.0,36
38,2011-12-30,50247.06269564572,1.0,36
98,2011-12-09,4808.6597391075775,0.0,36
22,2011-12-09,19149.90972405533,0.0,36
32,2011-12-30,13779.720239819548,1.0,36
5,2011-12-30,27396.55027866039,1.0,36
85,2011-12-02,8622.132427634064,0.0,36
10,2011-12-30,17110.09540550869,1.0,36
95,2011-12-09,36466.97731856916,0.0,36
1,2011-12-09,41059.85972367424,0.0,36
6,2011-12-16,7643.263249795351,0.0,36
92,2011-12-30,84532.38633331897,1.0,36
85,2011-12-30,6784.468439328758,1.0,36
90,2011-12-16,62550.41592614228,0.0,36
56,2011-12-30,21.242645186590263,1.0,36
92,2011-12-16,73676.53437819585,0.0,36
60,2011-12-16,7648.2869717494705,0.0,36
95,2011-12-16,55833.14309189695,0.0,36
5,2011-12-09,77700.82815680305,0.0,36
51,2011-12-02,697.1997944500158,0.0,36
1,2011-12-16,44525.84689077004,0.0,36
24,2011-12-16,4404.370618627976,0.0,36
79,2011-12-02,16546.28322486728,0.0,36
17,2011-12-02,12241.257128608337,0.0,36
71,2011-12-09,10658.81301082214,0.0,36
44,2011-12-09,9668.939068797936,0.0,36
26,2011-12-02,4589.195312957505,0.0,36
41,2011-12-16,4514.687412931746,0.0,36
95,2011-12-02,66461.40160822624,0.0,36
34,2011-12-09,17195.984805997963,0.0,36
67,2011-12-09,1094.9255471995737,0.0,36
94,2011-12-09,-6.713475429912172,0.0,36
35,2011-12-30,7040.845502792521,1.0,36
55,2011-12-09,4765.8310593449205,0.0,36
12,2011-12-23,9673.26683163489,0.0,36
52,2011-12-02,3142.987105475452,0.0,36
16,2011-12-16,3680.4021215848697,0.0,36
50,2011-12-09,36321.53676486645,0.0,36
31,2011-12-30,3118.81034400389,1.0,36
19,2011-12-02,1176.3434650377185,0.0,36
72,2011-12-02,29367.635180890946,0.0,36
40,2011-12-23,49772.757835583485,0.0,36
82,2011-12-02,23519.96621687781,0.0,36
7,2011-12-23,17752.630072514028,0.0,36
74,2011-12-09,19832.598222074437,0.0,36
94,2011-12-30,30923.377802278203,1.0,36
31,2011-12-02,2380.069892780149,0.0,36
98,2011-12-09,12750.011983586754,0.0,36
34,2011-12-09,4960.701986346679,0.0,36
52,2011-12-09,43575.47392636083,0.0,36
98,2011-12-23,13221.280959087364,0.0,36
18,2011-12-16,83367.13246755113,0.0,36
87,2011-12-23,12979.352699338082,0.0,36
23,2011-12-09,13957.899839999558,0.0,36
3,2011-12-02,13688.076225702878,0.0,36
36,2011-12-30,1766.9713496867962,1.0,36
92,2011-12-30,70428.15300197578,1.0,36
24,2011-12-02,4770.74570588851,0.0,36
39,2011-12-30,47246.90213544493,1.0,36
81,2011-12-30,15510.691924986488,1.0,36
13,2011-12-30,23195.94803562354,1.0,36
13,2011-12-30,33353.886163651194,1.0,36
71,2011-12-30,9711.036995105782,1.0,36
20,2011-12-16,4971.177671248782,0.0,36
90,2011-12-16,103563.8097403946,0.0,36
23,2011-12-30,70776.42140231362,1.0,36
72,2011-12-30,12163.636492324347,1.0,36
83,2011-12-09,2844.736415505657,0.0,36
35,2011-12-02,2200.501468291282,0.0,36
92,2011-12-30,40265.50854716771,1.0,36
87,2011-12-09,20598.908680926197,0.0,36
54,2011-12-16,219.9215005390337,0.0,36
38,2011-12-30,46094.89041773744,1.0,36
56,2011-12-30,27901.96861963529,1.0,36
95,2011-12-16,48235.406936604144,0.0,36
42,2011-12-23,8859.672182442775,0.0,36
40,2011-12-23,26917.826564513667,0.0,36
97,2011-12-02,24697.946988477303,0.0,36
12,2011-12-16,3381.6267082674804,0.0,36
97,2011-12-02,5486.923788765923,0.0,36
8,2011-12-02,41006.13120059363,0.0,36
82,2011-12-09,51261.67202606178,0.0,36
41,2011-12-02,946.2622024721472,0.0,36
27,2011-12-30,1373.2775483133012,1.0,36
83,2011-12-30,9395.516306625272,1.0,36
44,2011-12-02,16302.413679784557,0.0,36
55,2011-12-30,31.89994824661042,1.0,36
35,2011-12-16,3266.703757642237,0.0,36
21,2011-12-23,13069.901732646627,0.0,36
85,2011-12-02,4192.942834449433,0.0,36
51,2011-12-16,31650.882475809096,0.0,36
13,2011-12-30,23633.32375519752,1.0,36
33,2011-12-02,12692.002868904025,0.0,36
38,2011-12-23,26712.92904460334,0.0,36
83,2011-12-02,4894.97037706179,0.0,36
71,2011-12-30,4531.747270919344,1.0,36
14,2011-12-23,7533.710197679331,0.0,36
25,2011-12-02,8372.56195710117,0.0,36
55,2011-12-02,1781.6420957270868,0.0,36
4,2011-12-09,49841.52822579049,0.0,36
79,2011-12-30,23949.770774941,1.0,36
52,2011-12-16,59172.88159169199,0.0,36
13,2011-12-30,29124.925188572623,1.0,36
97,2011-12-02,36185.60444567309,0.0,36
26,2011-12-02,11177.538426345604,0.0,36
92,2011-12-09,153651.10841444958,0.0,36
90,2011-12-09,114518.85749973834,0.0,36
93,2011-12-09,27401.532965088307,0.0,36
19,2011-12-23,2686.6771956370403,0.0,36
67,2011-12-23,24409.78308476848,0.0,36
2,2011-12-02,59522.87458168783,0.0,36
18,2011-12-02,30139.459626924538,0.0,36
44,2011-12-09,5084.751600731683,0.0,36
42,2011-12-16,6383.4542555691605,0.0,36
41,2011-12-30,2488.103092958873,1.0,36
46,2011-12-23,42949.10699257767,0.0,36
24,2011-12-09,14472.643676813865,0.0,36
27,2011-12-02,3790.86210628528,0.0,36
12,2011-12-16,2336.504824622423,0.0,36
82,2011-12-30,16496.570506002296,1.0,36
87,2011-12-16,9470.843232016066,0.0,36
46,2011-12-09,38056.49676323634,0.0,36
98,2011-12-23,17940.267676084182,0.0,36
59,2011-12-16,9148.27900025567,0.0,36
22,2011-12-30,15671.324445013772,1.0,36
90,2011-12-16,110402.84659494608,0.0,36
82,2011-12-23,113167.66114113988,0.0,36
85,2011-12-09,12155.980783931183,0.0,36
40,2011-12-02,48364.718993207694,0.0,36
5,2011-12-16,6239.936501193111,0.0,36
91,2011-12-09,48633.97594462192,0.0,36
32,2011-12-16,37681.73108089341,0.0,36
79,2011-12-23,14382.893776564288,0.0,36
99,2011-12-16,4417.316548558339,0.0,36
96,2011-12-16,-12.947801581208658,0.0,36
25,2011-12-09,18026.37162636805,0.0,36
52,2011-12-16,1025.0914142448682,0.0,36
8,2011-12-09,7412.037762778505,0.0,36
30,2011-12-23,3103.030537827613,0.0,36
82,2011-12-16,6535.776148655351,0.0,36
25,2011-12-30,4627.49809959608,1.0,36
1,2011-12-16,107369.74433124549,0.0,36
56,2011-12-16,40141.53636769398,0.0,36
41,2011-12-23,2681.285149300219,0.0,36
50,2011-12-02,1444.4199816796126,0.0,36
35,2011-12-02,2279.894050669836,0.0,36
31,2011-12-30,11775.052829773324,1.0,36
13,2011-12-30,47130.97222922292,1.0,36
29,2011-12-16,9525.852550533416,0.0,36
16,2011-12-09,4914.461775767957,0.0,36
52,2011-12-30,50655.81851383815,1.0,36
29,2011-12-16,15194.373287837068,0.0,36
41,2011-12-09,3141.242431575978,0.0,36
24,2011-12-23,12807.280301140252,0.0,36
95,2011-12-16,64507.51184722702,0.0,36
79,2011-12-23,8154.876785703638,0.0,36
14,2011-12-02,2577.7141691456463,0.0,36
25,2011-12-23,23122.34420367392,0.0,36
24,2011-12-23,5820.171547102504,0.0,36
83,2011-12-09,2470.0913876557,0.0,36
18,2011-12-16,46183.637773112125,0.0,36
46,2011-12-16,28.975902387827784,0.0,36
2,2011-12-16,14843.620216945046,0.0,36
34,2011-12-02,17007.29271799942,0.0,36
23,2011-12-23,86407.80922862215,0.0,36
71,2011-12-16,11133.883024718923,0.0,36
99,2011-12-23,3392.380874160296,0.0,36
23,2011-12-09,49740.91543559205,0.0,36
1,2011-12-30,43026.28423063642,1.0,36
71,2011-12-02,28536.09889323157,0.0,36
80,2011-12-09,2587.773138283947,0.0,36
74,2011-12-09,12031.064889957055,0.0,36
6,2011-12-09,6650.250852604457,0.0,36
91,2011-12-23,93548.42129414972,0.0,36
87,2011-12-30,11037.517902619808,1.0,36
4,2011-12-23,42189.55464461311,0.0,36
46,2011-12-09,23383.381951006475,0.0,36
74,2011-12-16,3252.895364546002,0.0,36
12,2011-12-02,7368.357362557161,0.0,36
90,2011-12-02,10761.025867565704,0.0,36
98,2011-12-09,13947.519138825784,0.0,36
31,2011-12-30,9617.89215262731,1.0,36
54,2011-12-30,54643.33191290297,1.0,36
83,2011-12-16,55214.94653057157,0.0,36
32,2011-12-16,13953.088209762856,0.0,36
72,2011-12-30,117715.89799288112,1.0,36
30,2011-12-09,642.8947811948649,0.0,36
10,2011-12-23,43083.89557038331,0.0,36
29,2011-12-02,11248.04203634814,0.0,36
59,2011-12-09,4512.42311873858,0.0,36
18,2011-12-23,58979.0526773121,0.0,36
74,2011-12-30,40183.30004330795,1.0,36
59,2011-12-09,9281.20236654028,0.0,36
90,2011-12-09,100495.7383547919,0.0,36
3,2011-12-02,8833.959189602876,0.0,36
52,2011-12-30,18.727739151960225,1.0,36
9,2011-12-09,25.50825523288171,0.0,36
56,2011-12-09,34350.55296671648,0.0,36
42,2011-12-02,2632.7974566219136,0.0,36
24,2011-12-02,5203.178660124752,0.0,36
30,2011-12-16,4876.92696873207,0.0,36
82,2011-12-09,7845.479455887125,0.0,36
71,2011-12-30,10713.158822010091,1.0,36
1,2011-12-23,55347.62177910946,0.0,36
8,2011-12-30,29969.514082822818,1.0,36
25,2011-12-23,24772.917245340923,0.0,36
93,2011-12-09,43770.91307508866,0.0,36
18,2011-12-09,42223.685757758285,0.0,36
1,2011-12-23,36273.20079222004,0.0,36
48,2011-12-09,38844.28857099867,0.0,36
72,2011-12-09,2856.148251134106,0.0,36
3,2011-12-02,11930.735609214242,0.0,36
22,2011-12-02,12596.889573830267,0.0,36
32,2011-12-02,3139.132581434484,0.0,36
54,2011-12-30,21163.773503931152,1.0,36
5,2011-12-23,392.8049530223039,0.0,36
26,2011-12-23,11665.962427964178,0.0,36
92,2011-12-23,70891.73329014458,0.0,36
31,2011-12-23,4121.565458872194,0.0,36
46,2011-12-30,6293.723221506355,1.0,36
38,2011-12-30,59164.30034612761,1.0,36
26,2011-12-23,20826.71617743517,0.0,36
97,2011-12-09,26875.87707650849,0.0,36
96,2011-12-30,42887.24588776085,1.0,36
87,2011-12-16,7196.66810875579,0.0,36
45,2011-12-23,8116.801401348667,0.0,36
1,2011-12-02,48726.4974320326,0.0,36
42,2011-12-30,3958.135496842456,1.0,36
2,2011-12-30,48364.19172987215,1.0,36
98,2011-12-23,15508.34593518528,0.0,36
56,2011-12-23,2.86856422293252,0.0,36
56,2011-12-23,28316.06478944393,0.0,36
78,2011-12-23,15661.401100870586,0.0,36
34,2011-12-16,3726.594150215122,0.0,36
25,2011-12-16,12228.659167430991,0.0,36
82,2011-12-16,4638.480951195703,0.0,36
95,2011-12-16,74008.0363072651,0.0,36
3,2011-12-30,11037.04347798999,1.0,36
45,2011-12-09,13950.262084903916,0.0,36
11,2011-12-02,29850.524317482075,0.0,36
85,2011-12-09,8653.885340681307,0.0,36
46,2011-12-02,33240.76780800851,0.0,36
79,2011-12-09,16230.60391203362,0.0,36
22,2011-12-30,9519.756696828154,1.0,36
2,2011-12-30,57221.39246632405,1.0,36
25,2011-12-16,16157.067996234617,0.0,36
38,2011-12-16,55300.22251686016,0.0,36
50,2011-12-16,41116.95738512836,0.0,36
44,2011-12-16,6199.663034130989,0.0,36
33,2011-12-23,3843.512373873496,0.0,36
12,2011-12-16,2729.85627142649,0.0,36
55,2011-12-23,5711.92350260819,0.0,36
29,2011-12-09,8481.400992005258,0.0,36
52,2011-12-02,20.320719461092462,0.0,36
23,2011-12-30,16243.995075620463,1.0,36
33,2011-12-16,10371.573834549095,0.0,36
46,2011-12-16,8831.394473694203,0.0,36
49,2011-12-02,56117.66524665528,0.0,36
30,2011-12-30,15033.18441466712,1.0,36
42,2011-12-02,2114.0942531195983,0.0,36
3,2011-12-30,1781.5442400651823,1.0,36
77,2011-12-23,21049.752533007497,0.0,36
16,2011-12-02,20518.69124713474,0.0,36
71,2011-12-30,72064.9601016455,1.0,36
52,2011-12-30,11.942256769243595,1.0,36
2,2011-12-02,39925.32395733419,0.0,36
56,2011-12-16,16364.299129465526,0.0,37
82,2011-12-30,24662.971986319943,1.0,37
4,2011-12-16,16733.483514745778,0.0,37
92,2011-12-02,108336.98710640692,0.0,37
42,2011-12-09,3132.25514581133,0.0,37
72,2011-12-23,138529.38840568537,0.0,37
82,2011-12-02,14980.57342157288,0.0,37
8,2011-12-16,23777.434831248374,0.0,37
56,2011-12-23,300.9980627875671,0.0,37
26,2011-12-23,15798.311057119246,0.0,37
14,2011-12-30,342.44952676731833,1.0,37
90,2011-12-16,7494.892389353512,0.0,37
8,2011-12-09,38520.24053928653,0.0,37
42,2011-12-02,5694.117022700287,0.0,37
72,2011-12-09,54945.67717304326,0.0,37
95,2011-12-09,49528.91408011653,0.0,37
6,2011-12-02,636.8989970875285,0.0,37
11,2011-12-30,10658.718103366971,1.0,37
74,2011-12-23,12477.957578169622,0.0,37
29,2011-12-16,5948.89098375221,0.0,37
80,2011-12-09,20763.681018512783,0.0,37
95,2011-12-09,37305.81712665997,0.0,37
58,2011-12-16,1144.327811832271,0.0,37
29,2011-12-16,22785.41484758676,0.0,37
31,2011-12-02,2525.6015855342457,0.0,37
93,2011-12-02,3282.964282896044,0.0,37
31,2011-12-16,4274.102506724776,0.0,37
95,2011-12-09,36304.79622638408,0.0,37
45,2011-12-23,20.03221432650476,0.0,37
37,2011-12-23,2613.4709351317447,0.0,37
80,2011-12-30,6335.460021322404,1.0,37
74,2011-12-16,24434.7625138688,0.0,37
81,2011-12-02,20226.08200852889,0.0,37
97,2011-12-23,25748.145015652542,0.0,37
18,2011-12-30,13232.43350687389,1.0,37
94,2011-12-23,62583.48262192034,0.0,37
11,2011-12-16,18197.51027125442,0.0,37
16,2011-12-02,7392.989639714657,0.0,37
95,2011-12-23,98799.95160547238,0.0,37
25,2011-12-09,5886.969583874642,0.0,37
45,2011-12-02,13.01651226043661,0.0,37
87,2011-12-09,10293.067711174484,0.0,37
49,2011-12-23,132684.03331734508,0.0,37
16,2011-12-09,25750.02358023728,0.0,37
71,2011-12-16,43484.90313251684,0.0,37
1,2011-12-30,17442.431183776705,1.0,37
38,2011-12-09,90956.05209484362,0.0,37
50,2011-12-02,23302.49231442972,0.0,37
4,2011-12-30,18128.30209363116,1.0,37
90,2011-12-23,90686.32130595236,0.0,37
94,2011-12-30,37145.004464181264,1.0,37
8,2011-12-30,27039.533589873336,1.0,37
80,2011-12-16,24071.145175487247,0.0,37
40,2011-12-23,13501.515222686952,0.0,37
58,2011-12-02,37384.95651806893,0.0,37
35,2011-12-30,1663.2525062813695,1.0,37
72,2011-12-16,55378.56371475144,0.0,37
24,2011-12-30,3115.1230353968745,1.0,37
5,2011-12-02,65530.684077542894,0.0,37
60,2011-12-09,7016.668662906632,0.0,37
17,2011-12-02,6610.3739055291935,0.0,37
97,2011-12-02,3671.7309534880255,0.0,37
3,2011-12-30,14217.59122462772,1.0,37
38,2011-12-09,63952.76864711336,0.0,37
9,2011-12-09,25381.92465051326,0.0,37
42,2011-12-16,8032.97071924548,0.0,37
92,2011-12-30,100593.1887487729,1.0,37
82,2011-12-23,120662.28296876902,0.0,37
52,2011-12-02,156.05057812766543,0.0,37
9,2011-12-02,15468.870740790777,0.0,37
32,2011-12-09,7833.015182491481,0.0,37
92,2011-12-16,100718.45409630964,0.0,37
97,2011-12-16,21028.58130266679,0.0,37
29,2011-12-23,9730.019487866082,0.0,37
16,2011-12-16,4273.9749168415165,0.0,37
2,2011-12-16,62643.01596981657,0.0,37
92,2011-12-23,46566.87178444013,0.0,37
95,2011-12-30,118979.01564794,1.0,37
74,2011-12-23,570.5128934720524,0.0,37
38,2011-12-23,45216.57682847964,0.0,37
21,2011-12-23,7061.422879255839,0.0,37
92,2011-12-09,33065.3749487184,0.0,37
91,2011-12-02,76088.55553273154,0.0,37
42,2011-12-02,4037.1600790692855,0.0,37
85,2011-12-30,33540.30105036754,1.0,37
49,2011-12-16,31129.860757394217,0.0,37
27,2011-12-09,2574.48467009748,0.0,37
92,2011-12-16,208392.33199746485,0.0,37
79,2011-12-02,39639.43344948188,0.0,37
21,2011-12-02,5052.689787396446,0.0,37
92,2011-12-09,87393.8150721115,0.0,37
20,2011-12-09,7034.644641947,0.0,37
79,2011-12-23,30175.24351174184,0.0,37
13,2011-12-23,20.726655266888702,0.0,37
56,2011-12-30,20370.638994760386,1.0,37
17,2011-12-02,736.2142251752946,0.0,37
42,2011-12-02,8186.300924922069,0.0,37
2,2011-12-02,60381.32792260581,0.0,37
26,2011-12-09,11870.344468028235,0.0,37
95,2011-12-09,117336.26035603067,0.0,37
40,2011-12-23,34711.56264842955,0.0,37
39,2011-12-23,58711.07254452756,0.0,37
8,2011-12-02,35201.696633997606,0.0,37
30,2011-12-02,2237.834606130107,0.0,37
96,2011-12-09,14711.06155040713,0.0,37
55,2011-12-23,39635.70504105333,0.0,37
14,2011-12-30,2088.9254021988286,1.0,37
40,2011-12-30,50141.58518707176,1.0,37
81,2011-12-23,105828.1771465206,0.0,37
2,2011-12-30,32062.3412872063,1.0,37
58,2011-12-02,2420.025691151358,0.0,37
32,2011-12-16,9843.492928246931,0.0,37
7,2011-12-09,41886.46735256611,0.0,37
82,2011-12-23,8474.507992025354,0.0,37
27,2011-12-23,5146.453560541016,0.0,37
24,2011-12-16,5782.611474266597,0.0,37
40,2011-12-30,30418.62873298703,1.0,37
80,2011-12-23,62457.25536323096,0.0,37
9,2011-12-16,29234.351214999548,0.0,37
91,2011-12-23,44126.27629981853,0.0,37
1,2011-12-23,39645.79072171426,0.0,37
74,2011-12-23,2914.5670367037,0.0,37
58,2011-12-09,2462.3805733263107,0.0,37
26,2011-12-23,4317.902075898858,0.0,37
2,2011-12-02,16261.238385801164,0.0,37
21,2011-12-09,1422.7571847046097,0.0,37
23,2011-12-02,32740.70326306089,0.0,37
6,2011-12-09,3970.629723867471,0.0,37
41,2011-12-02,2185.4555295488008,0.0,37
20,2011-12-09,7765.333346680654,0.0,37
44,2011-12-09,4976.223849134583,0.0,37
34,2011-12-09,10691.788238519792,0.0,37
24,2011-12-02,9679.108532577791,0.0,37
22,2011-12-16,18542.210880422903,0.0,37
23,2011-12-16,46711.90557879408,0.0,37
82,2011-12-16,14678.922614886667,0.0,37
67,2011-12-16,404.9679527220883,0.0,37
22,2011-12-30,19310.71478210209,1.0,37
13,2011-12-09,41.84067709664823,0.0,37
33,2011-12-02,8164.491297320391,0.0,37
94,2011-12-30,39752.57744492846,1.0,37
46,2011-12-30,3230.907100132913,1.0,37
38,2011-12-16,38302.1284911297,0.0,37
9,2011-12-30,18000.40204856794,1.0,37
22,2011-12-23,19035.55128050992,0.0,37
56,2011-12-30,4714.709477428957,1.0,37
4,2011-12-09,44437.51876598176,0.0,37
47,2011-12-02,5843.710593197232,0.0,37
18,2011-12-16,21937.179270412635,0.0,37
27,2011-12-02,2566.090131588497,0.0,37
92,2011-12-23,117696.08562345142,0.0,37
81,2011-12-09,27757.95562306052,0.0,37
8,2011-12-16,23358.51530344637,0.0,37
90,2011-12-16,78232.34189017865,0.0,37
79,2011-12-16,9254.68868634992,0.0,37
91,2011-12-16,74095.6947712195,0.0,37
1,2011-12-16,65238.84228879964,0.0,37
8,2011-12-02,41599.65498641423,0.0,37
12,2011-12-16,3596.7228152436683,0.0,37
36,2011-12-09,3891.8974180596015,0.0,37
42,2011-12-02,5803.199464362428,0.0,37
12,2011-12-09,3175.820732026629,0.0,37
25,2011-12-02,9024.972309858244,0.0,37
11,2011-12-09,20899.2133266666,0.0,37
21,2011-12-16,14407.771002971587,0.0,37
16,2011-12-09,11590.169231170254,0.0,37
82,2011-12-30,31203.38304496122,1.0,37
14,2011-12-09,5578.680889087085,0.0,37
80,2011-12-02,37342.26749395353,0.0,37
72,2011-12-02,18352.130928630253,0.0,37
7,2011-12-30,7288.03739679786,1.0,37
11,2011-12-02,15638.886260994868,0.0,37
52,2011-12-23,105.45777844621917,0.0,37
19,2011-12-02,1704.9004232178354,0.0,37
96,2011-12-30,10330.094718728684,1.0,37
91,2011-12-02,79950.1694371492,0.0,37
56,2011-12-23,5405.970932294968,0.0,37
21,2011-12-16,13286.084887023622,0.0,37
46,2011-12-30,39303.56354307002,1.0,37
96,2011-12-02,2352.3810628018487,0.0,37
24,2011-12-23,16887.301807798376,0.0,37
14,2011-12-23,2812.1773095564545,0.0,37
36,2011-12-09,4456.99846186572,0.0,37
55,2011-12-09,3121.276234848742,0.0,37
25,2011-12-16,23039.46697713601,0.0,37
83,2011-12-02,7071.748103296788,0.0,37
41,2011-12-30,1051.8998265814091,1.0,37
8,2011-12-09,35637.54657061008,0.0,37
2,2011-12-23,54529.80527989561,0.0,37
35,2011-12-30,1372.5531824475877,1.0,37
93,2011-12-02,26965.28592859964,0.0,37
2,2011-12-09,105168.54837677802,0.0,37
42,2011-12-23,6974.962283895397,0.0,37
60,2011-12-30,8896.931644920724,1.0,37
32,2011-12-02,14895.12894674058,0.0,37
49,2011-12-02,55557.05565368173,0.0,37
13,2011-12-30,29825.641234623123,1.0,37
8,2011-12-09,20119.706481909863,0.0,37
38,2011-12-16,64442.02339167088,0.0,37
17,2011-12-23,-2.6047415394980806,0.0,37
71,2011-12-02,63958.94013414039,0.0,37
27,2011-12-23,4567.879274029876,0.0,37
59,2011-12-09,1940.541916472446,0.0,37
32,2011-12-09,15870.871988528825,0.0,37
23,2011-12-16,23107.29685761369,0.0,37
40,2011-12-09,31834.25400001707,0.0,37
95,2011-12-02,122794.95914318132,0.0,37
8,2011-12-09,7089.969265756163,0.0,37
25,2011-12-09,13336.008078562983,0.0,37
98,2011-12-16,11904.78964774198,0.0,37
79,2011-12-23,36233.96317622549,0.0,37
10,2011-12-02,34937.83256316175,0.0,37
3,2011-12-23,16547.03504151429,0.0,37
29,2011-12-09,6874.038295032332,0.0,37
40,2011-12-02,1630.7551899159378,0.0,37
5,2011-12-16,115841.41938124767,0.0,37
40,2011-12-02,1497.9914546320915,0.0,37
33,2011-12-30,4396.466177057533,1.0,37
30,2011-12-16,2508.449339231432,0.0,37
97,2011-12-09,14081.979327546249,0.0,37
41,2011-12-16,17459.539275931158,0.0,37
38,2011-12-30,43907.38752349052,1.0,37
19,2011-12-16,1655.7876304908043,0.0,37
95,2011-12-09,70864.3371032447,0.0,37
24,2011-12-09,7257.39941758084,0.0,37
19,2011-12-16,1594.5156395446782,0.0,37
11,2011-12-30,8635.10860323266,1.0,37
82,2011-12-23,109392.17504877456,0.0,37
67,2011-12-23,19531.800109295305,0.0,37
9,2011-12-02,28009.187465366274,0.0,37
26,2011-12-09,9269.485820568934,0.0,37
85,2011-12-02,2729.3954929021816,0.0,37
32,2011-12-23,19369.749918350662,0.0,37
32,2011-12-30,6790.244421890016,1.0,37
40,2011-12-16,48625.16343966718,0.0,37
28,2011-12-16,1380.8411862349872,0.0,37
85,2011-12-23,12370.292304020022,0.0,37
41,2011-12-02,1115.7559902488842,0.0,37
11,2011-12-23,25830.411804268017,0.0,37
72,2011-12-30,73242.03051852946,1.0,37
40,2011-12-02,33270.025039373744,0.0,37
79,2011-12-02,12476.891377790134,0.0,37
92,2011-12-02,157863.63617277268,0.0,37
95,2011-12-09,97968.92243555612,0.0,37
85,2011-12-30,3269.1345032107706,1.0,37
4,2011-12-30,32173.679952622348,1.0,37
90,2011-12-23,146262.2488178735,0.0,37
90,2011-12-30,79821.38308130903,1.0,37
23,2011-12-23,39232.379836417465,0.0,37
33,2011-12-09,3632.3082485443847,0.0,37
91,2011-12-09,28475.909268249623,0.0,37
11,2011-12-09,27384.32260780842,0.0,37
21,2011-12-02,9358.55875234716,0.0,37
16,2011-12-02,22328.71437620205,0.0,37
4,2011-12-30,15469.890829307484,1.0,37
19,2011-12-02,3209.430258534538,0.0,37
29,2011-12-16,7719.805664630065,0.0,37
31,2011-12-02,3344.110406325728,0.0,37
42,2011-12-09,6507.319070806918,0.0,37
17,2011-12-02,22991.300480642025,0.0,37
90,2011-12-02,26897.54660739505,0.0,37
58,2011-12-09,1511.25883803946,0.0,37
99,2011-12-23,2609.392527301671,0.0,37
37,2011-12-02,9699.500709747665,0.0,37
99,2011-12-16,2143.186998320629,0.0,37
67,2011-12-16,902.4616752946248,0.0,37
95,2011-12-30,93870.4406054739,1.0,37
74,2011-12-23,28930.43226553225,0.0,37
92,2011-12-30,27539.19903997611,1.0,37
29,2011-12-23,33209.322053750446,0.0,37
29,2011-12-09,1153.7165815704054,0.0,37
18,2011-12-23,32028.27213243324,0.0,37
93,2011-12-02,25842.74776262759,0.0,37
4,2011-12-16,26630.3069030548,0.0,37
13,2011-12-30,5236.210983197916,1.0,37
33,2011-12-16,20694.451594731006,0.0,37
37,2011-12-02,3836.853720125918,0.0,37
3,2011-12-16,7816.151557020984,0.0,37
85,2011-12-30,957.2082168686408,1.0,37
2,2011-12-30,25798.28778373989,1.0,37
37,2011-12-09,3682.9468008867807,0.0,37
30,2011-12-09,5471.681609429786,0.0,37
5,2011-12-09,89199.38344741668,0.0,37
59,2011-12-02,6695.833444373081,0.0,37
10,2011-12-23,18278.4988919118,0.0,37
12,2011-12-16,3086.379831532408,0.0,37
48,2011-12-02,29645.750573959205,0.0,37
35,2011-12-23,4444.342708849967,0.0,37
32,2011-12-30,8830.268542490327,1.0,37
5,2011-12-16,301.19677143486336,0.0,37
17,2011-12-02,10694.3823620137,0.0,37
21,2011-12-16,18139.381914046386,0.0,37
11,2011-12-23,23527.55454762526,0.0,37
18,2011-12-23,37073.67313346371,0.0,37
42,2011-12-30,6200.183247705678,1.0,37
5,2011-12-02,1695.225123086619,0.0,37
37,2011-12-30,5781.439848331715,1.0,37
34,2011-12-23,28756.559528463767,0.0,37
78,2011-12-09,3057.438559690256,0.0,37
30,2011-12-23,2240.9764349392785,0.0,37
71,2011-12-09,7859.63453843687,0.0,37
90,2011-12-02,45576.633266982666,0.0,37
94,2011-12-02,27592.73405741744,0.0,37
67,2011-12-30,95.89641988120218,1.0,37
23,2011-12-23,56426.42112841795,0.0,37
32,2011-12-09,13759.476054330642,0.0,37
59,2011-12-23,19047.338374409188,0.0,37
16,2011-12-16,14202.973693191245,0.0,37
21,2011-12-30,9346.65081618209,1.0,37
7,2011-12-16,169356.0939657885,0.0,37
1,2011-12-30,27767.84625122051,1.0,37
25,2011-12-23,13225.021618636829,0.0,37
18,2011-12-30,10847.18865961464,1.0,37
35,2011-12-02,1538.7689922016193,0.0,37
92,2011-12-02,62665.59768484991,0.0,37
80,2011-12-02,34522.9139914057,0.0,37
42,2011-12-16,6136.619189284616,0.0,37
42,2011-12-30,3124.7036547918287,1.0,37
52,2011-12-09,101.90619072098865,0.0,37
59,2011-12-23,220.0516985440429,0.0,37
79,2011-12-02,14293.713414176627,0.0,37
16,2011-12-16,12699.598529827856,0.0,37
38,2011-12-23,46213.6333528257,0.0,37
56,2011-12-16,1287.7659128547718,0.0,37
72,2011-12-16,66722.866885704,0.0,37
44,2011-12-16,6684.362932082996,0.0,37
8,2011-12-30,3093.9165003896783,1.0,37
11,2011-12-16,24698.92006636273,0.0,37
38,2011-12-23,60783.4226792846,0.0,37
56,2011-12-09,17788.012006470814,0.0,37
6,2011-12-23,15327.68184396274,0.0,37
49,2011-12-16,7567.355103046408,0.0,37
92,2011-12-30,129269.2013966738,1.0,37
27,2011-12-16,4982.760296810426,0.0,37
97,2011-12-30,8439.056662085615,1.0,37
95,2011-12-09,20695.05184652667,0.0,37
1,2011-12-30,46524.46886720025,1.0,37
81,2011-12-16,23262.91142080821,0.0,37
82,2011-12-09,25853.604133652527,0.0,37
74,2011-12-30,3554.3681099656437,1.0,37
14,2011-12-09,15595.187660291216,0.0,37
41,2011-12-16,5348.531926081228,0.0,37
92,2011-12-09,147811.68567048368,0.0,37
92,2011-12-02,149598.7621994971,0.0,37
42,2011-12-09,4569.61976376578,0.0,37
40,2011-12-23,90667.1500024996,0.0,37
26,2011-12-02,5552.544151815655,0.0,37
36,2011-12-23,1477.980912892085,0.0,37
56,2011-12-16,404.5640382517558,0.0,37
56,2011-12-02,2184.773342640711,0.0,37
12,2011-12-16,2815.255003870522,0.0,37
14,2011-12-16,769.7656169765514,0.0,37
19,2011-12-23,2534.8863401125823,0.0,37
8,2011-12-09,1655.0410619649986,0.0,37
3,2011-12-30,5127.8343662451125,1.0,37
38,2011-12-23,68844.18683264773,0.0,37
40,2011-12-30,61775.26358263101,1.0,37
4,2011-12-09,14174.03361246062,0.0,37
87,2011-12-16,5946.615987732677,0.0,37
37,2011-12-23,2422.114129674339,0.0,37
21,2011-12-02,15914.195422938152,0.0,37
41,2011-12-09,6119.04223022213,0.0,37
14,2011-12-23,54976.83949502226,0.0,37
38,2011-12-02,23807.15425938388,0.0,37
16,2011-12-23,5423.130249808774,0.0,37
17,2011-12-02,20638.309780834003,0.0,38
7,2011-12-30,45953.92515943081,1.0,38
17,2011-12-09,17440.762952777462,0.0,38
82,2011-12-16,66591.21979735192,0.0,38
36,2011-12-23,2543.7803690666788,0.0,38
91,2011-12-16,21904.842509542203,0.0,38
60,2011-12-30,7000.029684927255,1.0,38
6,2011-12-16,8282.14479656693,0.0,38
87,2011-12-30,10879.166818236094,1.0,38
21,2011-12-09,1785.204789651674,0.0,38
20,2011-12-30,9970.604143229097,1.0,38
95,2011-12-02,34656.45566899925,0.0,38
38,2011-12-02,81661.38487236339,0.0,38
13,2011-12-16,40437.86970957701,0.0,38
27,2011-12-23,6483.691039263415,0.0,38
28,2011-12-30,802.2585616929554,1.0,38
82,2011-12-09,52484.56982360517,0.0,38
24,2011-12-16,24308.534827080646,0.0,38
17,2011-12-30,13729.308961273971,1.0,38
33,2011-12-23,11.958044589058456,0.0,38
98,2011-12-30,2.8770459631690124,1.0,38
40,2011-12-30,53130.32866228967,1.0,38
80,2011-12-30,19122.35666626989,1.0,38
3,2011-12-02,3650.519565375233,0.0,38
12,2011-12-02,8655.57519655892,0.0,38
12,2011-12-23,2247.230279208364,0.0,38
54,2011-12-16,7701.967512836889,0.0,38
96,2011-12-02,2520.3111971873946,0.0,38
23,2011-12-30,20210.25598928965,1.0,38
97,2011-12-02,19690.995467944096,0.0,38
94,2011-12-09,3353.025485018904,0.0,38
85,2011-12-23,556.5000819443284,0.0,38
31,2011-12-30,3066.138974519454,1.0,38
6,2011-12-02,5024.332529016231,0.0,38
34,2011-12-23,19320.189954242403,0.0,38
6,2011-12-02,1212.7418867050394,0.0,38
32,2011-12-16,15589.16341113814,0.0,38
27,2011-12-02,1887.2875950879004,0.0,38
41,2011-12-23,9001.953083927452,0.0,38
31,2011-12-02,3812.442203284894,0.0,38
25,2011-12-30,8378.121091365138,1.0,38
91,2011-12-30,39082.29227830445,1.0,38
36,2011-12-02,2586.6298585234654,0.0,38
14,2011-12-09,15712.68346987054,0.0,38
94,2011-12-16,384.2559814624194,0.0,38
35,2011-12-09,1036.152658422969,0.0,38
30,2011-12-16,4154.220275979513,0.0,38
10,2011-12-16,33381.91821587191,0.0,38
34,2011-12-16,15089.996170318713,0.0,38
8,2011-12-30,22841.88237886394,1.0,38
52,2011-12-02,23.13575373798088,0.0,38
32,2011-12-02,4173.227358681757,0.0,38
34,2011-12-09,21238.99247081517,0.0,38
48,2011-12-23,56467.85310689907,0.0,38
25,2011-12-02,13311.16143016405,0.0,38
3,2011-12-30,12060.727985218851,1.0,38
52,2011-12-23,41665.31180676264,0.0,38
38,2011-12-16,94714.430479741,0.0,38
82,2011-12-23,1029.680080435758,0.0,38
60,2011-12-09,507.6502816027048,0.0,38
14,2011-12-09,1241.3425270562182,0.0,38
17,2011-12-16,18317.259507712217,0.0,38
22,2011-12-02,7976.560604529816,0.0,38
12,2011-12-09,3441.6406977742404,0.0,38
97,2011-12-23,19083.474592885654,0.0,38
58,2011-12-30,4297.771103263053,1.0,38
82,2011-12-09,37641.033460530976,0.0,38
1,2011-12-16,31639.76258006193,0.0,38
55,2011-12-23,28635.494949524884,0.0,38
21,2011-12-02,7023.165629316537,0.0,38
80,2011-12-02,14824.953086838172,0.0,38
10,2011-12-09,39683.652805769656,0.0,38
18,2011-12-09,32747.588575296024,0.0,38
90,2011-12-16,35082.213156267855,0.0,38
36,2011-12-16,1377.8666018559222,0.0,38
82,2011-12-16,9908.519339057297,0.0,38
11,2011-12-30,13383.948491188134,1.0,38
33,2011-12-02,3638.3136177056335,0.0,38
98,2011-12-23,18578.80686650408,0.0,38
23,2011-12-30,20049.345822553496,1.0,38
13,2011-12-02,31016.81796621752,0.0,38
91,2011-12-16,72856.03425421665,0.0,38
79,2011-12-02,46285.257148728095,0.0,38
10,2011-12-16,21483.96794923392,0.0,38
5,2011-12-09,31018.41481499388,0.0,38
90,2011-12-16,14700.599331327594,0.0,38
23,2011-12-02,38376.94231168458,0.0,38
80,2011-12-09,21694.27819070937,0.0,38
82,2011-12-30,17897.49553480143,1.0,38
5,2011-12-16,-8.37230226561725,0.0,38
74,2011-12-30,24755.419525391244,1.0,38
98,2011-12-30,3932.641599411165,1.0,38
16,2011-12-30,13873.489664757011,1.0,38
24,2011-12-16,10093.165351061778,0.0,38
81,2011-12-02,17301.584215737734,0.0,38
74,2011-12-02,31347.654503780173,0.0,38
85,2011-12-09,1811.1948706832088,0.0,38
14,2011-12-30,21384.76623188228,1.0,38
17,2011-12-23,25135.78565415188,0.0,38
13,2011-12-02,14991.944178051584,0.0,38
27,2011-12-30,3542.6101987193733,1.0,38
82,2011-12-23,110119.53562943752,0.0,38
21,2011-12-16,5936.245470941664,0.0,38
49,2011-12-23,87341.58386000202,0.0,38
7,2011-12-02,47143.09394753491,0.0,38
16,2011-12-09,9266.552819241744,0.0,38
85,2011-12-16,5167.311065076166,0.0,38
7,2011-12-09,71074.71766522391,0.0,38
27,2011-12-02,2586.0047487324573,0.0,38
4,2011-12-02,19102.16302452983,0.0,38
74,2011-12-09,13665.127723477266,0.0,38
98,2011-12-30,29.80234219232492,1.0,38
6,2011-12-23,20332.623856197144,0.0,38
32,2011-12-16,21765.987591128807,0.0,38
1,2011-12-02,12226.106591835383,0.0,38
11,2011-12-30,13803.861585929748,1.0,38
2,2011-12-30,29262.807640871484,1.0,38
14,2011-12-09,61981.810510934105,0.0,38
98,2011-12-30,192.93157825978,1.0,38
59,2011-12-16,4479.9382633182295,0.0,38
60,2011-12-23,10376.612991491307,0.0,38
11,2011-12-02,1945.4076644470947,0.0,38
54,2011-12-02,46.55457306209601,0.0,38
54,2011-12-16,97.9347619729218,0.0,38
26,2011-12-23,14593.22129289466,0.0,38
3,2011-12-02,6534.162476161687,0.0,38
29,2011-12-09,1641.115266842221,0.0,38
36,2011-12-09,1634.1501893546106,0.0,38
18,2011-12-16,56854.18189873808,0.0,38
38,2011-12-16,52405.94255100494,0.0,38
92,2011-12-09,39199.68195918698,0.0,38
46,2011-12-23,35251.85815665505,0.0,38
21,2011-12-23,14546.769484055802,0.0,38
87,2011-12-16,6661.44606556968,0.0,38
52,2011-12-16,2682.51122465217,0.0,38
20,2011-12-23,13739.77045934242,0.0,38
18,2011-12-16,43053.01182392163,0.0,38
80,2011-12-16,18554.78035954773,0.0,38
46,2011-12-30,1009.6102025436192,1.0,38
81,2011-12-09,12572.148698099158,0.0,38
24,2011-12-30,8507.757835325843,1.0,38
79,2011-12-16,33166.72369719064,0.0,38
93,2011-12-16,28234.53447427369,0.0,38
97,2011-12-23,35900.98593193781,0.0,38
55,2011-12-30,32.598270205393746,1.0,38
9,2011-12-16,11416.814803970845,0.0,38
59,2011-12-30,688.0193574769046,1.0,38
16,2011-12-09,2903.053511982351,0.0,38
20,2011-12-02,3270.592366472989,0.0,38
3,2011-12-09,2727.385374594065,0.0,38
90,2011-12-02,10705.52823894709,0.0,38
4,2011-12-16,26034.596294354204,0.0,38
21,2011-12-23,13183.098704819058,0.0,38
11,2011-12-30,5564.004001348449,1.0,38
85,2011-12-09,4876.711248857945,0.0,38
91,2011-12-09,9820.504958451913,0.0,38
55,2011-12-30,150.32546452160645,1.0,38
54,2011-12-30,67.18146842840157,1.0,38
31,2011-12-16,4650.762558822715,0.0,38
2,2011-12-30,52859.35446828845,1.0,38
96,2011-12-30,2382.3066777162426,1.0,38
94,2011-12-16,161.98664887822025,0.0,38
80,2011-12-30,51225.16791959011,1.0,38
8,2011-12-30,14324.800833010644,1.0,38
3,2011-12-23,10324.069921479697,0.0,38
36,2011-12-30,3532.695583699189,1.0,38
49,2011-12-23,86993.72542393718,0.0,38
58,2011-12-23,8508.999753863913,0.0,38
40,2011-12-23,27706.088711883927,0.0,38
34,2011-12-30,19961.377098641224,1.0,38
25,2011-12-23,6665.343922455449,0.0,38
24,2011-12-09,6988.814824937044,0.0,38
13,2011-12-23,35927.724467596774,0.0,38
72,2011-12-16,18757.643397291624,0.0,38
60,2011-12-02,5922.873306416213,0.0,38
56,2011-12-09,35750.78727711348,0.0,38
87,2011-12-23,24773.953019668035,0.0,38
27,2011-12-30,718.3641618994561,1.0,38
98,2011-12-16,15087.59713067666,0.0,38
71,2011-12-23,13385.23205068194,0.0,38
35,2011-12-02,4280.798183448515,0.0,38
20,2011-12-23,5974.049276753689,0.0,38
10,2011-12-23,17957.384470249664,0.0,38
30,2011-12-09,7378.279043139808,0.0,38
5,2011-12-23,80167.5982694895,0.0,38
95,2011-12-23,45811.18624849639,0.0,38
11,2011-12-16,18511.1140108997,0.0,38
33,2011-12-23,15451.85908999984,0.0,38
44,2011-12-16,6561.844747324536,0.0,38
20,2011-12-16,5305.019146210229,0.0,38
92,2011-12-09,207141.01499442497,0.0,38
13,2011-12-23,2867.276070121341,0.0,38
90,2011-12-16,96548.8238763901,0.0,38
32,2011-12-02,3907.565260440102,0.0,38
4,2011-12-16,27790.741687487687,0.0,38
90,2011-12-02,98953.80453975152,0.0,38
29,2011-12-09,1337.4513032615744,0.0,38
40,2011-12-23,106376.57958878508,0.0,38
30,2011-12-30,4355.692817558259,1.0,38
3,2011-12-23,11031.92650605353,0.0,38
6,2011-12-23,125.54861884281604,0.0,38
16,2011-12-30,26005.253665394997,1.0,38
97,2011-12-02,9831.353276783806,0.0,38
67,2011-12-30,62.009676770495865,1.0,38
72,2011-12-23,191970.02999488488,0.0,38
83,2011-12-30,2273.20403523013,1.0,38
94,2011-12-09,126.87929554421584,0.0,38
35,2011-12-09,3159.605326587024,0.0,38
25,2011-12-02,9123.725910088167,0.0,38
67,2011-12-30,5292.611423838368,1.0,38
1,2011-12-30,25774.754867676813,1.0,38
31,2011-12-02,3817.175604926953,0.0,38
55,2011-12-23,5117.841158157489,0.0,38
31,2011-12-23,10997.061952662534,0.0,38
17,2011-12-02,16079.739175285173,0.0,38
12,2011-12-23,2807.2031721908984,0.0,38
91,2011-12-02,23875.019751786687,0.0,38
81,2011-12-30,23041.938988574748,1.0,38
9,2011-12-23,44.47864305231312,0.0,38
58,2011-12-16,4680.909513712149,0.0,38
82,2011-12-02,36230.50232509516,0.0,38
58,2011-12-09,209.8977246380992,0.0,38
42,2011-12-16,10915.46543866596,0.0,38
93,2011-12-16,17532.579750754794,0.0,38
7,2011-12-09,6043.372647283096,0.0,38
40,2011-12-16,14022.203146280492,0.0,38
6,2011-12-09,5789.328880595226,0.0,38
46,2011-12-23,15371.86516214542,0.0,38
16,2011-12-02,216.724205255506,0.0,38
82,2011-12-30,5898.953788480425,1.0,38
13,2011-12-30,35434.71281522817,1.0,38
60,2011-12-09,5486.443130877297,0.0,38
42,2011-12-02,9209.667843556454,0.0,38
24,2011-12-16,18467.243969650357,0.0,38
42,2011-12-30,3299.479149569786,1.0,38
17,2011-12-02,10636.388025475826,0.0,38
81,2011-12-09,10753.0158660014,0.0,38
60,2011-12-09,1376.948051448572,0.0,38
98,2011-12-02,861.5034024716264,0.0,38
38,2011-12-30,102898.86358119536,1.0,38
54,2011-12-23,177.33382755370914,0.0,38
16,2011-12-23,32999.66074788136,0.0,38
7,2011-12-30,19892.920895973017,1.0,38
1,2011-12-30,12010.42537088607,1.0,38
94,2011-12-09,104.40476875556112,0.0,38
32,2011-12-30,4572.069820976055,1.0,38
37,2011-12-16,3090.190143223861,0.0,38
22,2011-12-23,19939.14719830976,0.0,38
11,2011-12-16,36233.01913494605,0.0,38
16,2011-12-23,4410.984333472001,0.0,38
97,2011-12-23,16148.85958932922,0.0,38
2,2011-12-09,24465.759636515133,0.0,38
27,2011-12-30,3007.060243297969,1.0,38
34,2011-12-23,20337.68205050862,0.0,38
11,2011-12-16,16365.622427789043,0.0,38
83,2011-12-23,3881.69443819508,0.0,38
13,2011-12-02,2540.030690011162,0.0,38
34,2011-12-30,18195.290124421605,1.0,38
55,2011-12-16,289.14738232809447,0.0,38
21,2011-12-16,10207.226511978766,0.0,38
40,2011-12-02,74835.23764083287,0.0,38
94,2011-12-09,458.1633366722808,0.0,38
8,2011-12-09,13146.171355209006,0.0,38
30,2011-12-09,3062.0916425913542,0.0,38
33,2011-12-02,11411.092443378511,0.0,38
24,2011-12-23,13639.773054323578,0.0,38
29,2011-12-23,20793.366871157952,0.0,38
42,2011-12-09,5397.280567182801,0.0,38
44,2011-12-16,25.978398901877068,0.0,38
5,2011-12-30,78.7095334183981,1.0,38
81,2011-12-30,6738.358165282305,1.0,38
6,2011-12-02,5809.525330570419,0.0,38
82,2011-12-23,13194.00638087305,0.0,38
30,2011-12-16,2015.281088221546,0.0,38
25,2011-12-23,12717.4376811019,0.0,38
81,2011-12-16,29254.71126365385,0.0,38
31,2011-12-02,2617.810933012548,0.0,38
3,2011-12-02,14998.150310810175,0.0,38
56,2011-12-02,3110.33781925577,0.0,38
72,2011-12-30,54483.43825524754,1.0,38
67,2011-12-30,7429.712228981103,1.0,38
24,2011-12-30,2847.958520833557,1.0,38
9,2011-12-30,17802.08450777527,1.0,38
27,2011-12-30,5438.157641872748,1.0,38
91,2011-12-23,8482.83452315343,0.0,38
56,2011-12-30,27689.77656820903,1.0,38
40,2011-12-02,22914.60072013309,0.0,38
3,2011-12-30,2837.0030903617508,1.0,38
5,2011-12-16,3794.8306821059255,0.0,38
93,2011-12-16,1132.3035292641594,0.0,38
9,2011-12-23,23155.795479466404,0.0,38
94,2011-12-02,30.554589458105447,0.0,38
46,2011-12-30,14.976295621719949,1.0,38
30,2011-12-23,3066.04745990501,0.0,38
97,2011-12-16,3694.030866928422,0.0,38
92,2011-12-30,10482.43103537878,1.0,38
37,2011-12-30,1266.671018957588,1.0,38
33,2011-12-09,12779.39406755174,0.0,38
34,2011-12-16,5598.594838139248,0.0,38
80,2011-12-02,502.1999705160173,0.0,38
8,2011-12-16,54950.228039639485,0.0,38
38,2011-12-02,86124.37432130252,0.0,38
54,2011-12-09,79.29772084339461,0.0,38
92,2011-12-02,3241.207942625524,0.0,38
59,2011-12-23,8370.074063205871,0.0,38
87,2011-12-16,13524.80415568614,0.0,38
13,2011-12-16,68649.4856371094,0.0,38
96,2011-12-30,7710.503173420539,1.0,38
90,2011-12-09,34678.64901450898,0.0,38
20,2011-12-02,4373.415886210397,0.0,38
48,2011-12-09,5663.871234322643,0.0,38
8,2011-12-23,38171.23330560552,0.0,38
24,2011-12-02,6031.256505916909,0.0,38
51,2011-12-16,1619.48013346474,0.0,38
42,2011-12-16,12541.134393666933,0.0,38
4,2011-12-16,21309.180738410578,0.0,38
1,2011-12-02,21015.523813140157,0.0,38
42,2011-12-30,5933.931582082995,1.0,38
55,2011-12-16,1395.5328464307318,0.0,38
59,2011-12-23,257.1630923288089,0.0,38
74,2011-12-09,6843.342817895041,0.0,38
22,2011-12-09,10635.834596794,0.0,38
59,2011-12-23,17846.63383533745,0.0,38
23,2011-12-30,13610.162551840616,1.0,38
72,2011-12-02,23153.75704704069,0.0,38
21,2011-12-16,5698.68260097229,0.0,38
55,2011-12-09,30743.277216055143,0.0,38
41,2011-12-16,2350.2851481115963,0.0,38
32,2011-12-09,12545.322184489993,0.0,38
97,2011-12-16,5328.722086026528,0.0,38
32,2011-12-09,7156.889961250994,0.0,38
25,2011-12-16,11211.276490768416,0.0,38
54,2011-12-23,35653.9556951906,0.0,38
46,2011-12-16,7184.405906279008,0.0,38
74,2011-12-09,50736.26369861391,0.0,38
40,2011-12-30,22435.203092101616,1.0,38
17,2011-12-02,14442.218306681068,0.0,38
19,2011-12-30,2580.802649471,1.0,38
1,2011-12-09,29730.9028178724,0.0,38
72,2011-12-23,40142.02570243985,0.0,38
91,2011-12-02,7412.411919815591,0.0,38
90,2011-12-23,89594.23192604743,0.0,38
25,2011-12-02,5247.488663713192,0.0,38
30,2011-12-16,5143.977509904552,0.0,38
79,2011-12-16,5814.356217767627,0.0,38
97,2011-12-23,3356.8732011624647,0.0,38
4,2011-12-02,35163.884355282054,0.0,38
1,2011-12-16,46026.15384887744,0.0,38
82,2011-12-16,47565.610837739376,0.0,38
55,2011-12-23,201.6964260734999,0.0,38
26,2011-12-23,11156.241726766002,0.0,38
29,2011-12-16,16582.181442069206,0.0,38
44,2011-12-02,11029.790052078071,0.0,38
10,2011-12-30,411.7070670383014,1.0,39
41,2011-12-16,1946.5813325873053,0.0,39
96,2011-12-16,3055.1389223526025,0.0,39
85,2011-12-23,4680.888982490302,0.0,39
60,2011-12-02,5316.317926962764,0.0,39
19,2011-12-09,1464.456709748736,0.0,39
96,2011-12-30,3171.875524785373,1.0,39
21,2011-12-16,2789.3419190584623,0.0,39
99,2011-12-30,20.78588727925243,1.0,39
9,2011-12-16,17734.34728535152,0.0,39
97,2011-12-23,5742.175164119207,0.0,39
67,2011-12-09,3036.203739385954,0.0,39
44,2011-12-23,16187.681590813172,0.0,39
85,2011-12-23,12780.485092397696,0.0,39
21,2011-12-02,4084.373761872015,0.0,39
18,2011-12-16,21595.018005754995,0.0,39
28,2011-12-16,1028.441136971583,0.0,39
55,2011-12-23,1790.6543529396365,0.0,39
55,2011-12-23,1071.2865104152336,0.0,39
13,2011-12-30,1193.059018245971,1.0,39
30,2011-12-30,4371.441342680911,1.0,39
91,2011-12-02,22395.98066949237,0.0,39
98,2011-12-23,303.5977603285072,0.0,39
24,2011-12-23,9815.360595567718,0.0,39
36,2011-12-16,1796.4941627044711,0.0,39
45,2011-12-09,6987.670281114078,0.0,39
1,2011-12-23,78355.85992469106,0.0,39
41,2011-12-09,1234.8209066811253,0.0,39
97,2011-12-09,1798.658076626601,0.0,39
3,2011-12-09,10551.173939671018,0.0,39
3,2011-12-09,9544.105318532012,0.0,39
31,2011-12-09,1139.815122338675,0.0,39
17,2011-12-30,14053.300836778872,1.0,39
55,2011-12-16,2735.736368208643,0.0,39
28,2011-12-30,323.1440504006816,1.0,39
19,2011-12-02,1488.4400729622382,0.0,39
28,2011-12-09,148.26636021175193,0.0,39
41,2011-12-09,2087.2127061374345,0.0,39
97,2011-12-30,5930.472283003564,1.0,39
71,2011-12-16,136388.50715041533,0.0,39
21,2011-12-30,2287.00478458622,1.0,39
85,2011-12-30,1855.1828036174104,1.0,39
17,2011-12-30,49.297620867531535,1.0,39
28,2011-12-23,577.3140428523263,0.0,39
91,2011-12-09,7416.341858387039,0.0,39
36,2011-12-02,1699.1808920572037,0.0,39
33,2011-12-09,11779.67284779777,0.0,39
52,2011-12-09,5573.25247979825,0.0,39
94,2011-12-16,23187.711965443083,0.0,39
94,2011-12-09,2651.409159713482,0.0,39
46,2011-12-23,18059.7075616254,0.0,39
59,2011-12-16,348.2196436481884,0.0,39
30,2011-12-16,2169.8639333095684,0.0,39
80,2011-12-02,602.214359609417,0.0,39
19,2011-12-30,312.9717384932034,1.0,39
44,2011-12-23,85.38007231115134,0.0,39
20,2011-12-23,5708.346215914665,0.0,39
13,2011-12-30,25625.01198007789,1.0,39
35,2011-12-30,1857.185071143828,1.0,39
46,2011-12-02,14500.847812689732,0.0,39
48,2011-12-30,2610.300308768592,1.0,39
1,2011-12-02,19119.956226113307,0.0,39
18,2011-12-16,31425.03371679703,0.0,39
1,2011-12-16,22839.59957409958,0.0,39
59,2011-12-23,1350.0760311255144,0.0,39
28,2011-12-02,1791.600184956881,0.0,39
93,2011-12-23,2063.6262258790216,0.0,39
45,2011-12-16,12355.541993337412,0.0,39
32,2011-12-30,6139.107395403396,1.0,39
97,2011-12-30,534.7099869011246,1.0,39
16,2011-12-09,682.8457215895072,0.0,39
44,2011-12-23,9034.06269700242,0.0,39
12,2011-12-16,2055.1506132470936,0.0,39
28,2011-12-02,488.51003028156873,0.0,39
93,2011-12-16,2031.0791963231893,0.0,39
31,2011-12-16,914.8478793271938,0.0,39
82,2011-12-02,15776.636094415133,0.0,39
55,2011-12-30,327.566096467041,1.0,39
30,2011-12-02,682.326038418385,0.0,39
85,2011-12-02,377.8398030144771,0.0,39
60,2011-12-16,311.56035580528425,0.0,39
90,2011-12-30,21971.641459198014,1.0,39
36,2011-12-02,1688.8452566363007,0.0,39
10,2011-12-23,8934.106713781784,0.0,39
37,2011-12-02,3543.985451427905,0.0,39
28,2011-12-16,1243.6610973020377,0.0,39
12,2011-12-02,2587.1552632194102,0.0,39
3,2011-12-09,3865.4726077741816,0.0,39
95,2011-12-09,62952.39456937504,0.0,39
90,2011-12-16,5149.357492287192,0.0,39
54,2011-12-09,76.61733214342735,0.0,39
11,2011-12-02,1038.5888466385245,0.0,39
24,2011-12-30,4942.647615201176,1.0,39
85,2011-12-09,4290.224080163554,0.0,39
98,2011-12-09,117.57436955616292,0.0,39
42,2011-12-02,1779.9469749585085,0.0,39
48,2011-12-30,-30.8046276324975,1.0,39
79,2011-12-09,10218.970941089685,0.0,39
46,2011-12-23,3409.35707214604,0.0,39
27,2011-12-09,2386.305856427225,0.0,39
33,2011-12-02,8871.626976067539,0.0,39
3,2011-12-16,911.1488547740012,0.0,39
9,2011-12-09,27.313040888070898,0.0,39
97,2011-12-30,23666.76055965124,1.0,39
20,2011-12-30,3092.5912765757,1.0,39
81,2011-12-16,24824.76353003349,0.0,39
83,2011-12-16,4619.397806262215,0.0,39
58,2011-12-16,646.0797144477973,0.0,39
80,2011-12-02,22779.264456241293,0.0,39
79,2011-12-30,-11.657333724868325,1.0,39
33,2011-12-02,11080.436007811217,0.0,39
79,2011-12-02,11593.001593371804,0.0,39
17,2011-12-16,9289.112357270942,0.0,39
28,2011-12-09,410.5075843717974,0.0,39
54,2011-12-30,116.00163178439566,1.0,39
55,2011-12-09,795.1483812544245,0.0,39
9,2011-12-16,18987.66296215422,0.0,39
41,2011-12-02,708.9643187259005,0.0,39
96,2011-12-16,1740.0308297374777,0.0,39
97,2011-12-23,2766.259148127508,0.0,39
72,2011-12-23,4494.918950020809,0.0,39
28,2011-12-30,1123.0823001716549,1.0,39
96,2011-12-16,4526.328421122454,0.0,39
40,2011-12-09,23888.392171439154,0.0,39
80,2011-12-02,-12.651206853323671,0.0,39
37,2011-12-16,1839.3383113554696,0.0,39
36,2011-12-09,1628.6449277123722,0.0,39
25,2011-12-23,19009.110610195046,0.0,39
19,2011-12-09,1562.0358607034602,0.0,39
37,2011-12-02,3289.5453033445874,0.0,39
74,2011-12-30,11038.85270320815,1.0,39
37,2011-12-16,3157.621853003651,0.0,39
6,2011-12-09,3496.336209608626,0.0,39
71,2011-12-09,685.8841235507911,0.0,39
41,2011-12-02,854.1372965694686,0.0,39
28,2011-12-30,69.54668006658895,1.0,39
12,2011-12-16,2029.8153001895148,0.0,39
13,2011-12-16,13634.056460379365,0.0,39
96,2011-12-16,18890.450594193044,0.0,39
20,2011-12-30,3996.545599034415,1.0,39
59,2011-12-23,22682.19831878707,0.0,39
16,2011-12-16,45526.0536424173,0.0,39
32,2011-12-16,1369.0047194261972,0.0,39
74,2011-12-02,413.2392531022158,0.0,39
52,2011-12-02,697.911375598024,0.0,39
99,2011-12-09,164.23173405830087,0.0,39
13,2011-12-16,10618.592651937097,0.0,39
41,2011-12-09,3311.395927973662,0.0,39
92,2011-12-30,14793.1238588636,1.0,39
31,2011-12-30,4130.397733532857,1.0,39
52,2011-12-23,5420.859655977223,0.0,39
26,2011-12-02,8070.378759246266,0.0,39
1,2011-12-23,17407.60874923575,0.0,39
34,2011-12-09,12212.21450636098,0.0,39
49,2011-12-02,6752.374173053152,0.0,39
58,2011-12-23,2710.0932247159703,0.0,39
42,2011-12-16,5236.221812490889,0.0,39
9,2011-12-09,3.3489748823738985,0.0,39
72,2011-12-23,11.313677869228597,0.0,39
60,2011-12-02,164.58828225353565,0.0,39
20,2011-12-16,7141.016051198852,0.0,39
82,2011-12-02,1897.7890831397776,0.0,39
28,2011-12-16,1699.0246544899203,0.0,39
60,2011-12-16,197.5518180733215,0.0,39
8,2011-12-16,966.3226776032254,0.0,39
21,2011-12-23,2024.9910453506827,0.0,39
54,2011-12-30,18473.7052097375,1.0,39
8,2011-12-23,8216.790595653945,0.0,39
71,2011-12-23,4640.675942995968,0.0,39
59,2011-12-02,2997.8943932691623,0.0,39
20,2011-12-09,2516.873577878075,0.0,39
54,2011-12-30,1475.3256861056395,1.0,39
17,2011-12-23,17515.35039699958,0.0,39
58,2011-12-16,10901.76866577071,0.0,39
98,2011-12-09,111.10113561911088,0.0,39
25,2011-12-16,14645.175930119003,0.0,39
35,2011-12-16,2443.4750310554136,0.0,39
80,2011-12-02,9039.168350106407,0.0,39
56,2011-12-02,2455.663043676392,0.0,39
20,2011-12-16,1736.7225574810836,0.0,39
98,2011-12-16,378.5708487616861,0.0,39
32,2011-12-23,28.39810279073712,0.0,39
56,2011-12-09,11018.199914727467,0.0,39
46,2011-12-30,11876.697187620352,1.0,39
38,2011-12-30,57524.354279159015,1.0,39
60,2011-12-16,268.28207640816106,0.0,39
81,2011-12-30,12333.544482684372,1.0,39
83,2011-12-30,834.5759955558349,1.0,39
32,2011-12-30,2168.9592546643257,1.0,39
46,2011-12-30,12128.643011723065,1.0,39
29,2011-12-02,8986.405073891656,0.0,39
5,2011-12-30,841.4152393633295,1.0,39
71,2011-12-16,8351.845545752822,0.0,39
20,2011-12-16,10377.909768383804,0.0,39
55,2011-12-30,23632.45205569632,1.0,39
54,2011-12-16,135.80436582225204,0.0,39
20,2011-12-02,3152.931254918895,0.0,39
38,2011-12-30,5434.631455850524,1.0,39
54,2011-12-16,1538.1740008266545,0.0,39
87,2011-12-23,23042.12280804429,0.0,39
8,2011-12-09,12363.300481077596,0.0,39
55,2011-12-16,739.5062369167106,0.0,39
16,2011-12-30,1046.531883320884,1.0,39
28,2011-12-23,1216.19959774495,0.0,39
18,2011-12-30,27050.11212393216,1.0,39
56,2011-12-16,15019.187815225274,0.0,39
28,2011-12-16,762.3571681610873,0.0,39
3,2011-12-16,697.2400342813635,0.0,39
80,2011-12-02,7641.045041272606,0.0,39
94,2011-12-23,701.0985021266927,0.0,39
16,2011-12-02,4717.753702202966,0.0,39
82,2011-12-30,1179.0348820566785,1.0,39
72,2011-12-16,88.45203238125764,0.0,39
7,2011-12-30,1493.2870995296591,1.0,39
17,2011-12-30,13466.4799820689,1.0,39
85,2011-12-02,2027.9648442907485,0.0,39
24,2011-12-16,2531.460045772901,0.0,39
29,2011-12-16,4591.429636729703,0.0,39
59,2011-12-02,3948.594012627495,0.0,39
6,2011-12-16,1840.0377672450595,0.0,39
32,2011-12-30,14.203312699228086,1.0,39
83,2011-12-02,2281.499445391651,0.0,39
91,2011-12-30,20017.903685142435,1.0,39
83,2011-12-16,2.4540555593988103,0.0,39
55,2011-12-30,877.7067456653027,1.0,39
42,2011-12-23,7805.32731378328,0.0,39
42,2011-12-16,7435.60070469926,0.0,39
12,2011-12-16,4410.228082525204,0.0,39
3,2011-12-30,1690.4559009593706,1.0,39
21,2011-12-09,10094.702380986822,0.0,39
94,2011-12-23,26587.24643693223,0.0,39
85,2011-12-16,3223.425567615,0.0,39
34,2011-12-23,26493.507397141828,0.0,39
46,2011-12-02,34.33003588494822,0.0,39
1,2011-12-30,17030.06543309389,1.0,39
13,2011-12-02,17723.36292116635,0.0,39
3,2011-12-09,9716.056365137403,0.0,39
13,2011-12-02,21297.62678103504,0.0,39
74,2011-12-16,21647.12029288484,0.0,39
16,2011-12-16,22368.824731637746,0.0,39
91,2011-12-02,5050.639504868892,0.0,39
16,2011-12-23,3025.877231304029,0.0,39
87,2011-12-23,11885.72461646666,0.0,39
67,2011-12-02,163.63396523671685,0.0,39
29,2011-12-09,3188.031892111669,0.0,39
24,2011-12-30,19322.230544612103,1.0,39
4,2011-12-30,19194.154555548663,1.0,39
16,2011-12-02,8799.00522614243,0.0,39
56,2011-12-02,196.04516998329257,0.0,39
78,2011-12-02,266.4164597492761,0.0,39
81,2011-12-23,13291.204470600254,0.0,39
1,2011-12-02,8368.68856178865,0.0,39
13,2011-12-30,-328.05854842184056,1.0,39
24,2011-12-30,6810.8586891165805,1.0,39
71,2011-12-09,16068.000405118266,0.0,39
16,2011-12-02,1351.86507575726,0.0,39
23,2011-12-30,16750.9454994404,1.0,39
7,2011-12-09,2576.3261225016468,0.0,39
87,2011-12-23,11541.76478282494,0.0,39
81,2011-12-23,12872.511861373016,0.0,39
6,2011-12-23,12792.47679669775,0.0,39
28,2011-12-09,187.0650222232597,0.0,39
80,2011-12-30,20945.68352660358,1.0,39
85,2011-12-02,1598.8001158530176,0.0,39
55,2011-12-30,1.983145478640593,1.0,39
24,2011-12-16,4288.640193138323,0.0,39
81,2011-12-02,10588.685524285836,0.0,39
36,2011-12-16,1784.4854984032656,0.0,39
28,2011-12-23,1153.6940797520288,0.0,39
33,2011-12-02,5288.940944542039,0.0,39
56,2011-12-30,17710.02175583594,1.0,39
25,2011-12-09,6930.637339906443,0.0,39
6,2011-12-16,8609.10073131146,0.0,39
93,2011-12-02,2232.713893228463,0.0,39
52,2011-12-16,1821.1493691146563,0.0,39
28,2011-12-23,848.3411318759371,0.0,39
97,2011-12-09,14899.235181695838,0.0,39
28,2011-12-16,202.2261816325932,0.0,39
77,2011-12-02,1444.5516543426074,0.0,39
33,2011-12-16,11783.290161208188,0.0,39
44,2011-12-30,2958.504369109456,1.0,39
28,2011-12-02,1199.129175460202,0.0,39
40,2011-12-30,49871.73523320751,1.0,39
56,2011-12-16,16754.897246034358,0.0,39
54,2011-12-02,431.9406993376113,0.0,39
93,2011-12-30,26581.33189254425,1.0,39
60,2011-12-16,618.9147872220931,0.0,39
67,2011-12-30,3765.323202949409,1.0,39
21,2011-12-16,1300.548747752045,0.0,39
59,2011-12-02,2236.2167714630127,0.0,39
2,2011-12-23,8390.337185003793,0.0,39
32,2011-12-02,3612.302356997957,0.0,39
11,2011-12-30,2740.6832636864083,1.0,39
27,2011-12-16,1827.168767643573,0.0,39
58,2011-12-02,519.4083246496964,0.0,39
71,2011-12-09,99045.90275160097,0.0,39
30,2011-12-02,1196.336585427645,0.0,39
47,2011-12-30,-58.24986652739494,1.0,39
28,2011-12-30,959.7040678205908,1.0,39
28,2011-12-09,545.2060406872149,0.0,39
13,2011-12-09,23470.40127869276,0.0,39
13,2011-12-23,-12.57650369372296,0.0,39
55,2011-12-09,4437.903675003121,0.0,39
29,2011-12-23,598.9362172098155,0.0,39
52,2011-12-23,19.235949020756056,0.0,39
93,2011-12-02,18575.79086933608,0.0,39
27,2011-12-09,1379.826212562813,0.0,39
55,2011-12-16,2356.154396582644,0.0,39
83,2011-12-09,3711.713762797415,0.0,39
14,2011-12-02,22820.299453848835,0.0,39
24,2011-12-30,9643.615266164405,1.0,39
85,2011-12-16,9025.199273588263,0.0,39
83,2011-12-16,2852.3710294820967,0.0,39
40,2011-12-02,6711.781824525957,0.0,39
83,2011-12-02,3094.6830870044078,0.0,39
52,2011-12-23,1326.6040817057965,0.0,39
90,2011-12-02,10669.50694283322,0.0,39
20,2011-12-02,5393.529475680476,0.0,39
9,2011-12-23,14.772921134574254,0.0,39
1,2011-12-02,11963.188349122009,0.0,39
97,2011-12-30,10749.27731659229,1.0,39
60,2011-12-30,161.9373268186823,1.0,39
96,2011-12-16,2860.146954230655,0.0,39
94,2011-12-09,220.19082025077768,0.0,39
41,2011-12-23,1140.9980177819937,0.0,39
60,2011-12-30,476.6097663766303,1.0,39
92,2011-12-30,20057.270211843414,1.0,39
9,2011-12-09,14766.01317682282,0.0,39
20,2011-12-16,2900.69159293269,0.0,39
97,2011-12-02,346.78149905133665,0.0,39
81,2011-12-09,11988.44577724288,0.0,39
19,2011-12-16,1722.6414255848972,0.0,39
22,2011-12-30,3211.400069869398,1.0,40
42,2011-12-02,9941.079116976482,0.0,40
45,2011-12-09,22319.21836963724,0.0,40
60,2011-12-16,12909.033147518625,0.0,40
28,2011-12-09,1264.2571600867334,0.0,40
32,2011-12-09,11910.270116757543,0.0,40
65,2011-12-30,117.37004753691626,1.0,40
92,2011-12-02,664.4617099777935,0.0,40
35,2011-12-30,239.98522811382287,1.0,40
98,2011-12-23,303.33665141672145,0.0,40
58,2011-12-30,3743.583545265121,1.0,40
45,2011-12-23,10015.65051081557,0.0,40
8,2011-12-16,3333.555939793975,0.0,40
3,2011-12-09,6536.547081467851,0.0,40
32,2011-12-30,7184.681476274784,1.0,40
12,2011-12-02,6660.401382679161,0.0,40
87,2011-12-30,21002.8834682568,1.0,40
11,2011-12-30,19396.522977781664,1.0,40
11,2011-12-02,22409.66251758567,0.0,40
77,2011-12-16,202.8933544546408,0.0,40
23,2011-12-30,41068.53203042071,1.0,40
14,2011-12-23,33925.73855644577,0.0,40
32,2011-12-02,10636.25726866374,0.0,40
28,2011-12-16,685.7176909176192,0.0,40
35,2011-12-30,923.6898066013084,1.0,40
82,2011-12-02,13883.529571808487,0.0,40
93,2011-12-23,2657.132101041381,0.0,40
16,2011-12-09,13680.828410470966,0.0,40
42,2011-12-16,10449.765335819931,0.0,40
52,2011-12-16,8.418047135699185,0.0,40
20,2011-12-23,8888.279988495417,0.0,40
80,2011-12-16,21013.488410316942,0.0,40
9,2011-12-16,20979.5369584144,0.0,40
71,2011-12-02,9678.068764403306,0.0,40
6,2011-12-02,1016.393133695975,0.0,40
54,2011-12-16,90.45182103056528,0.0,40
83,2011-12-09,36.66082730524683,0.0,40
28,2011-12-02,730.2277404373915,0.0,40
36,2011-12-02,8821.229831481314,0.0,40
49,2011-12-09,10326.6842500936,0.0,40
56,2011-12-16,2043.354801784292,0.0,40
6,2011-12-30,64.67449134045394,1.0,40
81,2011-12-16,10126.69322138466,0.0,40
32,2011-12-09,3102.418243323329,0.0,40
28,2011-12-02,1126.4720782087268,0.0,40
60,2011-12-09,7701.068522394106,0.0,40
55,2011-12-09,2449.8174821593016,0.0,40
98,2011-12-16,13534.75421202407,0.0,40
19,2011-12-30,709.3713056140024,1.0,40
28,2011-12-23,36.33824789945012,0.0,40
3,2011-12-16,889.2628331582536,0.0,40
37,2011-12-30,854.210044633279,1.0,40
52,2011-12-09,29891.71544331732,0.0,40
8,2011-12-16,18542.890848369712,0.0,40
97,2011-12-30,352.2237969974892,1.0,40
94,2011-12-23,274.03995446468474,0.0,40
16,2011-12-16,2144.8096253242547,0.0,40
97,2011-12-30,270.03111459686176,1.0,40
97,2011-12-09,3931.374963049656,0.0,40
13,2011-12-30,13829.704279397742,1.0,40
45,2011-12-09,7363.876581495171,0.0,40
49,2011-12-02,1000.2745697488618,0.0,40
36,2011-12-09,2926.6850959660983,0.0,40
20,2011-12-09,6642.160506061159,0.0,40
36,2011-12-30,1943.5399633050213,1.0,40
81,2011-12-23,11842.95404779996,0.0,40
98,2011-12-23,23825.29486498012,0.0,40
96,2011-12-02,3270.9050497511425,0.0,40
26,2011-12-16,5699.775497074267,0.0,40
33,2011-12-16,5864.51810422252,0.0,40
52,2011-12-30,462.45979580551386,1.0,40
28,2011-12-02,908.38300707562,0.0,40
28,2011-12-23,967.9087017681068,0.0,40
79,2011-12-23,6784.362847946339,0.0,40
49,2011-12-02,11101.341380382715,0.0,40
18,2011-12-02,32197.76969830685,0.0,40
59,2011-12-09,1604.6374495666732,0.0,40
21,2011-12-16,5008.748601270937,0.0,40
12,2011-12-16,4073.814358956821,0.0,40
33,2011-12-02,9289.70492344043,0.0,40
81,2011-12-23,983.9421385385808,0.0,40
74,2011-12-30,1108.2258784878202,1.0,40
20,2011-12-09,8368.942204223267,0.0,40
51,2011-12-02,12.755316025471572,0.0,40
3,2011-12-16,1538.1647283428117,0.0,40
16,2011-12-02,4727.63653426897,0.0,40
94,2011-12-09,1038.0405950671532,0.0,40
72,2011-12-23,3526.7902308038315,0.0,40
42,2011-12-30,775.4453819413123,1.0,40
90,2011-12-02,14496.037497664443,0.0,40
85,2011-12-16,859.89997992157,0.0,40
22,2011-12-02,5730.342882099721,0.0,40
31,2011-12-16,3155.1815396128677,0.0,40
25,2011-12-30,8913.589296135957,1.0,40
80,2011-12-02,49714.32171825267,0.0,40
12,2011-12-23,3707.2477078273,0.0,40
93,2011-12-09,1045.7329614278333,0.0,40
98,2011-12-16,385.0221382511312,0.0,40
21,2011-12-09,8383.614650076004,0.0,40
17,2011-12-30,6620.990120043489,1.0,40
13,2011-12-09,40392.21959675327,0.0,40
28,2011-12-02,1069.8147329928386,0.0,40
25,2011-12-16,13020.229878631424,0.0,40
13,2011-12-16,16890.8947738271,0.0,40
21,2011-12-16,1540.2183858448057,0.0,40
93,2011-12-16,595.4654689043041,0.0,40
20,2011-12-02,1120.5809979608198,0.0,40
21,2011-12-16,1668.083329511166,0.0,40
17,2011-12-30,14020.846393757403,1.0,40
82,2011-12-02,12892.274935356738,0.0,40
27,2011-12-02,347.06929799601863,0.0,40
44,2011-12-16,5358.737035926344,0.0,40
74,2011-12-23,7843.861689269825,0.0,40
41,2011-12-16,1201.8015805125651,0.0,40
35,2011-12-02,1740.524160076953,0.0,40
55,2011-12-09,1241.3005678303462,0.0,40
28,2011-12-23,727.8514372218821,0.0,40
42,2011-12-30,9082.596940331754,1.0,40
11,2011-12-30,1100.7242363865548,1.0,40
67,2011-12-23,30768.836828454947,0.0,40
48,2011-12-09,2233.4496644552933,0.0,40
28,2011-12-16,1047.5904133308986,0.0,40
16,2011-12-30,2291.49584753192,1.0,40
28,2011-12-02,156.62816619918752,0.0,40
93,2011-12-23,2412.7983332244835,0.0,40
3,2011-12-23,10109.529454001758,0.0,40
82,2011-12-16,6268.832435993986,0.0,40
42,2011-12-02,4361.63485464662,0.0,40
24,2011-12-30,3609.391633914719,1.0,40
44,2011-12-16,20805.707141711813,0.0,40
11,2011-12-02,13662.015979909993,0.0,40
27,2011-12-09,2209.0101475389856,0.0,40
31,2011-12-23,6142.033045037546,0.0,40
28,2011-12-16,598.3176017704936,0.0,40
79,2011-12-30,17000.551073255574,1.0,40
42,2011-12-16,7109.2600017519,0.0,40
79,2011-12-16,3289.898930591679,0.0,40
72,2011-12-30,2619.9034853680964,1.0,40
13,2011-12-02,24967.55127513993,0.0,40
94,2011-12-23,2984.014807738413,0.0,40
56,2011-12-23,464.528610651038,0.0,40
90,2011-12-23,48.68753157629644,0.0,40
9,2011-12-02,48.74222224361216,0.0,40
34,2011-12-23,8745.06397611802,0.0,40
1,2011-12-30,30106.490146362536,1.0,40
97,2011-12-30,3034.763469427276,1.0,40
59,2011-12-09,4460.831817133465,0.0,40
6,2011-12-02,1025.8370457990995,0.0,40
14,2011-12-02,3818.514097438067,0.0,40
85,2011-12-23,1639.7311676309876,0.0,40
18,2011-12-30,29485.6499467048,1.0,40
41,2011-12-02,110.63004778012812,0.0,40
85,2011-12-16,8670.696542090007,0.0,40
93,2011-12-30,1332.4941917018955,1.0,40
30,2011-12-09,3579.6342603769517,0.0,40
27,2011-12-16,2337.265468359212,0.0,40
58,2011-12-30,22194.21875625208,1.0,40
31,2011-12-02,2139.800064387614,0.0,40
16,2011-12-02,3574.8976121643605,0.0,40
72,2011-12-16,9832.245120628731,0.0,40
8,2011-12-16,3563.507737380181,0.0,40
44,2011-12-30,9616.86063273095,1.0,40
42,2011-12-09,2.836601963311521,0.0,40
4,2011-12-09,27983.049195204338,0.0,40
2,2011-12-30,20013.75241656295,1.0,40
85,2011-12-23,7184.69853530066,0.0,40
83,2011-12-30,1044.804759906358,1.0,40
42,2011-12-30,4105.185242942377,1.0,40
42,2011-12-09,2011.358975323736,0.0,40
7,2011-12-30,10909.3854664437,1.0,40
21,2011-12-09,1381.512592748134,0.0,40
24,2011-12-30,3536.257599291251,1.0,40
26,2011-12-09,14579.421337874925,0.0,40
9,2011-12-16,18007.278858786878,0.0,40
10,2011-12-02,590.1578433140182,0.0,40
56,2011-12-16,2259.7630524751594,0.0,40
14,2011-12-30,20956.9257598656,1.0,40
4,2011-12-30,19998.499917426423,1.0,40
18,2011-12-09,13769.626664498555,0.0,40
55,2011-12-02,15357.022970197271,0.0,40
5,2011-12-30,20828.975675600406,1.0,40
79,2011-12-16,19005.11077542364,0.0,40
28,2011-12-09,416.7106186255325,0.0,40
20,2011-12-23,7567.498320137643,0.0,40
24,2011-12-30,2293.586938391365,1.0,40
54,2011-12-30,0.8753816783936692,1.0,40
87,2011-12-02,94.40866873485912,0.0,40
55,2011-12-02,9674.654817697612,0.0,40
28,2011-12-23,1154.5280223993484,0.0,40
71,2011-12-09,3443.642526941333,0.0,40
29,2011-12-16,5773.164456190644,0.0,40
11,2011-12-02,3049.8229782039634,0.0,40
1,2011-12-02,2184.313640397952,0.0,40
32,2011-12-16,9496.225800429169,0.0,40
18,2011-12-30,239.8301528198915,1.0,40
27,2011-12-23,3562.7000487654977,0.0,40
67,2011-12-02,1509.8220609749071,0.0,40
48,2011-12-02,23697.742015102976,0.0,40
16,2011-12-30,5231.434135565896,1.0,40
28,2011-12-23,1344.8736450036365,0.0,40
90,2011-12-02,11861.383462511232,0.0,40
67,2011-12-23,20850.810784309404,0.0,40
98,2011-12-30,191.7091640306512,1.0,40
33,2011-12-16,11968.95493690722,0.0,40
55,2011-12-23,178.66282721900882,0.0,40
21,2011-12-16,2705.297560946389,0.0,40
96,2011-12-16,9253.883831672863,0.0,40
45,2011-12-02,10.679486012346995,0.0,40
33,2011-12-09,10264.993760077545,0.0,40
35,2011-12-30,337.3573133627021,1.0,40
56,2011-12-30,3613.407736099159,1.0,40
55,2011-12-23,778.3974697905261,0.0,40
90,2011-12-16,13662.914470781663,0.0,40
20,2011-12-02,7037.570166847951,0.0,40
55,2011-12-09,4039.443241986421,0.0,40
9,2011-12-02,8.601582396002211,0.0,40
97,2011-12-16,20900.162761797168,0.0,40
7,2011-12-30,16512.854704234942,1.0,40
18,2011-12-30,36173.04274102195,1.0,40
44,2011-12-09,35.583090027100894,0.0,40
59,2011-12-23,2685.1700268065683,0.0,40
21,2011-12-30,824.7840540542772,1.0,40
36,2011-12-09,4362.639748596912,0.0,40
42,2011-12-02,4315.906315210793,0.0,40
7,2011-12-16,37709.84142118194,0.0,40
98,2011-12-16,717.679126893543,0.0,40
87,2011-12-09,7465.271333475765,0.0,40
26,2011-12-30,5540.950360650985,1.0,40
40,2011-12-09,82652.95382126584,0.0,40
20,2011-12-23,1110.8237312248516,0.0,40
52,2011-12-02,12759.191070671008,0.0,40
85,2011-12-02,4491.25387189675,0.0,40
17,2011-12-02,120.5031524490945,0.0,40
41,2011-12-23,6075.951670972793,0.0,40
80,2011-12-09,19844.82489610749,0.0,40
59,2011-12-02,1155.9428644412717,0.0,40
92,2011-12-23,1905.72246338164,0.0,40
21,2011-12-02,6181.45261935358,0.0,40
49,2011-12-02,12559.3599288831,0.0,40
24,2011-12-23,8067.4680902255695,0.0,40
10,2011-12-09,774.6728632921039,0.0,40
21,2011-12-16,7787.920584986062,0.0,40
58,2011-12-02,495.0541377014513,0.0,40
31,2011-12-16,3316.6141602138264,0.0,40
6,2011-12-30,54.6597814311348,1.0,40
4,2011-12-16,29702.368975948884,0.0,40
87,2011-12-09,18561.2767187354,0.0,40
35,2011-12-30,1763.514203556785,1.0,40
11,2011-12-16,9202.557993095135,0.0,40
80,2011-12-16,15513.53581477933,0.0,40
16,2011-12-23,2020.6095644516467,0.0,40
42,2011-12-02,2999.3431926773487,0.0,40
94,2011-12-30,387.3316547933941,1.0,40
5,2011-12-16,14.182136995412732,0.0,40
80,2011-12-16,6437.309901442767,0.0,40
83,2011-12-09,4921.063048583535,0.0,40
5,2011-12-23,2246.322020337043,0.0,40
72,2011-12-02,71923.52881959396,0.0,40
13,2011-12-16,13646.35993133549,0.0,40
85,2011-12-23,10221.117897343534,0.0,40
97,2011-12-02,7148.623043379943,0.0,40
60,2011-12-23,831.8896271694408,0.0,40
1,2011-12-23,13282.282545959904,0.0,40
20,2011-12-09,9118.425542731968,0.0,40
87,2011-12-30,3933.573953583717,1.0,40
26,2011-12-02,19472.041524803528,0.0,40
54,2011-12-16,64.60139343546165,0.0,40
60,2011-12-16,54.84963251156134,0.0,40
79,2011-12-30,27204.454710741407,1.0,40
25,2011-12-16,7366.352516403169,0.0,40
41,2011-12-02,1112.982878021211,0.0,40
19,2011-12-23,53.27305292790962,0.0,40
5,2011-12-16,24017.34754397935,0.0,40
42,2011-12-02,5352.568599546353,0.0,40
16,2011-12-30,882.8656665833537,1.0,40
12,2011-12-02,4955.664237543879,0.0,40
90,2011-12-23,14192.904113359711,0.0,40
28,2011-12-30,843.3272174135409,1.0,40
17,2011-12-02,16573.850728648442,0.0,40
3,2011-12-09,20250.441875078923,0.0,40
1,2011-12-16,12334.97619787914,0.0,40
42,2011-12-02,2773.348945979348,0.0,40
25,2011-12-23,12875.276692932846,0.0,40
9,2011-12-09,18057.55385227041,0.0,40
87,2011-12-23,12190.133496502878,0.0,40
54,2011-12-16,5128.569241674605,0.0,40
8,2011-12-02,15740.448769748493,0.0,40
97,2011-12-02,3910.48502109485,0.0,40
16,2011-12-02,1798.0006034535556,0.0,40
21,2011-12-30,832.3009478886348,1.0,40
26,2011-12-23,24.020978117480045,0.0,40
7,2011-12-09,7252.383292230756,0.0,40
79,2011-12-23,5670.449458792527,0.0,40
40,2011-12-23,45878.7732499834,0.0,40
71,2011-12-02,3886.383440327161,0.0,40
34,2011-12-30,17471.904722780804,1.0,40
95,2011-12-16,15689.57798405218,0.0,40
24,2011-12-02,7747.880373143354,0.0,40
33,2011-12-30,16537.731297421906,1.0,40
41,2011-12-30,6656.777781843933,1.0,40
85,2011-12-09,1.4400512115674895,0.0,40
80,2011-12-30,10381.13046509988,1.0,40
83,2011-12-23,8199.808874067696,0.0,40
87,2011-12-30,18884.06504713596,1.0,40
19,2011-12-09,69.1132205606947,0.0,40
35,2011-12-16,3556.752619994957,0.0,40
85,2011-12-16,8194.273624331907,0.0,40
67,2011-12-23,328.68790773119287,0.0,40
8,2011-12-30,227.71338288903365,1.0,40
98,2011-12-16,245.95293455273475,0.0,40
16,2011-12-23,22802.62394955682,0.0,40
22,2011-12-23,152.50532204997307,0.0,40
94,2011-12-30,9.899042848049596,1.0,40
28,2011-12-02,615.6249086051189,0.0,40
56,2011-12-30,13116.68744547368,1.0,40
20,2011-12-09,3342.523427059598,0.0,40
85,2011-12-30,5896.410206423812,1.0,40
45,2011-12-02,4694.041861753661,0.0,40
55,2011-12-16,6201.299498722517,0.0,40
98,2011-12-30,658.324275139051,1.0,40
31,2011-12-30,6.647011727986361,1.0,40
48,2011-12-16,1198.3607820118032,0.0,40
28,2011-12-30,80.67749584255668,1.0,40
49,2011-12-02,66493.84686078213,0.0,40
12,2011-12-09,4865.773489008936,0.0,40
74,2011-12-09,29569.66317504889,0.0,40
21,2011-12-02,9504.87030846208,0.0,40
97,2011-12-09,6112.805750389373,0.0,40
52,2011-12-09,47.5951701974136,0.0,40
38,2011-12-16,38574.0918525986,0.0,41
46,2011-12-09,15749.983244514367,0.0,41
6,2011-12-09,75.05347563413268,0.0,41
14,2011-12-30,26739.665622325,1.0,41
12,2011-12-02,3136.4212853598438,0.0,41
79,2011-12-16,491.1009852941353,0.0,41
80,2011-12-09,7396.110676838299,0.0,41
79,2011-12-16,30833.79793800156,0.0,41
98,2011-12-30,13465.070209649131,1.0,41
38,2011-12-16,63140.19751421147,0.0,41
44,2011-12-16,10186.025218193095,0.0,41
28,2011-12-02,345.08930559965205,0.0,41
35,2011-12-30,1948.4348789799087,1.0,41
47,2011-12-23,-13.139117854766251,0.0,41
28,2011-12-09,559.7253810071677,0.0,41
9,2011-12-23,20566.90771770341,0.0,41
80,2011-12-30,7892.797274891105,1.0,41
40,2011-12-09,17649.882353105073,0.0,41
85,2011-12-30,3950.871972587092,1.0,41
94,2011-12-09,527.9941239248241,0.0,41
13,2011-12-23,58157.5551562479,0.0,41
37,2011-12-16,2242.55810537998,0.0,41
26,2011-12-09,14874.62462003402,0.0,41
54,2011-12-16,136.07351799940088,0.0,41
29,2011-12-02,9063.213207678617,0.0,41
46,2011-12-23,9622.549250220936,0.0,41
25,2011-12-30,12861.42909321159,1.0,41
42,2011-12-02,48.44526087978481,0.0,41
67,2011-12-23,1158.7125075287724,0.0,41
14,2011-12-16,1081.5376948874848,0.0,41
21,2011-12-09,6372.033018412291,0.0,41
42,2011-12-23,7211.631166086173,0.0,41
28,2011-12-16,1009.3167823394292,0.0,41
31,2011-12-02,3692.578098651168,0.0,41
54,2011-12-02,38.47380802414423,0.0,41
19,2011-12-02,1330.1448257687234,0.0,41
21,2011-12-23,1477.2985575056694,0.0,41
87,2011-12-02,358.4844916207577,0.0,41
72,2011-12-02,9140.77105617564,0.0,41
72,2011-12-16,61284.07519616396,0.0,41
96,2011-12-16,2294.8114002235347,0.0,41
29,2011-12-02,8482.540749375312,0.0,41
33,2011-12-16,9278.596560429023,0.0,41
31,2011-12-09,7.594463215056026,0.0,41
83,2011-12-23,5535.972290159907,0.0,41
80,2011-12-02,85.69623637620245,0.0,41
6,2011-12-02,551.8650720875775,0.0,41
12,2011-12-23,3883.123243935798,0.0,41
22,2011-12-30,164.74168584957812,1.0,41
18,2011-12-23,36588.26589059601,0.0,41
74,2011-12-02,6288.644680347986,0.0,41
80,2011-12-30,11372.07860814653,1.0,41
52,2011-12-02,2310.6521933800523,0.0,41
14,2011-12-02,28900.79340426675,0.0,41
28,2011-12-16,1155.438650547361,0.0,41
30,2011-12-02,5825.804346594422,0.0,41
3,2011-12-23,20406.369641503254,0.0,41
31,2011-12-30,4005.503072159408,1.0,41
9,2011-12-02,14188.088250553305,0.0,41
30,2011-12-30,2086.740578580413,1.0,41
24,2011-12-16,21414.886729715083,0.0,41
14,2011-12-09,26373.355171755957,0.0,41
81,2011-12-09,21155.432314999845,0.0,41
37,2011-12-30,1141.732386550301,1.0,41
67,2011-12-16,320.8289282130577,0.0,41
13,2011-12-16,20755.89025076205,0.0,41
20,2011-12-09,3437.4119882866908,0.0,41
52,2011-12-16,8.54340739815841,0.0,41
6,2011-12-16,159.0056033455029,0.0,41
95,2011-12-30,25814.90921448517,1.0,41
22,2011-12-02,17948.28313415164,0.0,41
87,2011-12-09,26407.579142770595,0.0,41
95,2011-12-30,16856.61065840931,1.0,41
41,2011-12-16,2102.3374388820152,0.0,41
82,2011-12-23,5491.463219679472,0.0,41
90,2011-12-30,11765.849358072172,1.0,41
31,2011-12-09,7460.665183228838,0.0,41
85,2011-12-23,2992.7424777256942,0.0,41
78,2011-12-30,18210.5408076906,1.0,41
12,2011-12-16,3432.185077337053,0.0,41
79,2011-12-09,36810.15327073697,0.0,41
3,2011-12-02,26654.84212835534,0.0,41
79,2011-12-02,10341.43034278824,0.0,41
13,2011-12-16,12976.61773219276,0.0,41
30,2011-12-23,2538.072260658626,0.0,41
52,2011-12-16,32056.387314325333,0.0,41
59,2011-12-30,2548.19064219265,1.0,41
96,2011-12-30,14011.126685072142,1.0,41
74,2011-12-16,4293.7832118208025,0.0,41
34,2011-12-30,13451.220555777178,1.0,41
7,2011-12-16,941.357849509537,0.0,41
37,2011-12-30,1536.2188316842316,1.0,41
21,2011-12-09,8315.459667600127,0.0,41
27,2011-12-16,675.6543640240656,0.0,41
87,2011-12-16,19.191651695452453,0.0,41
80,2011-12-23,16617.35479600098,0.0,41
83,2011-12-30,1378.8390713702202,1.0,41
4,2011-12-09,8785.515563342347,0.0,41
65,2011-12-02,3143.280447166865,0.0,41
17,2011-12-09,30184.234473870536,0.0,41
9,2011-12-30,14156.425230237988,1.0,41
85,2011-12-23,6214.332261578818,0.0,41
10,2011-12-16,21644.300670543027,0.0,41
81,2011-12-30,9395.05720643432,1.0,41
93,2011-12-30,17997.168761984285,1.0,41
54,2011-12-09,39.31723882414107,0.0,41
7,2011-12-30,26992.86303610884,1.0,41
71,2011-12-16,15967.515974047246,0.0,41
83,2011-12-16,5208.106626215844,0.0,41
92,2011-12-23,1849.1876680354717,0.0,41
44,2011-12-30,3737.196401558647,1.0,41
97,2011-12-23,2167.1470117855147,0.0,41
46,2011-12-30,36276.85568319276,1.0,41
80,2011-12-16,20018.203726843567,0.0,41
56,2011-12-16,51177.00592507759,0.0,41
9,2011-12-09,12823.329835751752,0.0,41
28,2011-12-16,2092.297722142268,0.0,41
16,2011-12-30,1915.0133834158837,1.0,41
67,2011-12-30,19828.488581934103,1.0,41
45,2011-12-30,31.839816547996264,1.0,41
12,2011-12-30,2226.0633376708565,1.0,41
1,2011-12-16,14933.56268665864,0.0,41
18,2011-12-30,28954.605682009445,1.0,41
81,2011-12-23,23009.13353098948,0.0,41
3,2011-12-02,9984.53151498306,0.0,41
98,2011-12-09,10718.911259917311,0.0,41
59,2011-12-23,593.8408631918292,0.0,41
20,2011-12-09,7173.659353544297,0.0,41
25,2011-12-09,10655.014336109078,0.0,41
8,2011-12-23,151.98134572204629,0.0,41
16,2011-12-02,5558.542234724155,0.0,41
19,2011-12-02,1817.3667641184916,0.0,41
79,2011-12-16,490.7520018538816,0.0,41
33,2011-12-23,21186.70004300943,0.0,41
10,2011-12-30,341.52122276756256,1.0,41
74,2011-12-16,51377.39706893903,0.0,41
13,2011-12-09,6041.8222725151445,0.0,41
28,2011-12-30,1173.2142412634005,1.0,41
55,2011-12-30,1163.1667660818111,1.0,41
35,2011-12-30,2801.461469530564,1.0,41
37,2011-12-09,1163.928756399573,0.0,41
17,2011-12-02,100.06949854015436,0.0,41
96,2011-12-23,17522.40877721152,0.0,41
32,2011-12-09,1338.2133175431452,0.0,41
28,2011-12-30,358.7871601540957,1.0,41
9,2011-12-02,8586.355960208846,0.0,41
67,2011-12-02,8479.264287139054,0.0,41
54,2011-12-23,368.4847440256012,0.0,41
28,2011-12-30,1219.468892563794,1.0,41
25,2011-12-30,7033.895430889835,1.0,41
2,2011-12-09,7972.417406013513,0.0,41
34,2011-12-23,4056.2342014426654,0.0,41
94,2011-12-02,45097.43140619214,0.0,41
51,2011-12-23,1711.2299753196694,0.0,41
12,2011-12-02,4274.053973850665,0.0,41
35,2011-12-16,3795.000229186352,0.0,41
13,2011-12-30,1018.5042911274312,1.0,41
7,2011-12-09,9810.876025504214,0.0,41
87,2011-12-30,11629.701384885442,1.0,41
82,2011-12-16,106.65825981580498,0.0,41
52,2011-12-30,2549.6458904655333,1.0,41
78,2011-12-02,5271.360796092147,0.0,41
60,2011-12-30,1374.6867658939032,1.0,41
92,2011-12-09,59329.25925241391,0.0,41
26,2011-12-23,6269.339199677844,0.0,41
99,2011-12-09,737.4524542496636,0.0,41
26,2011-12-09,10034.034939106548,0.0,41
72,2011-12-09,5002.5525698776655,0.0,41
28,2011-12-02,619.9720332680815,0.0,41
40,2011-12-30,37176.05184524416,1.0,41
24,2011-12-30,2764.793964499776,1.0,41
80,2011-12-16,13304.126178096009,0.0,41
81,2011-12-02,15938.509548796172,0.0,41
11,2011-12-30,170.04568230418306,1.0,41
91,2011-12-30,26090.91882627056,1.0,41
25,2011-12-16,25802.211303646644,0.0,41
21,2011-12-09,1734.129694162248,0.0,41
49,2011-12-23,1647.8036449783467,0.0,41
41,2011-12-16,9240.088158378428,0.0,41
38,2011-12-09,33082.08366199313,0.0,41
36,2011-12-23,2989.088404353652,0.0,41
27,2011-12-23,1455.834024994546,0.0,41
81,2011-12-02,11558.620224687884,0.0,41
90,2011-12-09,13271.68051052532,0.0,41
52,2011-12-02,1207.9305510660458,0.0,41
32,2011-12-09,6793.802806999202,0.0,41
93,2011-12-23,41819.6515128531,0.0,41
31,2011-12-09,1469.596489742937,0.0,41
28,2011-12-09,920.9620112517262,0.0,41
91,2011-12-16,3321.2575155870013,0.0,41
67,2011-12-16,18238.84705874298,0.0,41
41,2011-12-16,42.133083381665664,0.0,41
58,2011-12-09,37904.13381884576,0.0,41
17,2011-12-23,17632.001431096513,0.0,41
56,2011-12-02,16890.863388588605,0.0,41
32,2011-12-30,13754.346910563952,1.0,41
90,2011-12-02,10893.151682316802,0.0,41
49,2011-12-30,2878.632394771816,1.0,41
79,2011-12-16,23479.73364498555,0.0,41
95,2011-12-02,9818.54457404468,0.0,41
26,2011-12-02,10134.670354723876,0.0,41
85,2011-12-02,395.8843862546086,0.0,41
20,2011-12-23,3191.9780517483528,0.0,41
11,2011-12-30,277.30768068544,1.0,41
31,2011-12-02,4505.417740935241,0.0,41
56,2011-12-16,26408.499932838768,0.0,41
85,2011-12-23,2362.364553332892,0.0,41
49,2011-12-16,10738.684534198015,0.0,41
44,2011-12-30,3923.857871701092,1.0,41
29,2011-12-23,13349.86976729288,0.0,41
29,2011-12-23,17530.882857589997,0.0,41
20,2011-12-30,7287.638100792536,1.0,41
33,2011-12-16,14496.71667680528,0.0,41
5,2011-12-16,22.921435367849963,0.0,41
13,2011-12-09,42342.83499460711,0.0,41
71,2011-12-09,1664.4873126573973,0.0,41
25,2011-12-02,11006.112640554353,0.0,41
59,2011-12-23,18979.62287832127,0.0,41
98,2011-12-30,269.3554274611632,1.0,41
98,2011-12-30,11836.291259726666,1.0,41
52,2011-12-30,1219.3444081713262,1.0,41
2,2011-12-16,112637.89936490144,0.0,41
5,2011-12-30,1202.4198884588666,1.0,41
79,2011-12-30,2854.531470852098,1.0,41
14,2011-12-23,1989.9618925702575,0.0,41
49,2011-12-23,1734.5203930979244,0.0,41
10,2011-12-16,14028.722347140889,0.0,41
12,2011-12-23,1915.7957535889452,0.0,41
21,2011-12-30,3602.955341710146,1.0,41
71,2011-12-02,25280.35893557315,0.0,41
78,2011-12-09,-105.86737138932688,0.0,41
18,2011-12-23,9539.002465095067,0.0,41
55,2011-12-23,751.8121761072764,0.0,41
22,2011-12-02,6097.712081497145,0.0,41
59,2011-12-02,105.52658755727964,0.0,41
46,2011-12-09,37901.42871026042,0.0,41
94,2011-12-02,29344.895398725657,0.0,41
22,2011-12-16,145.95772062255526,0.0,41
21,2011-12-16,7515.143717001606,0.0,41
40,2011-12-30,31691.392894912497,1.0,41
81,2011-12-09,18975.576300202763,0.0,41
60,2011-12-16,1605.7342776039343,0.0,41
23,2011-12-30,33372.18355836347,1.0,41
23,2011-12-23,40702.67363342986,0.0,41
42,2011-12-23,176.20794547145147,0.0,41
20,2011-12-16,5395.8124519135845,0.0,41
7,2011-12-23,9618.827648106091,0.0,41
24,2011-12-23,12426.925117741925,0.0,41
85,2011-12-09,3116.662286829036,0.0,41
55,2011-12-16,2870.0606425071423,0.0,41
97,2011-12-30,2791.3006803234434,1.0,41
20,2011-12-30,3163.6547945041552,1.0,41
10,2011-12-09,21392.36070084708,0.0,41
13,2011-12-23,31659.80155341953,0.0,41
87,2011-12-02,7493.674482777702,0.0,41
35,2011-12-23,3762.931182237512,0.0,41
40,2011-12-16,43628.39898476521,0.0,41
85,2011-12-30,2262.47432094136,1.0,41
17,2011-12-23,10.654259151635769,0.0,41
33,2011-12-16,20627.9319268573,0.0,41
82,2011-12-02,6790.608221814443,0.0,41
4,2011-12-30,31478.05894050921,1.0,41
34,2011-12-30,18494.438792026125,1.0,41
4,2011-12-30,12699.02363588593,1.0,41
7,2011-12-23,930.979224220502,0.0,41
19,2011-12-09,4663.297057913839,0.0,41
8,2011-12-16,1609.509540108896,0.0,41
40,2011-12-16,13139.194526146905,0.0,41
80,2011-12-09,15232.717689554054,0.0,41
18,2011-12-23,32115.603865606317,0.0,41
56,2011-12-23,40189.17486620056,0.0,41
14,2011-12-23,1732.203755972782,0.0,41
3,2011-12-16,9733.52865554129,0.0,41
71,2011-12-16,12715.386949323256,0.0,41
32,2011-12-02,2917.2660673592427,0.0,41
49,2011-12-30,416.0762674156125,1.0,41
6,2011-12-09,14.554168151293956,0.0,41
14,2011-12-09,12824.925484757112,0.0,41
40,2011-12-23,8778.187814498915,0.0,41
33,2011-12-09,21860.67802559225,0.0,41
81,2011-12-16,2991.704468655487,0.0,41
87,2011-12-09,9083.200152752312,0.0,41
96,2011-12-09,26538.940602227434,0.0,41
42,2011-12-02,1976.6634710861767,0.0,41
98,2011-12-23,22.068654833501256,0.0,41
5,2011-12-02,7865.424749040058,0.0,41
46,2011-12-09,16690.11586915281,0.0,41
97,2011-12-23,16290.842924139371,0.0,41
24,2011-12-09,6521.176815147577,0.0,41
97,2011-12-16,19685.80913343148,0.0,41
46,2011-12-16,11101.439730862508,0.0,41
40,2011-12-23,24223.601288727343,0.0,41
12,2011-12-23,4728.555543200718,0.0,41
13,2011-12-16,57.75087721160087,0.0,41
13,2011-12-16,3881.275206904948,0.0,41
40,2011-12-23,102258.05296532254,0.0,41
14,2011-12-09,10221.757249560287,0.0,41
90,2011-12-16,13702.458092781428,0.0,41
85,2011-12-16,3888.46734740374,0.0,41
12,2011-12-16,7690.756876978694,0.0,41
8,2011-12-30,3380.14590007929,1.0,41
80,2011-12-16,30557.27985328685,0.0,41
82,2011-12-02,13420.276182698964,0.0,41
72,2011-12-09,9279.29841485764,0.0,41
24,2011-12-16,5570.165944448543,0.0,41
44,2011-12-09,1672.5736614307818,0.0,41
33,2011-12-09,5049.813087002214,0.0,41
59,2011-12-30,1635.5311004281066,1.0,41
87,2011-12-09,1205.268490274347,0.0,41
34,2011-12-02,4133.8923807799865,0.0,41
40,2011-12-09,55477.90503696429,0.0,41
79,2011-12-02,25255.30274085058,0.0,41
56,2011-12-09,1940.1853433492229,0.0,41
13,2011-12-02,3613.918836869069,0.0,41
49,2011-12-09,7536.359370828168,0.0,41
48,2011-12-23,380.8703708129205,0.0,41
97,2011-12-16,16995.68576421738,0.0,41
98,2011-12-30,2739.406213054257,1.0,41
50,2011-12-02,33164.34330871548,0.0,41
14,2011-12-09,20439.687979673326,0.0,41
22,2011-12-30,12510.247531334857,1.0,41
93,2011-12-09,21608.23097901002,0.0,41
44,2011-12-23,6943.783920295736,0.0,41
67,2011-12-23,428.06595228886346,0.0,41
44,2011-12-30,6.485978516266152,1.0,41
50,2011-12-30,32265.35670749436,1.0,41
21,2011-12-16,1514.31315426929,0.0,41
93,2011-12-02,1606.3117033626274,0.0,41
27,2011-12-23,2733.156478674773,0.0,41
33,2011-12-30,4117.846993523573,1.0,41
87,2011-12-16,17811.617712244064,0.0,41
5,2011-12-30,88.6109992454976,1.0,41
29,2011-12-16,16381.260474535133,0.0,41
81,2011-12-23,15701.019588121017,0.0,41
36,2011-12-23,3862.63255513125,0.0,41
67,2011-12-23,242.9272733541836,0.0,41
30,2011-12-16,5224.753312812546,0.0,41
67,2011-12-02,5148.218237760742,0.0,41
94,2011-12-02,24.662737089187303,0.0,41
23,2011-12-30,26204.3289804934,1.0,41
17,2011-12-02,18964.21649576812,0.0,41
42,2011-12-16,4190.394644259806,0.0,41
1,2011-12-09,18370.38097354741,0.0,41
65,2011-12-16,364.69541109197456,0.0,41
5,2011-12-30,39533.23936618008,1.0,41
98,2011-12-02,17.487646841946965,0.0,41
26,2011-12-09,3955.3668275346217,0.0,41
79,2011-12-09,16629.746624659154,0.0,41
34,2011-12-16,4603.013694910892,0.0,41
98,2011-12-23,65.39725086172996,0.0,41
33,2011-12-09,11.819872812835325,0.0,41
59,2011-12-30,4118.926926831126,1.0,41
8,2011-12-16,5768.269330595593,0.0,42
4,2011-12-23,70844.37745861919,0.0,42
60,2011-12-02,339.1031043505738,0.0,42
14,2011-12-02,1342.0418854829063,0.0,42
74,2011-12-16,314.32866772122355,0.0,42
83,2011-12-30,2669.6067463836807,1.0,42
18,2011-12-23,1498.495166684545,0.0,42
67,2011-12-02,146.12718334753487,0.0,42
81,2011-12-30,4021.886570834277,1.0,42
16,2011-12-09,1547.5972744544345,0.0,42
33,2011-12-09,20138.578284765885,0.0,42
55,2011-12-23,34784.89760228321,0.0,42
93,2011-12-30,48564.92816435704,1.0,42
18,2011-12-30,11874.33469111697,1.0,42
9,2011-12-02,472.5530174030087,0.0,42
8,2011-12-30,14990.96094813034,1.0,42
81,2011-12-09,21014.45587080697,0.0,42
5,2011-12-09,6508.60090372142,0.0,42
81,2011-12-30,-3.6968051480479662,1.0,42
67,2011-12-09,14.433224216418305,0.0,42
10,2011-12-02,83.09832602274321,0.0,42
60,2011-12-30,37.72055440496536,1.0,42
60,2011-12-16,1200.3475401949493,0.0,42
95,2011-12-02,60711.30015278327,0.0,42
21,2011-12-23,45.85601277787092,0.0,42
79,2011-12-02,24848.44607112236,0.0,42
14,2011-12-23,385.5098337859256,0.0,42
29,2011-12-16,21610.11176343599,0.0,42
74,2011-12-02,253.65414827866576,0.0,42
85,2011-12-09,838.5350026216084,0.0,42
8,2011-12-16,25.62481661484364,0.0,42
99,2011-12-09,815.0623850350437,0.0,42
94,2011-12-23,234.3583690362136,0.0,42
1,2011-12-23,16021.604162117632,0.0,42
93,2011-12-23,1132.1706279825453,0.0,42
18,2011-12-30,690.1547549515021,1.0,42
28,2011-12-30,69.0554022310204,1.0,42
42,2011-12-16,6619.838536531693,0.0,42
10,2011-12-16,395.3154199266253,0.0,42
8,2011-12-02,19047.6193460027,0.0,42
49,2011-12-30,9603.665548740772,1.0,42
49,2011-12-02,146.95022992784132,0.0,42
59,2011-12-23,1671.223323364427,0.0,42
80,2011-12-16,7742.929715122927,0.0,42
82,2011-12-02,18960.64829876027,0.0,42
98,2011-12-23,8292.790355924135,0.0,42
20,2011-12-23,4509.126036395337,0.0,42
9,2011-12-16,11900.715685601552,0.0,42
77,2011-12-02,122.99717402111382,0.0,42
94,2011-12-09,140.5016320115959,0.0,42
95,2011-12-30,15.069054227438842,1.0,42
22,2011-12-30,85.05643097758286,1.0,42
23,2011-12-30,44.70754466864277,1.0,42
58,2011-12-02,87.95736843068363,0.0,42
67,2011-12-02,201.53534742617572,0.0,42
96,2011-12-30,11308.255297797396,1.0,42
29,2011-12-02,9905.247995666748,0.0,42
98,2011-12-16,21556.55394272133,0.0,42
10,2011-12-16,12210.951965011733,0.0,42
59,2011-12-16,2043.49211748814,0.0,42
24,2011-12-16,9.568363669610155,0.0,42
98,2011-12-30,18.49635500402153,1.0,42
77,2011-12-30,367.0905916183444,1.0,42
79,2011-12-30,5226.183617072706,1.0,42
10,2011-12-09,11661.252084689046,0.0,42
5,2011-12-16,1960.161594972879,0.0,42
14,2011-12-30,735.4427031093485,1.0,42
17,2011-12-30,21419.77748413093,1.0,42
85,2011-12-09,5570.191211782938,0.0,42
95,2011-12-23,16326.784912177844,0.0,42
7,2011-12-09,3251.917494551715,0.0,42
93,2011-12-23,29726.28605716491,0.0,42
8,2011-12-09,810.208329975036,0.0,42
27,2011-12-23,1065.0932892966257,0.0,42
52,2011-12-09,14508.096089133283,0.0,42
33,2011-12-30,5277.678500505318,1.0,42
6,2011-12-16,259.57328614067904,0.0,42
7,2011-12-09,1128.462137035582,0.0,42
20,2011-12-09,1121.3788554791706,0.0,42
14,2011-12-23,48.75038402976373,0.0,42
82,2011-12-09,4736.111450875717,0.0,42
72,2011-12-02,7548.508463677678,0.0,42
8,2011-12-02,16187.366277056995,0.0,42
87,2011-12-09,13350.41427409253,0.0,42
25,2011-12-09,8.679001847751703,0.0,42
32,2011-12-02,213.00649945462584,0.0,42
21,2011-12-30,872.345781878936,1.0,42
90,2011-12-30,26509.230525341656,1.0,42
10,2011-12-23,370.9528702460874,0.0,42
56,2011-12-30,88.02097713106315,1.0,42
10,2011-12-30,239.91357878255604,1.0,42
37,2011-12-30,214.81181224882795,1.0,42
87,2011-12-09,363.9441574459852,0.0,42
65,2011-12-23,445.41345427006087,0.0,42
8,2011-12-30,6124.026786751012,1.0,42
1,2011-12-02,2571.192165842577,0.0,42
60,2011-12-30,197.57693922441445,1.0,42
37,2011-12-30,5986.085130457291,1.0,42
85,2011-12-02,1987.5086161877389,0.0,42
67,2011-12-02,727.0147357047236,0.0,42
85,2011-12-23,758.2633194293813,0.0,42
6,2011-12-02,128.77391792654413,0.0,42
17,2011-12-23,129.43808631219977,0.0,42
55,2011-12-02,95.696697109235,0.0,42
55,2011-12-09,153.5143398947522,0.0,42
42,2011-12-30,4381.924922849788,1.0,42
87,2011-12-16,1285.3077580676247,0.0,42
48,2011-12-16,264.12929032779857,0.0,42
40,2011-12-09,15426.110218908696,0.0,42
49,2011-12-09,18982.86939098574,0.0,42
20,2011-12-09,28.65668379749634,0.0,42
55,2011-12-30,7846.096482205088,1.0,42
16,2011-12-02,1515.2473188590484,0.0,42
54,2011-12-02,3531.791749445909,0.0,42
9,2011-12-09,12393.08296440036,0.0,42
46,2011-12-09,12.896075251388458,0.0,42
74,2011-12-16,4180.651215902592,0.0,42
27,2011-12-23,402.2030573033664,0.0,42
55,2011-12-30,11.765520254171877,1.0,42
45,2011-12-30,19.884840089282672,1.0,42
24,2011-12-09,24.779392325432127,0.0,42
28,2011-12-02,413.7983613013287,0.0,42
94,2011-12-16,67.79107419987822,0.0,42
96,2011-12-23,14176.49052985358,0.0,42
42,2011-12-23,11705.924207811304,0.0,42
16,2011-12-02,1032.6006151328531,0.0,42
16,2011-12-09,3182.637810153484,0.0,42
96,2011-12-09,1.1801906679816476,0.0,42
79,2011-12-16,970.0553697753028,0.0,42
92,2011-12-09,40606.97173250594,0.0,42
78,2011-12-23,705.3017041383397,0.0,42
16,2011-12-02,1506.8740990688025,0.0,42
97,2011-12-23,4962.171713164174,0.0,42
98,2011-12-09,12138.191247037526,0.0,42
34,2011-12-02,13163.189391462827,0.0,42
16,2011-12-30,304.81072419196016,1.0,42
44,2011-12-02,18.10657065503442,0.0,42
32,2011-12-02,5342.81874881802,0.0,42
71,2011-12-02,7297.668288370268,0.0,42
83,2011-12-02,4135.447031003504,0.0,42
94,2011-12-30,8.792403311296464,1.0,42
85,2011-12-02,7099.079800595023,0.0,42
21,2011-12-16,128.31340819730107,0.0,42
98,2011-12-30,7207.088580528299,1.0,42
80,2011-12-09,48.73832365436025,0.0,42
87,2011-12-09,1124.3524606489843,0.0,42
55,2011-12-02,6504.406001403735,0.0,42
26,2011-12-02,6.485749181042079,0.0,42
97,2011-12-30,2355.39473287538,1.0,42
95,2011-12-02,21675.54691377172,0.0,42
74,2011-12-30,933.9473480035558,1.0,42
28,2011-12-30,627.0959745521313,1.0,42
9,2011-12-16,441.8706187545629,0.0,42
11,2011-12-02,171.8338486830987,0.0,42
71,2011-12-09,617.7561527075115,0.0,42
24,2011-12-16,38.85351437130752,0.0,42
14,2011-12-09,11731.293446942484,0.0,42
16,2011-12-23,426.5962504259816,0.0,42
54,2011-12-23,106.6148812531484,0.0,42
91,2011-12-02,19112.82600951415,0.0,42
36,2011-12-30,1634.3301755675436,1.0,42
97,2011-12-16,6578.640835340137,0.0,42
90,2011-12-16,27.758351270641988,0.0,42
32,2011-12-30,2450.6149488008814,1.0,42
87,2011-12-02,163.5978430418175,0.0,42
97,2011-12-30,15352.775983798298,1.0,42
12,2011-12-16,34.17417486542471,0.0,42
28,2011-12-30,516.6360304654597,1.0,42
87,2011-12-23,13795.02580903711,0.0,42
74,2011-12-02,2382.5057396061097,0.0,42
56,2011-12-23,2251.65203075774,0.0,42
21,2011-12-09,157.5437453948307,0.0,42
98,2011-12-16,9809.836449159273,0.0,42
13,2011-12-16,-403.7503149406743,0.0,42
90,2011-12-02,12190.71320377117,0.0,42
85,2011-12-23,265.8662531881379,0.0,42
79,2011-12-09,4018.404953764172,0.0,42
82,2011-12-30,8442.680681529635,1.0,42
80,2011-12-16,7828.232264203333,0.0,42
2,2011-12-02,10633.638838822715,0.0,42
85,2011-12-09,532.1794708495869,0.0,42
51,2011-12-30,203.07448934096436,1.0,42
16,2011-12-23,513.5838609064286,0.0,42
67,2011-12-09,5351.643914320206,0.0,42
6,2011-12-16,6858.7569981992765,0.0,42
85,2011-12-09,5137.19765061567,0.0,42
9,2011-12-09,19015.663410306726,0.0,42
34,2011-12-09,5059.368899473751,0.0,42
14,2011-12-16,1745.1732850351875,0.0,42
93,2011-12-30,22396.620535207305,1.0,42
9,2011-12-09,470.0897399434161,0.0,42
95,2011-12-16,49745.57973409743,0.0,42
98,2011-12-09,87.51415405936007,0.0,42
10,2011-12-23,429.0071532819402,0.0,42
5,2011-12-30,9.02474404370072,1.0,42
87,2011-12-23,14090.49103624875,0.0,42
26,2011-12-23,1.3952970693695852,0.0,42
44,2011-12-23,10.627936279513955,0.0,42
16,2011-12-30,2535.2967193052878,1.0,42
87,2011-12-09,1594.680118345264,0.0,42
90,2011-12-16,55313.9985556938,0.0,42
83,2011-12-16,4190.424198427368,0.0,42
6,2011-12-16,470.4771123739453,0.0,42
10,2011-12-09,14752.145491139136,0.0,42
9,2011-12-09,13136.7530917754,0.0,42
74,2011-12-16,359.4344078992266,0.0,42
31,2011-12-16,22.72352712920772,0.0,42
18,2011-12-16,22685.78178973218,0.0,42
49,2011-12-02,10.29155374943744,0.0,42
10,2011-12-23,18184.515715154725,0.0,42
9,2011-12-16,14685.150758874612,0.0,42
1,2011-12-23,4892.274186041136,0.0,42
20,2011-12-16,34.4693696706909,0.0,42
4,2011-12-16,30103.10394286562,0.0,42
10,2011-12-30,192.8012842927373,1.0,42
60,2011-12-23,354.351236750604,0.0,42
54,2011-12-23,123.2443235152202,0.0,42
16,2011-12-09,3377.452004010181,0.0,42
59,2011-12-30,7559.666609171771,1.0,42
95,2011-12-16,25239.14462164141,0.0,42
13,2011-12-23,16060.915379229516,0.0,42
98,2011-12-30,9266.129893258403,1.0,42
55,2011-12-30,64.2774382662884,1.0,42
40,2011-12-02,6888.776174477098,0.0,42
14,2011-12-09,693.7595867620315,0.0,42
48,2011-12-16,9237.934265517591,0.0,42
99,2011-12-30,436.1425479521018,1.0,42
81,2011-12-16,10019.224518361276,0.0,42
5,2011-12-16,75285.39151911737,0.0,42
12,2011-12-09,4558.681889713926,0.0,42
11,2011-12-23,608.6200350527342,0.0,42
67,2011-12-23,274.4398227066748,0.0,42
72,2011-12-09,32976.462184675634,0.0,42
79,2011-12-23,327.17205499666204,0.0,42
74,2011-12-02,2522.909020004849,0.0,42
3,2011-12-30,6037.864027135788,1.0,42
6,2011-12-09,861.3125990154808,0.0,42
98,2011-12-23,9584.614128653702,0.0,42
16,2011-12-30,376.6886934095965,1.0,42
25,2011-12-09,42.53787615467994,0.0,42
74,2011-12-09,399.1362656581626,0.0,42
22,2011-12-02,8894.702972363657,0.0,42
87,2011-12-23,471.364389087238,0.0,42
97,2011-12-09,17063.58592908966,0.0,42
60,2011-12-30,133.16656530449086,1.0,42
28,2011-12-16,1264.7170060841995,0.0,42
85,2011-12-02,2090.285783586301,0.0,42
12,2011-12-02,90.41729447956168,0.0,42
50,2011-12-09,733.596721846263,0.0,42
33,2011-12-30,5020.981152351793,1.0,42
94,2011-12-30,27812.22193958032,1.0,42
99,2011-12-30,386.02581272425306,1.0,43
98,2011-12-16,7409.582215340001,0.0,43
28,2011-12-09,133.8707619705902,0.0,43
85,2011-12-16,5100.8217490976895,0.0,43
98,2011-12-02,7515.289273096761,0.0,43
20,2011-12-30,26.25133595657084,1.0,43
87,2011-12-09,540.654773390834,0.0,43
30,2011-12-09,887.1095158921161,0.0,43
92,2011-12-02,804.0624742446806,0.0,43
26,2011-12-30,8.786200972057276,1.0,43
11,2011-12-02,23794.142923805142,0.0,43
59,2011-12-30,325.5513644098015,1.0,43
21,2011-12-30,13.513352261342854,1.0,43
82,2011-12-16,16309.41883142195,0.0,43
55,2011-12-30,42.36010191424804,1.0,43
98,2011-12-23,30398.725642631,0.0,43
71,2011-12-16,111286.87488125949,0.0,43
95,2011-12-23,59439.1842119386,0.0,43
83,2011-12-23,14483.06283406349,0.0,43
26,2011-12-30,13240.182906477548,1.0,43
18,2011-12-16,55031.07765583972,0.0,43
51,2011-12-09,2.977847633486853,0.0,43
13,2011-12-23,1345.0310717828354,0.0,43
98,2011-12-09,12905.626157979224,0.0,43
59,2011-12-09,4268.553603589464,0.0,43
59,2011-12-16,5649.057743492036,0.0,43
87,2011-12-23,8203.360274381212,0.0,43
72,2011-12-16,26520.085697513605,0.0,43
59,2011-12-16,1922.338262484917,0.0,43
54,2011-12-30,48.87309067351667,1.0,43
96,2011-12-23,-13.095224589937812,0.0,43
18,2011-12-16,53705.946652530365,0.0,43
34,2011-12-23,14685.860715776553,0.0,43
33,2011-12-16,7821.717850700264,0.0,43
90,2011-12-30,3.100813084792311,1.0,43
91,2011-12-23,113306.00061707644,0.0,43
21,2011-12-02,2606.7834631202363,0.0,43
59,2011-12-09,1364.3043404857642,0.0,43
91,2011-12-02,24646.067418441737,0.0,43
96,2011-12-30,38301.382203431785,1.0,43
54,2011-12-23,163.21604503812796,0.0,43
92,2011-12-09,95105.02825241246,0.0,43
16,2011-12-09,207.70192770164084,0.0,43
42,2011-12-02,4349.476435379698,0.0,43
32,2011-12-09,23.73851862172026,0.0,43
67,2011-12-09,258.3542135018096,0.0,43
10,2011-12-16,19428.20956834965,0.0,43
10,2011-12-16,14886.020198897691,0.0,43
95,2011-12-16,26263.96614583726,0.0,43
29,2011-12-23,632.4801632759358,0.0,43
1,2011-12-09,3415.784697033455,0.0,43
60,2011-12-16,681.4476405326478,0.0,43
95,2011-12-16,22738.850213326587,0.0,43
7,2011-12-16,654.7908533807574,0.0,43
6,2011-12-09,82.94036793654614,0.0,43
16,2011-12-16,605.7391393808557,0.0,43
81,2011-12-09,769.3014781487141,0.0,43
16,2011-12-16,6248.483471596656,0.0,43
23,2011-12-30,54.105431730206405,1.0,43
97,2011-12-16,16470.390369047458,0.0,43
83,2011-12-02,2977.879517307971,0.0,43
87,2011-12-16,555.0906340659029,0.0,43
80,2011-12-02,28598.13483344433,0.0,43
17,2011-12-30,2020.6482438614976,1.0,43
87,2011-12-09,19302.469806170808,0.0,43
60,2011-12-16,531.3292936058988,0.0,43
93,2011-12-23,50870.728640777605,0.0,43
18,2011-12-23,1287.9148585332468,0.0,43
44,2011-12-30,8032.556879438981,1.0,43
51,2011-12-16,2647.356840314228,0.0,43
94,2011-12-16,25960.056086347136,0.0,43
58,2011-12-02,971.482160346697,0.0,43
9,2011-12-16,13150.293076487662,0.0,43
91,2011-12-02,26797.28978284913,0.0,43
28,2011-12-02,545.853867504524,0.0,43
96,2011-12-02,22508.037997903364,0.0,43
16,2011-12-16,679.6900968841236,0.0,43
46,2011-12-09,22169.901136127537,0.0,43
54,2011-12-30,383.5413453678457,1.0,43
85,2011-12-30,86.18944638998893,1.0,43
99,2011-12-09,388.1111341387108,0.0,43
56,2011-12-23,446.3166515478239,0.0,43
24,2011-12-30,2.7021596829662915,1.0,43
52,2011-12-23,151.75565144310264,0.0,43
45,2011-12-02,19.81487541180116,0.0,43
50,2011-12-09,4146.39039273417,0.0,43
56,2011-12-09,6337.21851271523,0.0,43
45,2011-12-30,799.4839101933355,1.0,43
42,2011-12-09,4381.553437324764,0.0,43
94,2011-12-16,53260.20682928515,0.0,43
9,2011-12-23,107.51534533297752,0.0,43
83,2011-12-09,3537.3575401467533,0.0,43
1,2011-12-30,2523.4583794887194,1.0,43
98,2011-12-02,4081.2108881846175,0.0,43
20,2011-12-09,28.885900144642605,0.0,43
92,2011-12-09,29489.07573818399,0.0,43
22,2011-12-09,44.18154174769074,0.0,43
83,2011-12-09,485.65317682268784,0.0,43
3,2011-12-30,16020.297767669246,1.0,43
92,2011-12-09,82377.4766588414,0.0,43
39,2011-12-09,37.59823350369355,0.0,43
16,2011-12-02,1140.6636721145785,0.0,43
56,2011-12-09,21023.45180340959,0.0,43
87,2011-12-30,949.8281136721176,1.0,43
38,2011-12-16,60106.51783905667,0.0,43
49,2011-12-23,82495.92542521571,0.0,43
71,2011-12-02,2208.282409335726,0.0,43
74,2011-12-23,1137.233738661078,0.0,43
97,2011-12-23,22789.399568482997,0.0,43
79,2011-12-30,10167.940870394305,1.0,43
92,2011-12-30,17973.949405050036,1.0,43
54,2011-12-09,55.751819175399866,0.0,43
49,2011-12-30,30721.774971227194,1.0,43
10,2011-12-23,21625.247511193527,0.0,43
16,2011-12-16,151.41137711649102,0.0,43
71,2011-12-02,8118.06504364107,0.0,43
95,2011-12-23,29318.558850240373,0.0,43
60,2011-12-23,112.85928656477148,0.0,43
17,2011-12-09,10994.452778419203,0.0,43
67,2011-12-16,26.16094919007967,0.0,43
95,2011-12-30,36286.321369490535,1.0,43
12,2011-12-16,46.144522103657806,0.0,43
83,2011-12-09,4796.90781312661,0.0,43
32,2011-12-16,35.30339295998624,0.0,43
30,2011-12-09,1985.0952427353732,0.0,43
17,2011-12-09,418.30650390676806,0.0,43
99,2011-12-23,1.0824603139334956,0.0,43
9,2011-12-09,32.30449763936042,0.0,43
29,2011-12-02,15508.635032718326,0.0,43
46,2011-12-16,23486.61937866933,0.0,43
72,2011-12-23,121234.0600113244,0.0,43
13,2011-12-09,753.6812898612203,0.0,43
8,2011-12-16,5861.204193703364,0.0,43
11,2011-12-30,14461.447117859254,1.0,43
1,2011-12-23,10352.540297354051,0.0,43
59,2011-12-30,4395.67666771431,1.0,43
91,2011-12-23,76068.92549210241,0.0,43
21,2011-12-02,997.6267995559818,0.0,43
22,2011-12-23,84.68932666227596,0.0,43
17,2011-12-23,571.8983862397021,0.0,43
9,2011-12-23,40359.93768023935,0.0,43
28,2011-12-30,961.859801568985,1.0,43
16,2011-12-02,4457.376748604571,0.0,43
59,2011-12-23,569.3681726092137,0.0,43
65,2011-12-16,15258.64465887219,0.0,43
27,2011-12-02,750.1634835659327,0.0,43
90,2011-12-09,12957.198410973926,0.0,43
28,2011-12-02,352.5967687754733,0.0,43
85,2011-12-02,648.8574814132859,0.0,43
60,2011-12-30,179.861665793263,1.0,43
87,2011-12-09,6661.004810699018,0.0,43
13,2011-12-30,8135.933704281037,1.0,43
79,2011-12-23,1071.634877962629,0.0,43
18,2011-12-02,359.2657039153,0.0,43
8,2011-12-02,5281.834883277595,0.0,43
38,2011-12-02,87311.02283548543,0.0,43
33,2011-12-23,4376.978829323216,0.0,43
38,2011-12-23,62230.80846500142,0.0,43
10,2011-12-02,164.44130868644334,0.0,43
41,2011-12-30,-2.3382695573438017,1.0,43
18,2011-12-09,857.8616330413811,0.0,43
94,2011-12-02,23699.99975081071,0.0,43
6,2011-12-02,1063.0024951682765,0.0,43
1,2011-12-09,10012.100488374495,0.0,43
20,2011-12-23,44.406295407157614,0.0,43
82,2011-12-30,27488.179861186654,1.0,43
96,2011-12-23,-12.265529189849149,0.0,43
93,2011-12-23,37146.78521864723,0.0,43
58,2011-12-23,304.9353038443065,0.0,43
22,2011-12-30,87.66289567404624,1.0,43
29,2011-12-23,21924.57826790429,0.0,43
83,2011-12-30,35772.27442036369,1.0,43
87,2011-12-02,978.1770235120756,0.0,43
71,2011-12-02,513.4943817704941,0.0,43
90,2011-12-09,117224.70203656012,0.0,43
10,2011-12-16,235.17431852424383,0.0,43
29,2011-12-16,12860.920195521569,0.0,43
9,2011-12-02,15177.218616810917,0.0,43
16,2011-12-09,30724.47028706363,0.0,43
4,2011-12-23,22640.75020665841,0.0,43
22,2011-12-09,57.84443743769009,0.0,43
27,2011-12-16,62.356704472861786,0.0,43
85,2011-12-02,309.02979558481314,0.0,43
67,2011-12-09,719.9803907267498,0.0,43
44,2011-12-16,133.4217794854911,0.0,43
60,2011-12-30,306.6683760684834,1.0,43
60,2011-12-23,306.7368141669985,0.0,43
56,2011-12-30,37.826288412997,1.0,43
33,2011-12-23,18381.418837881334,0.0,43
92,2011-12-16,32608.32747702397,0.0,43
16,2011-12-16,7809.926412618805,0.0,43
93,2011-12-09,28184.45189820824,0.0,43
12,2011-12-16,4820.574590963931,0.0,43
72,2011-12-23,184.64842081392464,0.0,43
28,2011-12-16,120.65511919322972,0.0,43
6,2011-12-30,4421.99700989278,1.0,43
13,2011-12-16,10660.591826182035,0.0,43
83,2011-12-23,7292.411419543622,0.0,43
1,2011-12-09,12764.048535379225,0.0,43
26,2011-12-30,5.281676377315451,1.0,43
4,2011-12-02,6018.46181342694,0.0,43
55,2011-12-30,77.66760379905408,1.0,43
56,2011-12-16,1892.636911046355,0.0,43
59,2011-12-30,2909.0767483871964,1.0,43
90,2011-12-02,12918.733159468551,0.0,43
74,2011-12-02,432.99461300629866,0.0,43
17,2011-12-30,38268.42411305702,1.0,43
2,2011-12-02,74512.39864519675,0.0,43
18,2011-12-09,1325.197020106619,0.0,43
52,2011-12-23,13.64027182677514,0.0,43
71,2011-12-02,351.43063955591447,0.0,43
58,2011-12-02,2606.1772906405527,0.0,43
46,2011-12-30,19553.2920920842,1.0,43
95,2011-12-16,76758.97414982681,0.0,43
12,2011-12-16,3240.295906204579,0.0,43
6,2011-12-16,488.1390670542484,0.0,43
10,2011-12-16,348.9401794540337,0.0,43
72,2011-12-02,611.0583095280315,0.0,43
98,2011-12-02,7009.410783522262,0.0,43
81,2011-12-02,723.22911474236,0.0,43
27,2011-12-02,530.5928020006934,0.0,43
55,2011-12-02,1431.1637025556531,0.0,43
34,2011-12-09,18488.105773479787,0.0,43
27,2011-12-09,5.594008665710527,0.0,43
52,2011-12-16,1365.7994077545125,0.0,43
21,2011-12-16,1058.0636799063443,0.0,43
9,2011-12-02,28.60563245237969,0.0,43
87,2011-12-23,140.7649623485508,0.0,43
67,2011-12-23,123.3254288778662,0.0,43
59,2011-12-02,1447.8189189782418,0.0,43
55,2011-12-16,12.804932722544653,0.0,43
49,2011-12-02,13933.141059035168,0.0,43
79,2011-12-02,115.0797150437024,0.0,43
58,2011-12-23,2158.0015774639546,0.0,43
82,2011-12-02,18482.442088110656,0.0,43
23,2011-12-02,52.70008788418554,0.0,43
8,2011-12-02,17375.725554267465,0.0,43
9,2011-12-16,10.200205831145144,0.0,43
3,2011-12-09,479.1263497092887,0.0,43
95,2011-12-02,27352.384841630577,0.0,43
83,2011-12-02,4862.147990543092,0.0,43
95,2011-12-30,27672.326405842865,1.0,43
14,2011-12-02,494.2837473980042,0.0,43
12,2011-12-30,28.47032063345734,1.0,43
10,2011-12-16,14792.975460532833,0.0,43
90,2011-12-23,15.326959133215336,0.0,43
83,2011-12-09,6127.42207163629,0.0,43
72,2011-12-09,24718.72544702907,0.0,43
28,2011-12-16,738.1334901294152,0.0,43
96,2011-12-30,5.370325854188308,1.0,43
93,2011-12-30,20300.608594740566,1.0,43
58,2011-12-09,3740.568778259576,0.0,43
91,2011-12-23,54407.46810295335,0.0,43
18,2011-12-23,1448.896617278732,0.0,43
85,2011-12-02,3810.7763586435417,0.0,43
16,2011-12-09,1249.9401368740475,0.0,43
9,2011-12-23,50243.23810093557,0.0,43
28,2011-12-16,886.1607835690252,0.0,43
87,2011-12-23,16757.723694447403,0.0,43
71,2011-12-23,154319.19750375848,0.0,44
59,2011-12-02,317.6429887378962,0.0,44
29,2011-12-16,12890.228093746136,0.0,44
55,2011-12-16,-9.37958489204726,0.0,44
94,2011-12-02,25094.98833533472,0.0,44
3,2011-12-30,1449.3648044662582,1.0,44
38,2011-12-16,63118.204093780536,0.0,44
90,2011-12-02,14589.893482784866,0.0,44
8,2011-12-23,19937.942888432583,0.0,44
72,2011-12-02,5626.394112615649,0.0,44
12,2011-12-16,6442.382123165181,0.0,44
23,2011-12-16,54813.78331379073,0.0,44
18,2011-12-30,351.21910274738013,1.0,44
3,2011-12-30,9159.370001161968,1.0,44
36,2011-12-09,2190.0174602060742,0.0,44
1,2011-12-23,87499.68088686305,0.0,44
42,2011-12-02,2157.520583892811,0.0,44
82,2011-12-30,20501.002971165653,1.0,44
29,2011-12-16,19826.976750525977,0.0,44
1,2011-12-23,43552.552132116456,0.0,44
32,2011-12-23,17475.974028740573,0.0,44
2,2011-12-23,117342.48474098076,0.0,44
80,2011-12-30,22322.29678404956,1.0,44
44,2011-12-30,8099.427079115156,1.0,44
19,2011-12-16,1537.2154980807134,0.0,44
2,2011-12-02,44548.892614278455,0.0,44
74,2011-12-30,2804.8845915424827,1.0,44
8,2011-12-30,536.1585671443837,1.0,44
12,2011-12-30,5471.710547300909,1.0,44
94,2011-12-30,54121.18937470073,1.0,44
5,2011-12-16,57093.30405424846,0.0,44
40,2011-12-23,87015.84046245107,0.0,44
6,2011-12-16,5145.464050179089,0.0,44
67,2011-12-16,23077.408595910005,0.0,44
74,2011-12-16,2500.655250199383,0.0,44
71,2011-12-30,3941.6910367956943,1.0,44
59,2011-12-02,7914.321853931798,0.0,44
55,2011-12-23,161.4796104135765,0.0,44
31,2011-12-02,3008.5380439017026,0.0,44
21,2011-12-30,3582.792217406396,1.0,44
40,2011-12-09,81881.79660737203,0.0,44
82,2011-12-23,131945.5899476065,0.0,44
29,2011-12-09,586.8157380644433,0.0,44
9,2011-12-23,37226.81176818804,0.0,44
4,2011-12-09,31474.01295398465,0.0,44
3,2011-12-16,17200.339956142237,0.0,44
18,2011-12-02,88343.20253900986,0.0,44
55,2011-12-02,18050.78718727328,0.0,44
11,2011-12-16,24578.5785762844,0.0,44
23,2011-12-23,160847.10879346018,0.0,44
11,2011-12-30,18552.873392941823,1.0,44
11,2011-12-23,16854.50752367329,0.0,44
40,2011-12-23,70253.42960763683,0.0,44
60,2011-12-16,6935.69091742782,0.0,44
31,2011-12-23,7.6755118023402495,0.0,44
90,2011-12-02,86751.15530048174,0.0,44
67,2011-12-02,36550.69315944,0.0,44
25,2011-12-30,13050.27458678466,1.0,44
38,2011-12-16,99810.46006743005,0.0,44
14,2011-12-23,907.4916262651732,0.0,44
31,2011-12-02,1441.0925820279197,0.0,44
56,2011-12-30,18265.161177811297,1.0,44
1,2011-12-23,115205.6939174128,0.0,44
16,2011-12-09,7816.142279339975,0.0,44
43,2011-12-02,7322.162101142696,0.0,44
11,2011-12-09,21807.1183057179,0.0,44
80,2011-12-16,23454.92462432944,0.0,44
40,2011-12-16,16059.753990744592,0.0,44
91,2011-12-23,62001.48125790075,0.0,44
72,2011-12-30,78113.57928343327,1.0,44
95,2011-12-30,39812.74319170658,1.0,44
44,2011-12-30,3960.0132537582176,1.0,44
17,2011-12-02,26664.625262322283,0.0,44
19,2011-12-30,2324.8927212464864,1.0,44
36,2011-12-30,4389.712618382468,1.0,44
12,2011-12-23,3882.654308650202,0.0,44
2,2011-12-23,112449.38335983564,0.0,44
72,2011-12-16,24588.06899815076,0.0,44
45,2011-12-30,27.892537077504585,1.0,44
46,2011-12-16,22701.269441428143,0.0,44
40,2011-12-02,47771.94486810727,0.0,44
60,2011-12-09,15186.235425779894,0.0,44
80,2011-12-16,22240.53330502257,0.0,44
87,2011-12-16,13873.781283927585,0.0,44
92,2011-12-09,207229.5306293556,0.0,44
81,2011-12-30,10369.565966345595,1.0,44
90,2011-12-30,57347.5990296395,1.0,44
29,2011-12-09,24989.276712400315,0.0,44
23,2011-12-23,87217.71005172963,0.0,44
54,2011-12-09,1608.9951660099764,0.0,44
87,2011-12-23,10990.584951929204,0.0,44
24,2011-12-09,21502.59321027937,0.0,44
7,2011-12-16,146228.68157083233,0.0,44
42,2011-12-23,2082.527847133592,0.0,44
42,2011-12-02,62.72935031750168,0.0,44
98,2011-12-09,6020.5337097432175,0.0,44
91,2011-12-02,5996.066512816316,0.0,44
2,2011-12-09,27064.36849524069,0.0,44
95,2011-12-02,33100.87170375734,0.0,44
33,2011-12-02,9773.761150015873,0.0,44
21,2011-12-16,8119.892792980548,0.0,44
96,2011-12-16,19334.811827032507,0.0,44
92,2011-12-30,93535.29715481376,1.0,44
91,2011-12-30,50361.38325453068,1.0,44
71,2011-12-23,147239.4031574858,0.0,44
4,2011-12-16,37588.2991019269,0.0,44
2,2011-12-09,89071.01375909158,0.0,44
85,2011-12-09,690.1888177765499,0.0,44
72,2011-12-16,62647.42884816274,0.0,44
56,2011-12-30,30408.370683910285,1.0,44
40,2011-12-30,31274.11904073457,1.0,44
72,2011-12-16,19765.567825746843,0.0,44
19,2011-12-23,1762.6455703072772,0.0,44
92,2011-12-09,128837.78414585128,0.0,44
56,2011-12-23,3026.5138926577183,0.0,44
23,2011-12-02,69530.73631703867,0.0,44
93,2011-12-30,1620.394159440022,1.0,44
92,2011-12-09,146320.61940493766,0.0,44
23,2011-12-30,40346.49574707559,1.0,44
40,2011-12-30,73575.6090514049,1.0,44
13,2011-12-30,1611.2458542710874,1.0,44
60,2011-12-09,8979.870454745927,0.0,44
10,2011-12-23,9164.781675391743,0.0,44
71,2011-12-02,58296.72123963393,0.0,44
29,2011-12-16,5833.945794832791,0.0,44
10,2011-12-30,12988.88673829154,1.0,44
79,2011-12-30,36690.43289872777,1.0,44
16,2011-12-23,71.10801455306161,0.0,44
35,2011-12-09,1915.855744714524,0.0,44
90,2011-12-23,62258.5718057523,0.0,44
28,2011-12-23,1688.9145198887895,0.0,44
46,2011-12-16,54070.94952428516,0.0,44
8,2011-12-23,1318.4023817860425,0.0,44
1,2011-12-02,28408.709183285948,0.0,44
98,2011-12-02,8314.843613875324,0.0,44
60,2011-12-09,296.79461131304134,0.0,44
27,2011-12-16,4494.5445858563735,0.0,44
3,2011-12-02,13765.322388379707,0.0,44
38,2011-12-23,51660.65858781412,0.0,44
95,2011-12-02,120616.23337316333,0.0,44
27,2011-12-09,3572.77392128817,0.0,44
6,2011-12-16,10012.688222571607,0.0,44
80,2011-12-23,7078.826716817548,0.0,44
33,2011-12-23,20925.98258919036,0.0,44
33,2011-12-09,19437.55821953059,0.0,44
4,2011-12-23,28320.249787413748,0.0,44
4,2011-12-02,33732.62684926033,0.0,44
22,2011-12-30,16431.195003809167,1.0,44
44,2011-12-23,8893.149424076451,0.0,44
7,2011-12-09,1817.8214418363016,0.0,44
29,2011-12-16,8900.613103533991,0.0,44
2,2011-12-30,42233.11088701814,1.0,44
90,2011-12-02,40365.2618593201,0.0,44
49,2011-12-16,7990.525119657213,0.0,44
51,2011-12-30,40298.7238605827,1.0,44
45,2011-12-16,15594.139540261824,0.0,44
52,2011-12-09,4884.117643630863,0.0,44
2,2011-12-16,48050.34973893149,0.0,44
92,2011-12-02,162598.750790248,0.0,44
38,2011-12-02,107140.24518994482,0.0,44
18,2011-12-23,59133.38237629366,0.0,44
92,2011-12-16,7476.686777274309,0.0,44
56,2011-12-09,15004.223228049572,0.0,44
7,2011-12-09,131678.40406505068,0.0,44
8,2011-12-09,39909.15694194263,0.0,44
7,2011-12-09,57422.25274274727,0.0,44
54,2011-12-09,26394.702502213837,0.0,44
3,2011-12-09,7251.10865573452,0.0,44
1,2011-12-30,32355.19389813163,1.0,44
26,2011-12-02,6003.920545701564,0.0,44
72,2011-12-02,26518.332096479084,0.0,44
92,2011-12-02,142585.69400783358,0.0,44
6,2011-12-02,1536.1318149738663,0.0,44
91,2011-12-02,55516.06905238928,0.0,44
24,2011-12-16,15602.062541944711,0.0,44
18,2011-12-16,1241.066888615839,0.0,44
54,2011-12-09,9780.61333059488,0.0,44
5,2011-12-23,3520.7155061123945,0.0,44
19,2011-12-30,2190.8217258609275,1.0,44
35,2011-12-02,2510.3937244841163,0.0,44
3,2011-12-23,18706.90315431189,0.0,44
95,2011-12-09,89572.14676990331,0.0,44
40,2011-12-16,101944.28332348813,0.0,44
91,2011-12-09,6311.691769869262,0.0,44
72,2011-12-02,14810.174845700729,0.0,44
72,2011-12-02,9997.046170394571,0.0,44
41,2011-12-23,5475.89396467151,0.0,44
56,2011-12-16,1610.8617726297011,0.0,44
45,2011-12-23,7.659271366230933,0.0,44
36,2011-12-23,3827.491308587992,0.0,44
87,2011-12-16,7279.773627142409,0.0,44
4,2011-12-16,67888.50288310555,0.0,44
33,2011-12-30,12414.601169781246,1.0,44
72,2011-12-16,18886.332525681515,0.0,44
23,2011-12-23,38431.96612768821,0.0,44
23,2011-12-30,26651.0704245814,1.0,44
40,2011-12-23,45696.51430154935,0.0,44
20,2011-12-30,6862.46605015556,1.0,44
38,2011-12-30,33664.31947197164,1.0,44
7,2011-12-02,97709.11716641318,0.0,44
59,2011-12-09,6220.294998414692,0.0,44
94,2011-12-23,36433.24866127948,0.0,44
24,2011-12-16,7999.326313831999,0.0,44
72,2011-12-30,3041.9511018094863,1.0,44
22,2011-12-30,13388.679871874228,1.0,44
74,2011-12-30,17892.490872917228,1.0,44
74,2011-12-16,15662.985457736224,0.0,44
33,2011-12-16,13070.964843362332,0.0,44
3,2011-12-16,21270.429588082086,0.0,44
56,2011-12-09,868.9668463833017,0.0,44
80,2011-12-23,27057.157960156143,0.0,44
36,2011-12-23,3210.749698945253,0.0,44
29,2011-12-09,5099.962205621787,0.0,44
60,2011-12-30,258.042079217473,1.0,44
46,2011-12-02,21369.657537537256,0.0,44
13,2011-12-23,49457.03965523629,0.0,44
93,2011-12-23,61587.84049822991,0.0,44
1,2011-12-23,45555.53597149074,0.0,44
85,2011-12-23,13785.803422858531,0.0,44
17,2011-12-16,14986.360721839908,0.0,44
99,2011-12-23,1234.2450637565996,0.0,44
56,2011-12-02,15958.064908276068,0.0,44
48,2011-12-16,-492.6799326470448,0.0,44
60,2011-12-09,384.8384466810187,0.0,44
92,2011-12-02,28429.862520886203,0.0,44
1,2011-12-16,125425.34954729368,0.0,44
8,2011-12-02,22892.19403090465,0.0,44
97,2011-12-09,13356.452422477316,0.0,44
3,2011-12-09,11373.6283727615,0.0,44
54,2011-12-23,62964.28817918976,0.0,44
11,2011-12-09,48773.56585742383,0.0,44
22,2011-12-30,11772.709319406422,1.0,44
92,2011-12-30,103499.97346915858,1.0,44
85,2011-12-16,8602.248698197978,0.0,44
26,2011-12-09,3304.5268176544537,0.0,44
29,2011-12-16,14897.948089694628,0.0,44
77,2011-12-16,21067.99104267103,0.0,44
2,2011-12-09,37135.96034483863,0.0,44
18,2011-12-23,33122.11258955573,0.0,44
11,2011-12-30,13584.693995274856,1.0,44
20,2011-12-02,2483.8855942980163,0.0,44
38,2011-12-23,86525.64533099807,0.0,44
46,2011-12-16,7934.946840845339,0.0,44
92,2011-12-02,38734.736924446406,0.0,44
80,2011-12-23,59378.671637425,0.0,44
18,2011-12-02,80465.46014978559,0.0,44
81,2011-12-30,51511.86300217964,1.0,44
25,2011-12-23,21457.99401654636,0.0,44
96,2011-12-09,35420.670553803444,0.0,44
95,2011-12-16,28600.58035696563,0.0,44
35,2011-12-02,1962.3248953005211,0.0,44
18,2011-12-09,49704.99539768912,0.0,44
2,2011-12-02,49036.00085440155,0.0,44
1,2011-12-09,38185.63583126771,0.0,44
22,2011-12-16,10290.028293415784,0.0,44
38,2011-12-09,68644.59387808896,0.0,44
41,2011-12-23,3398.4087909262103,0.0,44
3,2011-12-02,6184.652908448024,0.0,44
14,2011-12-09,3177.3474795302245,0.0,44
34,2011-12-09,11207.640480923052,0.0,44
95,2011-12-30,17853.007551430088,1.0,44
90,2011-12-30,95005.87342540117,1.0,44
44,2011-12-30,3966.113885619087,1.0,44
18,2011-12-16,41884.68777721691,0.0,44
60,2011-12-23,621.7346565174927,0.0,44
82,2011-12-30,19922.769123766724,1.0,44
38,2011-12-02,65627.42166138922,0.0,44
3,2011-12-23,15875.240516882715,0.0,44
6,2011-12-09,4293.840393655211,0.0,44
93,2011-12-30,32823.23965242032,1.0,44
74,2011-12-30,33572.288687461485,1.0,44
30,2011-12-02,7605.002283663816,0.0,44
33,2011-12-02,3865.8514692927047,0.0,44
92,2011-12-16,78404.22917207316,0.0,44
3,2011-12-09,7284.892389863568,0.0,44
4,2011-12-30,31886.50685030531,1.0,44
80,2011-12-16,13596.743330226062,0.0,44
22,2011-12-09,16744.201301064855,0.0,44
33,2011-12-09,15219.376452745324,0.0,44
9,2011-12-02,16598.046275787692,0.0,44
41,2011-12-23,11934.503702012413,0.0,44
9,2011-12-02,28304.7505855368,0.0,44
12,2011-12-30,37021.62950278246,1.0,44
95,2011-12-16,118025.41128588062,0.0,44
90,2011-12-09,78296.58330303957,0.0,44
71,2011-12-09,2495.608951962413,0.0,44
59,2011-12-16,496.2755379043016,0.0,44
4,2011-12-16,43230.82811395081,0.0,44
23,2011-12-09,42183.16524118074,0.0,44
7,2011-12-02,13155.127482947248,0.0,44
92,2011-12-30,25286.974466925945,1.0,44
97,2011-12-30,11962.031168867092,1.0,44
42,2011-12-23,15977.001277867526,0.0,44
44,2011-12-30,3845.247203426828,1.0,44
9,2011-12-30,11670.733733077032,1.0,44
54,2011-12-09,35068.5724084509,0.0,44
12,2011-12-30,1591.776666267675,1.0,44
91,2011-12-09,72178.98904103093,0.0,44
95,2011-12-09,128490.768894976,0.0,44
34,2011-12-23,28250.459196139276,0.0,44
13,2011-12-30,16682.315916261832,1.0,44
31,2011-12-30,3973.1820262576857,1.0,44
6,2011-12-09,5131.192636517983,0.0,44
22,2011-12-02,16827.91025543686,0.0,44
13,2011-12-09,53159.75503077132,0.0,44
31,2011-12-23,7072.8266459207225,0.0,44
3,2011-12-23,31708.03086540484,0.0,44
40,2011-12-23,12080.505347515304,0.0,44
23,2011-12-23,53652.129275962856,0.0,44
36,2011-12-02,3098.935298239504,0.0,44
33,2011-12-16,13656.092235691936,0.0,44
17,2011-12-30,60496.23599441413,1.0,44
33,2011-12-09,6434.546059217962,0.0,44
95,2011-12-09,23220.80060087513,0.0,44
30,2011-12-23,9275.050999674926,0.0,44
2,2011-12-09,43857.55404601028,0.0,44
17,2011-12-30,14522.548529348403,1.0,44
13,2011-12-02,39.02117028144362,0.0,44
55,2011-12-02,2623.492786359725,0.0,44
12,2011-12-30,6009.578045150172,1.0,44
59,2011-12-16,16621.54480924353,0.0,44
52,2011-12-02,4538.450434953966,0.0,44
93,2011-12-09,49595.01972704735,0.0,44
49,2011-12-23,46302.81397250816,0.0,44
2,2011-12-23,26573.928686638363,0.0,44
41,2011-12-02,2483.506171224788,0.0,44
32,2011-12-09,3853.9746280373192,0.0,44
8,2011-12-23,16696.59945011215,0.0,44
98,2011-12-02,15952.270175775462,0.0,44
79,2011-12-23,10821.55820276515,0.0,44
98,2011-12-23,7445.435572638403,0.0,44
55,2011-12-16,1443.9992098678883,0.0,44
90,2011-12-09,12561.69601210645,0.0,44
37,2011-12-09,2250.3913006133084,0.0,44
10,2011-12-16,28719.454554485004,0.0,44
7,2011-12-23,42376.22416733453,0.0,44
80,2011-12-16,41818.780715632165,0.0,44
95,2011-12-30,45044.911067106856,1.0,44
40,2011-12-02,47068.68001218275,0.0,44
72,2011-12-23,157739.82381914434,0.0,44
99,2011-12-30,446.7324865929696,1.0,44
16,2011-12-30,21898.7426878877,1.0,44
46,2011-12-23,16673.219684936365,0.0,44
25,2011-12-23,16848.31315885807,0.0,44
4,2011-12-23,12571.536654641948,0.0,44
6,2011-12-09,18184.031649701443,0.0,44
46,2011-12-30,30532.631941868407,1.0,44
14,2011-12-02,23112.51495985336,0.0,44
1,2011-12-09,50192.48721921502,0.0,44
49,2011-12-09,12404.25976112356,0.0,44
56,2011-12-30,18976.349543762328,1.0,44
95,2011-12-09,97655.4608453701,0.0,44
40,2011-12-02,55030.56314546147,0.0,44
32,2011-12-30,20236.04097369819,1.0,44
92,2011-12-16,207418.4977587952,0.0,44
17,2011-12-30,17771.541560067137,1.0,44
91,2011-12-16,66172.67600097707,0.0,44
72,2011-12-23,136334.41587222967,0.0,44
13,2011-12-02,11990.34634381005,0.0,44
97,2011-12-09,38713.14538511226,0.0,44
55,2011-12-30,5329.075069158932,1.0,44
48,2011-12-09,16061.090234389603,0.0,44
18,2011-12-23,54815.65979695851,0.0,44
