Store,Date,Dept,Weekly_Sales,IsHoliday,_is_imputed
0,2011-12-02,1,9116.134765625,False,False
0,2011-12-02,19,199.41693115234372,False,False
0,2011-12-02,12,1819.127685546875,False,False
0,2011-12-02,13,14907.72265625,False,False
0,2011-12-02,1,14618.4453125,False,False
0,2011-12-02,35,1099.366455078125,False,False
0,2011-12-02,8,27941.064453125,False,False
0,2011-12-02,27,666.2998046875,False,False
0,2011-12-02,93,39763.3046875,False,False
0,2011-12-02,11,7088.83056640625,False,False
0,2011-12-02,49,48.8941764831543,False,False
0,2011-12-02,34,5067.28369140625,False,False
0,2011-12-02,26,3228.36083984375,False,False
0,2011-12-02,8,16845.365234375,False,False
0,2011-12-02,30,1221.5543212890625,False,False
0,2011-12-02,59,747.1138916015625,False,False
0,2011-12-02,87,3455.099609375,False,False
0,2011-12-02,11,7708.74462890625,False,False
0,2011-12-02,4,8470.7421875,False,False
0,2011-12-02,31,803.1690673828125,False,False
0,2011-12-02,31,493.827392578125,False,False
0,2011-12-02,6,1036.786865234375,False,False
0,2011-12-02,23,16467.208984375,False,False
0,2011-12-02,14,6377.13134765625,False,False
0,2011-12-02,85,182.2973175048828,False,False
0,2011-12-02,23,13883.330078125,False,False
0,2011-12-02,7,24362.48828125,False,False
0,2011-12-02,28,185.7127685546875,False,False
0,2011-12-02,55,9153.5625,False,False
0,2011-12-02,8,28996.12890625,False,False
0,2011-12-02,81,14778.560546875,False,False
0,2011-12-02,49,96.94153594970705,False,False
0,2011-12-02,4,18886.404296875,False,False
0,2011-12-02,17,7447.1357421875,False,False
0,2011-12-02,93,21388.435546875,False,False
0,2011-12-02,32,7930.81787109375,False,False
0,2011-12-02,9,5870.5361328125,False,False
0,2011-12-02,21,3032.66796875,False,False
0,2011-12-02,2,52104.9765625,False,False
0,2011-12-02,20,2272.033447265625,False,False
0,2011-12-02,40,32366.384765625,False,False
0,2011-12-02,1,32167.42578125,False,False
0,2011-12-02,26,2783.48779296875,False,False
0,2011-12-02,60,314.0322570800781,False,False
0,2011-12-02,41,2786.4609375,False,False
0,2011-12-02,26,3571.31591796875,False,False
0,2011-12-02,23,20967.302734375,False,False
0,2011-12-02,2,21983.109375,False,False
0,2011-12-02,41,655.2417602539062,False,False
0,2011-12-02,95,21488.158203125,False,False
0,2011-12-02,38,56739.01171875,False,False
0,2011-12-02,91,22697.326171875,False,False
0,2011-12-02,60,139.3829345703125,False,False
0,2011-12-02,79,5213.97021484375,False,False
0,2011-12-02,46,13741.9697265625,False,False
0,2011-12-02,14,14372.826171875,False,False
0,2011-12-02,16,3070.375732421875,False,False
0,2011-12-02,40,26430.298828125,False,False
0,2011-12-02,46,4184.68798828125,False,False
0,2011-12-02,83,4609.33447265625,False,False
0,2011-12-02,46,10820.5751953125,False,False
0,2011-12-02,79,9442.4814453125,False,False
0,2011-12-02,24,3690.51318359375,False,False
0,2011-12-02,92,64244.82421875,False,False
0,2011-12-02,82,16796.36328125,False,False
0,2011-12-02,31,947.9222412109376,False,False
0,2011-12-09,49,905.666259765625,False,False
0,2011-12-09,22,5063.8505859375,False,False
0,2011-12-09,36,344.7233581542969,False,False
0,2011-12-09,80,11810.107421875,False,False
0,2011-12-09,2,24189.43359375,False,False
0,2011-12-09,79,13385.6083984375,False,False
0,2011-12-09,60,187.6757659912109,False,False
0,2011-12-09,29,3022.461181640625,False,False
0,2011-12-09,41,81.53209686279297,False,False
0,2011-12-09,81,15790.3056640625,False,False
0,2011-12-09,97,20879.552734375,False,False
0,2011-12-09,4,23297.3515625,False,False
0,2011-12-09,46,14977.25390625,False,False
0,2011-12-09,94,37852.12890625,False,False
0,2011-12-09,22,5476.30078125,False,False
0,2011-12-09,17,5388.91357421875,False,False
0,2011-12-09,67,7583.646484375,False,False
0,2011-12-09,54,12.091082572937012,False,False
0,2011-12-09,1,21150.689453125,False,False
0,2011-12-09,91,4428.5400390625,False,False
0,2011-12-09,83,2727.60595703125,False,False
0,2011-12-09,41,2196.4443359375,False,False
0,2011-12-09,26,3826.431396484375,False,False
0,2011-12-09,49,3550.194580078125,False,False
0,2011-12-09,40,30786.24609375,False,False
0,2011-12-09,79,18825.482421875,False,False
0,2011-12-09,13,14368.2001953125,False,False
0,2011-12-09,4,18948.68359375,False,False
0,2011-12-09,2,5515.88818359375,False,False
0,2011-12-09,55,7637.12255859375,False,False
0,2011-12-09,28,61.72290802001953,False,False
0,2011-12-09,33,5547.09228515625,False,False
0,2011-12-09,54,21.64700126647949,False,False
0,2011-12-09,21,3332.099365234375,False,False
0,2011-12-09,94,23022.2578125,False,False
0,2011-12-09,58,404.3453674316406,False,False
0,2011-12-09,71,1547.98974609375,False,False
0,2011-12-09,80,17922.61328125,False,False
0,2011-12-09,25,5666.1376953125,False,False
0,2011-12-09,80,19702.193359375,False,False
0,2011-12-09,42,1992.057861328125,False,False
0,2011-12-09,2,16655.39453125,False,False
0,2011-12-09,42,1625.9031982421875,False,False
0,2011-12-09,4,17371.02734375,False,False
0,2011-12-09,58,2251.962158203125,False,False
0,2011-12-09,56,350.58990478515625,False,False
0,2011-12-09,92,89065.34375,False,False
0,2011-12-09,92,155497.65625,False,False
0,2011-12-09,31,1295.1268310546875,False,False
0,2011-12-09,26,4182.56591796875,False,False
0,2011-12-09,59,541.59814453125,False,False
0,2011-12-09,19,35.60445785522461,False,False
0,2011-12-09,59,717.7999267578125,False,False
0,2011-12-09,87,9216.59375,False,False
0,2011-12-09,4,14976.1923828125,False,False
0,2011-12-09,11,7532.7265625,False,False
0,2011-12-09,31,545.583740234375,False,False
0,2011-12-09,52,1469.810302734375,False,False
0,2011-12-09,28,150.81239318847656,False,False
0,2011-12-09,94,22261.541015625,False,False
0,2011-12-09,27,554.9259643554688,False,False
0,2011-12-09,80,21261.8203125,False,False
0,2011-12-09,35,1504.8494873046875,False,False
0,2011-12-09,92,110011.828125,False,False
0,2011-12-09,82,14365.146484375,False,False
0,2011-12-09,42,2505.21044921875,False,False
0,2011-12-09,26,3600.225341796875,False,False
0,2011-12-09,44,2983.90869140625,False,False
0,2011-12-09,95,50427.72265625,False,False
0,2011-12-16,28,241.9099273681641,False,False
0,2011-12-16,94,23485.37109375,False,False
0,2011-12-16,83,3609.120361328125,False,False
0,2011-12-16,40,47629.16796875,False,False
0,2011-12-16,96,12611.4423828125,False,False
0,2011-12-16,24,3541.026611328125,False,False
0,2011-12-16,16,1582.72412109375,False,False
0,2011-12-16,1,21494.599609375,False,False
0,2011-12-16,81,10626.8984375,False,False
0,2011-12-16,49,1874.40478515625,False,False
0,2011-12-16,46,11612.0263671875,False,False
0,2011-12-16,56,1791.58544921875,False,False
0,2011-12-16,94,31243.345703125,False,False
0,2011-12-16,2,23619.060546875,False,False
0,2011-12-16,92,64623.640625,False,False
0,2011-12-16,67,6746.0693359375,False,False
0,2011-12-16,18,20034.830078125,False,False
0,2011-12-16,20,1543.15234375,False,False
0,2011-12-16,41,6068.07421875,False,False
0,2011-12-16,31,1245.4462890625,False,False
0,2011-12-16,91,40370.67578125,False,False
0,2011-12-16,5,32739.353515625,False,False
0,2011-12-16,4,16089.2880859375,False,False
0,2011-12-16,93,35927.6328125,False,False
0,2011-12-16,87,3995.525634765625,False,False
0,2011-12-16,56,819.2504272460938,False,False
0,2011-12-16,31,1149.6795654296875,False,False
0,2011-12-16,35,1239.9556884765625,False,False
0,2011-12-16,46,9598.8046875,False,False
0,2011-12-16,79,13486.0556640625,False,False
0,2011-12-16,12,1729.0400390625,False,False
0,2011-12-16,74,5440.94287109375,False,False
0,2011-12-16,79,10137.462890625,False,False
0,2011-12-16,59,491.17767333984375,False,False
0,2011-12-16,16,3782.285400390625,False,False
0,2011-12-16,49,182.2112274169922,False,False
0,2011-12-16,93,2180.753173828125,False,False
0,2011-12-16,16,1573.1920166015625,False,False
0,2011-12-16,83,2530.5048828125,False,False
0,2011-12-16,25,7074.91455078125,False,False
0,2011-12-16,36,281.1220092773437,False,False
0,2011-12-16,96,18864.751953125,False,False
0,2011-12-16,30,416.8096008300781,False,False
0,2011-12-16,28,197.3488922119141,False,False
0,2011-12-16,23,21003.779296875,False,False
0,2011-12-16,98,11016.7919921875,False,False
0,2011-12-16,36,1148.3564453125,False,False
0,2011-12-16,8,19512.59765625,False,False
0,2011-12-16,40,25317.162109375,False,False
0,2011-12-16,98,7572.20751953125,False,False
0,2011-12-16,55,15287.9033203125,False,False
0,2011-12-16,12,1830.1201171875,False,False
0,2011-12-16,31,1204.408447265625,False,False
0,2011-12-16,71,1568.3968505859375,False,False
0,2011-12-16,92,70925.9375,False,False
0,2011-12-16,16,3123.733154296875,False,False
0,2011-12-16,30,1281.5445556640625,False,False
0,2011-12-16,33,3482.436767578125,False,False
0,2011-12-16,14,23024.3671875,False,False
0,2011-12-16,55,11921.00390625,False,False
0,2011-12-16,81,16317.5654296875,False,False
0,2011-12-16,14,16567.728515625,False,False
0,2011-12-16,11,2425.320556640625,False,False
0,2011-12-16,3,6249.48388671875,False,False
0,2011-12-16,56,924.373046875,False,False
0,2011-12-16,38,43353.78125,False,False
0,2011-12-16,9,12328.5751953125,False,False
0,2011-12-16,96,65.7553939819336,False,False
0,2011-12-16,71,1828.1959228515625,False,False
0,2011-12-16,4,21411.015625,False,False
0,2011-12-16,17,6146.62548828125,False,False
0,2011-12-16,74,5559.234375,False,False
0,2011-12-16,30,1498.5328369140625,False,False
0,2011-12-16,71,2195.105712890625,False,False
0,2011-12-16,95,40188.99609375,False,False
0,2011-12-23,58,484.3467102050781,False,False
0,2011-12-23,7,55547.28125,False,False
0,2011-12-23,21,5169.0693359375,False,False
0,2011-12-23,6,3093.767822265625,False,False
0,2011-12-23,72,46651.91796875,False,False
0,2011-12-23,95,39060.328125,False,False
0,2011-12-23,11,11513.9619140625,False,False
0,2011-12-23,27,1582.73486328125,False,False
0,2011-12-23,2,26670.828125,False,False
0,2011-12-23,38,4208.658203125,False,False
0,2011-12-23,17,9205.84765625,False,False
0,2011-12-23,8,14675.029296875,False,False
0,2011-12-23,71,2463.36865234375,False,False
0,2011-12-23,80,24781.83984375,False,False
0,2011-12-23,35,2108.888916015625,False,False
0,2011-12-23,11,23593.755859375,False,False
0,2011-12-23,90,27704.130859375,False,False
0,2011-12-23,8,24019.759765625,False,False
0,2011-12-23,35,1393.8646240234375,False,False
0,2011-12-23,2,37640.85546875,False,False
0,2011-12-23,58,2049.404296875,False,False
0,2011-12-23,67,8894.888671875,False,False
0,2011-12-23,10,9101.478515625,False,False
0,2011-12-23,56,509.7164001464844,False,False
0,2011-12-23,12,1860.3743896484373,False,False
0,2011-12-23,93,27465.869140625,False,False
0,2011-12-23,3,6803.67919921875,False,False
0,2011-12-23,30,1200.312744140625,False,False
0,2011-12-23,60,803.1362915039062,False,False
0,2011-12-23,96,21634.958984375,False,False
0,2011-12-23,82,30010.353515625,False,False
0,2011-12-23,80,14220.2353515625,False,False
0,2011-12-23,32,4928.7744140625,False,False
0,2011-12-23,81,3202.8388671875,False,False
0,2011-12-23,27,820.1073608398438,False,False
0,2011-12-23,82,24285.56640625,False,False
0,2011-12-23,52,1186.51318359375,False,False
0,2011-12-23,85,2839.7041015625,False,False
0,2011-12-23,40,49363.1015625,False,False
0,2011-12-23,34,5433.55615234375,False,False
0,2011-12-23,79,17985.373046875,False,False
0,2011-12-23,38,66076.4921875,False,False
0,2011-12-23,4,21258.283203125,False,False
0,2011-12-23,24,4493.27734375,False,False
0,2011-12-23,33,3414.423828125,False,False
0,2011-12-23,7,40954.74609375,False,False
0,2011-12-23,22,7402.36572265625,False,False
0,2011-12-23,22,7256.91796875,False,False
0,2011-12-23,6,6377.92578125,False,False
0,2011-12-23,13,14750.9072265625,False,False
0,2011-12-23,58,5544.22412109375,False,False
0,2011-12-23,30,466.3910217285156,False,False
0,2011-12-23,92,95921.78125,False,False
0,2011-12-23,81,17989.939453125,False,False
0,2011-12-23,1,24070.05078125,False,False
0,2011-12-23,26,4208.9501953125,False,False
0,2011-12-23,98,10086.3984375,False,False
0,2011-12-23,90,51288.25,False,False
0,2011-12-23,3,7454.357421875,False,False
0,2011-12-23,1,19828.1171875,False,False
0,2011-12-23,54,25.221376419067383,False,False
0,2011-12-23,17,14576.701171875,False,False
0,2011-12-30,59,677.951416015625,True,False
0,2011-12-30,60,72.73311614990234,True,False
0,2011-12-30,20,988.8863525390624,True,False
0,2011-12-30,12,2699.451416015625,True,False
0,2011-12-30,14,12846.3857421875,True,False
0,2011-12-30,81,15302.2412109375,True,False
0,2011-12-30,31,342.4025573730469,True,False
0,2011-12-30,79,9289.6865234375,True,False
0,2011-12-30,18,19383.93359375,True,False
0,2011-12-30,9,7457.634765625,True,False
0,2011-12-30,4,21618.701171875,True,False
0,2011-12-30,26,2298.323974609375,True,False
0,2011-12-30,9,11681.2939453125,True,False
0,2011-12-30,9,7322.0498046875,True,False
0,2011-12-30,41,210.33499145507807,True,False
0,2011-12-30,82,16548.189453125,True,False
0,2011-12-30,96,20013.5234375,True,False
0,2011-12-30,48,117.10397338867188,True,False
0,2011-12-30,1,13758.8603515625,True,False
0,2011-12-30,87,7846.1923828125,True,False
0,2011-12-30,8,22306.4921875,True,False
0,2011-12-30,29,3504.88720703125,True,False
0,2011-12-30,6,2498.63623046875,True,False
0,2011-12-30,26,1935.03662109375,True,False
0,2011-12-30,82,15759.2802734375,True,False
0,2011-12-30,90,27532.763671875,True,False
0,2011-12-30,41,1552.31884765625,True,False
0,2011-12-30,8,27282.953125,True,False
0,2011-12-30,42,2550.41552734375,True,False
0,2011-12-30,91,24527.46875,True,False
0,2011-12-30,92,43625.99609375,True,False
0,2011-12-30,55,12872.5751953125,True,False
0,2011-12-30,56,3.756722927093506,True,False
0,2011-12-30,6,4150.15576171875,True,False
0,2011-12-30,7,23347.9765625,True,False
0,2011-12-30,27,747.8049926757812,True,False
0,2011-12-30,40,25479.11328125,True,False
0,2011-12-30,82,20847.234375,True,False
0,2011-12-30,37,935.332275390625,True,False
0,2011-12-30,3,4820.33447265625,True,False
0,2011-12-30,19,1159.8736572265625,True,False
0,2011-12-30,80,13191.4794921875,True,False
0,2011-12-30,56,177.8953399658203,True,False
0,2011-12-30,49,34.49538803100586,True,False
0,2011-12-30,1,19114.330078125,True,False
0,2011-12-30,35,691.6421508789062,True,False
0,2011-12-30,22,4228.4658203125,True,False
0,2011-12-30,26,1784.71240234375,True,False
0,2011-12-30,91,3910.59912109375,True,False
0,2011-12-30,99,35.48628616333008,True,False
0,2011-12-30,49,85.0775375366211,True,False
0,2011-12-30,52,890.686279296875,True,False
0,2011-12-30,92,94426.0390625,True,False
0,2011-12-30,12,10426.744140625,True,False
0,2011-12-30,4,17020.884765625,True,False
0,2011-12-30,21,2907.053955078125,True,False
0,2011-12-30,26,1984.336181640625,True,False
0,2011-12-30,59,1178.9866943359375,True,False
0,2011-12-30,96,20537.826171875,True,False
0,2011-12-30,13,17450.03125,True,False
0,2011-12-30,79,11369.3330078125,True,False
0,2011-12-30,97,12379.0048828125,True,False
0,2011-12-30,71,1803.7882080078125,True,False
0,2011-12-30,90,43077.55859375,True,False
0,2011-12-30,17,8154.23583984375,True,False
0,2011-12-30,81,11908.6328125,True,False
0,2011-12-30,11,11990.453125,True,False
0,2011-12-30,20,1056.89892578125,True,False
0,2011-12-30,1,9692.5,True,False
0,2011-12-30,4,16684.88671875,True,False
0,2011-12-30,7,21145.609375,True,False
0,2011-12-30,49,26.68199348449707,True,False
0,2011-12-30,20,1729.726806640625,True,False
0,2011-12-30,40,34926.3203125,True,False
0,2011-12-30,72,48300.734375,True,False
0,2011-12-30,97,14492.458984375,True,False
0,2011-12-30,23,17390.8671875,True,False
0,2011-12-30,82,15531.86328125,True,False
0,2011-12-30,94,33939.63671875,True,False
0,2011-12-30,59,1037.907470703125,True,False
0,2011-12-30,30,1125.0438232421875,True,False
0,2011-12-30,35,1121.555908203125,True,False
0,2011-12-30,28,199.9951019287109,True,False
0,2011-12-30,20,1370.041748046875,True,False
0,2011-12-30,25,3395.2080078125,True,False
0,2011-12-30,3,4055.409423828125,True,False
0,2011-12-30,36,428.0285949707031,True,False
0,2011-12-30,67,3155.578369140625,True,False
0,2011-12-30,71,1474.1085205078125,True,False
1,2011-12-02,32,4.318219661712647,False,False
1,2011-12-02,74,416.4048461914063,False,False
1,2011-12-02,11,611.0474243164062,False,False
1,2011-12-02,4,7882.79638671875,False,False
1,2011-12-02,82,3542.746826171875,False,False
1,2011-12-02,80,6034.8349609375,False,False
1,2011-12-02,93,31743.21875,False,False
1,2011-12-02,3,693.1119384765625,False,False
1,2011-12-02,10,332.44708251953125,False,False
1,2011-12-02,90,40749.76953125,False,False
1,2011-12-02,8,13475.2041015625,False,False
1,2011-12-02,74,278.5055847167969,False,False
1,2011-12-02,20,4.765157699584961,False,False
1,2011-12-02,81,11527.916015625,False,False
1,2011-12-02,67,868.0243530273438,False,False
1,2011-12-02,1,3481.2109375,False,False
1,2011-12-02,52,42.095436096191406,False,False
1,2011-12-02,56,10.776165008544922,False,False
1,2011-12-02,60,183.1782073974609,False,False
1,2011-12-02,11,859.8462524414062,False,False
1,2011-12-02,56,319.572265625,False,False
1,2011-12-02,38,35385.5390625,False,False
1,2011-12-02,32,11.343120574951172,False,False
1,2011-12-02,54,-751.9087524414062,False,False
1,2011-12-02,81,10668.998046875,False,False
1,2011-12-02,3,387.6139831542969,False,False
1,2011-12-02,25,7.224938869476318,False,False
1,2011-12-02,25,15.356552124023438,False,False
1,2011-12-02,81,8315.9873046875,False,False
1,2011-12-02,26,16.9346923828125,False,False
1,2011-12-02,87,217.2969207763672,False,False
1,2011-12-02,94,19088.337890625,False,False
1,2011-12-02,6,11.38375186920166,False,False
1,2011-12-02,13,12829.4443359375,False,False
1,2011-12-02,7,155.03909301757812,False,False
1,2011-12-02,12,23.785722732543945,False,False
1,2011-12-02,81,8741.3251953125,False,False
1,2011-12-02,28,7.517146587371826,False,False
1,2011-12-02,12,51.28709411621094,False,False
1,2011-12-02,94,16633.61328125,False,False
1,2011-12-02,59,42.09066390991211,False,False
1,2011-12-02,4,9085.484375,False,False
1,2011-12-02,28,21.403474807739254,False,False
1,2011-12-02,87,148.27716064453125,False,False
1,2011-12-02,11,50.47576141357422,False,False
1,2011-12-02,42,90.4968719482422,False,False
1,2011-12-02,93,11468.0849609375,False,False
1,2011-12-02,29,785.6184692382812,False,False
1,2011-12-02,60,574.0444946289062,False,False
1,2011-12-02,82,5215.6845703125,False,False
1,2011-12-02,5,2423.49609375,False,False
1,2011-12-02,13,7167.6796875,False,False
1,2011-12-02,13,3790.809814453125,False,False
1,2011-12-02,2,1819.854248046875,False,False
1,2011-12-02,91,24690.759765625,False,False
1,2011-12-09,18,739.0308837890625,False,False
1,2011-12-09,9,56.46370315551758,False,False
1,2011-12-09,7,726.9136352539062,False,False
1,2011-12-09,14,683.5330200195312,False,False
1,2011-12-09,81,3904.986083984375,False,False
1,2011-12-09,42,81.79634857177734,False,False
1,2011-12-09,91,21852.3359375,False,False
1,2011-12-09,46,3815.438720703125,False,False
1,2011-12-09,8,9878.5703125,False,False
1,2011-12-09,94,45445.8671875,False,False
1,2011-12-09,1,8719.1123046875,False,False
1,2011-12-09,28,8.541592597961426,False,False
1,2011-12-09,10,534.0189208984375,False,False
1,2011-12-09,94,17960.91015625,False,False
1,2011-12-09,10,152.5194549560547,False,False
1,2011-12-09,90,30908.408203125,False,False
1,2011-12-09,81,6732.6484375,False,False
1,2011-12-09,31,100.09998321533205,False,False
1,2011-12-09,59,108.16378784179688,False,False
1,2011-12-09,16,358.5048217773437,False,False
1,2011-12-09,6,13.612229347229004,False,False
1,2011-12-09,98,3903.3720703125,False,False
1,2011-12-09,93,31351.15234375,False,False
1,2011-12-09,17,476.1940307617188,False,False
1,2011-12-09,26,-7.667036533355713,False,False
1,2011-12-09,9,52.79730987548828,False,False
1,2011-12-09,28,6.127140522003174,False,False
1,2011-12-09,90,33583.68359375,False,False
1,2011-12-09,82,5448.21875,False,False
1,2011-12-09,20,18.79714775085449,False,False
1,2011-12-09,7,686.2059936523438,False,False
1,2011-12-09,21,901.6370239257812,False,False
1,2011-12-09,83,3980.785888671875,False,False
1,2011-12-09,80,3927.60546875,False,False
1,2011-12-09,83,1145.932373046875,False,False
1,2011-12-09,21,654.06103515625,False,False
1,2011-12-09,31,29.04495620727539,False,False
1,2011-12-09,27,20.215377807617188,False,False
1,2011-12-09,12,140.33865356445312,False,False
1,2011-12-09,22,56.01847457885742,False,False
1,2011-12-09,1,9054.396484375,False,False
1,2011-12-09,96,3114.23876953125,False,False
1,2011-12-09,60,449.3955078125,False,False
1,2011-12-09,81,10963.6005859375,False,False
1,2011-12-09,9,56.56608200073242,False,False
1,2011-12-09,11,897.458984375,False,False
1,2011-12-09,79,4288.03564453125,False,False
1,2011-12-09,92,35719.1015625,False,False
1,2011-12-09,26,22.742406845092773,False,False
1,2011-12-09,95,44131.70703125,False,False
1,2011-12-09,16,588.329345703125,False,False
1,2011-12-09,80,6353.8759765625,False,False
1,2011-12-09,22,80.231689453125,False,False
1,2011-12-16,23,3.3266515731811523,False,False
1,2011-12-16,80,6253.04931640625,False,False
1,2011-12-16,72,4.902432441711426,False,False
1,2011-12-16,1,8579.326171875,False,False
1,2011-12-16,98,2749.430908203125,False,False
1,2011-12-16,46,5323.50732421875,False,False
1,2011-12-16,7,606.6775512695312,False,False
1,2011-12-16,60,862.4138793945312,False,False
1,2011-12-16,31,20.909446716308597,False,False
1,2011-12-16,25,-0.3751643896102905,False,False
1,2011-12-16,80,13989.3720703125,False,False
1,2011-12-16,79,13669.337890625,False,False
1,2011-12-16,87,190.93186950683597,False,False
1,2011-12-16,31,70.52288055419922,False,False
1,2011-12-16,28,104.24268341064452,False,False
1,2011-12-16,42,70.6252212524414,False,False
1,2011-12-16,56,114.74806213378906,False,False
1,2011-12-16,38,81945.0703125,False,False
1,2011-12-16,32,5432.7421875,False,False
1,2011-12-16,71,73.49752807617188,False,False
1,2011-12-16,72,8.708097457885742,False,False
1,2011-12-16,28,18.467220306396484,False,False
1,2011-12-16,25,39.18301010131836,False,False
1,2011-12-16,16,472.57220458984375,False,False
1,2011-12-16,25,29.22600555419922,False,False
1,2011-12-16,96,12666.2880859375,False,False
1,2011-12-16,96,8839.4443359375,False,False
1,2011-12-16,38,56376.3671875,False,False
1,2011-12-16,32,9770.109375,False,False
1,2011-12-16,60,1212.189208984375,False,False
1,2011-12-16,87,480.2537536621094,False,False
1,2011-12-16,8,4275.9599609375,False,False
1,2011-12-16,20,48.65526580810547,False,False
1,2011-12-16,18,385.7646484375,False,False
1,2011-12-16,67,1210.08642578125,False,False
1,2011-12-16,31,42.26510238647461,False,False
1,2011-12-16,4,12187.2080078125,False,False
1,2011-12-16,23,46.13610458374024,False,False
1,2011-12-16,10,203.2431182861328,False,False
1,2011-12-16,5,1708.9954833984375,False,False
1,2011-12-16,17,208.92437744140625,False,False
1,2011-12-16,67,1440.8551025390625,False,False
1,2011-12-16,79,5832.9443359375,False,False
1,2011-12-16,18,975.0858154296876,False,False
1,2011-12-16,98,6117.8310546875,False,False
1,2011-12-16,10,750.0127563476562,False,False
1,2011-12-16,22,60.56524658203125,False,False
1,2011-12-16,5,634.6177978515625,False,False
1,2011-12-16,1,7886.85595703125,False,False
1,2011-12-16,30,462.1966857910156,False,False
1,2011-12-16,59,187.2387237548828,False,False
1,2011-12-16,18,1253.2803955078125,False,False
1,2011-12-23,81,7572.14208984375,False,False
1,2011-12-23,81,7881.2705078125,False,False
1,2011-12-23,81,11448.6181640625,False,False
1,2011-12-23,14,874.895751953125,False,False
1,2011-12-23,94,32669.30859375,False,False
1,2011-12-23,4,11461.9296875,False,False
1,2011-12-23,67,2571.51025390625,False,False
1,2011-12-23,59,80.43875885009766,False,False
1,2011-12-23,5,1108.61328125,False,False
1,2011-12-23,90,32865.08203125,False,False
1,2011-12-23,21,467.8854675292969,False,False
1,2011-12-23,60,247.46533203125,False,False
1,2011-12-23,8,8219.189453125,False,False
1,2011-12-23,8,8645.755859375,False,False
1,2011-12-23,54,8.43123722076416,False,False
1,2011-12-23,1,6955.83154296875,False,False
1,2011-12-23,52,37.29428863525391,False,False
1,2011-12-23,28,5.210371971130371,False,False
1,2011-12-23,40,21720.908203125,False,False
1,2011-12-23,79,3210.211669921875,False,False
1,2011-12-23,81,13191.09375,False,False
1,2011-12-23,46,4111.21337890625,False,False
1,2011-12-23,16,704.2152709960938,False,False
1,2011-12-23,67,2580.833984375,False,False
1,2011-12-23,40,17595.892578125,False,False
1,2011-12-23,97,7591.7490234375,False,False
1,2011-12-23,74,414.37542724609375,False,False
1,2011-12-23,14,848.232421875,False,False
1,2011-12-23,22,150.28890991210938,False,False
1,2011-12-23,31,20.84932327270508,False,False
1,2011-12-23,21,1084.1759033203125,False,False
1,2011-12-23,28,93.42910766601562,False,False
1,2011-12-23,91,43254.84765625,False,False
1,2011-12-23,25,66.10855865478516,False,False
1,2011-12-23,87,65.6782455444336,False,False
1,2011-12-23,23,20.093524932861328,False,False
1,2011-12-23,67,1995.2103271484373,False,False
1,2011-12-23,8,8518.931640625,False,False
1,2011-12-23,92,65640.921875,False,False
1,2011-12-23,97,10234.84765625,False,False
1,2011-12-23,13,7028.7021484375,False,False
1,2011-12-23,91,19761.029296875,False,False
1,2011-12-23,17,395.8762512207031,False,False
1,2011-12-23,87,229.40061950683597,False,False
1,2011-12-23,9,29.444381713867188,False,False
1,2011-12-23,56,58.545936584472656,False,False
1,2011-12-23,56,28.693248748779297,False,False
1,2011-12-23,8,6206.63330078125,False,False
1,2011-12-23,93,313.7518005371094,False,False
1,2011-12-23,4,12099.0107421875,False,False
1,2011-12-30,87,10.914840698242188,True,False
1,2011-12-30,4,12905.177734375,True,False
1,2011-12-30,97,8840.169921875,True,False
1,2011-12-30,91,20446.08203125,True,False
1,2011-12-30,98,4321.826171875,True,False
1,2011-12-30,17,1093.5201416015625,True,False
1,2011-12-30,14,840.8284301757812,True,False
1,2011-12-30,27,20.130449295043945,True,False
1,2011-12-30,67,917.8438720703124,True,False
1,2011-12-30,93,13229.302734375,True,False
1,2011-12-30,80,5169.0,True,False
1,2011-12-30,74,253.9538116455078,True,False
1,2011-12-30,16,1502.406982421875,True,False
1,2011-12-30,11,757.8321533203125,True,False
1,2011-12-30,90,28366.21484375,True,False
1,2011-12-30,18,237.12144470214844,True,False
1,2011-12-30,16,504.6218872070313,True,False
1,2011-12-30,11,773.4332275390625,True,False
1,2011-12-30,98,2847.79296875,True,False
1,2011-12-30,28,50.59663009643555,True,False
1,2011-12-30,29,379.78704833984375,True,False
1,2011-12-30,95,24139.71875,True,False
1,2011-12-30,98,3193.994140625,True,False
1,2011-12-30,74,211.26275634765625,True,False
1,2011-12-30,7,349.4951171875,True,False
1,2011-12-30,49,0.3728371560573578,True,False
1,2011-12-30,16,434.9304504394531,True,False
1,2011-12-30,2,11652.607421875,True,False
1,2011-12-30,80,7350.2216796875,True,False
1,2011-12-30,10,1894.730224609375,True,False
1,2011-12-30,5,1064.0015869140625,True,False
1,2011-12-30,97,8427.1875,True,False
1,2011-12-30,81,8168.60546875,True,False
1,2011-12-30,31,10.493038177490234,True,False
1,2011-12-30,95,8297.3076171875,True,False
1,2011-12-30,81,3612.614501953125,True,False
1,2011-12-30,59,240.0327606201172,True,False
1,2011-12-30,85,191.72750854492188,True,False
1,2011-12-30,21,491.3994140625,True,False
1,2011-12-30,92,40037.95703125,True,False
1,2011-12-30,60,285.9120788574219,True,False
1,2011-12-30,96,9185.4423828125,True,False
1,2011-12-30,21,755.6602172851562,True,False
1,2011-12-30,21,737.0860595703125,True,False
1,2011-12-30,87,97.21951293945312,True,False
1,2011-12-30,82,7424.662109375,True,False
1,2011-12-30,94,9242.40625,True,False
1,2011-12-30,7,746.0692138671875,True,False
1,2011-12-30,81,8290.1572265625,True,False
2,2011-12-02,98,13943.3330078125,False,False
2,2011-12-02,4,49222.96875,False,False
2,2011-12-02,42,8182.98828125,False,False
2,2011-12-02,40,76157.84375,False,False
2,2011-12-02,24,13006.638671875,False,False
2,2011-12-02,67,16887.197265625,False,False
2,2011-12-02,81,18186.96484375,False,False
2,2011-12-02,38,91643.3515625,False,False
2,2011-12-02,29,9105.421875,False,False
2,2011-12-02,13,49745.68359375,False,False
2,2011-12-02,18,38265.2734375,False,False
2,2011-12-02,13,74551.390625,False,False
2,2011-12-02,30,3053.56884765625,False,False
2,2011-12-02,91,50147.4921875,False,False
2,2011-12-02,58,9101.5888671875,False,False
2,2011-12-02,58,4875.48193359375,False,False
2,2011-12-02,42,7583.02587890625,False,False
2,2011-12-02,19,2911.588134765625,False,False
2,2011-12-02,10,18288.95703125,False,False
2,2011-12-02,5,35465.74609375,False,False
2,2011-12-02,95,92809.4921875,False,False
2,2011-12-02,55,16486.759765625,False,False
2,2011-12-02,21,6824.2353515625,False,False
2,2011-12-02,28,1353.091552734375,False,False
2,2011-12-02,59,2084.32275390625,False,False
2,2011-12-02,81,33231.96875,False,False
2,2011-12-02,18,62074.15625,False,False
2,2011-12-02,92,141138.6875,False,False
2,2011-12-02,72,117714.921875,False,False
2,2011-12-02,44,8201.81640625,False,False
2,2011-12-02,71,6980.0478515625,False,False
2,2011-12-02,34,14737.8134765625,False,False
2,2011-12-02,38,91647.125,False,False
2,2011-12-02,30,3386.17333984375,False,False
2,2011-12-02,14,36221.7109375,False,False
2,2011-12-02,18,49958.89453125,False,False
2,2011-12-02,31,3251.460693359375,False,False
2,2011-12-02,40,81383.4921875,False,False
2,2011-12-02,97,24305.09765625,False,False
2,2011-12-02,21,8214.0693359375,False,False
2,2011-12-02,21,6674.49853515625,False,False
2,2011-12-02,19,299.0722961425781,False,False
2,2011-12-02,48,2857.691650390625,False,False
2,2011-12-02,71,4854.3935546875,False,False
2,2011-12-02,27,3774.898681640625,False,False
2,2011-12-02,18,120412.0625,False,False
2,2011-12-02,13,42173.60546875,False,False
2,2011-12-02,72,105418.7109375,False,False
2,2011-12-02,19,3063.993408203125,False,False
2,2011-12-02,79,46123.8203125,False,False
2,2011-12-02,9,21046.1171875,False,False
2,2011-12-02,55,25715.884765625,False,False
2,2011-12-02,4,34387.01171875,False,False
2,2011-12-02,11,31431.064453125,False,False
2,2011-12-02,91,49902.85546875,False,False
2,2011-12-02,60,526.2993774414062,False,False
2,2011-12-02,16,2509.7724609375,False,False
2,2011-12-09,2,64346.6171875,False,False
2,2011-12-09,17,37522.8828125,False,False
2,2011-12-09,96,2529.808837890625,False,False
2,2011-12-09,28,1605.2320556640625,False,False
2,2011-12-09,33,13806.48828125,False,False
2,2011-12-09,79,32770.80078125,False,False
2,2011-12-09,32,22353.060546875,False,False
2,2011-12-09,37,3477.44287109375,False,False
2,2011-12-09,71,6169.49560546875,False,False
2,2011-12-09,28,1626.4627685546875,False,False
2,2011-12-09,33,11997.501953125,False,False
2,2011-12-09,40,62180.4609375,False,False
2,2011-12-09,49,9333.7724609375,False,False
2,2011-12-09,11,36680.0,False,False
2,2011-12-09,49,7561.29638671875,False,False
2,2011-12-09,22,17599.95703125,False,False
2,2011-12-09,59,3195.651123046875,False,False
2,2011-12-09,32,16431.34375,False,False
2,2011-12-09,16,5272.58740234375,False,False
2,2011-12-09,4,48071.43359375,False,False
2,2011-12-09,95,80262.0,False,False
2,2011-12-09,60,1649.211181640625,False,False
2,2011-12-09,50,509.1636657714844,False,False
2,2011-12-09,12,2999.788330078125,False,False
2,2011-12-09,67,21274.681640625,False,False
2,2011-12-09,10,23584.498046875,False,False
2,2011-12-09,23,47240.16796875,False,False
2,2011-12-09,34,15004.119140625,False,False
2,2011-12-09,24,8797.7294921875,False,False
2,2011-12-09,50,1587.4229736328125,False,False
2,2011-12-09,46,29077.3828125,False,False
2,2011-12-09,37,3538.099365234375,False,False
2,2011-12-09,24,15920.82421875,False,False
2,2011-12-09,26,16668.5546875,False,False
2,2011-12-09,5,21560.6875,False,False
2,2011-12-09,14,40698.1171875,False,False
2,2011-12-09,25,51130.5546875,False,False
2,2011-12-09,97,20734.83984375,False,False
2,2011-12-09,41,9341.6806640625,False,False
2,2011-12-09,93,40502.8203125,False,False
2,2011-12-09,93,42251.7734375,False,False
2,2011-12-09,18,73938.328125,False,False
2,2011-12-09,59,2705.2607421875,False,False
2,2011-12-09,7,92281.8984375,False,False
2,2011-12-09,80,16923.447265625,False,False
2,2011-12-09,95,149056.8125,False,False
2,2011-12-09,16,5144.34814453125,False,False
2,2011-12-09,85,7484.6865234375,False,False
2,2011-12-09,44,11343.9443359375,False,False
2,2011-12-09,90,137329.84375,False,False
2,2011-12-09,10,36645.40625,False,False
2,2011-12-09,11,30533.494140625,False,False
2,2011-12-09,74,20720.41796875,False,False
2,2011-12-09,20,6757.9501953125,False,False
2,2011-12-09,90,110734.765625,False,False
2,2011-12-09,25,15794.515625,False,False
2,2011-12-09,11,21703.634765625,False,False
2,2011-12-09,40,50848.87109375,False,False
2,2011-12-09,35,3373.43505859375,False,False
2,2011-12-09,7,93048.1015625,False,False
2,2011-12-09,33,10929.8681640625,False,False
2,2011-12-09,90,92491.1484375,False,False
2,2011-12-09,20,15678.4267578125,False,False
2,2011-12-09,7,73838.0078125,False,False
2,2011-12-09,33,12585.974609375,False,False
2,2011-12-09,90,13154.3291015625,False,False
2,2011-12-09,32,9799.8203125,False,False
2,2011-12-09,32,6085.3193359375,False,False
2,2011-12-09,83,4257.36279296875,False,False
2,2011-12-09,44,9373.5849609375,False,False
2,2011-12-09,35,6748.59912109375,False,False
2,2011-12-09,18,35795.59765625,False,False
2,2011-12-09,40,57478.88671875,False,False
2,2011-12-09,91,60774.49609375,False,False
2,2011-12-09,24,19378.158203125,False,False
2,2011-12-09,1,32011.501953125,False,False
2,2011-12-09,80,16733.65625,False,False
2,2011-12-09,23,54033.5078125,False,False
2,2011-12-16,23,56940.37890625,False,False
2,2011-12-16,55,42985.96875,False,False
2,2011-12-16,54,102.47464752197266,False,False
2,2011-12-16,85,8067.046875,False,False
2,2011-12-16,16,3736.23388671875,False,False
2,2011-12-16,45,28.145652770996094,False,False
2,2011-12-16,5,49216.0078125,False,False
2,2011-12-16,55,38837.04296875,False,False
2,2011-12-16,17,33566.0859375,False,False
2,2011-12-16,94,56708.8515625,False,False
2,2011-12-16,20,8119.68994140625,False,False
2,2011-12-16,7,110400.296875,False,False
2,2011-12-16,80,47617.7265625,False,False
2,2011-12-16,7,108804.5546875,False,False
2,2011-12-16,44,8491.064453125,False,False
2,2011-12-16,94,62825.97265625,False,False
2,2011-12-16,19,2384.51904296875,False,False
2,2011-12-16,95,97207.3359375,False,False
2,2011-12-16,33,20709.552734375,False,False
2,2011-12-16,32,12074.763671875,False,False
2,2011-12-16,33,31614.92578125,False,False
2,2011-12-16,97,14848.5302734375,False,False
2,2011-12-16,41,5778.9619140625,False,False
2,2011-12-16,96,13062.513671875,False,False
2,2011-12-16,92,188467.828125,False,False
2,2011-12-16,21,13081.0615234375,False,False
2,2011-12-16,34,19118.27734375,False,False
2,2011-12-16,36,3870.01171875,False,False
2,2011-12-16,67,26586.412109375,False,False
2,2011-12-16,11,16874.359375,False,False
2,2011-12-16,87,12428.203125,False,False
2,2011-12-16,6,7071.01806640625,False,False
2,2011-12-16,24,13784.1474609375,False,False
2,2011-12-16,20,7149.08203125,False,False
2,2011-12-16,18,97672.3671875,False,False
2,2011-12-16,6,11499.892578125,False,False
2,2011-12-16,24,12740.03125,False,False
2,2011-12-16,33,14120.9052734375,False,False
2,2011-12-16,93,57638.18359375,False,False
2,2011-12-16,3,19736.53125,False,False
2,2011-12-16,42,7039.20654296875,False,False
2,2011-12-16,85,16648.87890625,False,False
2,2011-12-16,79,29064.111328125,False,False
2,2011-12-16,20,7180.3603515625,False,False
2,2011-12-16,94,82353.2734375,False,False
2,2011-12-16,26,12908.5390625,False,False
2,2011-12-16,72,88399.109375,False,False
2,2011-12-16,20,8940.939453125,False,False
2,2011-12-16,18,54672.8203125,False,False
2,2011-12-16,38,74748.328125,False,False
2,2011-12-16,11,22518.076171875,False,False
2,2011-12-16,11,59890.65625,False,False
2,2011-12-16,23,27923.4375,False,False
2,2011-12-16,42,5224.60986328125,False,False
2,2011-12-16,2,45632.25,False,False
2,2011-12-16,87,13749.6572265625,False,False
2,2011-12-16,22,21908.1171875,False,False
2,2011-12-16,28,1283.5137939453125,False,False
2,2011-12-16,26,14284.8466796875,False,False
2,2011-12-16,97,17658.486328125,False,False
2,2011-12-16,20,9555.8603515625,False,False
2,2011-12-16,50,3541.728759765625,False,False
2,2011-12-16,13,20020.56640625,False,False
2,2011-12-16,59,4195.125,False,False
2,2011-12-16,16,9592.5810546875,False,False
2,2011-12-16,49,13232.8486328125,False,False
2,2011-12-16,95,103468.2734375,False,False
2,2011-12-16,79,29096.9375,False,False
2,2011-12-16,52,3628.519287109375,False,False
2,2011-12-16,37,8806.4658203125,False,False
2,2011-12-16,71,5228.8349609375,False,False
2,2011-12-16,29,14764.2265625,False,False
2,2011-12-16,21,12471.484375,False,False
2,2011-12-16,71,10745.263671875,False,False
2,2011-12-16,25,27975.111328125,False,False
2,2011-12-16,81,49729.11328125,False,False
2,2011-12-16,92,185688.84375,False,False
2,2011-12-16,96,27691.64453125,False,False
2,2011-12-16,14,60802.703125,False,False
2,2011-12-16,46,39921.9296875,False,False
2,2011-12-16,13,25850.1875,False,False
2,2011-12-23,81,23233.673828125,False,False
2,2011-12-23,12,3067.47900390625,False,False
2,2011-12-23,5,112210.8984375,False,False
2,2011-12-23,46,56214.63671875,False,False
2,2011-12-23,46,64176.9609375,False,False
2,2011-12-23,36,6651.47509765625,False,False
2,2011-12-23,23,7600.9970703125,False,False
2,2011-12-23,60,612.0784912109375,False,False
2,2011-12-23,1,46756.15625,False,False
2,2011-12-23,47,3964.299072265625,False,False
2,2011-12-23,7,86560.0546875,False,False
2,2011-12-23,98,21488.970703125,False,False
2,2011-12-23,6,16905.626953125,False,False
2,2011-12-23,92,116433.375,False,False
2,2011-12-23,32,16194.8310546875,False,False
2,2011-12-23,6,15466.4033203125,False,False
2,2011-12-23,26,19098.2890625,False,False
2,2011-12-23,72,238926.953125,False,False
2,2011-12-23,3,19350.033203125,False,False
2,2011-12-23,49,11058.0166015625,False,False
2,2011-12-23,99,8235.830078125,False,False
2,2011-12-23,4,71980.9921875,False,False
2,2011-12-23,2,81227.2421875,False,False
2,2011-12-23,21,21831.86328125,False,False
2,2011-12-23,25,19134.990234375,False,False
2,2011-12-23,82,67590.6171875,False,False
2,2011-12-23,54,115.92646026611328,False,False
2,2011-12-23,28,1436.428955078125,False,False
2,2011-12-23,80,23872.484375,False,False
2,2011-12-23,41,776.349853515625,False,False
2,2011-12-23,11,41805.03125,False,False
2,2011-12-23,40,71329.4921875,False,False
2,2011-12-23,77,2080.12353515625,False,False
2,2011-12-23,24,20767.853515625,False,False
2,2011-12-23,74,19190.94921875,False,False
2,2011-12-23,90,60151.58984375,False,False
2,2011-12-23,42,6628.93798828125,False,False
2,2011-12-23,87,11195.4228515625,False,False
2,2011-12-23,71,5831.48583984375,False,False
2,2011-12-23,5,57798.41015625,False,False
2,2011-12-23,99,2814.790283203125,False,False
2,2011-12-23,59,8998.4130859375,False,False
2,2011-12-23,97,28211.9296875,False,False
2,2011-12-23,37,1446.1546630859375,False,False
2,2011-12-23,80,45882.72265625,False,False
2,2011-12-23,34,14292.4140625,False,False
2,2011-12-23,16,4019.398681640625,False,False
2,2011-12-23,98,20676.4140625,False,False
2,2011-12-23,4,58185.41015625,False,False
2,2011-12-23,25,28138.763671875,False,False
2,2011-12-23,1,49209.046875,False,False
2,2011-12-23,97,31532.447265625,False,False
2,2011-12-23,36,4838.49072265625,False,False
2,2011-12-23,83,14088.0546875,False,False
2,2011-12-23,93,64527.41796875,False,False
2,2011-12-23,58,4000.598388671875,False,False
2,2011-12-23,72,215832.875,False,False
2,2011-12-23,23,53276.5078125,False,False
2,2011-12-23,72,158992.390625,False,False
2,2011-12-23,16,7292.8447265625,False,False
2,2011-12-23,67,24515.109375,False,False
2,2011-12-23,11,21452.4765625,False,False
2,2011-12-23,12,3417.534912109375,False,False
2,2011-12-23,87,24733.77734375,False,False
2,2011-12-23,80,21936.130859375,False,False
2,2011-12-23,4,55345.5078125,False,False
2,2011-12-23,92,215997.25,False,False
2,2011-12-23,25,30068.58203125,False,False
2,2011-12-23,91,78468.1484375,False,False
2,2011-12-23,87,37179.328125,False,False
2,2011-12-23,79,23380.08984375,False,False
2,2011-12-23,41,4556.22802734375,False,False
2,2011-12-23,1,56517.48046875,False,False
2,2011-12-23,50,1644.7977294921875,False,False
2,2011-12-23,31,11642.2490234375,False,False
2,2011-12-23,1,98414.09375,False,False
2,2011-12-23,30,5504.3349609375,False,False
2,2011-12-23,19,1846.6302490234373,False,False
2,2011-12-30,72,87660.125,True,False
2,2011-12-30,46,42402.83203125,True,False
2,2011-12-30,59,7429.98291015625,True,False
2,2011-12-30,54,1045.77685546875,True,False
2,2011-12-30,97,31091.953125,True,False
2,2011-12-30,18,42152.1640625,True,False
2,2011-12-30,23,22273.7578125,True,False
2,2011-12-30,98,18712.76953125,True,False
2,2011-12-30,52,2133.273193359375,True,False
2,2011-12-30,59,1617.1824951171875,True,False
2,2011-12-30,85,4284.1748046875,True,False
2,2011-12-30,92,113648.7578125,True,False
2,2011-12-30,10,34617.5390625,True,False
2,2011-12-30,25,16018.0,True,False
2,2011-12-30,56,865.73486328125,True,False
2,2011-12-30,8,54828.140625,True,False
2,2011-12-30,28,1450.7364501953125,True,False
2,2011-12-30,94,33073.66796875,True,False
2,2011-12-30,9,15804.6474609375,True,False
2,2011-12-30,80,18449.7265625,True,False
2,2011-12-30,94,45547.8125,True,False
2,2011-12-30,38,38955.05078125,True,False
2,2011-12-30,35,2935.032470703125,True,False
2,2011-12-30,91,57259.74609375,True,False
2,2011-12-30,46,33319.421875,True,False
2,2011-12-30,72,66847.375,True,False
2,2011-12-30,41,1260.4288330078125,True,False
2,2011-12-30,74,31783.259765625,True,False
2,2011-12-30,51,11.277183532714844,True,False
2,2011-12-30,21,7208.45166015625,True,False
2,2011-12-30,56,1367.0235595703125,True,False
2,2011-12-30,31,5132.2255859375,True,False
2,2011-12-30,17,22162.322265625,True,False
2,2011-12-30,38,81532.078125,True,False
2,2011-12-30,82,72581.828125,True,False
2,2011-12-30,49,17413.94921875,True,False
2,2011-12-30,93,35826.24609375,True,False
2,2011-12-30,27,4895.7822265625,True,False
2,2011-12-30,24,7282.216796875,True,False
2,2011-12-30,44,4751.5009765625,True,False
2,2011-12-30,1,34779.84765625,True,False
2,2011-12-30,35,2964.140869140625,True,False
2,2011-12-30,30,3902.80078125,True,False
2,2011-12-30,52,2996.594970703125,True,False
2,2011-12-30,20,2591.690673828125,True,False
2,2011-12-30,59,4044.846435546875,True,False
2,2011-12-30,24,9883.125,True,False
2,2011-12-30,41,2189.05712890625,True,False
2,2011-12-30,30,4514.31640625,True,False
2,2011-12-30,22,22248.943359375,True,False
2,2011-12-30,38,42256.70703125,True,False
2,2011-12-30,18,23324.94140625,True,False
2,2011-12-30,38,48069.24609375,True,False
2,2011-12-30,28,937.8186645507812,True,False
2,2011-12-30,32,10886.6591796875,True,False
2,2011-12-30,74,11659.8720703125,True,False
2,2011-12-30,52,1936.774169921875,True,False
2,2011-12-30,8,49087.0234375,True,False
2,2011-12-30,97,16383.021484375,True,False
2,2011-12-30,25,14923.16015625,True,False
2,2011-12-30,4,26969.119140625,True,False
2,2011-12-30,91,48799.18359375,True,False
2,2011-12-30,7,66503.34375,True,False
2,2011-12-30,34,10503.1455078125,True,False
2,2011-12-30,98,12107.8330078125,True,False
2,2011-12-30,16,1650.2103271484375,True,False
3,2011-12-02,1,17717.02734375,False,False
3,2011-12-02,56,3981.720703125,False,False
3,2011-12-02,93,458.8551025390625,False,False
3,2011-12-02,67,8048.1796875,False,False
3,2011-12-02,23,28343.947265625,False,False
3,2011-12-02,29,5576.13427734375,False,False
3,2011-12-02,83,530.5935668945312,False,False
3,2011-12-02,74,10777.8974609375,False,False
3,2011-12-02,26,10547.5888671875,False,False
3,2011-12-02,30,2293.92529296875,False,False
3,2011-12-02,40,49487.296875,False,False
3,2011-12-02,52,5756.79345703125,False,False
3,2011-12-02,33,5237.88916015625,False,False
3,2011-12-02,82,12281.3623046875,False,False
3,2011-12-02,24,11466.1396484375,False,False
3,2011-12-02,93,1354.902099609375,False,False
3,2011-12-02,12,9181.9169921875,False,False
3,2011-12-02,10,17800.3359375,False,False
3,2011-12-02,58,2529.349853515625,False,False
3,2011-12-02,83,1117.9613037109375,False,False
3,2011-12-02,85,1855.83154296875,False,False
3,2011-12-02,85,4502.67822265625,False,False
3,2011-12-02,42,6373.54736328125,False,False
3,2011-12-02,91,17267.615234375,False,False
3,2011-12-02,83,409.1433410644531,False,False
3,2011-12-02,33,4747.3671875,False,False
3,2011-12-02,36,1204.2767333984375,False,False
3,2011-12-02,38,64343.84765625,False,False
3,2011-12-02,10,15238.833984375,False,False
3,2011-12-02,1,26697.583984375,False,False
3,2011-12-02,49,1739.6640625,False,False
3,2011-12-02,90,10593.712890625,False,False
3,2011-12-02,27,2182.570068359375,False,False
3,2011-12-02,19,4031.687744140625,False,False
3,2011-12-02,60,189.1173248291016,False,False
3,2011-12-02,72,51884.79296875,False,False
3,2011-12-02,9,13223.5146484375,False,False
3,2011-12-02,33,3657.7685546875,False,False
3,2011-12-02,55,11024.7626953125,False,False
3,2011-12-02,42,3504.705078125,False,False
3,2011-12-02,32,11014.23046875,False,False
3,2011-12-02,96,2307.574462890625,False,False
3,2011-12-02,10,9699.8203125,False,False
3,2011-12-02,46,16646.458984375,False,False
3,2011-12-02,41,2244.404541015625,False,False
3,2011-12-02,34,10066.296875,False,False
3,2011-12-02,94,3436.858154296875,False,False
3,2011-12-02,34,16003.357421875,False,False
3,2011-12-02,91,30037.765625,False,False
3,2011-12-02,40,31948.1953125,False,False
3,2011-12-02,60,107.60813903808594,False,False
3,2011-12-02,24,4640.4091796875,False,False
3,2011-12-02,58,891.005126953125,False,False
3,2011-12-02,74,11985.162109375,False,False
3,2011-12-02,22,10345.8974609375,False,False
3,2011-12-02,79,25071.658203125,False,False
3,2011-12-02,42,6600.76708984375,False,False
3,2011-12-02,28,629.8721923828125,False,False
3,2011-12-02,52,2227.080078125,False,False
3,2011-12-02,9,8252.0361328125,False,False
3,2011-12-02,93,416.4375915527344,False,False
3,2011-12-02,58,1342.8328857421875,False,False
3,2011-12-02,49,11.460246086120604,False,False
3,2011-12-02,13,30087.0,False,False
3,2011-12-02,19,1460.9075927734375,False,False
3,2011-12-02,10,11485.6220703125,False,False
3,2011-12-02,67,6995.13720703125,False,False
3,2011-12-02,59,629.7537231445312,False,False
3,2011-12-02,94,145.25840759277344,False,False
3,2011-12-09,23,40377.21875,False,False
3,2011-12-09,9,21200.306640625,False,False
3,2011-12-09,80,20.0810661315918,False,False
3,2011-12-09,92,22849.314453125,False,False
3,2011-12-09,59,618.7289428710938,False,False
3,2011-12-09,67,10611.70703125,False,False
3,2011-12-09,87,22651.693359375,False,False
3,2011-12-09,40,28369.791015625,False,False
3,2011-12-09,42,5068.51123046875,False,False
3,2011-12-09,28,1584.0029296875,False,False
3,2011-12-09,85,2294.52294921875,False,False
3,2011-12-09,1,34097.68359375,False,False
3,2011-12-09,98,209.7899627685547,False,False
3,2011-12-09,27,2192.1953125,False,False
3,2011-12-09,11,29188.17578125,False,False
3,2011-12-09,30,2555.1884765625,False,False
3,2011-12-09,81,5156.99560546875,False,False
3,2011-12-09,4,18351.267578125,False,False
3,2011-12-09,8,19948.880859375,False,False
3,2011-12-09,83,57.40659713745117,False,False
3,2011-12-09,97,9266.330078125,False,False
3,2011-12-09,90,20983.685546875,False,False
3,2011-12-09,90,21919.033203125,False,False
3,2011-12-09,91,718.3489990234375,False,False
3,2011-12-09,93,59.04082489013672,False,False
3,2011-12-09,20,4453.22314453125,False,False
3,2011-12-09,74,6387.791015625,False,False
3,2011-12-09,91,2336.7490234375,False,False
3,2011-12-09,79,6358.69677734375,False,False
3,2011-12-09,10,9905.939453125,False,False
3,2011-12-09,55,15403.8583984375,False,False
3,2011-12-09,5,19752.908203125,False,False
3,2011-12-09,98,145.0152130126953,False,False
3,2011-12-09,41,436.83489990234375,False,False
3,2011-12-09,24,8999.87890625,False,False
3,2011-12-09,9,10377.1123046875,False,False
3,2011-12-09,94,243.8118133544922,False,False
3,2011-12-09,95,51150.51953125,False,False
3,2011-12-09,27,2381.91259765625,False,False
3,2011-12-09,90,13944.2822265625,False,False
3,2011-12-09,58,153.10220336914062,False,False
3,2011-12-09,90,18490.7265625,False,False
3,2011-12-09,11,14017.060546875,False,False
3,2011-12-09,81,13838.9609375,False,False
3,2011-12-09,93,7386.71142578125,False,False
3,2011-12-09,37,2175.655517578125,False,False
3,2011-12-09,90,10743.4658203125,False,False
3,2011-12-09,94,452.4026489257813,False,False
3,2011-12-09,32,7349.3115234375,False,False
3,2011-12-09,33,7462.95654296875,False,False
3,2011-12-09,9,15169.3046875,False,False
3,2011-12-09,29,5655.1591796875,False,False
3,2011-12-09,28,1673.0718994140625,False,False
3,2011-12-09,23,22513.13671875,False,False
3,2011-12-09,29,1689.3214111328125,False,False
3,2011-12-09,21,4972.2900390625,False,False
3,2011-12-09,50,2135.325439453125,False,False
3,2011-12-09,16,1475.127685546875,False,False
3,2011-12-09,38,75489.625,False,False
3,2011-12-09,22,8767.177734375,False,False
3,2011-12-09,42,2290.469970703125,False,False
3,2011-12-09,52,2214.867919921875,False,False
3,2011-12-09,59,662.3290405273438,False,False
3,2011-12-09,27,1959.480712890625,False,False
3,2011-12-09,1,21952.673828125,False,False
3,2011-12-09,22,9341.73828125,False,False
3,2011-12-09,38,65750.15625,False,False
3,2011-12-09,87,9034.4658203125,False,False
3,2011-12-09,54,12.355981826782228,False,False
3,2011-12-09,80,436.44580078125,False,False
3,2011-12-16,6,6007.32568359375,False,False
3,2011-12-16,94,43.74085998535156,False,False
3,2011-12-16,8,17432.802734375,False,False
3,2011-12-16,17,15172.376953125,False,False
3,2011-12-16,12,4378.37451171875,False,False
3,2011-12-16,2,28248.794921875,False,False
3,2011-12-16,24,10134.60546875,False,False
3,2011-12-16,95,34914.75,False,False
3,2011-12-16,26,5144.47802734375,False,False
3,2011-12-16,80,102.48035430908205,False,False
3,2011-12-16,72,58715.08203125,False,False
3,2011-12-16,19,4074.15478515625,False,False
3,2011-12-16,18,26585.234375,False,False
3,2011-12-16,90,11920.4873046875,False,False
3,2011-12-16,85,11378.8798828125,False,False
3,2011-12-16,48,5201.8466796875,False,False
3,2011-12-16,28,898.4934692382812,False,False
3,2011-12-16,28,1154.6990966796875,False,False
3,2011-12-16,90,9689.642578125,False,False
3,2011-12-16,97,4877.080078125,False,False
3,2011-12-16,4,22360.876953125,False,False
3,2011-12-16,3,9987.677734375,False,False
3,2011-12-16,55,12891.005859375,False,False
3,2011-12-16,8,21250.63671875,False,False
3,2011-12-16,95,48042.35546875,False,False
3,2011-12-16,11,15707.2763671875,False,False
3,2011-12-16,17,9272.466796875,False,False
3,2011-12-16,26,16148.8447265625,False,False
3,2011-12-16,40,49677.29296875,False,False
3,2011-12-16,83,1078.076416015625,False,False
3,2011-12-16,94,415.6437377929688,False,False
3,2011-12-16,17,18680.875,False,False
3,2011-12-16,32,13033.7421875,False,False
3,2011-12-16,25,9375.18359375,False,False
3,2011-12-16,1,28274.439453125,False,False
3,2011-12-16,79,17353.046875,False,False
3,2011-12-16,94,83.34611511230469,False,False
3,2011-12-16,60,419.7238464355469,False,False
3,2011-12-16,79,34123.53515625,False,False
3,2011-12-16,55,23076.021484375,False,False
3,2011-12-16,17,20373.865234375,False,False
3,2011-12-16,22,18792.203125,False,False
3,2011-12-16,13,20989.064453125,False,False
3,2011-12-16,27,3435.24365234375,False,False
3,2011-12-16,18,28508.76953125,False,False
3,2011-12-16,60,744.2970581054688,False,False
3,2011-12-16,80,37.05877685546875,False,False
3,2011-12-16,8,28247.1875,False,False
3,2011-12-16,41,964.827880859375,False,False
3,2011-12-16,87,26057.41015625,False,False
3,2011-12-16,82,26493.92578125,False,False
3,2011-12-16,77,72.65275573730469,False,False
3,2011-12-16,74,8961.109375,False,False
3,2011-12-16,93,1415.5311279296875,False,False
3,2011-12-16,85,1628.413818359375,False,False
3,2011-12-16,71,4712.986328125,False,False
3,2011-12-16,85,4184.2890625,False,False
3,2011-12-16,16,419.1302185058594,False,False
3,2011-12-16,33,12153.3046875,False,False
3,2011-12-16,19,1736.188720703125,False,False
3,2011-12-16,7,38817.00390625,False,False
3,2011-12-16,98,115.56208038330078,False,False
3,2011-12-16,41,4909.51123046875,False,False
3,2011-12-16,74,12212.3193359375,False,False
3,2011-12-16,17,18207.84375,False,False
3,2011-12-16,14,31401.478515625,False,False
3,2011-12-16,45,22.05631446838379,False,False
3,2011-12-16,85,5214.93212890625,False,False
3,2011-12-16,52,2380.87548828125,False,False
3,2011-12-16,91,1131.916015625,False,False
3,2011-12-16,83,118.43165588378906,False,False
3,2011-12-16,34,9898.0224609375,False,False
3,2011-12-16,56,1027.1583251953125,False,False
3,2011-12-16,67,7233.1181640625,False,False
3,2011-12-16,58,372.3367614746094,False,False
3,2011-12-16,91,12065.5302734375,False,False
3,2011-12-16,32,19259.880859375,False,False
3,2011-12-16,31,3905.5986328125,False,False
3,2011-12-23,56,2958.354248046875,False,False
3,2011-12-23,5,42391.57421875,False,False
3,2011-12-23,2,29021.83984375,False,False
3,2011-12-23,81,9515.1455078125,False,False
3,2011-12-23,28,1098.4603271484375,False,False
3,2011-12-23,46,48493.6484375,False,False
3,2011-12-23,24,11052.9560546875,False,False
3,2011-12-23,18,27293.177734375,False,False
3,2011-12-23,26,8188.890625,False,False
3,2011-12-23,28,1377.775634765625,False,False
3,2011-12-23,24,16437.796875,False,False
3,2011-12-23,23,37439.13671875,False,False
3,2011-12-23,96,1567.9290771484375,False,False
3,2011-12-23,6,9540.4677734375,False,False
3,2011-12-23,72,57939.59765625,False,False
3,2011-12-23,85,1368.592041015625,False,False
3,2011-12-23,97,4131.7060546875,False,False
3,2011-12-23,59,3186.6650390625,False,False
3,2011-12-23,38,86793.953125,False,False
3,2011-12-23,23,78127.90625,False,False
3,2011-12-23,71,8540.3818359375,False,False
3,2011-12-23,67,17618.650390625,False,False
3,2011-12-23,35,3028.5185546875,False,False
3,2011-12-23,23,26890.5546875,False,False
3,2011-12-23,27,2974.05908203125,False,False
3,2011-12-23,83,762.7732543945312,False,False
3,2011-12-23,33,7395.23388671875,False,False
3,2011-12-23,54,82.51033020019531,False,False
3,2011-12-23,91,22578.794921875,False,False
3,2011-12-23,90,20690.296875,False,False
3,2011-12-23,45,20.9914608001709,False,False
3,2011-12-23,23,46604.38671875,False,False
3,2011-12-23,35,4297.5927734375,False,False
3,2011-12-23,85,1658.269775390625,False,False
3,2011-12-23,40,36150.66015625,False,False
3,2011-12-23,23,82822.65625,False,False
3,2011-12-23,80,70.95539093017578,False,False
3,2011-12-23,27,3073.397705078125,False,False
3,2011-12-23,90,17952.458984375,False,False
3,2011-12-23,16,731.6459350585938,False,False
3,2011-12-23,55,25451.77734375,False,False
3,2011-12-23,80,15.615968704223633,False,False
3,2011-12-23,90,5043.8974609375,False,False
3,2011-12-23,19,5519.36474609375,False,False
3,2011-12-23,97,14282.740234375,False,False
3,2011-12-23,8,28901.79296875,False,False
3,2011-12-23,11,13982.5234375,False,False
3,2011-12-23,26,11394.052734375,False,False
3,2011-12-23,10,19984.646484375,False,False
3,2011-12-23,36,1788.6910400390625,False,False
3,2011-12-23,1,49583.4296875,False,False
3,2011-12-23,30,2609.62841796875,False,False
3,2011-12-23,20,5466.60546875,False,False
3,2011-12-23,95,45972.76171875,False,False
3,2011-12-23,30,2438.996826171875,False,False
3,2011-12-23,35,2496.169921875,False,False
3,2011-12-23,22,17341.482421875,False,False
3,2011-12-23,74,18210.986328125,False,False
3,2011-12-23,87,17474.384765625,False,False
3,2011-12-23,97,4222.3251953125,False,False
3,2011-12-23,29,6317.0185546875,False,False
3,2011-12-23,27,4172.09521484375,False,False
3,2011-12-23,52,5353.49072265625,False,False
3,2011-12-23,17,15876.7294921875,False,False
3,2011-12-23,5,46791.25390625,False,False
3,2011-12-23,94,60.1224250793457,False,False
3,2011-12-23,72,117188.15625,False,False
3,2011-12-23,72,47555.578125,False,False
3,2011-12-23,32,22288.44140625,False,False
3,2011-12-23,30,2285.00830078125,False,False
3,2011-12-23,34,16792.0546875,False,False
3,2011-12-23,93,411.687744140625,False,False
3,2011-12-30,5,22351.375,True,False
3,2011-12-30,17,13405.2861328125,True,False
3,2011-12-30,56,993.2081909179688,True,False
3,2011-12-30,82,19464.333984375,True,False
3,2011-12-30,40,33766.7734375,True,False
3,2011-12-30,56,38.77374267578125,True,False
3,2011-12-30,6,19082.89453125,True,False
3,2011-12-30,81,2816.38037109375,True,False
3,2011-12-30,74,9781.6572265625,True,False
3,2011-12-30,91,11701.921875,True,False
3,2011-12-30,3,7562.74365234375,True,False
3,2011-12-30,5,19452.681640625,True,False
3,2011-12-30,4,17866.705078125,True,False
3,2011-12-30,4,11257.6640625,True,False
3,2011-12-30,60,162.21072387695312,True,False
3,2011-12-30,4,22251.658203125,True,False
3,2011-12-30,81,2833.374267578125,True,False
3,2011-12-30,20,4163.17578125,True,False
3,2011-12-30,25,4448.4677734375,True,False
3,2011-12-30,5,34287.8359375,True,False
3,2011-12-30,31,3414.762451171875,True,False
3,2011-12-30,2,32357.701171875,True,False
3,2011-12-30,90,28407.822265625,True,False
3,2011-12-30,35,1137.8948974609375,True,False
3,2011-12-30,92,20870.169921875,True,False
3,2011-12-30,14,12920.271484375,True,False
3,2011-12-30,92,47763.9609375,True,False
3,2011-12-30,20,4303.95849609375,True,False
3,2011-12-30,48,255.2523956298828,True,False
3,2011-12-30,18,52543.25,True,False
3,2011-12-30,49,7.620079040527344,True,False
3,2011-12-30,55,7545.28466796875,True,False
3,2011-12-30,16,1518.0250244140625,True,False
3,2011-12-30,52,883.6979370117188,True,False
3,2011-12-30,91,8028.19091796875,True,False
3,2011-12-30,71,9896.4580078125,True,False
3,2011-12-30,95,59442.734375,True,False
3,2011-12-30,90,5710.83251953125,True,False
3,2011-12-30,16,16.2767391204834,True,False
3,2011-12-30,11,16852.2421875,True,False
3,2011-12-30,40,36582.01953125,True,False
3,2011-12-30,19,300.1334533691406,True,False
3,2011-12-30,22,11817.9404296875,True,False
3,2011-12-30,67,10247.6396484375,True,False
3,2011-12-30,26,8413.330078125,True,False
3,2011-12-30,27,2097.833740234375,True,False
3,2011-12-30,65,28432.771484375,True,False
3,2011-12-30,6,4715.79296875,True,False
3,2011-12-30,17,8924.927734375,True,False
3,2011-12-30,74,23037.998046875,True,False
3,2011-12-30,2,27133.951171875,True,False
3,2011-12-30,17,7454.0673828125,True,False
3,2011-12-30,45,3.738308906555176,True,False
3,2011-12-30,94,40.53105926513672,True,False
3,2011-12-30,44,833.0863037109375,True,False
3,2011-12-30,16,1822.935546875,True,False
3,2011-12-30,83,418.4607543945313,True,False
3,2011-12-30,93,1753.252197265625,True,False
3,2011-12-30,87,9918.763671875,True,False
4,2011-12-02,34,20940.390625,False,False
4,2011-12-02,37,3288.061279296875,False,False
4,2011-12-02,13,27622.7734375,False,False
4,2011-12-02,93,56560.10546875,False,False
4,2011-12-02,55,27654.296875,False,False
4,2011-12-02,80,18946.99609375,False,False
4,2011-12-02,96,30.06394386291504,False,False
4,2011-12-02,4,55284.39453125,False,False
4,2011-12-02,96,23086.1328125,False,False
4,2011-12-02,90,80971.046875,False,False
4,2011-12-02,30,5462.90478515625,False,False
4,2011-12-02,2,81309.953125,False,False
4,2011-12-02,82,29341.9453125,False,False
4,2011-12-02,12,3751.140380859375,False,False
4,2011-12-02,48,2224.63720703125,False,False
4,2011-12-02,26,13311.5087890625,False,False
4,2011-12-02,35,3599.96484375,False,False
4,2011-12-02,77,129.3734588623047,False,False
4,2011-12-02,26,15880.4599609375,False,False
4,2011-12-02,60,603.6583251953125,False,False
4,2011-12-02,50,1039.03759765625,False,False
4,2011-12-02,74,29913.3046875,False,False
4,2011-12-02,34,14089.3662109375,False,False
4,2011-12-02,17,24052.48046875,False,False
4,2011-12-02,11,19253.20703125,False,False
4,2011-12-02,94,43861.80078125,False,False
4,2011-12-02,99,2491.919677734375,False,False
4,2011-12-02,17,42806.984375,False,False
4,2011-12-02,95,133626.59375,False,False
4,2011-12-02,79,50430.3359375,False,False
4,2011-12-02,81,9558.6484375,False,False
4,2011-12-02,14,48387.5,False,False
4,2011-12-02,95,113853.7578125,False,False
4,2011-12-02,29,8695.0048828125,False,False
4,2011-12-02,72,136408.125,False,False
4,2011-12-02,13,56054.37109375,False,False
4,2011-12-02,11,19732.40234375,False,False
4,2011-12-02,5,43503.16015625,False,False
4,2011-12-02,28,1229.9815673828125,False,False
4,2011-12-02,6,6259.505859375,False,False
4,2011-12-02,71,4552.388671875,False,False
4,2011-12-02,18,54887.50390625,False,False
4,2011-12-02,17,15992.998046875,False,False
4,2011-12-02,18,92912.09375,False,False
4,2011-12-02,94,56632.1875,False,False
4,2011-12-02,1,19509.126953125,False,False
4,2011-12-02,34,17161.791015625,False,False
4,2011-12-02,98,15516.056640625,False,False
4,2011-12-02,3,11910.66015625,False,False
4,2011-12-02,20,7443.8154296875,False,False
4,2011-12-02,79,20252.90625,False,False
4,2011-12-02,82,32392.212890625,False,False
4,2011-12-02,14,24530.84765625,False,False
4,2011-12-02,58,13157.2451171875,False,False
4,2011-12-02,80,17650.4296875,False,False
4,2011-12-02,41,2718.26806640625,False,False
4,2011-12-02,30,4371.39013671875,False,False
4,2011-12-02,32,12997.5439453125,False,False
4,2011-12-02,26,37.46873474121094,False,False
4,2011-12-02,83,4812.12060546875,False,False
4,2011-12-02,6,5458.4677734375,False,False
4,2011-12-02,5,43737.12890625,False,False
4,2011-12-02,20,8092.26220703125,False,False
4,2011-12-02,34,23888.642578125,False,False
4,2011-12-02,97,15069.07421875,False,False
4,2011-12-02,67,7661.67529296875,False,False
4,2011-12-02,2,58474.4609375,False,False
4,2011-12-02,91,78939.875,False,False
4,2011-12-02,10,16934.517578125,False,False
4,2011-12-09,82,46440.48828125,False,False
4,2011-12-09,16,6762.97265625,False,False
4,2011-12-09,60,268.3050842285156,False,False
4,2011-12-09,14,41662.4453125,False,False
4,2011-12-09,71,11027.515625,False,False
4,2011-12-09,31,7055.21533203125,False,False
4,2011-12-09,82,36641.09375,False,False
4,2011-12-09,30,6249.2158203125,False,False
4,2011-12-09,36,4244.34521484375,False,False
4,2011-12-09,16,3790.41015625,False,False
4,2011-12-09,4,66988.40625,False,False
4,2011-12-09,94,41385.703125,False,False
4,2011-12-09,25,20167.15234375,False,False
4,2011-12-09,46,49307.921875,False,False
4,2011-12-09,25,15784.50390625,False,False
4,2011-12-09,56,1242.785888671875,False,False
4,2011-12-09,1,59605.17578125,False,False
4,2011-12-09,45,22.969507217407227,False,False
4,2011-12-09,99,1946.1536865234373,False,False
4,2011-12-09,3,25471.017578125,False,False
4,2011-12-09,85,6583.54052734375,False,False
4,2011-12-09,93,43301.63671875,False,False
4,2011-12-09,21,10156.08203125,False,False
4,2011-12-09,31,5135.14892578125,False,False
4,2011-12-09,94,52672.57421875,False,False
4,2011-12-09,12,2714.604248046875,False,False
4,2011-12-09,27,4825.5830078125,False,False
4,2011-12-09,52,4873.841796875,False,False
4,2011-12-09,94,58921.05078125,False,False
4,2011-12-09,94,54807.98828125,False,False
4,2011-12-09,21,13623.8681640625,False,False
4,2011-12-09,83,724.4158325195312,False,False
4,2011-12-09,31,8442.123046875,False,False
4,2011-12-09,79,28055.88671875,False,False
4,2011-12-09,87,14754.5615234375,False,False
4,2011-12-09,41,5384.783203125,False,False
4,2011-12-09,14,45404.828125,False,False
4,2011-12-09,18,48412.375,False,False
4,2011-12-09,74,22401.259765625,False,False
4,2011-12-09,21,14954.3310546875,False,False
4,2011-12-09,67,18018.775390625,False,False
4,2011-12-09,13,45269.16015625,False,False
4,2011-12-09,81,12521.41796875,False,False
4,2011-12-09,30,3786.280517578125,False,False
4,2011-12-09,59,5424.08447265625,False,False
4,2011-12-09,1,37857.140625,False,False
4,2011-12-09,8,33147.5078125,False,False
4,2011-12-09,7,78907.1484375,False,False
4,2011-12-09,30,3073.522216796875,False,False
4,2011-12-09,91,36139.203125,False,False
4,2011-12-09,74,24189.232421875,False,False
4,2011-12-09,50,3917.5556640625,False,False
4,2011-12-09,42,7287.52490234375,False,False
4,2011-12-09,87,24521.994140625,False,False
4,2011-12-09,58,5229.43701171875,False,False
4,2011-12-09,17,17383.443359375,False,False
4,2011-12-09,20,5343.89306640625,False,False
4,2011-12-09,6,5085.58203125,False,False
4,2011-12-09,14,51460.13671875,False,False
4,2011-12-09,82,44084.140625,False,False
4,2011-12-09,10,30972.138671875,False,False
4,2011-12-09,33,15570.603515625,False,False
4,2011-12-09,22,15464.6201171875,False,False
4,2011-12-09,58,10106.3046875,False,False
4,2011-12-09,81,19972.984375,False,False
4,2011-12-09,25,20324.30078125,False,False
4,2011-12-09,74,22989.017578125,False,False
4,2011-12-16,58,1425.021240234375,False,False
4,2011-12-16,55,33188.23828125,False,False
4,2011-12-16,85,20311.416015625,False,False
4,2011-12-16,12,4894.3583984375,False,False
4,2011-12-16,44,11134.953125,False,False
4,2011-12-16,4,55052.98828125,False,False
4,2011-12-16,93,40129.81640625,False,False
4,2011-12-16,37,3992.031005859375,False,False
4,2011-12-16,79,37546.51171875,False,False
4,2011-12-16,20,8435.9091796875,False,False
4,2011-12-16,3,24256.76171875,False,False
4,2011-12-16,1,73272.40625,False,False
4,2011-12-16,98,13342.2607421875,False,False
4,2011-12-16,16,4749.62158203125,False,False
4,2011-12-16,38,143792.15625,False,False
4,2011-12-16,82,55552.66796875,False,False
4,2011-12-16,41,6321.7265625,False,False
4,2011-12-16,28,1381.0762939453125,False,False
4,2011-12-16,77,240.13946533203125,False,False
4,2011-12-16,60,479.8613586425781,False,False
4,2011-12-16,59,6489.11279296875,False,False
4,2011-12-16,92,164063.484375,False,False
4,2011-12-16,27,4573.01611328125,False,False
4,2011-12-16,59,11438.107421875,False,False
4,2011-12-16,26,23220.892578125,False,False
4,2011-12-16,80,16734.41015625,False,False
4,2011-12-16,52,2385.228759765625,False,False
4,2011-12-16,27,5773.7333984375,False,False
4,2011-12-16,8,66594.765625,False,False
4,2011-12-16,25,13142.060546875,False,False
4,2011-12-16,1,95708.2421875,False,False
4,2011-12-16,17,40470.671875,False,False
4,2011-12-16,49,10425.7451171875,False,False
4,2011-12-16,5,63367.6015625,False,False
4,2011-12-16,94,39148.76171875,False,False
4,2011-12-16,91,34082.1171875,False,False
4,2011-12-16,34,34656.37109375,False,False
4,2011-12-16,26,17862.478515625,False,False
4,2011-12-16,25,18617.0859375,False,False
4,2011-12-16,32,15517.697265625,False,False
4,2011-12-16,8,68761.671875,False,False
4,2011-12-16,74,29756.595703125,False,False
4,2011-12-16,99,5007.4912109375,False,False
4,2011-12-16,97,19323.994140625,False,False
4,2011-12-16,7,186023.703125,False,False
4,2011-12-16,72,136001.078125,False,False
4,2011-12-16,11,34901.54296875,False,False
4,2011-12-16,21,11940.4423828125,False,False
4,2011-12-16,99,3192.779541015625,False,False
4,2011-12-16,44,11655.4765625,False,False
4,2011-12-16,47,27.600536346435547,False,False
4,2011-12-16,71,12096.73046875,False,False
4,2011-12-16,60,5737.49853515625,False,False
4,2011-12-16,79,27440.58984375,False,False
4,2011-12-16,49,11696.0029296875,False,False
4,2011-12-16,23,60365.6328125,False,False
4,2011-12-16,44,9330.7333984375,False,False
4,2011-12-16,31,5183.64697265625,False,False
4,2011-12-16,67,20761.7265625,False,False
4,2011-12-16,99,3872.98583984375,False,False
4,2011-12-16,52,3654.791748046875,False,False
4,2011-12-16,60,1966.3642578125,False,False
4,2011-12-16,18,105683.3828125,False,False
4,2011-12-16,28,1860.0745849609373,False,False
4,2011-12-16,50,2084.379150390625,False,False
4,2011-12-16,29,13673.06640625,False,False
4,2011-12-16,37,4113.26220703125,False,False
4,2011-12-16,12,4372.3525390625,False,False
4,2011-12-16,9,34316.30078125,False,False
4,2011-12-16,10,49189.50390625,False,False
4,2011-12-16,5,85530.6171875,False,False
4,2011-12-16,85,8223.3837890625,False,False
4,2011-12-16,4,31346.974609375,False,False
4,2011-12-16,12,5493.5185546875,False,False
4,2011-12-16,67,18289.05859375,False,False
4,2011-12-16,50,2720.47412109375,False,False
4,2011-12-23,94,114383.5390625,False,False
4,2011-12-23,25,14880.6298828125,False,False
4,2011-12-23,96,21094.54296875,False,False
4,2011-12-23,96,40369.765625,False,False
4,2011-12-23,6,9850.8076171875,False,False
4,2011-12-23,1,78262.1796875,False,False
4,2011-12-23,59,8326.1298828125,False,False
4,2011-12-23,4,48664.85546875,False,False
4,2011-12-23,93,61103.1953125,False,False
4,2011-12-23,23,68098.765625,False,False
4,2011-12-23,26,30896.2109375,False,False
4,2011-12-23,6,10833.4892578125,False,False
4,2011-12-23,17,37112.94140625,False,False
4,2011-12-23,74,43486.01953125,False,False
4,2011-12-23,20,10500.8681640625,False,False
4,2011-12-23,91,67207.984375,False,False
4,2011-12-23,42,5500.3876953125,False,False
4,2011-12-23,6,39562.77734375,False,False
4,2011-12-23,37,2275.053955078125,False,False
4,2011-12-23,71,10701.685546875,False,False
4,2011-12-23,5,120207.546875,False,False
4,2011-12-23,97,16120.7294921875,False,False
4,2011-12-23,81,23001.12890625,False,False
4,2011-12-23,32,32640.2421875,False,False
4,2011-12-23,5,136292.1875,False,False
4,2011-12-23,7,179041.0,False,False
4,2011-12-23,28,1830.454345703125,False,False
4,2011-12-23,23,69477.171875,False,False
4,2011-12-23,59,6970.8779296875,False,False
4,2011-12-23,11,22264.220703125,False,False
4,2011-12-23,25,18298.751953125,False,False
4,2011-12-23,67,30162.158203125,False,False
4,2011-12-23,83,12188.2119140625,False,False
4,2011-12-23,80,20798.212890625,False,False
4,2011-12-23,37,3658.624755859375,False,False
4,2011-12-23,92,185731.0625,False,False
4,2011-12-23,33,21760.57421875,False,False
4,2011-12-23,83,8251.6962890625,False,False
4,2011-12-23,67,28970.900390625,False,False
4,2011-12-23,36,3360.6279296875,False,False
4,2011-12-23,38,67835.0234375,False,False
4,2011-12-23,3,19473.826171875,False,False
4,2011-12-23,37,2194.946533203125,False,False
4,2011-12-23,35,5330.9619140625,False,False
4,2011-12-23,94,63329.7265625,False,False
4,2011-12-23,6,12644.51171875,False,False
4,2011-12-23,36,3178.590087890625,False,False
4,2011-12-23,87,27845.81640625,False,False
4,2011-12-23,26,22797.052734375,False,False
4,2011-12-23,58,8626.560546875,False,False
4,2011-12-23,59,3714.708251953125,False,False
4,2011-12-23,2,117095.46875,False,False
4,2011-12-23,87,16165.220703125,False,False
4,2011-12-23,83,8156.921875,False,False
4,2011-12-23,10,38724.9375,False,False
4,2011-12-23,44,11074.126953125,False,False
4,2011-12-23,72,146753.234375,False,False
4,2011-12-23,5,83530.7109375,False,False
4,2011-12-23,71,16749.546875,False,False
4,2011-12-23,27,5804.591796875,False,False
4,2011-12-23,27,5402.78955078125,False,False
4,2011-12-23,79,59553.75,False,False
4,2011-12-23,50,4187.71923828125,False,False
4,2011-12-23,59,25440.91796875,False,False
4,2011-12-23,44,30404.798828125,False,False
4,2011-12-23,28,1585.142578125,False,False
4,2011-12-23,59,7222.07080078125,False,False
4,2011-12-23,97,30791.361328125,False,False
4,2011-12-23,44,9438.51171875,False,False
4,2011-12-23,87,41567.05859375,False,False
4,2011-12-23,90,120265.25,False,False
4,2011-12-23,37,7299.03955078125,False,False
4,2011-12-23,20,12333.7177734375,False,False
4,2011-12-23,21,9884.0048828125,False,False
4,2011-12-23,14,84322.0078125,False,False
4,2011-12-23,37,4027.57958984375,False,False
4,2011-12-30,20,6657.46826171875,True,False
4,2011-12-30,33,6889.64111328125,True,False
4,2011-12-30,18,36009.31640625,True,False
4,2011-12-30,5,73227.765625,True,False
4,2011-12-30,96,26866.1875,True,False
4,2011-12-30,54,70.11811828613281,True,False
4,2011-12-30,90,85493.15625,True,False
4,2011-12-30,29,8501.298828125,True,False
4,2011-12-30,17,29440.701171875,True,False
4,2011-12-30,30,4130.67724609375,True,False
4,2011-12-30,80,21864.166015625,True,False
4,2011-12-30,20,10952.7880859375,True,False
4,2011-12-30,90,96611.53125,True,False
4,2011-12-30,71,15665.4609375,True,False
4,2011-12-30,55,28100.48046875,True,False
4,2011-12-30,83,5294.29248046875,True,False
4,2011-12-30,40,81666.015625,True,False
4,2011-12-30,92,79614.53125,True,False
4,2011-12-30,42,8604.3076171875,True,False
4,2011-12-30,30,6722.51953125,True,False
4,2011-12-30,20,9115.7626953125,True,False
4,2011-12-30,5,46588.25,True,False
4,2011-12-30,67,14256.185546875,True,False
4,2011-12-30,97,20033.703125,True,False
4,2011-12-30,11,19417.423828125,True,False
4,2011-12-30,85,3159.689697265625,True,False
4,2011-12-30,71,15185.4873046875,True,False
4,2011-12-30,71,10069.9580078125,True,False
4,2011-12-30,97,22830.421875,True,False
4,2011-12-30,16,3410.059326171875,True,False
4,2011-12-30,40,60488.58203125,True,False
4,2011-12-30,38,59705.69140625,True,False
4,2011-12-30,27,4205.2685546875,True,False
4,2011-12-30,38,76780.5234375,True,False
4,2011-12-30,95,68725.6640625,True,False
4,2011-12-30,20,7493.5947265625,True,False
4,2011-12-30,24,12676.8662109375,True,False
4,2011-12-30,58,4737.83935546875,True,False
4,2011-12-30,36,3362.48095703125,True,False
4,2011-12-30,41,4780.2421875,True,False
4,2011-12-30,60,152.6609649658203,True,False
4,2011-12-30,4,39673.3828125,True,False
4,2011-12-30,42,6157.4248046875,True,False
4,2011-12-30,46,39817.671875,True,False
4,2011-12-30,95,129009.484375,True,False
4,2011-12-30,9,26641.7421875,True,False
4,2011-12-30,91,45130.0390625,True,False
4,2011-12-30,72,72165.359375,True,False
4,2011-12-30,3,11893.1884765625,True,False
4,2011-12-30,46,33367.09765625,True,False
4,2011-12-30,37,3771.60009765625,True,False
4,2011-12-30,92,118162.1875,True,False
4,2011-12-30,40,60761.0078125,True,False
4,2011-12-30,6,11906.634765625,True,False
4,2011-12-30,79,26010.29296875,True,False
4,2011-12-30,99,797.7941284179688,True,False
4,2011-12-30,3,15339.7900390625,True,False
4,2011-12-30,87,21907.369140625,True,False
4,2011-12-30,83,10114.701171875,True,False
4,2011-12-30,91,62946.15625,True,False
4,2011-12-30,56,395.3979797363281,True,False
4,2011-12-30,16,6143.40185546875,True,False
4,2011-12-30,24,10100.9755859375,True,False
4,2011-12-30,26,10878.8369140625,True,False
4,2011-12-30,79,23844.9765625,True,False
4,2011-12-30,56,5706.3212890625,True,False
4,2011-12-30,23,44144.23046875,True,False
4,2011-12-30,93,42937.44921875,True,False
4,2011-12-30,80,22319.64453125,True,False
4,2011-12-30,85,3356.799560546875,True,False
5,2011-12-02,83,199.7305603027344,False,False
5,2011-12-02,92,16038.2001953125,False,False
5,2011-12-02,92,28409.12890625,False,False
5,2011-12-02,3,7542.64453125,False,False
5,2011-12-02,22,6338.84326171875,False,False
5,2011-12-02,91,16065.2021484375,False,False
5,2011-12-02,72,40051.16796875,False,False
5,2011-12-02,34,4121.43896484375,False,False
5,2011-12-02,71,2245.2314453125,False,False
5,2011-12-02,20,3438.35986328125,False,False
5,2011-12-02,41,1497.1763916015625,False,False
5,2011-12-02,74,8264.935546875,False,False
5,2011-12-02,95,30171.37109375,False,False
5,2011-12-02,55,7330.01953125,False,False
5,2011-12-02,10,12649.7822265625,False,False
5,2011-12-02,8,17111.353515625,False,False
5,2011-12-02,94,160.09402465820312,False,False
5,2011-12-02,4,15785.1005859375,False,False
5,2011-12-02,93,24844.162109375,False,False
5,2011-12-02,36,1894.734619140625,False,False
5,2011-12-02,30,1696.093994140625,False,False
5,2011-12-02,22,5316.16015625,False,False
5,2011-12-02,31,2368.5751953125,False,False
5,2011-12-02,81,12321.8623046875,False,False
5,2011-12-02,42,4422.24462890625,False,False
5,2011-12-02,40,30321.205078125,False,False
5,2011-12-02,26,4939.8369140625,False,False
5,2011-12-02,3,6410.72314453125,False,False
5,2011-12-02,67,4817.1455078125,False,False
5,2011-12-02,29,4046.636962890625,False,False
5,2011-12-02,22,7644.32421875,False,False
5,2011-12-02,42,2492.018798828125,False,False
5,2011-12-02,85,5311.38525390625,False,False
5,2011-12-02,59,111.72476196289062,False,False
5,2011-12-02,3,9341.5361328125,False,False
5,2011-12-02,83,302.6106262207031,False,False
5,2011-12-02,55,4754.01318359375,False,False
5,2011-12-02,60,80.96222686767578,False,False
5,2011-12-02,77,2.616765260696411,False,False
5,2011-12-02,80,721.5786743164062,False,False
5,2011-12-02,10,11661.04296875,False,False
5,2011-12-02,4,12400.3154296875,False,False
5,2011-12-02,74,6075.22998046875,False,False
5,2011-12-02,67,6457.97802734375,False,False
5,2011-12-02,25,5119.205078125,False,False
5,2011-12-02,97,2768.01708984375,False,False
5,2011-12-02,22,6763.04296875,False,False
5,2011-12-02,21,9277.7587890625,False,False
5,2011-12-02,48,777.1690063476562,False,False
5,2011-12-02,10,9300.5185546875,False,False
5,2011-12-02,92,19026.248046875,False,False
5,2011-12-02,67,2877.8271484375,False,False
5,2011-12-02,20,3745.688232421875,False,False
5,2011-12-02,95,42898.91015625,False,False
5,2011-12-02,1,14266.919921875,False,False
5,2011-12-02,29,1490.5479736328125,False,False
5,2011-12-02,10,13970.1259765625,False,False
5,2011-12-02,59,195.85842895507807,False,False
5,2011-12-02,28,101.15190887451172,False,False
5,2011-12-02,92,10401.4716796875,False,False
5,2011-12-02,87,13525.0234375,False,False
5,2011-12-02,22,7377.84814453125,False,False
5,2011-12-02,12,5093.66650390625,False,False
5,2011-12-02,83,221.5224151611328,False,False
5,2011-12-02,59,96.55303192138672,False,False
5,2011-12-02,18,40270.73046875,False,False
5,2011-12-02,25,5118.35302734375,False,False
5,2011-12-09,80,2782.163330078125,False,False
5,2011-12-09,98,196.9966583251953,False,False
5,2011-12-09,10,11903.9658203125,False,False
5,2011-12-09,4,12838.05859375,False,False
5,2011-12-09,20,3470.38916015625,False,False
5,2011-12-09,34,4463.2861328125,False,False
5,2011-12-09,80,1086.6470947265625,False,False
5,2011-12-09,25,7138.47607421875,False,False
5,2011-12-09,91,24530.00390625,False,False
5,2011-12-09,67,7031.02978515625,False,False
5,2011-12-09,5,14551.2275390625,False,False
5,2011-12-09,1,15640.947265625,False,False
5,2011-12-09,17,8059.4619140625,False,False
5,2011-12-09,72,39426.515625,False,False
5,2011-12-09,44,3366.982666015625,False,False
5,2011-12-09,36,1683.7386474609375,False,False
5,2011-12-09,4,16187.9423828125,False,False
5,2011-12-09,54,79.0082778930664,False,False
5,2011-12-09,3,9481.6533203125,False,False
5,2011-12-09,98,139.25930786132812,False,False
5,2011-12-09,56,1748.0301513671875,False,False
5,2011-12-09,59,200.9835205078125,False,False
5,2011-12-09,1,17394.890625,False,False
5,2011-12-09,1,21534.169921875,False,False
5,2011-12-09,98,68.2403335571289,False,False
5,2011-12-09,59,735.56103515625,False,False
5,2011-12-09,72,34910.25390625,False,False
5,2011-12-09,85,4380.25634765625,False,False
5,2011-12-09,34,4833.19189453125,False,False
5,2011-12-09,26,2273.03759765625,False,False
5,2011-12-09,81,5498.02783203125,False,False
5,2011-12-09,79,15784.7490234375,False,False
5,2011-12-09,60,264.6309814453125,False,False
5,2011-12-09,81,7926.96728515625,False,False
5,2011-12-09,12,5491.57080078125,False,False
5,2011-12-09,47,19.844825744628903,False,False
5,2011-12-09,42,1845.4725341796875,False,False
5,2011-12-09,11,22347.189453125,False,False
5,2011-12-09,72,50473.45703125,False,False
5,2011-12-09,67,4041.904052734375,False,False
5,2011-12-09,52,1971.3223876953125,False,False
5,2011-12-09,67,4141.2158203125,False,False
5,2011-12-09,21,4445.86962890625,False,False
5,2011-12-09,72,53867.13671875,False,False
5,2011-12-09,92,45044.359375,False,False
5,2011-12-09,46,20343.03515625,False,False
5,2011-12-09,6,5391.3369140625,False,False
5,2011-12-09,28,405.5573120117188,False,False
5,2011-12-09,5,19063.6171875,False,False
5,2011-12-09,1,10573.65234375,False,False
5,2011-12-09,17,9181.3916015625,False,False
5,2011-12-09,33,3137.109619140625,False,False
5,2011-12-09,49,117.75764465332033,False,False
5,2011-12-09,8,12859.02734375,False,False
5,2011-12-09,23,19754.443359375,False,False
5,2011-12-09,29,2785.75048828125,False,False
5,2011-12-09,26,6630.6259765625,False,False
5,2011-12-09,11,18784.197265625,False,False
5,2011-12-09,81,14978.28125,False,False
5,2011-12-09,34,6447.96875,False,False
5,2011-12-09,25,9410.6611328125,False,False
5,2011-12-09,31,3114.636962890625,False,False
5,2011-12-09,56,1732.49951171875,False,False
5,2011-12-09,92,28949.896484375,False,False
5,2011-12-09,1,20494.23828125,False,False
5,2011-12-09,93,844.347412109375,False,False
5,2011-12-09,11,12248.322265625,False,False
5,2011-12-16,27,2269.59814453125,False,False
5,2011-12-16,34,5975.17919921875,False,False
5,2011-12-16,96,2810.312255859375,False,False
5,2011-12-16,33,6443.8603515625,False,False
5,2011-12-16,5,29478.701171875,False,False
5,2011-12-16,29,4695.71337890625,False,False
5,2011-12-16,1,18080.998046875,False,False
5,2011-12-16,32,4888.57275390625,False,False
5,2011-12-16,96,6041.458984375,False,False
5,2011-12-16,9,18656.794921875,False,False
5,2011-12-16,14,18680.462890625,False,False
5,2011-12-16,83,556.8174438476562,False,False
5,2011-12-16,47,-8.683250427246094,False,False
5,2011-12-16,72,58227.0390625,False,False
5,2011-12-16,91,20384.244140625,False,False
5,2011-12-16,24,5304.212890625,False,False
5,2011-12-16,51,30.84723281860352,False,False
5,2011-12-16,60,278.8812866210937,False,False
5,2011-12-16,79,17781.60546875,False,False
5,2011-12-16,3,14196.4638671875,False,False
5,2011-12-16,5,23122.720703125,False,False
5,2011-12-16,17,11923.919921875,False,False
5,2011-12-16,71,3121.85546875,False,False
5,2011-12-16,30,2937.49609375,False,False
5,2011-12-16,13,16315.4375,False,False
5,2011-12-16,35,586.9595336914062,False,False
5,2011-12-16,71,2020.5286865234373,False,False
5,2011-12-16,14,13545.7470703125,False,False
5,2011-12-16,29,3998.544677734375,False,False
5,2011-12-16,85,2334.834716796875,False,False
5,2011-12-16,3,11651.041015625,False,False
5,2011-12-16,38,69428.7890625,False,False
5,2011-12-16,90,16264.9755859375,False,False
5,2011-12-16,33,2233.448974609375,False,False
5,2011-12-16,77,70.54825592041016,False,False
5,2011-12-16,82,23465.423828125,False,False
5,2011-12-16,11,11742.61328125,False,False
5,2011-12-16,5,26025.412109375,False,False
5,2011-12-16,46,11478.8427734375,False,False
5,2011-12-16,44,7308.869140625,False,False
5,2011-12-16,27,1610.5755615234375,False,False
5,2011-12-16,26,5147.18994140625,False,False
5,2011-12-16,8,14843.4716796875,False,False
5,2011-12-16,90,44219.0859375,False,False
5,2011-12-16,20,3020.250732421875,False,False
5,2011-12-16,79,7038.56982421875,False,False
5,2011-12-16,3,6618.4384765625,False,False
5,2011-12-16,44,4562.619140625,False,False
5,2011-12-16,67,3803.6962890625,False,False
5,2011-12-16,56,770.2671508789062,False,False
5,2011-12-16,47,17.239994049072266,False,False
5,2011-12-16,19,1785.9871826171875,False,False
5,2011-12-16,60,173.87881469726562,False,False
5,2011-12-16,60,267.2241516113281,False,False
5,2011-12-16,10,12836.4892578125,False,False
5,2011-12-16,87,15565.0107421875,False,False
5,2011-12-16,72,64123.484375,False,False
5,2011-12-16,74,13476.1533203125,False,False
5,2011-12-16,45,34.14392852783203,False,False
5,2011-12-16,55,23964.044921875,False,False
5,2011-12-16,40,33174.75,False,False
5,2011-12-16,67,5986.66552734375,False,False
5,2011-12-16,13,16619.12890625,False,False
5,2011-12-16,97,2224.025146484375,False,False
5,2011-12-16,25,8658.6455078125,False,False
5,2011-12-16,5,30408.484375,False,False
5,2011-12-16,82,18766.564453125,False,False
5,2011-12-16,17,9961.6796875,False,False
5,2011-12-16,14,16936.072265625,False,False
5,2011-12-16,22,10023.822265625,False,False
5,2011-12-23,97,2704.018310546875,False,False
5,2011-12-23,77,81.10359191894531,False,False
5,2011-12-23,45,45.29034423828125,False,False
5,2011-12-23,49,10.447399139404297,False,False
5,2011-12-23,91,5472.0146484375,False,False
5,2011-12-23,55,33759.51171875,False,False
5,2011-12-23,60,438.1682434082031,False,False
5,2011-12-23,19,215.72903442382807,False,False
5,2011-12-23,60,350.57861328125,False,False
5,2011-12-23,26,7034.67822265625,False,False
5,2011-12-23,97,2498.064453125,False,False
5,2011-12-23,98,59.5084342956543,False,False
5,2011-12-23,34,8065.005859375,False,False
5,2011-12-23,47,75.6384048461914,False,False
5,2011-12-23,18,18542.67578125,False,False
5,2011-12-23,81,237.2687225341797,False,False
5,2011-12-23,2,23802.09375,False,False
5,2011-12-23,72,82135.03125,False,False
5,2011-12-23,7,42421.7421875,False,False
5,2011-12-23,4,23078.83984375,False,False
5,2011-12-23,20,2062.976318359375,False,False
5,2011-12-23,23,21580.248046875,False,False
5,2011-12-23,81,3765.081298828125,False,False
5,2011-12-23,96,1741.6817626953125,False,False
5,2011-12-23,34,15157.884765625,False,False
5,2011-12-23,59,1135.7996826171875,False,False
5,2011-12-23,5,43422.40625,False,False
5,2011-12-23,6,2933.3525390625,False,False
5,2011-12-23,72,62654.70703125,False,False
5,2011-12-23,99,1816.4388427734373,False,False
5,2011-12-23,52,1653.033203125,False,False
5,2011-12-23,21,4222.58251953125,False,False
5,2011-12-23,10,15525.8837890625,False,False
5,2011-12-23,21,5123.77587890625,False,False
5,2011-12-23,71,2569.7255859375,False,False
5,2011-12-23,35,1162.7291259765625,False,False
5,2011-12-23,74,11709.3271484375,False,False
5,2011-12-23,21,10567.5078125,False,False
5,2011-12-23,4,20948.97265625,False,False
5,2011-12-23,4,16393.265625,False,False
5,2011-12-23,27,1787.7437744140625,False,False
5,2011-12-23,28,830.2335205078125,False,False
5,2011-12-23,67,11241.3515625,False,False
5,2011-12-23,67,12491.0205078125,False,False
5,2011-12-23,5,18873.4140625,False,False
5,2011-12-23,35,1672.693359375,False,False
5,2011-12-23,8,24564.90625,False,False
5,2011-12-23,81,6383.59716796875,False,False
5,2011-12-23,44,9182.1708984375,False,False
5,2011-12-23,71,4479.1650390625,False,False
5,2011-12-23,38,64479.19921875,False,False
5,2011-12-23,26,8951.8681640625,False,False
5,2011-12-23,12,3081.30615234375,False,False
5,2011-12-23,3,8515.611328125,False,False
5,2011-12-23,59,460.8599548339844,False,False
5,2011-12-23,13,18283.61328125,False,False
5,2011-12-23,20,3133.447265625,False,False
5,2011-12-23,7,32422.3125,False,False
5,2011-12-23,58,245.88108825683597,False,False
5,2011-12-23,42,6115.63525390625,False,False
5,2011-12-23,25,10348.958984375,False,False
5,2011-12-23,82,42051.4765625,False,False
5,2011-12-23,20,3602.795654296875,False,False
5,2011-12-23,24,6310.4833984375,False,False
5,2011-12-23,7,25548.546875,False,False
5,2011-12-23,3,20848.71484375,False,False
5,2011-12-23,9,17877.7109375,False,False
5,2011-12-23,67,7499.51171875,False,False
5,2011-12-23,13,19427.29296875,False,False
5,2011-12-23,10,16675.640625,False,False
5,2011-12-23,32,13376.1494140625,False,False
5,2011-12-23,82,31853.017578125,False,False
5,2011-12-23,33,6583.55419921875,False,False
5,2011-12-30,37,844.6253051757812,True,False
5,2011-12-30,13,17445.556640625,True,False
5,2011-12-30,54,67.13338470458984,True,False
5,2011-12-30,71,1618.0736083984375,True,False
5,2011-12-30,80,275.1525573730469,True,False
5,2011-12-30,18,11147.0966796875,True,False
5,2011-12-30,46,11936.2451171875,True,False
5,2011-12-30,36,1402.89404296875,True,False
5,2011-12-30,28,307.97125244140625,True,False
5,2011-12-30,6,4623.5517578125,True,False
5,2011-12-30,91,3256.03955078125,True,False
5,2011-12-30,6,2709.9482421875,True,False
5,2011-12-30,98,36.75458908081055,True,False
5,2011-12-30,72,53695.31640625,True,False
5,2011-12-30,9,18714.828125,True,False
5,2011-12-30,34,6347.48583984375,True,False
5,2011-12-30,60,792.6248779296875,True,False
5,2011-12-30,60,217.05995178222656,True,False
5,2011-12-30,11,12548.390625,True,False
5,2011-12-30,98,50.09584045410156,True,False
5,2011-12-30,32,8294.396484375,True,False
5,2011-12-30,93,694.58056640625,True,False
5,2011-12-30,6,3224.902099609375,True,False
5,2011-12-30,52,1522.360595703125,True,False
5,2011-12-30,8,18368.248046875,True,False
5,2011-12-30,8,20704.0625,True,False
5,2011-12-30,96,15020.2900390625,True,False
5,2011-12-30,85,1524.22216796875,True,False
5,2011-12-30,72,49340.3671875,True,False
5,2011-12-30,60,152.68991088867188,True,False
5,2011-12-30,58,521.3925170898438,True,False
5,2011-12-30,4,17307.294921875,True,False
5,2011-12-30,11,15667.21484375,True,False
5,2011-12-30,94,6079.3642578125,True,False
5,2011-12-30,14,10613.9677734375,True,False
5,2011-12-30,80,104.54601287841795,True,False
5,2011-12-30,1,19520.9375,True,False
5,2011-12-30,20,6437.60302734375,True,False
5,2011-12-30,10,12519.4189453125,True,False
5,2011-12-30,30,872.9615478515625,True,False
5,2011-12-30,1,9016.716796875,True,False
5,2011-12-30,82,12761.23828125,True,False
5,2011-12-30,27,1501.505615234375,True,False
5,2011-12-30,28,518.6498413085938,True,False
5,2011-12-30,17,7748.76416015625,True,False
5,2011-12-30,3,7564.20068359375,True,False
5,2011-12-30,46,24435.869140625,True,False
5,2011-12-30,23,13770.1865234375,True,False
5,2011-12-30,94,12343.109375,True,False
5,2011-12-30,85,3549.652587890625,True,False
5,2011-12-30,32,6525.5908203125,True,False
5,2011-12-30,19,14.840435028076172,True,False
5,2011-12-30,82,12342.6181640625,True,False
5,2011-12-30,23,31254.619140625,True,False
5,2011-12-30,19,1089.22119140625,True,False
5,2011-12-30,98,706.1762084960938,True,False
5,2011-12-30,6,7298.8330078125,True,False
5,2011-12-30,32,25952.875,True,False
5,2011-12-30,28,846.9002075195312,True,False
5,2011-12-30,10,16977.380859375,True,False
5,2011-12-30,29,5111.64794921875,True,False
5,2011-12-30,79,12088.3408203125,True,False
5,2011-12-30,5,28164.478515625,True,False
5,2011-12-30,13,14570.33984375,True,False
5,2011-12-30,10,21816.634765625,True,False
5,2011-12-30,21,5588.21435546875,True,False
5,2011-12-30,97,4592.88916015625,True,False
6,2011-12-02,92,60702.99609375,False,False
6,2011-12-02,55,9886.546875,False,False
6,2011-12-02,22,7459.4326171875,False,False
6,2011-12-02,98,7584.6142578125,False,False
6,2011-12-02,23,20226.0234375,False,False
6,2011-12-02,97,19104.291015625,False,False
6,2011-12-02,81,17104.400390625,False,False
6,2011-12-02,55,11118.4970703125,False,False
6,2011-12-02,20,2560.7333984375,False,False
6,2011-12-02,23,19499.2109375,False,False
6,2011-12-02,21,7873.71533203125,False,False
6,2011-12-02,37,1609.268798828125,False,False
6,2011-12-02,38,49633.140625,False,False
6,2011-12-02,20,2630.160400390625,False,False
6,2011-12-02,41,2920.419677734375,False,False
6,2011-12-02,96,5618.34375,False,False
6,2011-12-02,71,2332.492431640625,False,False
6,2011-12-02,72,38618.23046875,False,False
6,2011-12-02,38,29043.705078125,False,False
6,2011-12-02,20,1431.078857421875,False,False
6,2011-12-02,28,202.8046112060547,False,False
6,2011-12-02,52,751.2473754882812,False,False
6,2011-12-02,67,2282.787109375,False,False
6,2011-12-02,28,221.0062561035156,False,False
6,2011-12-02,28,236.51585388183597,False,False
6,2011-12-02,49,2290.45361328125,False,False
6,2011-12-02,34,5909.2958984375,False,False
6,2011-12-02,91,30914.318359375,False,False
6,2011-12-02,60,37.39077758789063,False,False
6,2011-12-02,5,31025.087890625,False,False
6,2011-12-02,24,3187.12353515625,False,False
6,2011-12-02,59,123.26813507080078,False,False
6,2011-12-02,44,4087.03515625,False,False
6,2011-12-02,85,752.7383422851562,False,False
6,2011-12-02,92,95948.7734375,False,False
6,2011-12-02,80,17243.529296875,False,False
6,2011-12-02,93,75151.484375,False,False
6,2011-12-02,93,31293.58984375,False,False
6,2011-12-02,41,834.7974243164062,False,False
6,2011-12-02,71,2038.8260498046875,False,False
6,2011-12-02,56,564.7327270507812,False,False
6,2011-12-02,20,2450.49462890625,False,False
6,2011-12-02,74,7473.09814453125,False,False
6,2011-12-02,44,3317.22216796875,False,False
6,2011-12-02,60,179.7579803466797,False,False
6,2011-12-02,33,3475.198974609375,False,False
6,2011-12-02,80,19161.728515625,False,False
6,2011-12-02,34,8267.7333984375,False,False
6,2011-12-02,13,28023.607421875,False,False
6,2011-12-02,85,2242.217529296875,False,False
6,2011-12-02,49,2674.880126953125,False,False
6,2011-12-02,30,1638.5518798828125,False,False
6,2011-12-02,1,17232.24609375,False,False
6,2011-12-02,91,16648.64453125,False,False
6,2011-12-02,54,15.27781105041504,False,False
6,2011-12-02,12,2369.00439453125,False,False
6,2011-12-02,49,3636.706298828125,False,False
6,2011-12-02,46,11723.11328125,False,False
6,2011-12-02,97,919.1162109375,False,False
6,2011-12-02,33,3838.510498046875,False,False
6,2011-12-02,34,5588.17333984375,False,False
6,2011-12-02,45,22.712438583374023,False,False
6,2011-12-02,6,2906.809814453125,False,False
6,2011-12-02,46,15053.646484375,False,False
6,2011-12-02,80,18307.736328125,False,False
6,2011-12-02,41,183.8748321533203,False,False
6,2011-12-02,31,904.9991455078124,False,False
6,2011-12-02,20,2051.38525390625,False,False
6,2011-12-02,52,767.703125,False,False
6,2011-12-02,85,2162.8408203125,False,False
6,2011-12-02,54,11.982589721679688,False,False
6,2011-12-02,82,18070.67578125,False,False
6,2011-12-02,22,5109.1201171875,False,False
6,2011-12-02,91,37590.39453125,False,False
6,2011-12-02,56,3070.2314453125,False,False
6,2011-12-02,11,538.5245971679688,False,False
6,2011-12-02,20,1863.3966064453125,False,False
6,2011-12-02,94,40541.57421875,False,False
6,2011-12-02,17,6778.56787109375,False,False
6,2011-12-02,11,23689.767578125,False,False
6,2011-12-02,91,41084.81640625,False,False
6,2011-12-02,92,61188.1796875,False,False
6,2011-12-02,92,44645.25,False,False
6,2011-12-09,60,141.359130859375,False,False
6,2011-12-09,25,8225.107421875,False,False
6,2011-12-09,79,19075.48828125,False,False
6,2011-12-09,54,16.613845825195312,False,False
6,2011-12-09,14,14199.0166015625,False,False
6,2011-12-09,31,1679.47412109375,False,False
6,2011-12-09,96,20442.373046875,False,False
6,2011-12-09,42,2057.8505859375,False,False
6,2011-12-09,93,38418.33984375,False,False
6,2011-12-09,95,61041.89453125,False,False
6,2011-12-09,41,167.787109375,False,False
6,2011-12-09,67,7108.02197265625,False,False
6,2011-12-09,74,7200.69189453125,False,False
6,2011-12-09,16,3203.88037109375,False,False
6,2011-12-09,14,39029.9375,False,False
6,2011-12-09,3,7266.49365234375,False,False
6,2011-12-09,1,28923.05078125,False,False
6,2011-12-09,74,6495.005859375,False,False
6,2011-12-09,45,20.06821060180664,False,False
6,2011-12-09,18,55469.19921875,False,False
6,2011-12-09,58,2163.958740234375,False,False
6,2011-12-09,14,15376.4873046875,False,False
6,2011-12-09,56,610.723876953125,False,False
6,2011-12-09,59,724.5486450195312,False,False
6,2011-12-09,91,5011.0869140625,False,False
6,2011-12-09,17,11149.904296875,False,False
6,2011-12-09,23,29787.236328125,False,False
6,2011-12-09,97,14820.0458984375,False,False
6,2011-12-09,7,37954.30859375,False,False
6,2011-12-09,29,3853.3896484375,False,False
6,2011-12-09,41,2150.99755859375,False,False
6,2011-12-09,13,19687.0625,False,False
6,2011-12-09,94,31996.134765625,False,False
6,2011-12-09,49,1993.0482177734373,False,False
6,2011-12-09,59,546.2001342773438,False,False
6,2011-12-09,38,51157.171875,False,False
6,2011-12-09,11,19666.546875,False,False
6,2011-12-09,60,397.81103515625,False,False
6,2011-12-09,22,5476.2607421875,False,False
6,2011-12-09,13,17801.91796875,False,False
6,2011-12-09,79,24198.025390625,False,False
6,2011-12-09,52,2493.83203125,False,False
6,2011-12-09,67,6216.12060546875,False,False
6,2011-12-09,49,78.24178314208984,False,False
6,2011-12-09,25,11240.7626953125,False,False
6,2011-12-09,5,42119.1015625,False,False
6,2011-12-09,98,6038.4833984375,False,False
6,2011-12-09,14,10542.736328125,False,False
6,2011-12-09,97,16608.1484375,False,False
6,2011-12-09,82,34578.51953125,False,False
6,2011-12-09,91,36006.94921875,False,False
6,2011-12-09,83,2180.776611328125,False,False
6,2011-12-09,54,28.74239730834961,False,False
6,2011-12-09,93,25027.56640625,False,False
6,2011-12-16,46,21708.01171875,False,False
6,2011-12-16,28,336.3455505371094,False,False
6,2011-12-16,19,1436.8673095703125,False,False
6,2011-12-16,49,45.14544677734375,False,False
6,2011-12-16,42,2872.297607421875,False,False
6,2011-12-16,33,10122.5185546875,False,False
6,2011-12-16,5,19525.505859375,False,False
6,2011-12-16,35,1515.0316162109375,False,False
6,2011-12-16,9,8340.3525390625,False,False
6,2011-12-16,14,20412.18359375,False,False
6,2011-12-16,41,1007.5730590820312,False,False
6,2011-12-16,36,1202.6158447265625,False,False
6,2011-12-16,58,1272.9190673828125,False,False
6,2011-12-16,41,2234.01904296875,False,False
6,2011-12-16,27,1294.130859375,False,False
6,2011-12-16,28,260.18634033203125,False,False
6,2011-12-16,13,12731.0693359375,False,False
6,2011-12-16,80,14466.294921875,False,False
6,2011-12-16,14,13881.783203125,False,False
6,2011-12-16,99,2824.922119140625,False,False
6,2011-12-16,97,10150.5478515625,False,False
6,2011-12-16,19,1207.5994873046875,False,False
6,2011-12-16,54,15.82717227935791,False,False
6,2011-12-16,67,11043.14453125,False,False
6,2011-12-16,83,3616.158203125,False,False
6,2011-12-16,90,36984.65625,False,False
6,2011-12-16,21,4220.39306640625,False,False
6,2011-12-16,38,49765.37890625,False,False
6,2011-12-16,18,37656.43359375,False,False
6,2011-12-16,23,20398.33984375,False,False
6,2011-12-16,4,20937.859375,False,False
6,2011-12-16,98,7447.455078125,False,False
6,2011-12-16,49,212.18359375,False,False
6,2011-12-16,14,23385.4140625,False,False
6,2011-12-16,14,15425.412109375,False,False
6,2011-12-16,52,1274.76708984375,False,False
6,2011-12-16,17,9231.083984375,False,False
6,2011-12-16,49,3566.364990234375,False,False
6,2011-12-16,19,1560.0189208984375,False,False
6,2011-12-16,80,11303.185546875,False,False
6,2011-12-16,18,22344.1953125,False,False
6,2011-12-16,19,1443.20068359375,False,False
6,2011-12-16,8,25332.583984375,False,False
6,2011-12-16,93,48658.59375,False,False
6,2011-12-16,7,51767.796875,False,False
6,2011-12-16,13,19942.212890625,False,False
6,2011-12-16,5,38631.2421875,False,False
6,2011-12-16,38,30480.552734375,False,False
6,2011-12-16,90,32872.51953125,False,False
6,2011-12-16,31,1709.8677978515625,False,False
6,2011-12-16,87,25077.62890625,False,False
6,2011-12-16,31,1816.61865234375,False,False
6,2011-12-16,44,3535.790283203125,False,False
6,2011-12-16,79,28435.056640625,False,False
6,2011-12-16,34,7240.52197265625,False,False
6,2011-12-16,91,43092.890625,False,False
6,2011-12-16,23,39256.8515625,False,False
6,2011-12-16,12,12322.169921875,False,False
6,2011-12-16,7,86922.5546875,False,False
6,2011-12-16,81,15836.763671875,False,False
6,2011-12-16,4,21645.708984375,False,False
6,2011-12-16,10,15465.8017578125,False,False
6,2011-12-16,30,1835.322265625,False,False
6,2011-12-16,23,63172.07421875,False,False
6,2011-12-16,24,7926.51953125,False,False
6,2011-12-23,46,36200.4609375,False,False
6,2011-12-23,56,307.1739807128906,False,False
6,2011-12-23,32,9175.357421875,False,False
6,2011-12-23,13,19640.81640625,False,False
6,2011-12-23,22,11091.1279296875,False,False
6,2011-12-23,35,1878.1558837890625,False,False
6,2011-12-23,17,17286.681640625,False,False
6,2011-12-23,21,10620.626953125,False,False
6,2011-12-23,28,159.29776000976562,False,False
6,2011-12-23,29,3521.466552734375,False,False
6,2011-12-23,54,60.38309860229492,False,False
6,2011-12-23,16,3444.451416015625,False,False
6,2011-12-23,42,2656.70703125,False,False
6,2011-12-23,60,449.6234436035156,False,False
6,2011-12-23,2,60517.9921875,False,False
6,2011-12-23,23,24436.087890625,False,False
6,2011-12-23,85,7013.89111328125,False,False
6,2011-12-23,52,250.95285034179688,False,False
6,2011-12-23,94,23347.576171875,False,False
6,2011-12-23,9,10832.38671875,False,False
6,2011-12-23,67,11331.400390625,False,False
6,2011-12-23,10,21294.939453125,False,False
6,2011-12-23,24,5495.66748046875,False,False
6,2011-12-23,5,21778.388671875,False,False
6,2011-12-23,10,15430.6376953125,False,False
6,2011-12-23,25,7014.47021484375,False,False
6,2011-12-23,80,20690.458984375,False,False
6,2011-12-23,91,23300.619140625,False,False
6,2011-12-23,11,24743.38671875,False,False
6,2011-12-23,22,9280.36328125,False,False
6,2011-12-23,8,42151.87890625,False,False
6,2011-12-23,14,27676.205078125,False,False
6,2011-12-23,47,20.35459899902344,False,False
6,2011-12-23,31,2224.716796875,False,False
6,2011-12-23,55,31938.115234375,False,False
6,2011-12-23,42,3055.1005859375,False,False
6,2011-12-23,60,114.8175811767578,False,False
6,2011-12-23,80,17474.416015625,False,False
6,2011-12-23,46,41916.203125,False,False
6,2011-12-23,82,37546.3203125,False,False
6,2011-12-23,10,17163.5546875,False,False
6,2011-12-23,11,14579.51171875,False,False
6,2011-12-23,40,46328.07421875,False,False
6,2011-12-23,27,1817.0550537109373,False,False
6,2011-12-23,99,1269.5235595703125,False,False
6,2011-12-23,38,32057.720703125,False,False
6,2011-12-23,60,56.705787658691406,False,False
6,2011-12-23,16,4237.95947265625,False,False
6,2011-12-23,93,52285.66796875,False,False
6,2011-12-23,22,10330.2265625,False,False
6,2011-12-23,74,7378.02978515625,False,False
6,2011-12-23,13,34193.453125,False,False
6,2011-12-23,3,12222.8388671875,False,False
6,2011-12-23,81,17274.37109375,False,False
6,2011-12-23,56,583.4507446289062,False,False
6,2011-12-23,5,28921.060546875,False,False
6,2011-12-23,97,18141.5546875,False,False
6,2011-12-23,19,41.78407669067383,False,False
6,2011-12-23,98,10210.0927734375,False,False
6,2011-12-23,96,16393.576171875,False,False
6,2011-12-23,2,41319.5859375,False,False
6,2011-12-23,44,5838.15576171875,False,False
6,2011-12-23,4,23726.23828125,False,False
6,2011-12-23,6,8643.40625,False,False
6,2011-12-23,67,11031.2392578125,False,False
6,2011-12-23,59,1037.962158203125,False,False
6,2011-12-23,97,16054.6474609375,False,False
6,2011-12-23,2,26936.7109375,False,False
6,2011-12-23,20,3329.13671875,False,False
6,2011-12-23,96,24377.5,False,False
6,2011-12-23,2,51995.21484375,False,False
6,2011-12-23,21,5135.26123046875,False,False
6,2011-12-23,85,6272.171875,False,False
6,2011-12-23,9,14650.4931640625,False,False
6,2011-12-23,18,20435.09765625,False,False
6,2011-12-23,60,823.99267578125,False,False
6,2011-12-23,40,44881.0546875,False,False
6,2011-12-30,82,22122.01171875,True,False
6,2011-12-30,56,422.5809326171875,True,False
6,2011-12-30,49,213.0489196777344,True,False
6,2011-12-30,99,422.6253051757813,True,False
6,2011-12-30,79,37499.0078125,True,False
6,2011-12-30,22,7587.09619140625,True,False
6,2011-12-30,38,45734.75390625,True,False
6,2011-12-30,95,56619.29296875,True,False
6,2011-12-30,12,1881.6126708984373,True,False
6,2011-12-30,56,25.520715713500977,True,False
6,2011-12-30,97,17981.66796875,True,False
6,2011-12-30,34,5505.841796875,True,False
6,2011-12-30,79,19736.1875,True,False
6,2011-12-30,9,17374.890625,True,False
6,2011-12-30,44,2670.388427734375,True,False
6,2011-12-30,4,25259.671875,True,False
6,2011-12-30,90,50285.81640625,True,False
6,2011-12-30,91,42349.03125,True,False
6,2011-12-30,30,1712.359375,True,False
6,2011-12-30,37,1656.7928466796875,True,False
6,2011-12-30,20,2678.190673828125,True,False
6,2011-12-30,38,22540.982421875,True,False
6,2011-12-30,82,25183.857421875,True,False
6,2011-12-30,28,201.43467712402344,True,False
6,2011-12-30,40,36901.71875,True,False
6,2011-12-30,42,2743.200927734375,True,False
6,2011-12-30,16,3146.776611328125,True,False
6,2011-12-30,54,52.74025344848633,True,False
6,2011-12-30,3,3766.970703125,True,False
6,2011-12-30,5,29735.7109375,True,False
6,2011-12-30,56,79.7806167602539,True,False
6,2011-12-30,26,3437.4111328125,True,False
6,2011-12-30,85,3647.861572265625,True,False
6,2011-12-30,60,71.31787872314453,True,False
6,2011-12-30,22,5376.82666015625,True,False
6,2011-12-30,59,1332.1346435546875,True,False
6,2011-12-30,52,739.628173828125,True,False
6,2011-12-30,83,2821.98388671875,True,False
6,2011-12-30,40,22362.896484375,True,False
6,2011-12-30,1,19795.560546875,True,False
6,2011-12-30,95,45756.21484375,True,False
6,2011-12-30,5,30638.58984375,True,False
6,2011-12-30,1,16401.8125,True,False
6,2011-12-30,11,3204.85595703125,True,False
6,2011-12-30,4,23076.232421875,True,False
6,2011-12-30,21,3810.611572265625,True,False
6,2011-12-30,82,18951.25,True,False
6,2011-12-30,92,94023.7421875,True,False
6,2011-12-30,30,2296.542236328125,True,False
6,2011-12-30,26,3874.021484375,True,False
6,2011-12-30,91,29121.607421875,True,False
6,2011-12-30,81,17337.509765625,True,False
6,2011-12-30,48,162.91419982910156,True,False
6,2011-12-30,41,1028.2027587890625,True,False
6,2011-12-30,92,76250.4765625,True,False
6,2011-12-30,17,14665.6416015625,True,False
6,2011-12-30,96,5287.814453125,True,False
6,2011-12-30,42,1745.04443359375,True,False
6,2011-12-30,13,12697.0625,True,False
6,2011-12-30,56,98.95144653320312,True,False
6,2011-12-30,17,9954.9541015625,True,False
6,2011-12-30,27,866.5411987304688,True,False
6,2011-12-30,18,37737.60546875,True,False
6,2011-12-30,60,239.51724243164065,True,False
7,2011-12-02,38,36941.90234375,False,False
7,2011-12-02,54,36.37057113647461,False,False
7,2011-12-02,58,2582.331298828125,False,False
7,2011-12-02,55,16635.396484375,False,False
7,2011-12-02,23,35753.46484375,False,False
7,2011-12-02,7,98101.2421875,False,False
7,2011-12-02,3,9357.2509765625,False,False
7,2011-12-02,29,10648.146484375,False,False
7,2011-12-02,18,69328.765625,False,False
7,2011-12-02,12,6484.8623046875,False,False
7,2011-12-02,19,67.24388122558594,False,False
7,2011-12-02,67,13387.712890625,False,False
7,2011-12-02,83,3890.2578125,False,False
7,2011-12-02,54,44.031986236572266,False,False
7,2011-12-02,54,59.02913284301758,False,False
7,2011-12-02,6,7238.45849609375,False,False
7,2011-12-02,40,56554.5078125,False,False
7,2011-12-02,50,2235.16455078125,False,False
7,2011-12-02,46,16195.2177734375,False,False
7,2011-12-02,11,14819.861328125,False,False
7,2011-12-02,5,32387.927734375,False,False
7,2011-12-02,52,3342.809814453125,False,False
7,2011-12-02,41,4619.5517578125,False,False
7,2011-12-02,79,22475.44921875,False,False
7,2011-12-02,87,10637.5546875,False,False
7,2011-12-02,8,25963.0390625,False,False
7,2011-12-02,20,6846.6806640625,False,False
7,2011-12-02,44,4929.94873046875,False,False
7,2011-12-02,92,90576.7890625,False,False
7,2011-12-02,35,2439.44873046875,False,False
7,2011-12-02,33,9343.0771484375,False,False
7,2011-12-02,7,56720.71484375,False,False
7,2011-12-02,36,1523.8140869140625,False,False
7,2011-12-02,8,35582.6796875,False,False
7,2011-12-02,82,34850.44140625,False,False
7,2011-12-02,40,47744.6640625,False,False
7,2011-12-02,95,116568.15625,False,False
7,2011-12-02,4,35603.32421875,False,False
7,2011-12-02,16,4432.677734375,False,False
7,2011-12-02,56,1375.076904296875,False,False
7,2011-12-02,56,1289.544189453125,False,False
7,2011-12-02,37,1333.2470703125,False,False
7,2011-12-02,4,38702.27734375,False,False
7,2011-12-02,3,11671.017578125,False,False
7,2011-12-02,29,6696.0322265625,False,False
7,2011-12-02,74,11077.1904296875,False,False
7,2011-12-02,29,5979.19482421875,False,False
7,2011-12-02,5,25895.2890625,False,False
7,2011-12-02,40,67514.953125,False,False
7,2011-12-02,49,9876.830078125,False,False
7,2011-12-02,50,1038.524169921875,False,False
7,2011-12-02,97,8509.33203125,False,False
7,2011-12-02,82,27477.375,False,False
7,2011-12-02,87,18927.146484375,False,False
7,2011-12-02,72,73512.765625,False,False
7,2011-12-02,36,1401.601318359375,False,False
7,2011-12-02,29,14237.4462890625,False,False
7,2011-12-02,29,5858.47216796875,False,False
7,2011-12-02,14,27774.0859375,False,False
7,2011-12-02,6,2963.77001953125,False,False
7,2011-12-02,1,20173.2578125,False,False
7,2011-12-02,24,7283.23193359375,False,False
7,2011-12-02,34,11199.2099609375,False,False
7,2011-12-02,5,51737.7578125,False,False
7,2011-12-02,47,-116.2175064086914,False,False
7,2011-12-02,71,9753.9033203125,False,False
7,2011-12-02,3,10646.935546875,False,False
7,2011-12-02,23,23166.421875,False,False
7,2011-12-02,97,16842.490234375,False,False
7,2011-12-02,95,85877.8046875,False,False
7,2011-12-02,49,13836.4873046875,False,False
7,2011-12-02,71,7058.3544921875,False,False
7,2011-12-09,23,42152.35546875,False,False
7,2011-12-09,21,9369.56640625,False,False
7,2011-12-09,94,76035.234375,False,False
7,2011-12-09,96,39578.22265625,False,False
7,2011-12-09,96,158.54823303222656,False,False
7,2011-12-09,4,40911.203125,False,False
7,2011-12-09,41,5258.99755859375,False,False
7,2011-12-09,80,20820.154296875,False,False
7,2011-12-09,25,12533.515625,False,False
7,2011-12-09,16,4911.6728515625,False,False
7,2011-12-09,7,32898.5625,False,False
7,2011-12-09,55,15174.1484375,False,False
7,2011-12-09,7,59290.8671875,False,False
7,2011-12-09,74,18376.845703125,False,False
7,2011-12-09,56,2488.950439453125,False,False
7,2011-12-09,3,30736.75390625,False,False
7,2011-12-09,71,4081.337646484375,False,False
7,2011-12-09,8,40576.45703125,False,False
7,2011-12-09,93,42634.328125,False,False
7,2011-12-09,21,10527.4755859375,False,False
7,2011-12-09,27,3087.220703125,False,False
7,2011-12-09,26,11352.4345703125,False,False
7,2011-12-09,93,27656.0859375,False,False
7,2011-12-09,59,5376.41455078125,False,False
7,2011-12-09,90,41665.74609375,False,False
7,2011-12-09,46,40801.1015625,False,False
7,2011-12-09,58,2025.093505859375,False,False
7,2011-12-09,60,575.2908935546875,False,False
7,2011-12-09,28,1334.7821044921875,False,False
7,2011-12-09,92,131365.859375,False,False
7,2011-12-09,20,5325.33447265625,False,False
7,2011-12-09,55,19414.83203125,False,False
7,2011-12-09,31,4983.1533203125,False,False
7,2011-12-09,80,17200.16015625,False,False
7,2011-12-09,32,25234.52734375,False,False
7,2011-12-09,83,1388.623291015625,False,False
7,2011-12-09,5,44993.80078125,False,False
7,2011-12-09,27,3789.921630859375,False,False
7,2011-12-09,52,2907.57666015625,False,False
7,2011-12-09,34,10128.5859375,False,False
7,2011-12-09,7,108175.703125,False,False
7,2011-12-09,6,4908.623046875,False,False
7,2011-12-09,52,2918.068115234375,False,False
7,2011-12-09,27,2710.481689453125,False,False
7,2011-12-09,46,32960.60546875,False,False
7,2011-12-09,2,56435.62890625,False,False
7,2011-12-09,35,3004.88330078125,False,False
7,2011-12-09,14,26890.16796875,False,False
7,2011-12-09,20,2133.408935546875,False,False
7,2011-12-09,24,4792.2587890625,False,False
7,2011-12-09,54,14.153157234191896,False,False
7,2011-12-09,52,545.3737182617188,False,False
7,2011-12-09,4,29218.08984375,False,False
7,2011-12-09,97,24077.650390625,False,False
7,2011-12-09,81,18170.126953125,False,False
7,2011-12-09,23,20737.43359375,False,False
7,2011-12-09,80,36891.76953125,False,False
7,2011-12-09,7,59974.890625,False,False
7,2011-12-09,1,67401.0625,False,False
7,2011-12-09,55,31778.732421875,False,False
7,2011-12-09,90,101444.1796875,False,False
7,2011-12-09,28,823.2791137695312,False,False
7,2011-12-09,8,49990.1875,False,False
7,2011-12-09,95,89456.3515625,False,False
7,2011-12-09,26,10578.48828125,False,False
7,2011-12-09,33,13228.5126953125,False,False
7,2011-12-09,24,9312.72265625,False,False
7,2011-12-09,91,60362.875,False,False
7,2011-12-09,18,79608.65625,False,False
7,2011-12-16,38,127605.28125,False,False
7,2011-12-16,72,71667.046875,False,False
7,2011-12-16,23,7268.95458984375,False,False
7,2011-12-16,82,71041.0234375,False,False
7,2011-12-16,79,44150.11328125,False,False
7,2011-12-16,85,16744.953125,False,False
7,2011-12-16,35,3843.7724609375,False,False
7,2011-12-16,90,64651.69140625,False,False
7,2011-12-16,82,38579.03125,False,False
7,2011-12-16,38,79596.9765625,False,False
7,2011-12-16,56,2871.18603515625,False,False
7,2011-12-16,18,48950.984375,False,False
7,2011-12-16,72,81089.234375,False,False
7,2011-12-16,22,23101.32421875,False,False
7,2011-12-16,4,29863.337890625,False,False
7,2011-12-16,7,186307.78125,False,False
7,2011-12-16,87,11253.462890625,False,False
7,2011-12-16,30,3435.06787109375,False,False
7,2011-12-16,32,12589.2705078125,False,False
7,2011-12-16,80,28045.10546875,False,False
7,2011-12-16,47,500.8098754882813,False,False
7,2011-12-16,91,73874.3671875,False,False
7,2011-12-16,52,5908.79736328125,False,False
7,2011-12-16,40,53030.51171875,False,False
7,2011-12-16,19,3208.122802734375,False,False
7,2011-12-16,58,8435.326171875,False,False
7,2011-12-16,4,39091.9375,False,False
7,2011-12-16,81,19388.92578125,False,False
7,2011-12-16,18,23010.99609375,False,False
7,2011-12-16,60,1179.21923828125,False,False
7,2011-12-16,33,13863.8349609375,False,False
7,2011-12-16,42,9616.732421875,False,False
7,2011-12-16,33,12876.9423828125,False,False
7,2011-12-16,90,108681.1328125,False,False
7,2011-12-16,82,45963.86328125,False,False
7,2011-12-16,67,20229.90234375,False,False
7,2011-12-16,5,57935.2265625,False,False
7,2011-12-16,25,15712.5712890625,False,False
7,2011-12-16,92,27239.21484375,False,False
7,2011-12-16,38,79072.296875,False,False
7,2011-12-16,33,8267.0263671875,False,False
7,2011-12-16,83,9110.2607421875,False,False
7,2011-12-16,81,12636.265625,False,False
7,2011-12-16,72,71984.8828125,False,False
7,2011-12-16,32,10701.2529296875,False,False
7,2011-12-16,71,13347.744140625,False,False
7,2011-12-16,38,68953.8515625,False,False
7,2011-12-16,98,15313.486328125,False,False
7,2011-12-16,92,202611.46875,False,False
7,2011-12-16,46,33497.58203125,False,False
7,2011-12-16,58,2539.42431640625,False,False
7,2011-12-16,56,816.8181762695312,False,False
7,2011-12-16,80,14826.81640625,False,False
7,2011-12-16,10,26660.552734375,False,False
7,2011-12-16,40,63635.46875,False,False
7,2011-12-16,79,26438.36328125,False,False
7,2011-12-16,95,107260.9609375,False,False
7,2011-12-16,60,1755.4501953125,False,False
7,2011-12-16,32,41216.58203125,False,False
7,2011-12-16,52,2043.3841552734373,False,False
7,2011-12-16,85,7332.85986328125,False,False
7,2011-12-16,42,5146.93115234375,False,False
7,2011-12-16,54,84.83638763427734,False,False
7,2011-12-16,18,29195.283203125,False,False
7,2011-12-16,58,8783.76171875,False,False
7,2011-12-16,12,4149.3779296875,False,False
7,2011-12-16,59,5200.24169921875,False,False
7,2011-12-16,31,5607.6796875,False,False
7,2011-12-16,7,55012.62890625,False,False
7,2011-12-16,33,8054.45556640625,False,False
7,2011-12-16,36,1294.421875,False,False
7,2011-12-16,28,848.9683227539062,False,False
7,2011-12-16,90,77840.65625,False,False
7,2011-12-16,38,56748.828125,False,False
7,2011-12-16,14,52767.80859375,False,False
7,2011-12-16,54,29.826038360595703,False,False
7,2011-12-16,2,65052.51171875,False,False
7,2011-12-23,91,53360.5,False,False
7,2011-12-23,10,30651.875,False,False
7,2011-12-23,25,18983.14453125,False,False
7,2011-12-23,90,111512.90625,False,False
7,2011-12-23,13,52865.26171875,False,False
7,2011-12-23,30,3446.46826171875,False,False
7,2011-12-23,92,213467.265625,False,False
7,2011-12-23,55,62489.84375,False,False
7,2011-12-23,30,3939.36865234375,False,False
7,2011-12-23,55,55212.375,False,False
7,2011-12-23,35,2868.37353515625,False,False
7,2011-12-23,1,56705.7421875,False,False
7,2011-12-23,21,13340.7109375,False,False
7,2011-12-23,7,110819.578125,False,False
7,2011-12-23,60,690.1203002929688,False,False
7,2011-12-23,9,25918.009765625,False,False
7,2011-12-23,12,2781.130615234375,False,False
7,2011-12-23,94,64577.5859375,False,False
7,2011-12-23,74,18055.046875,False,False
7,2011-12-23,1,92345.5546875,False,False
7,2011-12-23,67,21659.953125,False,False
7,2011-12-23,23,2555.6328125,False,False
7,2011-12-23,14,43537.859375,False,False
7,2011-12-23,81,18062.40625,False,False
7,2011-12-23,42,11220.2734375,False,False
7,2011-12-23,22,27589.5546875,False,False
7,2011-12-23,40,64084.80078125,False,False
7,2011-12-23,13,61369.61328125,False,False
7,2011-12-23,10,24733.34765625,False,False
7,2011-12-23,97,20935.896484375,False,False
7,2011-12-23,4,29675.71484375,False,False
7,2011-12-23,58,1313.177001953125,False,False
7,2011-12-23,83,11210.283203125,False,False
7,2011-12-23,95,105956.0078125,False,False
7,2011-12-23,58,1037.3790283203125,False,False
7,2011-12-23,6,8011.7080078125,False,False
7,2011-12-23,97,49794.46484375,False,False
7,2011-12-23,58,191.6148834228516,False,False
7,2011-12-23,8,50875.95703125,False,False
7,2011-12-23,34,25435.08203125,False,False
7,2011-12-23,17,30383.1328125,False,False
7,2011-12-23,80,27578.736328125,False,False
7,2011-12-23,91,34131.015625,False,False
7,2011-12-23,71,8651.060546875,False,False
7,2011-12-23,1,59594.35546875,False,False
7,2011-12-23,40,62970.09765625,False,False
7,2011-12-23,35,4860.5869140625,False,False
7,2011-12-23,82,80926.6015625,False,False
7,2011-12-23,38,118358.546875,False,False
7,2011-12-23,18,49168.078125,False,False
7,2011-12-23,74,17878.287109375,False,False
7,2011-12-23,87,18310.994140625,False,False
7,2011-12-23,99,2977.33935546875,False,False
7,2011-12-23,72,78603.875,False,False
7,2011-12-23,85,3589.0712890625,False,False
7,2011-12-23,30,5872.1708984375,False,False
7,2011-12-23,1,71593.90625,False,False
7,2011-12-23,97,40686.6640625,False,False
7,2011-12-23,99,1631.0123291015625,False,False
7,2011-12-23,4,29684.38671875,False,False
7,2011-12-23,29,17071.83203125,False,False
7,2011-12-23,58,9184.103515625,False,False
7,2011-12-23,82,30877.046875,False,False
7,2011-12-23,12,6361.00537109375,False,False
7,2011-12-23,8,44784.3203125,False,False
7,2011-12-23,33,15961.744140625,False,False
7,2011-12-23,35,2373.362060546875,False,False
7,2011-12-30,19,786.3132934570312,True,False
7,2011-12-30,49,12356.978515625,True,False
7,2011-12-30,44,6012.34716796875,True,False
7,2011-12-30,29,7129.1279296875,True,False
7,2011-12-30,71,14545.1103515625,True,False
7,2011-12-30,79,53883.9609375,True,False
7,2011-12-30,36,2518.066650390625,True,False
7,2011-12-30,50,754.8394775390625,True,False
7,2011-12-30,21,4899.6259765625,True,False
7,2011-12-30,37,2507.11962890625,True,False
7,2011-12-30,87,9923.9443359375,True,False
7,2011-12-30,38,49728.953125,True,False
7,2011-12-30,17,11307.8779296875,True,False
7,2011-12-30,46,42176.6484375,True,False
7,2011-12-30,44,3006.190185546875,True,False
7,2011-12-30,11,26266.232421875,True,False
7,2011-12-30,24,5740.65966796875,True,False
7,2011-12-30,21,6197.13037109375,True,False
7,2011-12-30,16,5455.4873046875,True,False
7,2011-12-30,91,21668.2734375,True,False
7,2011-12-30,90,48861.984375,True,False
7,2011-12-30,16,537.0318603515625,True,False
7,2011-12-30,36,1805.58984375,True,False
7,2011-12-30,33,4794.5595703125,True,False
7,2011-12-30,26,4844.2744140625,True,False
7,2011-12-30,27,3618.21826171875,True,False
7,2011-12-30,41,6174.34716796875,True,False
7,2011-12-30,14,31842.87890625,True,False
7,2011-12-30,58,7719.4443359375,True,False
7,2011-12-30,5,30823.193359375,True,False
7,2011-12-30,79,50545.07421875,True,False
7,2011-12-30,8,42975.27734375,True,False
7,2011-12-30,82,34073.359375,True,False
7,2011-12-30,1,21008.609375,True,False
7,2011-12-30,95,75639.5078125,True,False
7,2011-12-30,55,21157.57421875,True,False
7,2011-12-30,16,3202.716552734375,True,False
7,2011-12-30,80,9925.8994140625,True,False
7,2011-12-30,25,10971.689453125,True,False
7,2011-12-30,60,102.99981689453124,True,False
7,2011-12-30,82,42514.06640625,True,False
7,2011-12-30,87,22852.095703125,True,False
7,2011-12-30,29,11019.080078125,True,False
7,2011-12-30,72,55353.0625,True,False
7,2011-12-30,32,9640.169921875,True,False
7,2011-12-30,27,1874.055908203125,True,False
7,2011-12-30,54,58.47853469848633,True,False
7,2011-12-30,16,3276.858642578125,True,False
7,2011-12-30,31,2648.09521484375,True,False
7,2011-12-30,34,8151.57421875,True,False
7,2011-12-30,5,31137.052734375,True,False
7,2011-12-30,41,1629.348388671875,True,False
7,2011-12-30,90,55414.6796875,True,False
7,2011-12-30,4,46202.41796875,True,False
7,2011-12-30,8,33458.828125,True,False
7,2011-12-30,28,726.230224609375,True,False
7,2011-12-30,58,12333.4287109375,True,False
7,2011-12-30,85,2021.4676513671875,True,False
7,2011-12-30,99,411.8576965332031,True,False
7,2011-12-30,93,31540.3046875,True,False
7,2011-12-30,90,25474.57421875,True,False
7,2011-12-30,3,9286.029296875,True,False
7,2011-12-30,59,4882.38623046875,True,False
7,2011-12-30,94,30547.65234375,True,False
7,2011-12-30,87,12676.3662109375,True,False
7,2011-12-30,93,9707.6025390625,True,False
7,2011-12-30,90,60212.0234375,True,False
7,2011-12-30,49,5100.51708984375,True,False
7,2011-12-30,3,12244.2958984375,True,False
7,2011-12-30,87,20794.755859375,True,False
7,2011-12-30,3,11291.4599609375,True,False
7,2011-12-30,9,16316.380859375,True,False
7,2011-12-30,25,5515.767578125,True,False
7,2011-12-30,2,64705.34765625,True,False
7,2011-12-30,27,2005.94482421875,True,False
7,2011-12-30,24,5737.1630859375,True,False
8,2011-12-02,56,4600.96435546875,False,False
8,2011-12-02,47,48.81645965576172,False,False
8,2011-12-02,85,4282.3193359375,False,False
8,2011-12-02,44,8124.81689453125,False,False
8,2011-12-02,35,2145.6455078125,False,False
8,2011-12-02,91,67086.7890625,False,False
8,2011-12-02,7,82221.453125,False,False
8,2011-12-02,90,68731.265625,False,False
8,2011-12-02,92,119118.484375,False,False
8,2011-12-02,6,6115.74951171875,False,False
8,2011-12-02,28,1815.143310546875,False,False
8,2011-12-02,38,119544.65625,False,False
8,2011-12-02,47,-1.6045928001403809,False,False
8,2011-12-02,31,3248.09228515625,False,False
8,2011-12-02,20,7894.6953125,False,False
8,2011-12-02,23,22744.0625,False,False
8,2011-12-02,90,18581.181640625,False,False
8,2011-12-02,49,7649.7001953125,False,False
8,2011-12-02,59,4216.75244140625,False,False
8,2011-12-02,37,1951.6729736328125,False,False
8,2011-12-02,49,14912.349609375,False,False
8,2011-12-02,97,15959.015625,False,False
8,2011-12-02,9,58214.71484375,False,False
8,2011-12-02,22,18017.2109375,False,False
8,2011-12-02,38,64127.49609375,False,False
8,2011-12-02,79,18559.474609375,False,False
8,2011-12-02,60,306.2195739746094,False,False
8,2011-12-02,32,11203.064453125,False,False
8,2011-12-02,2,73667.2890625,False,False
8,2011-12-02,1,31179.716796875,False,False
8,2011-12-02,18,43089.8046875,False,False
8,2011-12-02,55,37524.3203125,False,False
8,2011-12-02,3,13904.5439453125,False,False
8,2011-12-02,52,2401.1748046875,False,False
8,2011-12-02,16,5573.4423828125,False,False
8,2011-12-02,79,28390.548828125,False,False
8,2011-12-02,80,13226.380859375,False,False
8,2011-12-02,42,9065.865234375,False,False
8,2011-12-02,58,1869.145263671875,False,False
8,2011-12-02,72,57719.07421875,False,False
8,2011-12-02,72,77163.2421875,False,False
8,2011-12-02,2,60473.1640625,False,False
8,2011-12-02,14,32108.595703125,False,False
8,2011-12-02,20,6021.23974609375,False,False
8,2011-12-02,79,49089.00390625,False,False
8,2011-12-02,16,1587.2120361328125,False,False
8,2011-12-02,58,4785.0224609375,False,False
8,2011-12-02,95,139350.484375,False,False
8,2011-12-02,46,32659.783203125,False,False
8,2011-12-02,98,10717.8662109375,False,False
8,2011-12-02,26,14515.5810546875,False,False
8,2011-12-02,79,32458.19921875,False,False
8,2011-12-02,46,32686.564453125,False,False
8,2011-12-02,44,9805.2900390625,False,False
8,2011-12-02,74,24695.75,False,False
8,2011-12-02,5,39906.4765625,False,False
8,2011-12-02,46,31637.462890625,False,False
8,2011-12-02,59,4269.029296875,False,False
8,2011-12-02,25,14727.513671875,False,False
8,2011-12-02,90,64000.39453125,False,False
8,2011-12-02,23,36573.55078125,False,False
8,2011-12-02,98,17919.302734375,False,False
8,2011-12-02,37,2947.83544921875,False,False
8,2011-12-02,94,50324.62109375,False,False
8,2011-12-02,16,8140.0751953125,False,False
8,2011-12-02,93,37139.28515625,False,False
8,2011-12-02,49,7711.59423828125,False,False
8,2011-12-02,35,2117.96630859375,False,False
8,2011-12-02,10,19401.3515625,False,False
8,2011-12-02,35,3170.52099609375,False,False
8,2011-12-02,17,33018.6328125,False,False
8,2011-12-02,13,44396.95703125,False,False
8,2011-12-02,92,160656.0,False,False
8,2011-12-02,32,17860.1796875,False,False
8,2011-12-02,26,16102.7431640625,False,False
8,2011-12-02,7,48846.20703125,False,False
8,2011-12-02,71,8089.97509765625,False,False
8,2011-12-02,91,46191.4453125,False,False
8,2011-12-02,67,16266.3369140625,False,False
8,2011-12-02,26,16144.669921875,False,False
8,2011-12-02,18,82604.5390625,False,False
8,2011-12-09,82,56403.33203125,False,False
8,2011-12-09,44,11226.22265625,False,False
8,2011-12-09,12,4576.4619140625,False,False
8,2011-12-09,30,3777.062255859375,False,False
8,2011-12-09,71,10648.4462890625,False,False
8,2011-12-09,52,4878.9716796875,False,False
8,2011-12-09,56,1625.005859375,False,False
8,2011-12-09,71,5360.4677734375,False,False
8,2011-12-09,2,86617.2421875,False,False
8,2011-12-09,22,8280.0263671875,False,False
8,2011-12-09,80,39217.9375,False,False
8,2011-12-09,72,134126.921875,False,False
8,2011-12-09,90,135782.625,False,False
8,2011-12-09,91,64341.0546875,False,False
8,2011-12-09,87,11776.3330078125,False,False
8,2011-12-09,85,1830.771728515625,False,False
8,2011-12-09,58,4751.4755859375,False,False
8,2011-12-09,71,13234.28125,False,False
8,2011-12-09,93,41533.234375,False,False
8,2011-12-09,59,4244.73193359375,False,False
8,2011-12-09,40,74380.3671875,False,False
8,2011-12-09,35,3221.215576171875,False,False
8,2011-12-09,11,14057.59375,False,False
8,2011-12-09,13,29681.11328125,False,False
8,2011-12-09,97,35120.74609375,False,False
8,2011-12-09,41,9329.869140625,False,False
8,2011-12-09,33,16640.322265625,False,False
8,2011-12-09,72,92242.3359375,False,False
8,2011-12-09,30,5406.7373046875,False,False
8,2011-12-09,87,14170.779296875,False,False
8,2011-12-09,79,26266.66015625,False,False
8,2011-12-09,38,114689.5546875,False,False
8,2011-12-09,12,4132.9384765625,False,False
8,2011-12-09,36,2746.335205078125,False,False
8,2011-12-09,31,7121.68896484375,False,False
8,2011-12-09,97,31793.537109375,False,False
8,2011-12-09,38,139671.375,False,False
8,2011-12-09,82,41165.60546875,False,False
8,2011-12-09,49,8900.75,False,False
8,2011-12-09,22,19679.96875,False,False
8,2011-12-09,58,3524.28515625,False,False
8,2011-12-09,3,20496.43359375,False,False
8,2011-12-09,52,11636.7470703125,False,False
8,2011-12-09,42,7889.06787109375,False,False
8,2011-12-09,90,93713.1953125,False,False
8,2011-12-09,2,90801.5625,False,False
8,2011-12-09,46,39316.1015625,False,False
8,2011-12-09,56,4993.609375,False,False
8,2011-12-09,16,5216.44580078125,False,False
8,2011-12-09,49,9693.98828125,False,False
8,2011-12-09,16,5181.51953125,False,False
8,2011-12-09,14,26486.45703125,False,False
8,2011-12-09,10,31326.609375,False,False
8,2011-12-09,24,18732.71484375,False,False
8,2011-12-09,79,46164.57421875,False,False
8,2011-12-09,46,33619.9609375,False,False
8,2011-12-09,4,46513.59375,False,False
8,2011-12-09,37,4272.2744140625,False,False
8,2011-12-09,23,40971.24609375,False,False
8,2011-12-09,74,23375.92578125,False,False
8,2011-12-09,5,27545.6328125,False,False
8,2011-12-09,41,2114.74267578125,False,False
8,2011-12-09,13,47532.09375,False,False
8,2011-12-09,9,30467.306640625,False,False
8,2011-12-09,82,45314.81640625,False,False
8,2011-12-09,93,47198.48046875,False,False
8,2011-12-09,72,106792.6640625,False,False
8,2011-12-09,44,7917.068359375,False,False
8,2011-12-09,80,13224.7265625,False,False
8,2011-12-16,2,56476.2890625,False,False
8,2011-12-16,26,18153.234375,False,False
8,2011-12-16,85,6975.42333984375,False,False
8,2011-12-16,95,97643.3984375,False,False
8,2011-12-16,74,12143.49609375,False,False
8,2011-12-16,79,31493.78125,False,False
8,2011-12-16,25,16519.40234375,False,False
8,2011-12-16,10,41773.62890625,False,False
8,2011-12-16,21,14306.0625,False,False
8,2011-12-16,7,88488.0234375,False,False
8,2011-12-16,71,8897.4677734375,False,False
8,2011-12-16,51,15.380343437194824,False,False
8,2011-12-16,96,52.7410888671875,False,False
8,2011-12-16,40,76081.1640625,False,False
8,2011-12-16,27,4906.830078125,False,False
8,2011-12-16,20,5201.34521484375,False,False
8,2011-12-16,5,53641.16796875,False,False
8,2011-12-16,9,34822.359375,False,False
8,2011-12-16,3,25235.259765625,False,False
8,2011-12-16,56,1824.159912109375,False,False
8,2011-12-16,31,6652.47119140625,False,False
8,2011-12-16,42,9451.1025390625,False,False
8,2011-12-16,46,51113.80859375,False,False
8,2011-12-16,2,63895.5390625,False,False
8,2011-12-16,40,58749.32421875,False,False
8,2011-12-16,71,15159.578125,False,False
8,2011-12-16,6,8282.951171875,False,False
8,2011-12-16,71,11380.1513671875,False,False
8,2011-12-16,2,117148.578125,False,False
8,2011-12-16,2,64608.36328125,False,False
8,2011-12-16,8,40245.90234375,False,False
8,2011-12-16,44,8910.3359375,False,False
8,2011-12-16,40,55359.29296875,False,False
8,2011-12-16,99,3906.782470703125,False,False
8,2011-12-16,42,9225.0,False,False
8,2011-12-16,4,48846.51171875,False,False
8,2011-12-16,45,63.80800628662109,False,False
8,2011-12-16,33,17103.05078125,False,False
8,2011-12-16,26,19395.0625,False,False
8,2011-12-16,44,12019.7607421875,False,False
8,2011-12-16,20,10136.595703125,False,False
8,2011-12-16,9,37694.50390625,False,False
8,2011-12-16,5,98034.8203125,False,False
8,2011-12-16,14,41955.92578125,False,False
8,2011-12-16,29,7303.8232421875,False,False
8,2011-12-16,91,108393.171875,False,False
8,2011-12-16,38,109629.34375,False,False
8,2011-12-16,72,87048.8671875,False,False
8,2011-12-16,29,17804.939453125,False,False
8,2011-12-16,11,25743.482421875,False,False
8,2011-12-16,32,24146.58203125,False,False
8,2011-12-16,11,41442.37109375,False,False
8,2011-12-16,60,644.6461791992188,False,False
8,2011-12-16,33,20443.685546875,False,False
8,2011-12-16,72,156536.734375,False,False
8,2011-12-16,91,87345.8671875,False,False
8,2011-12-16,94,65722.2421875,False,False
8,2011-12-16,22,21000.869140625,False,False
8,2011-12-16,19,4901.8037109375,False,False
8,2011-12-16,80,19928.283203125,False,False
8,2011-12-16,8,53534.46484375,False,False
8,2011-12-16,83,5872.85205078125,False,False
8,2011-12-16,25,51234.21875,False,False
8,2011-12-16,79,44656.67578125,False,False
8,2011-12-16,8,55804.625,False,False
8,2011-12-16,67,14113.283203125,False,False
8,2011-12-16,59,9688.1396484375,False,False
8,2011-12-16,33,19727.82421875,False,False
8,2011-12-16,35,3784.96533203125,False,False
8,2011-12-16,38,54232.1875,False,False
8,2011-12-16,11,25149.583984375,False,False
8,2011-12-23,17,25216.15234375,False,False
8,2011-12-23,23,60537.9453125,False,False
8,2011-12-23,60,496.5206909179688,False,False
8,2011-12-23,85,12518.23828125,False,False
8,2011-12-23,12,4734.10791015625,False,False
8,2011-12-23,55,64290.11328125,False,False
8,2011-12-23,26,21127.376953125,False,False
8,2011-12-23,31,6313.08642578125,False,False
8,2011-12-23,36,7144.75244140625,False,False
8,2011-12-23,81,32114.82421875,False,False
8,2011-12-23,85,5814.04052734375,False,False
8,2011-12-23,7,233191.734375,False,False
8,2011-12-23,72,66393.8984375,False,False
8,2011-12-23,52,6987.1806640625,False,False
8,2011-12-23,25,24365.5859375,False,False
8,2011-12-23,38,75215.375,False,False
8,2011-12-23,32,28646.734375,False,False
8,2011-12-23,40,67277.453125,False,False
8,2011-12-23,29,15354.67578125,False,False
8,2011-12-23,19,4898.50390625,False,False
8,2011-12-23,80,36245.57421875,False,False
8,2011-12-23,90,106449.3203125,False,False
8,2011-12-23,97,32989.3671875,False,False
8,2011-12-23,91,33065.21875,False,False
8,2011-12-23,97,31970.099609375,False,False
8,2011-12-23,46,123444.5234375,False,False
8,2011-12-23,12,6211.14892578125,False,False
8,2011-12-23,38,50772.6953125,False,False
8,2011-12-23,17,35993.86328125,False,False
8,2011-12-23,13,34802.8203125,False,False
8,2011-12-23,20,10631.9951171875,False,False
8,2011-12-23,81,11056.3486328125,False,False
8,2011-12-23,4,42855.26953125,False,False
8,2011-12-23,67,27313.94140625,False,False
8,2011-12-23,14,93149.609375,False,False
8,2011-12-23,8,58591.76171875,False,False
8,2011-12-23,19,244.6158142089844,False,False
8,2011-12-23,92,265461.3125,False,False
8,2011-12-23,59,4177.70068359375,False,False
8,2011-12-23,22,32136.56640625,False,False
8,2011-12-23,10,40242.3125,False,False
8,2011-12-23,5,132374.84375,False,False
8,2011-12-23,95,185376.578125,False,False
8,2011-12-23,97,20610.611328125,False,False
8,2011-12-23,93,56720.01171875,False,False
8,2011-12-23,14,94860.765625,False,False
8,2011-12-23,21,17897.458984375,False,False
8,2011-12-23,94,76720.421875,False,False
8,2011-12-23,7,116991.1796875,False,False
8,2011-12-23,9,13524.34375,False,False
8,2011-12-23,28,1800.087158203125,False,False
8,2011-12-23,30,5917.15869140625,False,False
8,2011-12-23,46,84256.2421875,False,False
8,2011-12-23,47,96.26057434082033,False,False
8,2011-12-23,79,40566.578125,False,False
8,2011-12-23,55,27969.525390625,False,False
8,2011-12-23,16,4142.14013671875,False,False
8,2011-12-23,91,79024.078125,False,False
8,2011-12-30,25,10549.0576171875,True,False
8,2011-12-30,20,5711.0703125,True,False
8,2011-12-30,55,26521.81640625,True,False
8,2011-12-30,1,47876.96875,True,False
8,2011-12-30,40,58989.40234375,True,False
8,2011-12-30,31,3859.00634765625,True,False
8,2011-12-30,48,2154.357666015625,True,False
8,2011-12-30,30,6162.88916015625,True,False
8,2011-12-30,5,47754.4609375,True,False
8,2011-12-30,37,6533.4326171875,True,False
8,2011-12-30,30,5458.90966796875,True,False
8,2011-12-30,27,5775.3466796875,True,False
8,2011-12-30,26,11573.4912109375,True,False
8,2011-12-30,92,35092.2109375,True,False
8,2011-12-30,34,18364.353515625,True,False
8,2011-12-30,56,42.24887466430664,True,False
8,2011-12-30,82,30996.74609375,True,False
8,2011-12-30,87,46981.66015625,True,False
8,2011-12-30,93,35683.015625,True,False
8,2011-12-30,29,13918.517578125,True,False
8,2011-12-30,98,9686.17578125,True,False
8,2011-12-30,37,3593.89892578125,True,False
8,2011-12-30,85,5547.556640625,True,False
8,2011-12-30,55,33163.9921875,True,False
8,2011-12-30,24,14146.6796875,True,False
8,2011-12-30,41,1755.3680419921875,True,False
8,2011-12-30,14,22091.78515625,True,False
8,2011-12-30,67,13723.77734375,True,False
8,2011-12-30,44,5771.9306640625,True,False
8,2011-12-30,4,36123.64453125,True,False
8,2011-12-30,52,1921.821044921875,True,False
8,2011-12-30,60,387.8382873535156,True,False
8,2011-12-30,23,30391.03515625,True,False
8,2011-12-30,67,13520.44140625,True,False
8,2011-12-30,93,38479.9765625,True,False
8,2011-12-30,95,93463.953125,True,False
8,2011-12-30,21,8609.0244140625,True,False
8,2011-12-30,93,66045.3046875,True,False
8,2011-12-30,10,20346.015625,True,False
8,2011-12-30,1,34671.8984375,True,False
8,2011-12-30,99,325.4797058105469,True,False
8,2011-12-30,3,13756.4384765625,True,False
8,2011-12-30,92,63722.30859375,True,False
8,2011-12-30,83,3537.3203125,True,False
8,2011-12-30,44,8453.1220703125,True,False
8,2011-12-30,74,19785.515625,True,False
8,2011-12-30,41,2905.398681640625,True,False
8,2011-12-30,32,17111.87109375,True,False
8,2011-12-30,5,52007.79296875,True,False
8,2011-12-30,71,9694.7314453125,True,False
8,2011-12-30,95,98758.6640625,True,False
8,2011-12-30,4,38687.04296875,True,False
8,2011-12-30,72,92993.21875,True,False
8,2011-12-30,79,49780.8828125,True,False
8,2011-12-30,5,60053.671875,True,False
8,2011-12-30,81,7847.439453125,True,False
8,2011-12-30,93,41242.08203125,True,False
8,2011-12-30,34,32310.681640625,True,False
8,2011-12-30,14,35573.359375,True,False
8,2011-12-30,35,2678.15576171875,True,False
8,2011-12-30,44,6531.95849609375,True,False
8,2011-12-30,37,2958.7607421875,True,False
8,2011-12-30,83,3288.48828125,True,False
8,2011-12-30,36,4425.82470703125,True,False
8,2011-12-30,28,1118.0413818359375,True,False
8,2011-12-30,10,33147.81640625,True,False
8,2011-12-30,31,2673.921630859375,True,False
8,2011-12-30,94,47777.93359375,True,False
8,2011-12-30,87,39588.3671875,True,False
8,2011-12-30,94,43210.84765625,True,False
8,2011-12-30,74,30518.5546875,True,False
8,2011-12-30,47,200.92398071289065,True,False
8,2011-12-30,94,38602.68359375,True,False
8,2011-12-30,5,41842.66015625,True,False
8,2011-12-30,82,43748.46875,True,False
8,2011-12-30,79,22928.30859375,True,False
8,2011-12-30,25,11175.3876953125,True,False
8,2011-12-30,28,4337.13525390625,True,False
8,2011-12-30,50,883.7339477539062,True,False
8,2011-12-30,92,130215.25,True,False
8,2011-12-30,74,32429.794921875,True,False
8,2011-12-30,6,7915.1640625,True,False
8,2011-12-30,52,3764.7705078125,True,False
8,2011-12-30,96,28281.048828125,True,False
8,2011-12-30,19,2874.08056640625,True,False
9,2011-12-02,14,12507.2646484375,False,False
9,2011-12-02,54,44.99227523803711,False,False
9,2011-12-02,59,727.3348999023438,False,False
9,2011-12-02,35,1469.2862548828125,False,False
9,2011-12-02,18,26219.357421875,False,False
9,2011-12-02,42,3367.5947265625,False,False
9,2011-12-02,59,2018.76416015625,False,False
9,2011-12-02,58,2453.475830078125,False,False
9,2011-12-02,42,2768.997314453125,False,False
9,2011-12-02,36,1290.671142578125,False,False
9,2011-12-02,71,3199.432861328125,False,False
9,2011-12-02,45,13.659029960632324,False,False
9,2011-12-02,20,3107.055908203125,False,False
9,2011-12-02,17,9925.4296875,False,False
9,2011-12-02,18,55552.22265625,False,False
9,2011-12-02,33,6653.38916015625,False,False
9,2011-12-02,82,15831.4541015625,False,False
9,2011-12-02,44,3437.059326171875,False,False
9,2011-12-02,80,19955.599609375,False,False
9,2011-12-02,34,14972.923828125,False,False
9,2011-12-02,2,14364.2568359375,False,False
9,2011-12-02,49,3801.91259765625,False,False
9,2011-12-02,41,492.4855346679688,False,False
9,2011-12-02,22,8858.369140625,False,False
9,2011-12-02,4,19255.77734375,False,False
9,2011-12-02,85,1554.237548828125,False,False
9,2011-12-02,91,6485.9609375,False,False
9,2011-12-02,40,48307.0390625,False,False
9,2011-12-02,11,22132.365234375,False,False
9,2011-12-02,18,22014.751953125,False,False
9,2011-12-02,44,3626.411865234375,False,False
9,2011-12-02,44,5170.296875,False,False
9,2011-12-02,25,6753.06787109375,False,False
9,2011-12-02,29,5254.0810546875,False,False
9,2011-12-02,74,10093.6064453125,False,False
9,2011-12-02,59,154.08917236328125,False,False
9,2011-12-02,21,4006.46337890625,False,False
9,2011-12-02,67,6182.58154296875,False,False
9,2011-12-02,94,36841.45703125,False,False
9,2011-12-02,71,3892.19287109375,False,False
9,2011-12-02,95,58722.76953125,False,False
9,2011-12-02,79,38393.46875,False,False
9,2011-12-02,59,721.3506469726562,False,False
9,2011-12-02,8,32636.2421875,False,False
9,2011-12-02,52,1888.7225341796875,False,False
9,2011-12-02,42,3191.372314453125,False,False
9,2011-12-02,40,42610.375,False,False
9,2011-12-02,4,22293.25,False,False
9,2011-12-02,72,56285.953125,False,False
9,2011-12-02,46,17532.765625,False,False
9,2011-12-02,83,4670.38623046875,False,False
9,2011-12-02,12,4418.951171875,False,False
9,2011-12-02,97,27958.388671875,False,False
9,2011-12-02,49,33.46030044555664,False,False
9,2011-12-02,14,14513.3603515625,False,False
9,2011-12-02,79,12740.6845703125,False,False
9,2011-12-02,42,4521.81689453125,False,False
9,2011-12-02,67,6501.841796875,False,False
9,2011-12-02,80,17450.095703125,False,False
9,2011-12-02,59,488.2137451171875,False,False
9,2011-12-02,72,56638.390625,False,False
9,2011-12-02,18,8079.35498046875,False,False
9,2011-12-02,10,15772.146484375,False,False
9,2011-12-02,19,1456.9078369140625,False,False
9,2011-12-02,72,58010.46875,False,False
9,2011-12-09,4,37108.234375,False,False
9,2011-12-09,33,4507.0546875,False,False
9,2011-12-09,35,1349.176025390625,False,False
9,2011-12-09,71,3028.606201171875,False,False
9,2011-12-09,21,6913.5751953125,False,False
9,2011-12-09,19,438.6785888671875,False,False
9,2011-12-09,25,8355.7822265625,False,False
9,2011-12-09,49,7588.29931640625,False,False
9,2011-12-09,49,6618.8798828125,False,False
9,2011-12-09,34,9520.4599609375,False,False
9,2011-12-09,38,42049.33203125,False,False
9,2011-12-09,25,6821.24755859375,False,False
9,2011-12-09,27,1325.4107666015625,False,False
9,2011-12-09,96,8178.55517578125,False,False
9,2011-12-09,24,3809.193603515625,False,False
9,2011-12-09,6,3295.89990234375,False,False
9,2011-12-09,82,26025.228515625,False,False
9,2011-12-09,48,2104.68115234375,False,False
9,2011-12-09,44,3322.138427734375,False,False
9,2011-12-09,35,2289.453125,False,False
9,2011-12-09,16,2241.236328125,False,False
9,2011-12-09,20,2957.398193359375,False,False
9,2011-12-09,96,25067.83984375,False,False
9,2011-12-09,11,13300.83984375,False,False
9,2011-12-09,18,67046.40625,False,False
9,2011-12-09,27,2941.549560546875,False,False
9,2011-12-09,33,9538.888671875,False,False
9,2011-12-09,28,1178.3543701171875,False,False
9,2011-12-09,32,7346.51171875,False,False
9,2011-12-09,97,18435.81640625,False,False
9,2011-12-09,31,4300.03955078125,False,False
9,2011-12-09,37,2627.32373046875,False,False
9,2011-12-09,25,8191.99853515625,False,False
9,2011-12-09,17,12456.306640625,False,False
9,2011-12-09,9,14021.990234375,False,False
9,2011-12-09,34,13639.4287109375,False,False
9,2011-12-09,26,6174.83251953125,False,False
9,2011-12-09,19,1449.30712890625,False,False
9,2011-12-09,14,21356.03125,False,False
9,2011-12-09,7,35844.9140625,False,False
9,2011-12-09,42,4262.37548828125,False,False
9,2011-12-09,24,5987.13818359375,False,False
9,2011-12-09,93,46710.58984375,False,False
9,2011-12-09,19,1953.0118408203125,False,False
9,2011-12-09,27,2808.082275390625,False,False
9,2011-12-09,1,19367.6875,False,False
9,2011-12-09,19,36.46597671508789,False,False
9,2011-12-09,20,5018.66748046875,False,False
9,2011-12-09,2,50653.33984375,False,False
9,2011-12-09,91,1099.98388671875,False,False
9,2011-12-09,5,28062.4296875,False,False
9,2011-12-09,49,6512.08447265625,False,False
9,2011-12-09,12,3357.9248046875,False,False
9,2011-12-09,85,4844.390625,False,False
9,2011-12-09,40,58113.98046875,False,False
9,2011-12-09,28,979.9514770507812,False,False
9,2011-12-09,2,54353.61328125,False,False
9,2011-12-09,67,6897.01318359375,False,False
9,2011-12-09,4,19707.009765625,False,False
9,2011-12-09,97,29181.609375,False,False
9,2011-12-09,18,78764.484375,False,False
9,2011-12-09,34,9703.18359375,False,False
9,2011-12-09,31,3204.446044921875,False,False
9,2011-12-09,14,11830.9814453125,False,False
9,2011-12-09,98,11800.9501953125,False,False
9,2011-12-09,29,5945.5849609375,False,False
9,2011-12-09,45,56.51565933227539,False,False
9,2011-12-09,44,4827.85498046875,False,False
9,2011-12-09,74,12981.1884765625,False,False
9,2011-12-16,83,3634.781494140625,False,False
9,2011-12-16,35,2457.7919921875,False,False
9,2011-12-16,60,1526.9886474609375,False,False
9,2011-12-16,37,2792.464599609375,False,False
9,2011-12-16,90,48504.44140625,False,False
9,2011-12-16,44,5015.4599609375,False,False
9,2011-12-16,35,2514.731201171875,False,False
9,2011-12-16,80,28623.869140625,False,False
9,2011-12-16,31,2891.980712890625,False,False
9,2011-12-16,92,64261.5234375,False,False
9,2011-12-16,2,56245.05859375,False,False
9,2011-12-16,95,71641.25,False,False
9,2011-12-16,17,13779.1962890625,False,False
9,2011-12-16,37,1546.5941162109375,False,False
9,2011-12-16,90,38537.265625,False,False
9,2011-12-16,82,31514.19921875,False,False
9,2011-12-16,25,9930.7666015625,False,False
9,2011-12-16,46,21347.349609375,False,False
9,2011-12-16,17,10243.158203125,False,False
9,2011-12-16,24,7014.9912109375,False,False
9,2011-12-16,52,1603.0567626953125,False,False
9,2011-12-16,30,2313.85302734375,False,False
9,2011-12-16,72,65480.77734375,False,False
9,2011-12-16,5,51114.01953125,False,False
9,2011-12-16,60,770.798583984375,False,False
9,2011-12-16,3,13116.693359375,False,False
9,2011-12-16,13,16772.6953125,False,False
9,2011-12-16,25,37778.03125,False,False
9,2011-12-16,38,66095.3046875,False,False
9,2011-12-16,38,50783.15234375,False,False
9,2011-12-16,31,3381.258056640625,False,False
9,2011-12-16,97,20597.59765625,False,False
9,2011-12-16,59,1365.35302734375,False,False
9,2011-12-16,95,62102.5234375,False,False
9,2011-12-16,97,9278.5068359375,False,False
9,2011-12-16,7,76986.546875,False,False
9,2011-12-16,60,882.7786254882812,False,False
9,2011-12-16,5,28632.095703125,False,False
9,2011-12-16,23,64470.41796875,False,False
9,2011-12-16,6,4035.24169921875,False,False
9,2011-12-16,11,15541.212890625,False,False
9,2011-12-16,11,16917.26953125,False,False
9,2011-12-16,93,3787.401611328125,False,False
9,2011-12-16,74,10016.3154296875,False,False
9,2011-12-16,49,5268.41943359375,False,False
9,2011-12-16,18,37722.01953125,False,False
9,2011-12-16,90,85241.6875,False,False
9,2011-12-16,28,1201.147216796875,False,False
9,2011-12-16,81,4905.1376953125,False,False
9,2011-12-16,35,1540.7703857421875,False,False
9,2011-12-16,11,16437.615234375,False,False
9,2011-12-16,27,2864.830322265625,False,False
9,2011-12-16,90,69586.2265625,False,False
9,2011-12-16,81,12516.1669921875,False,False
9,2011-12-16,13,37358.11328125,False,False
9,2011-12-16,4,38133.09765625,False,False
9,2011-12-16,97,21633.443359375,False,False
9,2011-12-16,92,75313.9921875,False,False
9,2011-12-16,33,7056.419921875,False,False
9,2011-12-16,82,45908.5625,False,False
9,2011-12-16,93,40125.70703125,False,False
9,2011-12-16,46,27518.873046875,False,False
9,2011-12-16,29,6508.9560546875,False,False
9,2011-12-16,13,32214.630859375,False,False
9,2011-12-16,38,47448.6875,False,False
9,2011-12-16,6,3691.31884765625,False,False
9,2011-12-16,79,14548.8349609375,False,False
9,2011-12-16,22,14087.6328125,False,False
9,2011-12-16,54,14.374645233154297,False,False
9,2011-12-16,97,13505.51171875,False,False
9,2011-12-16,32,8472.8427734375,False,False
9,2011-12-16,8,32068.626953125,False,False
9,2011-12-16,14,37663.21484375,False,False
9,2011-12-16,71,4413.3427734375,False,False
9,2011-12-16,31,2960.96630859375,False,False
9,2011-12-16,5,41252.08203125,False,False
9,2011-12-16,74,6427.67578125,False,False
9,2011-12-16,5,65713.0078125,False,False
9,2011-12-16,25,17364.173828125,False,False
9,2011-12-16,94,9893.369140625,False,False
9,2011-12-16,56,1838.186767578125,False,False
9,2011-12-16,32,7849.0966796875,False,False
9,2011-12-16,81,24330.94140625,False,False
9,2011-12-16,36,1566.5684814453125,False,False
9,2011-12-16,33,3583.4765625,False,False
9,2011-12-16,87,8970.88671875,False,False
9,2011-12-16,38,94838.28125,False,False
9,2011-12-16,90,108564.6796875,False,False
9,2011-12-23,71,9081.1689453125,False,False
9,2011-12-23,41,3212.4423828125,False,False
9,2011-12-23,60,424.4861145019531,False,False
9,2011-12-23,82,38718.0234375,False,False
9,2011-12-23,79,12114.2666015625,False,False
9,2011-12-23,34,26042.58984375,False,False
9,2011-12-23,22,18766.54296875,False,False
9,2011-12-23,82,63887.609375,False,False
9,2011-12-23,44,3858.164306640625,False,False
9,2011-12-23,52,1647.36669921875,False,False
9,2011-12-23,56,375.2481384277344,False,False
9,2011-12-23,71,3929.544921875,False,False
9,2011-12-23,25,11290.044921875,False,False
9,2011-12-23,2,48922.37109375,False,False
9,2011-12-23,23,33359.4765625,False,False
9,2011-12-23,81,24559.716796875,False,False
9,2011-12-23,31,5815.28466796875,False,False
9,2011-12-23,35,2663.570068359375,False,False
9,2011-12-23,49,4711.06201171875,False,False
9,2011-12-23,37,1845.086669921875,False,False
9,2011-12-23,10,11829.6796875,False,False
9,2011-12-23,6,6642.3310546875,False,False
9,2011-12-23,80,19431.029296875,False,False
9,2011-12-23,44,4910.7177734375,False,False
9,2011-12-23,19,830.2627563476562,False,False
9,2011-12-23,46,18790.95703125,False,False
9,2011-12-23,82,39974.421875,False,False
9,2011-12-23,25,10961.8427734375,False,False
9,2011-12-23,96,53135.21875,False,False
9,2011-12-23,60,487.1061401367188,False,False
9,2011-12-23,94,56249.71484375,False,False
9,2011-12-23,2,58240.03515625,False,False
9,2011-12-23,95,34535.2109375,False,False
9,2011-12-23,98,8252.0078125,False,False
9,2011-12-23,13,46610.92578125,False,False
9,2011-12-23,1,46026.4296875,False,False
9,2011-12-23,98,7568.025390625,False,False
9,2011-12-23,1,50136.37109375,False,False
9,2011-12-23,23,53587.43359375,False,False
9,2011-12-23,47,11.659462928771973,False,False
9,2011-12-23,31,3837.2138671875,False,False
9,2011-12-23,97,16556.03515625,False,False
9,2011-12-23,87,38053.96875,False,False
9,2011-12-23,36,1680.8436279296875,False,False
9,2011-12-23,2,57609.703125,False,False
9,2011-12-23,30,4371.986328125,False,False
9,2011-12-23,18,37823.87109375,False,False
9,2011-12-23,82,7.85635232925415,False,False
9,2011-12-23,23,34350.33203125,False,False
9,2011-12-23,34,12880.0087890625,False,False
9,2011-12-23,95,72303.234375,False,False
9,2011-12-23,42,3526.38916015625,False,False
9,2011-12-23,93,51532.39453125,False,False
9,2011-12-23,20,4077.919921875,False,False
9,2011-12-23,40,58629.36328125,False,False
9,2011-12-23,87,6457.68701171875,False,False
9,2011-12-30,49,2273.068115234375,True,False
9,2011-12-30,97,12552.0869140625,True,False
9,2011-12-30,58,1129.6962890625,True,False
9,2011-12-30,22,9163.3583984375,True,False
9,2011-12-30,3,10124.1240234375,True,False
9,2011-12-30,18,15080.548828125,True,False
9,2011-12-30,59,2070.861572265625,True,False
9,2011-12-30,19,2172.622314453125,True,False
9,2011-12-30,83,3525.491455078125,True,False
9,2011-12-30,52,1498.335205078125,True,False
9,2011-12-30,33,2923.90478515625,True,False
9,2011-12-30,12,2133.663330078125,True,False
9,2011-12-30,16,2143.13232421875,True,False
9,2011-12-30,98,8340.0986328125,True,False
9,2011-12-30,11,9713.732421875,True,False
9,2011-12-30,24,5406.17333984375,True,False
9,2011-12-30,96,23456.267578125,True,False
9,2011-12-30,27,1828.7203369140625,True,False
9,2011-12-30,34,7514.197265625,True,False
9,2011-12-30,44,2933.962890625,True,False
9,2011-12-30,26,4687.17529296875,True,False
9,2011-12-30,83,4072.5029296875,True,False
9,2011-12-30,93,55522.0703125,True,False
9,2011-12-30,35,1256.0906982421875,True,False
9,2011-12-30,46,12337.4365234375,True,False
9,2011-12-30,92,68535.1640625,True,False
9,2011-12-30,74,10452.3525390625,True,False
9,2011-12-30,8,29363.546875,True,False
9,2011-12-30,25,10939.2353515625,True,False
9,2011-12-30,26,5126.4453125,True,False
9,2011-12-30,54,82.25787353515625,True,False
9,2011-12-30,65,27701.150390625,True,False
9,2011-12-30,29,3112.7158203125,True,False
9,2011-12-30,19,883.498779296875,True,False
9,2011-12-30,74,12785.115234375,True,False
9,2011-12-30,98,6424.6650390625,True,False
9,2011-12-30,85,2998.075927734375,True,False
9,2011-12-30,18,13806.029296875,True,False
9,2011-12-30,82,27008.9453125,True,False
9,2011-12-30,7,42943.3984375,True,False
9,2011-12-30,12,4082.224853515625,True,False
9,2011-12-30,24,2794.034423828125,True,False
9,2011-12-30,23,21427.45703125,True,False
9,2011-12-30,24,2817.76220703125,True,False
9,2011-12-30,87,5209.27099609375,True,False
9,2011-12-30,8,11217.416015625,True,False
9,2011-12-30,49,4234.685546875,True,False
9,2011-12-30,33,4216.572265625,True,False
9,2011-12-30,95,52419.984375,True,False
9,2011-12-30,24,4110.92626953125,True,False
9,2011-12-30,90,4192.50732421875,True,False
9,2011-12-30,29,2919.286865234375,True,False
9,2011-12-30,25,7336.51416015625,True,False
9,2011-12-30,11,10127.623046875,True,False
9,2011-12-30,85,2673.837646484375,True,False
9,2011-12-30,60,293.4454345703125,True,False
9,2011-12-30,81,7218.2998046875,True,False
9,2011-12-30,1,20804.01171875,True,False
9,2011-12-30,67,9596.62109375,True,False
9,2011-12-30,6,5374.177734375,True,False
9,2011-12-30,97,16508.677734375,True,False
9,2011-12-30,13,18986.38671875,True,False
9,2011-12-30,55,14022.26953125,True,False
9,2011-12-30,19,777.9644775390625,True,False
9,2011-12-30,59,2263.283203125,True,False
9,2011-12-30,17,12331.208984375,True,False
9,2011-12-30,36,880.69580078125,True,False
9,2011-12-30,25,5789.70556640625,True,False
9,2011-12-30,59,789.2105712890625,True,False
9,2011-12-30,1,23623.2265625,True,False
9,2011-12-30,82,26745.939453125,True,False
9,2011-12-30,32,3162.663818359375,True,False
9,2011-12-30,36,623.8290405273438,True,False
9,2011-12-30,54,18.64569091796875,True,False
9,2011-12-30,26,4919.734375,True,False
9,2011-12-30,18,13784.390625,True,False
9,2011-12-30,14,30717.041015625,True,False
9,2011-12-30,14,14905.4091796875,True,False
9,2011-12-30,8,34327.8046875,True,False
9,2011-12-30,20,3635.280517578125,True,False
10,2011-12-02,16,333.0753479003906,False,False
10,2011-12-02,80,15604.6396484375,False,False
10,2011-12-02,4,13521.5693359375,False,False
10,2011-12-02,42,45.54771423339844,False,False
10,2011-12-02,5,117.09125518798828,False,False
10,2011-12-02,7,526.9614868164062,False,False
10,2011-12-02,10,311.5036926269531,False,False
10,2011-12-02,8,4527.453125,False,False
10,2011-12-02,3,666.2567749023438,False,False
10,2011-12-02,59,13.65761947631836,False,False
10,2011-12-02,10,118.6147232055664,False,False
10,2011-12-02,74,90.5771942138672,False,False
10,2011-12-02,5,78.18360137939453,False,False
10,2011-12-02,40,11323.689453125,False,False
10,2011-12-02,5,76.76611328125,False,False
10,2011-12-02,55,35.83403396606445,False,False
10,2011-12-02,33,88.91610717773438,False,False
10,2011-12-02,25,19.970441818237305,False,False
10,2011-12-02,10,84.27322387695312,False,False
10,2011-12-02,71,6.10589075088501,False,False
10,2011-12-02,98,6480.720703125,False,False
10,2011-12-02,93,15936.234375,False,False
10,2011-12-02,42,23.448183059692383,False,False
10,2011-12-02,3,266.7077941894531,False,False
10,2011-12-02,26,101.00271606445312,False,False
10,2011-12-02,20,7.948244571685791,False,False
10,2011-12-02,60,163.65235900878906,False,False
10,2011-12-02,28,16.924942016601562,False,False
10,2011-12-02,12,91.43599700927734,False,False
10,2011-12-02,3,393.7823181152344,False,False
10,2011-12-02,26,114.86341094970705,False,False
10,2011-12-02,4,7892.45556640625,False,False
10,2011-12-02,90,58.85852813720703,False,False
10,2011-12-02,80,8523.537109375,False,False
10,2011-12-02,31,15.435798645019531,False,False
10,2011-12-02,60,80.8616943359375,False,False
10,2011-12-02,54,-5.352062225341797,False,False
10,2011-12-02,8,3746.061767578125,False,False
10,2011-12-02,8,3882.857177734375,False,False
10,2011-12-02,94,18350.021484375,False,False
10,2011-12-02,96,11139.3671875,False,False
10,2011-12-02,97,15194.6201171875,False,False
10,2011-12-02,42,70.81805419921875,False,False
10,2011-12-02,95,24664.541015625,False,False
10,2011-12-02,40,8200.21484375,False,False
10,2011-12-02,94,23327.5859375,False,False
10,2011-12-02,4,8922.5830078125,False,False
10,2011-12-02,40,10508.03125,False,False
10,2011-12-02,93,22547.431640625,False,False
10,2011-12-02,83,363.26116943359375,False,False
10,2011-12-02,82,4890.6572265625,False,False
10,2011-12-02,93,15212.271484375,False,False
10,2011-12-02,67,184.59007263183597,False,False
10,2011-12-09,80,17699.33984375,False,False
10,2011-12-09,52,9.657227516174316,False,False
10,2011-12-09,81,9083.4306640625,False,False
10,2011-12-09,97,5616.1982421875,False,False
10,2011-12-09,97,5381.0234375,False,False
10,2011-12-09,91,19007.373046875,False,False
10,2011-12-09,72,95.63262939453124,False,False
10,2011-12-09,95,32061.888671875,False,False
10,2011-12-09,80,8943.9599609375,False,False
10,2011-12-09,42,43.7342643737793,False,False
10,2011-12-09,93,35500.46875,False,False
10,2011-12-09,3,412.332763671875,False,False
10,2011-12-09,36,92.08312225341795,False,False
10,2011-12-09,5,189.64572143554688,False,False
10,2011-12-09,26,83.62963104248047,False,False
10,2011-12-09,67,452.01708984375,False,False
10,2011-12-09,40,8570.322265625,False,False
10,2011-12-09,94,20705.9921875,False,False
10,2011-12-09,95,25301.66015625,False,False
10,2011-12-09,83,3096.936767578125,False,False
10,2011-12-09,96,12274.0146484375,False,False
10,2011-12-09,13,12081.240234375,False,False
10,2011-12-09,46,1371.9268798828125,False,False
10,2011-12-09,97,6917.20458984375,False,False
10,2011-12-09,16,422.0173034667969,False,False
10,2011-12-09,93,23241.078125,False,False
10,2011-12-09,38,18091.6484375,False,False
10,2011-12-09,26,115.4422836303711,False,False
10,2011-12-09,90,31481.64453125,False,False
10,2011-12-09,40,15091.646484375,False,False
10,2011-12-09,2,8315.8759765625,False,False
10,2011-12-09,13,4169.7431640625,False,False
10,2011-12-09,67,718.3130493164062,False,False
10,2011-12-09,98,5611.220703125,False,False
10,2011-12-09,3,420.9348754882813,False,False
10,2011-12-09,14,6345.7314453125,False,False
10,2011-12-09,38,32205.3828125,False,False
10,2011-12-09,7,148.94522094726562,False,False
10,2011-12-09,22,2.527874231338501,False,False
10,2011-12-09,67,121.61233520507812,False,False
10,2011-12-09,67,602.8560791015625,False,False
10,2011-12-09,52,6.448725700378418,False,False
10,2011-12-09,98,5172.25927734375,False,False
10,2011-12-09,21,203.18272399902344,False,False
10,2011-12-09,3,391.28509521484375,False,False
10,2011-12-09,1,3226.489013671875,False,False
10,2011-12-09,40,8896.3232421875,False,False
10,2011-12-16,94,23657.91796875,False,False
10,2011-12-16,46,1150.1046142578125,False,False
10,2011-12-16,59,34.4006233215332,False,False
10,2011-12-16,82,9887.6025390625,False,False
10,2011-12-16,30,152.883544921875,False,False
10,2011-12-16,74,2041.692138671875,False,False
10,2011-12-16,96,12693.1455078125,False,False
10,2011-12-16,52,108.29672241210938,False,False
10,2011-12-16,55,15.003522872924805,False,False
10,2011-12-16,96,12125.8662109375,False,False
10,2011-12-16,97,6922.841796875,False,False
10,2011-12-16,42,74.85538482666016,False,False
10,2011-12-16,21,194.83108520507807,False,False
10,2011-12-16,31,33.46608352661133,False,False
10,2011-12-16,59,113.83136749267578,False,False
10,2011-12-16,81,8834.3359375,False,False
10,2011-12-16,87,503.0476379394531,False,False
10,2011-12-16,80,18582.568359375,False,False
10,2011-12-16,13,9870.2021484375,False,False
10,2011-12-16,67,1091.5369873046875,False,False
10,2011-12-16,16,264.1929931640625,False,False
10,2011-12-16,81,8937.587890625,False,False
10,2011-12-16,17,353.4022827148437,False,False
10,2011-12-16,4,15699.708984375,False,False
10,2011-12-16,16,393.3537292480469,False,False
10,2011-12-16,41,21.78452491760254,False,False
10,2011-12-16,2,8270.771484375,False,False
10,2011-12-16,12,36.2838020324707,False,False
10,2011-12-16,81,12289.1962890625,False,False
10,2011-12-16,17,56.01118087768555,False,False
10,2011-12-16,7,602.6380004882812,False,False
10,2011-12-16,7,664.2568969726562,False,False
10,2011-12-16,79,16762.193359375,False,False
10,2011-12-16,60,90.36161041259766,False,False
10,2011-12-16,55,230.7172698974609,False,False
10,2011-12-16,1,9210.7119140625,False,False
10,2011-12-16,81,7497.93896484375,False,False
10,2011-12-16,3,589.4390258789062,False,False
10,2011-12-16,38,47029.09375,False,False
10,2011-12-16,18,14916.9921875,False,False
10,2011-12-16,98,9373.7431640625,False,False
10,2011-12-16,56,90.44319152832033,False,False
10,2011-12-16,94,25474.26953125,False,False
10,2011-12-16,28,24.484548568725582,False,False
10,2011-12-16,42,36.64902877807617,False,False
10,2011-12-23,36,86.99329376220703,False,False
10,2011-12-23,96,11913.6572265625,False,False
10,2011-12-23,16,900.7244262695312,False,False
10,2011-12-23,83,1574.3076171875,False,False
10,2011-12-23,96,13975.9716796875,False,False
10,2011-12-23,10,119.62381744384766,False,False
10,2011-12-23,13,9816.314453125,False,False
10,2011-12-23,83,4600.54443359375,False,False
10,2011-12-23,67,1115.540283203125,False,False
10,2011-12-23,13,10784.9345703125,False,False
10,2011-12-23,46,2251.367919921875,False,False
10,2011-12-23,97,8288.1513671875,False,False
10,2011-12-23,83,1640.9873046875,False,False
10,2011-12-23,41,413.09124755859375,False,False
10,2011-12-23,87,101.5601806640625,False,False
10,2011-12-23,67,857.349853515625,False,False
10,2011-12-23,8,6075.21875,False,False
10,2011-12-23,42,38.09596633911133,False,False
10,2011-12-23,94,22988.041015625,False,False
10,2011-12-23,60,51.81932067871094,False,False
10,2011-12-23,98,11616.560546875,False,False
10,2011-12-23,16,294.068115234375,False,False
10,2011-12-23,7,261.57891845703125,False,False
10,2011-12-23,91,14833.7470703125,False,False
10,2011-12-23,8,6277.46826171875,False,False
10,2011-12-23,7,368.8812561035156,False,False
10,2011-12-23,98,5182.69580078125,False,False
10,2011-12-23,79,11455.61328125,False,False
10,2011-12-23,85,42.37690353393555,False,False
10,2011-12-23,95,32064.865234375,False,False
10,2011-12-23,79,12191.8330078125,False,False
10,2011-12-23,81,4631.34423828125,False,False
10,2011-12-23,40,15544.7490234375,False,False
10,2011-12-23,13,6460.62060546875,False,False
10,2011-12-23,97,8114.68603515625,False,False
10,2011-12-23,12,21.51955986022949,False,False
10,2011-12-23,18,16291.14453125,False,False
10,2011-12-23,40,11244.025390625,False,False
10,2011-12-23,24,45.69031524658203,False,False
10,2011-12-23,46,2083.822998046875,False,False
10,2011-12-23,83,1094.7437744140625,False,False
10,2011-12-23,96,14830.951171875,False,False
10,2011-12-23,55,9663.041015625,False,False
10,2011-12-23,80,19790.830078125,False,False
10,2011-12-30,38,42778.50390625,True,False
10,2011-12-30,56,12.956103324890137,True,False
10,2011-12-30,87,212.2603759765625,True,False
10,2011-12-30,46,634.3139038085938,True,False
10,2011-12-30,18,222.55479431152344,True,False
10,2011-12-30,46,2380.794921875,True,False
10,2011-12-30,96,13439.294921875,True,False
10,2011-12-30,3,184.9932861328125,True,False
10,2011-12-30,16,415.8377685546875,True,False
10,2011-12-30,10,149.85389709472656,True,False
10,2011-12-30,11,242.4027557373047,True,False
10,2011-12-30,25,14.347681999206545,True,False
10,2011-12-30,82,3818.105712890625,True,False
10,2011-12-30,6,56.901309967041016,True,False
10,2011-12-30,91,9922.361328125,True,False
10,2011-12-30,1,4900.9580078125,True,False
10,2011-12-30,8,6675.37353515625,True,False
10,2011-12-30,67,1142.823486328125,True,False
10,2011-12-30,25,17.66493797302246,True,False
10,2011-12-30,81,9292.6787109375,True,False
10,2011-12-30,5,155.18356323242188,True,False
10,2011-12-30,21,204.0296630859375,True,False
10,2011-12-30,81,5858.45263671875,True,False
10,2011-12-30,4,10666.0078125,True,False
10,2011-12-30,11,319.5111999511719,True,False
10,2011-12-30,83,1503.7384033203125,True,False
10,2011-12-30,18,443.8097229003906,True,False
10,2011-12-30,14,6211.4609375,True,False
10,2011-12-30,93,29361.537109375,True,False
10,2011-12-30,8,4435.7099609375,True,False
10,2011-12-30,7,60.181129455566406,True,False
10,2011-12-30,80,12319.8779296875,True,False
10,2011-12-30,11,159.39730834960938,True,False
10,2011-12-30,13,9890.1240234375,True,False
10,2011-12-30,56,9.891674995422363,True,False
10,2011-12-30,95,30418.1015625,True,False
11,2011-12-02,33,13122.8515625,False,False
11,2011-12-02,71,6215.048828125,False,False
11,2011-12-02,25,9790.478515625,False,False
11,2011-12-02,19,3502.18408203125,False,False
11,2011-12-02,77,2236.1611328125,False,False
11,2011-12-02,98,9998.88671875,False,False
11,2011-12-02,8,54295.32421875,False,False
11,2011-12-02,28,1393.4111328125,False,False
11,2011-12-02,13,51374.640625,False,False
11,2011-12-02,33,9639.6943359375,False,False
11,2011-12-02,8,42465.20703125,False,False
11,2011-12-02,87,6540.45361328125,False,False
11,2011-12-02,18,90864.984375,False,False
11,2011-12-02,1,45476.703125,False,False
11,2011-12-02,1,31914.470703125,False,False
11,2011-12-02,17,18881.58984375,False,False
11,2011-12-02,44,11428.1494140625,False,False
11,2011-12-02,71,8377.1337890625,False,False
11,2011-12-02,24,15147.978515625,False,False
11,2011-12-02,46,19556.9609375,False,False
11,2011-12-02,42,7833.7734375,False,False
11,2011-12-02,54,166.7665252685547,False,False
11,2011-12-02,90,56403.95703125,False,False
11,2011-12-02,38,64290.5546875,False,False
11,2011-12-02,11,19383.65234375,False,False
11,2011-12-02,54,17.54522132873535,False,False
11,2011-12-02,71,9125.5517578125,False,False
11,2011-12-02,79,21160.22265625,False,False
11,2011-12-02,31,4400.83837890625,False,False
11,2011-12-02,6,5754.11865234375,False,False
11,2011-12-02,4,49046.09765625,False,False
11,2011-12-02,40,39563.22265625,False,False
11,2011-12-02,26,13957.763671875,False,False
11,2011-12-02,28,1447.7626953125,False,False
11,2011-12-02,96,34837.5234375,False,False
11,2011-12-02,60,803.906982421875,False,False
11,2011-12-02,23,45395.15234375,False,False
11,2011-12-02,16,4711.45166015625,False,False
11,2011-12-02,60,444.19134521484375,False,False
11,2011-12-02,12,4805.16455078125,False,False
11,2011-12-02,54,121.3783950805664,False,False
11,2011-12-02,26,12357.6044921875,False,False
11,2011-12-02,34,26955.14453125,False,False
11,2011-12-02,87,22032.57421875,False,False
11,2011-12-02,13,50072.19921875,False,False
11,2011-12-02,3,15036.3974609375,False,False
11,2011-12-02,14,33147.1953125,False,False
11,2011-12-02,40,52873.80859375,False,False
11,2011-12-02,29,6142.20361328125,False,False
11,2011-12-02,99,2587.2099609375,False,False
11,2011-12-02,97,22714.001953125,False,False
11,2011-12-02,12,5860.6123046875,False,False
11,2011-12-02,6,5257.59423828125,False,False
11,2011-12-02,23,31948.822265625,False,False
11,2011-12-02,98,13334.857421875,False,False
11,2011-12-02,12,3180.217041015625,False,False
11,2011-12-02,22,15959.9599609375,False,False
11,2011-12-02,98,16187.9931640625,False,False
11,2011-12-02,99,679.0990600585938,False,False
11,2011-12-02,18,84306.6953125,False,False
11,2011-12-02,38,77723.1875,False,False
11,2011-12-02,8,42302.1328125,False,False
11,2011-12-02,2,72256.5625,False,False
11,2011-12-02,44,6775.892578125,False,False
11,2011-12-02,35,2814.48876953125,False,False
11,2011-12-02,87,11177.5517578125,False,False
11,2011-12-02,40,68830.453125,False,False
11,2011-12-02,81,19867.384765625,False,False
11,2011-12-02,14,33283.17578125,False,False
11,2011-12-02,12,3605.0390625,False,False
11,2011-12-02,82,20288.767578125,False,False
11,2011-12-09,33,14377.2734375,False,False
11,2011-12-09,7,57379.140625,False,False
11,2011-12-09,58,1473.549560546875,False,False
11,2011-12-09,87,22367.0,False,False
11,2011-12-09,35,3176.8427734375,False,False
11,2011-12-09,9,23161.63671875,False,False
11,2011-12-09,8,27452.5546875,False,False
11,2011-12-09,34,22281.0234375,False,False
11,2011-12-09,3,17813.021484375,False,False
11,2011-12-09,85,4795.15380859375,False,False
11,2011-12-09,99,2327.77734375,False,False
11,2011-12-09,79,29579.177734375,False,False
11,2011-12-09,40,70516.2421875,False,False
11,2011-12-09,26,13636.01953125,False,False
11,2011-12-09,54,55.861328125,False,False
11,2011-12-09,27,8242.2587890625,False,False
11,2011-12-09,58,50.1500244140625,False,False
11,2011-12-09,92,169318.34375,False,False
11,2011-12-09,54,157.05563354492188,False,False
11,2011-12-09,99,2722.860595703125,False,False
11,2011-12-09,92,161177.921875,False,False
11,2011-12-09,92,188555.328125,False,False
11,2011-12-09,3,44304.81640625,False,False
11,2011-12-09,9,17791.099609375,False,False
11,2011-12-09,87,38751.3203125,False,False
11,2011-12-09,17,17797.314453125,False,False
11,2011-12-09,29,6783.88427734375,False,False
11,2011-12-09,18,22153.33984375,False,False
11,2011-12-09,96,37091.78125,False,False
11,2011-12-09,18,78137.59375,False,False
11,2011-12-09,28,2258.87451171875,False,False
11,2011-12-09,81,28687.470703125,False,False
11,2011-12-09,42,7550.583984375,False,False
11,2011-12-09,22,17516.734375,False,False
11,2011-12-09,2,90177.140625,False,False
11,2011-12-09,60,2253.180908203125,False,False
11,2011-12-09,96,12428.439453125,False,False
11,2011-12-09,20,7461.7822265625,False,False
11,2011-12-09,1,60967.0390625,False,False
11,2011-12-09,37,8610.6142578125,False,False
11,2011-12-09,13,26044.62890625,False,False
11,2011-12-09,7,93371.53125,False,False
11,2011-12-09,81,18000.302734375,False,False
11,2011-12-09,12,2805.907470703125,False,False
11,2011-12-09,8,54525.22265625,False,False
11,2011-12-09,31,5799.3408203125,False,False
11,2011-12-09,92,126588.7421875,False,False
11,2011-12-09,99,907.8501586914062,False,False
11,2011-12-09,90,52707.76953125,False,False
11,2011-12-09,90,60192.44140625,False,False
11,2011-12-09,90,81834.0859375,False,False
11,2011-12-09,50,1906.2799072265625,False,False
11,2011-12-09,32,41561.3984375,False,False
11,2011-12-09,5,47810.75,False,False
11,2011-12-09,81,21081.75390625,False,False
11,2011-12-09,4,53678.75390625,False,False
11,2011-12-09,17,11681.7021484375,False,False
11,2011-12-09,50,525.385009765625,False,False
11,2011-12-09,25,14995.736328125,False,False
11,2011-12-09,14,40180.2421875,False,False
11,2011-12-09,80,16381.9697265625,False,False
11,2011-12-09,1,51474.484375,False,False
11,2011-12-09,14,64426.078125,False,False
11,2011-12-09,4,52631.73046875,False,False
11,2011-12-09,17,24109.677734375,False,False
11,2011-12-09,1,35222.0390625,False,False
11,2011-12-09,55,33082.61328125,False,False
11,2011-12-09,32,14958.98828125,False,False
11,2011-12-09,32,37119.86328125,False,False
11,2011-12-09,27,5201.43701171875,False,False
11,2011-12-09,31,145233.8125,False,False
11,2011-12-09,20,8722.978515625,False,False
11,2011-12-09,11,23104.826171875,False,False
11,2011-12-09,95,54374.3984375,False,False
11,2011-12-09,12,4454.09765625,False,False
11,2011-12-09,40,62574.4140625,False,False
11,2011-12-09,14,40255.71484375,False,False
11,2011-12-09,36,2560.84130859375,False,False
11,2011-12-09,38,120196.953125,False,False
11,2011-12-09,2,76490.703125,False,False
11,2011-12-09,30,3998.136474609375,False,False
11,2011-12-09,23,33542.70703125,False,False
11,2011-12-09,29,13024.970703125,False,False
11,2011-12-09,91,7700.3173828125,False,False
11,2011-12-09,3,10090.65234375,False,False
11,2011-12-09,11,24534.884765625,False,False
11,2011-12-09,22,16917.076171875,False,False
11,2011-12-09,17,17891.6484375,False,False
11,2011-12-16,16,2855.212890625,False,False
11,2011-12-16,13,43688.41796875,False,False
11,2011-12-16,93,83793.7109375,False,False
11,2011-12-16,82,97571.6015625,False,False
11,2011-12-16,40,64806.60546875,False,False
11,2011-12-16,5,51645.53125,False,False
11,2011-12-16,71,18207.41796875,False,False
11,2011-12-16,13,44734.5703125,False,False
11,2011-12-16,26,13641.8349609375,False,False
11,2011-12-16,8,47805.6484375,False,False
11,2011-12-16,58,13802.1884765625,False,False
11,2011-12-16,27,5132.3193359375,False,False
11,2011-12-16,13,34324.57421875,False,False
11,2011-12-16,25,23474.05859375,False,False
11,2011-12-16,72,100541.0390625,False,False
11,2011-12-16,26,24487.625,False,False
11,2011-12-16,9,17111.767578125,False,False
11,2011-12-16,98,19923.330078125,False,False
11,2011-12-16,31,5760.4541015625,False,False
11,2011-12-16,80,18944.123046875,False,False
11,2011-12-16,12,3467.326904296875,False,False
11,2011-12-16,10,33864.0859375,False,False
11,2011-12-16,85,8709.8828125,False,False
11,2011-12-16,35,4613.75341796875,False,False
11,2011-12-16,34,22739.384765625,False,False
11,2011-12-16,67,20848.2265625,False,False
11,2011-12-16,26,20221.84765625,False,False
11,2011-12-16,95,67017.96875,False,False
11,2011-12-16,3,19976.572265625,False,False
11,2011-12-16,71,29195.537109375,False,False
11,2011-12-16,37,4247.5771484375,False,False
11,2011-12-16,67,30990.33203125,False,False
11,2011-12-16,29,29914.67578125,False,False
11,2011-12-16,26,16011.3427734375,False,False
11,2011-12-16,31,5725.76513671875,False,False
11,2011-12-16,14,59013.328125,False,False
11,2011-12-16,46,41878.01953125,False,False
11,2011-12-16,48,1608.67236328125,False,False
11,2011-12-16,11,20847.486328125,False,False
11,2011-12-16,24,13259.5224609375,False,False
11,2011-12-16,41,11419.88671875,False,False
11,2011-12-16,11,28283.21484375,False,False
11,2011-12-16,92,160111.796875,False,False
11,2011-12-16,3,20913.35546875,False,False
11,2011-12-16,14,45869.53125,False,False
11,2011-12-16,24,11381.0908203125,False,False
11,2011-12-16,47,264.4178771972656,False,False
11,2011-12-16,27,5018.82958984375,False,False
11,2011-12-16,50,1554.0919189453125,False,False
11,2011-12-16,6,16744.5078125,False,False
11,2011-12-16,18,47989.5,False,False
11,2011-12-16,99,2825.47509765625,False,False
11,2011-12-16,50,3416.443359375,False,False
11,2011-12-16,34,20240.146484375,False,False
11,2011-12-16,55,14927.3232421875,False,False
11,2011-12-16,83,5879.68310546875,False,False
11,2011-12-16,31,6892.13037109375,False,False
11,2011-12-16,80,34644.69140625,False,False
11,2011-12-16,11,26634.408203125,False,False
11,2011-12-16,4,57324.37109375,False,False
11,2011-12-16,36,3126.5048828125,False,False
11,2011-12-16,83,7578.13818359375,False,False
11,2011-12-16,22,22263.111328125,False,False
11,2011-12-16,92,191041.90625,False,False
11,2011-12-16,54,126.89076232910156,False,False
11,2011-12-16,71,4721.1904296875,False,False
11,2011-12-16,6,14406.681640625,False,False
11,2011-12-16,79,68631.0,False,False
11,2011-12-16,24,12502.2685546875,False,False
11,2011-12-16,49,7982.140625,False,False
11,2011-12-23,87,27465.66015625,False,False
11,2011-12-23,54,211.4908447265625,False,False
11,2011-12-23,42,5501.92431640625,False,False
11,2011-12-23,98,22191.958984375,False,False
11,2011-12-23,55,81368.09375,False,False
11,2011-12-23,20,11664.8203125,False,False
11,2011-12-23,35,1562.898193359375,False,False
11,2011-12-23,25,22071.359375,False,False
11,2011-12-23,85,3302.406982421875,False,False
11,2011-12-23,41,20683.861328125,False,False
11,2011-12-23,79,55244.9609375,False,False
11,2011-12-23,42,7850.9931640625,False,False
11,2011-12-23,56,11197.2490234375,False,False
11,2011-12-23,33,12707.0283203125,False,False
11,2011-12-23,60,544.5536499023438,False,False
11,2011-12-23,40,81410.8125,False,False
11,2011-12-23,33,20816.818359375,False,False
11,2011-12-23,56,221.4878692626953,False,False
11,2011-12-23,59,12602.9140625,False,False
11,2011-12-23,33,22267.90625,False,False
11,2011-12-23,2,85037.3359375,False,False
11,2011-12-23,11,35623.51953125,False,False
11,2011-12-23,5,145940.46875,False,False
11,2011-12-23,93,59079.03125,False,False
11,2011-12-23,81,20325.642578125,False,False
11,2011-12-23,71,7495.69580078125,False,False
11,2011-12-23,50,1784.2598876953125,False,False
11,2011-12-23,20,10058.5263671875,False,False
11,2011-12-23,8,75824.1953125,False,False
11,2011-12-23,60,1001.0850830078124,False,False
11,2011-12-23,6,24161.0703125,False,False
11,2011-12-23,54,32.214202880859375,False,False
11,2011-12-23,30,4355.701171875,False,False
11,2011-12-23,13,56415.5078125,False,False
11,2011-12-23,17,22975.240234375,False,False
11,2011-12-23,91,86757.9453125,False,False
11,2011-12-23,21,10288.5185546875,False,False
11,2011-12-23,3,26424.109375,False,False
11,2011-12-23,7,77949.15625,False,False
11,2011-12-23,10,34814.03125,False,False
11,2011-12-23,91,17447.435546875,False,False
11,2011-12-23,54,74.69361877441406,False,False
11,2011-12-23,87,7685.7138671875,False,False
11,2011-12-23,38,60817.27734375,False,False
11,2011-12-23,46,92158.34375,False,False
11,2011-12-23,31,9515.6533203125,False,False
11,2011-12-23,26,23303.91015625,False,False
11,2011-12-23,91,75614.7578125,False,False
11,2011-12-23,6,24290.802734375,False,False
11,2011-12-23,6,29326.748046875,False,False
11,2011-12-23,54,349.5190734863281,False,False
11,2011-12-23,41,14149.1669921875,False,False
11,2011-12-23,23,45834.3671875,False,False
11,2011-12-23,1,154719.125,False,False
11,2011-12-23,74,22348.83984375,False,False
11,2011-12-23,87,29192.671875,False,False
11,2011-12-23,1,61078.40234375,False,False
11,2011-12-23,46,74287.4609375,False,False
11,2011-12-23,85,18460.990234375,False,False
11,2011-12-23,1,54515.48828125,False,False
11,2011-12-23,40,58842.64453125,False,False
11,2011-12-23,31,10179.9462890625,False,False
11,2011-12-23,30,5538.884765625,False,False
11,2011-12-23,80,16389.599609375,False,False
11,2011-12-23,33,21115.0625,False,False
11,2011-12-23,98,35427.34765625,False,False
11,2011-12-23,74,29598.30078125,False,False
11,2011-12-23,49,12892.021484375,False,False
11,2011-12-23,28,1739.553955078125,False,False
11,2011-12-30,6,14393.845703125,True,False
11,2011-12-30,41,6821.88623046875,True,False
11,2011-12-30,99,662.5665283203125,True,False
11,2011-12-30,19,2713.967529296875,True,False
11,2011-12-30,17,18715.6875,True,False
11,2011-12-30,8,50138.1953125,True,False
11,2011-12-30,14,34753.80859375,True,False
11,2011-12-30,31,2611.000244140625,True,False
11,2011-12-30,97,24652.26953125,True,False
11,2011-12-30,92,76472.359375,True,False
11,2011-12-30,3,23035.51953125,True,False
11,2011-12-30,11,33988.3671875,True,False
11,2011-12-30,31,4747.18115234375,True,False
11,2011-12-30,55,33294.34765625,True,False
11,2011-12-30,2,80970.4453125,True,False
11,2011-12-30,98,13664.728515625,True,False
11,2011-12-30,17,20181.79296875,True,False
11,2011-12-30,30,5182.14208984375,True,False
11,2011-12-30,29,11055.3798828125,True,False
11,2011-12-30,23,34924.6015625,True,False
11,2011-12-30,60,2471.443359375,True,False
11,2011-12-30,13,26000.9765625,True,False
11,2011-12-30,83,5918.2216796875,True,False
11,2011-12-30,56,49.67218017578125,True,False
11,2011-12-30,18,56625.69921875,True,False
11,2011-12-30,2,74143.5390625,True,False
11,2011-12-30,33,8160.40283203125,True,False
11,2011-12-30,36,4375.10888671875,True,False
11,2011-12-30,11,19626.203125,True,False
11,2011-12-30,44,3169.26171875,True,False
11,2011-12-30,83,3317.722412109375,True,False
11,2011-12-30,58,3374.147705078125,True,False
11,2011-12-30,91,46828.53125,True,False
11,2011-12-30,92,78435.40625,True,False
11,2011-12-30,41,1916.2291259765625,True,False
11,2011-12-30,28,1411.0936279296875,True,False
11,2011-12-30,93,86342.2890625,True,False
11,2011-12-30,54,231.25238037109372,True,False
11,2011-12-30,74,22858.5234375,True,False
11,2011-12-30,33,8358.2421875,True,False
11,2011-12-30,80,12160.458984375,True,False
11,2011-12-30,52,986.2550048828124,True,False
11,2011-12-30,34,34277.0703125,True,False
11,2011-12-30,94,57121.171875,True,False
11,2011-12-30,29,10394.2724609375,True,False
11,2011-12-30,85,8957.498046875,True,False
11,2011-12-30,94,50420.96875,True,False
11,2011-12-30,95,48935.4609375,True,False
11,2011-12-30,40,47115.07421875,True,False
11,2011-12-30,6,6215.521484375,True,False
11,2011-12-30,7,78628.1328125,True,False
11,2011-12-30,44,4945.44873046875,True,False
11,2011-12-30,56,1036.8931884765625,True,False
11,2011-12-30,30,4384.13818359375,True,False
11,2011-12-30,33,7155.888671875,True,False
11,2011-12-30,93,53437.28515625,True,False
11,2011-12-30,38,72909.703125,True,False
11,2011-12-30,71,7385.4794921875,True,False
11,2011-12-30,24,9163.6123046875,True,False
11,2011-12-30,33,5752.41845703125,True,False
11,2011-12-30,9,60918.7578125,True,False
11,2011-12-30,80,20761.1875,True,False
12,2011-12-02,58,3911.750244140625,False,False
12,2011-12-02,17,7439.85693359375,False,False
12,2011-12-02,17,8493.8720703125,False,False
12,2011-12-02,21,4939.73095703125,False,False
12,2011-12-02,52,2982.1298828125,False,False
12,2011-12-02,4,27031.216796875,False,False
12,2011-12-02,55,17337.291015625,False,False
12,2011-12-02,27,1894.1815185546875,False,False
12,2011-12-02,13,49031.5703125,False,False
12,2011-12-02,31,1928.77392578125,False,False
12,2011-12-02,1,19372.8203125,False,False
12,2011-12-02,79,16434.62109375,False,False
12,2011-12-02,91,54951.3671875,False,False
12,2011-12-02,44,7466.26708984375,False,False
12,2011-12-02,12,1896.5860595703125,False,False
12,2011-12-02,67,9975.5654296875,False,False
12,2011-12-02,59,763.2149047851562,False,False
12,2011-12-02,31,2275.75048828125,False,False
12,2011-12-02,20,2812.1318359375,False,False
12,2011-12-02,59,808.8037719726562,False,False
12,2011-12-02,92,153769.5,False,False
12,2011-12-02,81,13494.5341796875,False,False
12,2011-12-02,25,9739.7099609375,False,False
12,2011-12-02,3,10513.3955078125,False,False
12,2011-12-02,79,11349.9052734375,False,False
12,2011-12-02,1,25610.3515625,False,False
12,2011-12-02,79,28844.169921875,False,False
12,2011-12-02,17,17318.2109375,False,False
12,2011-12-02,14,14608.6162109375,False,False
12,2011-12-02,29,4406.57861328125,False,False
12,2011-12-02,48,2000.15234375,False,False
12,2011-12-02,3,7136.23876953125,False,False
12,2011-12-02,91,56497.4375,False,False
12,2011-12-02,34,10151.779296875,False,False
12,2011-12-02,85,1778.90771484375,False,False
12,2011-12-02,32,7019.0322265625,False,False
12,2011-12-02,3,9181.62890625,False,False
12,2011-12-02,54,31.447078704833984,False,False
12,2011-12-02,42,6202.421875,False,False
12,2011-12-02,6,7689.53955078125,False,False
12,2011-12-02,23,21703.775390625,False,False
12,2011-12-02,18,38595.70703125,False,False
12,2011-12-02,54,15.56865406036377,False,False
12,2011-12-02,30,2598.07470703125,False,False
12,2011-12-02,56,1510.473876953125,False,False
12,2011-12-02,31,2460.921875,False,False
12,2011-12-02,32,8568.4208984375,False,False
12,2011-12-02,97,18758.755859375,False,False
12,2011-12-02,27,2037.53662109375,False,False
12,2011-12-02,58,2463.90771484375,False,False
12,2011-12-02,9,23060.794921875,False,False
12,2011-12-02,74,10972.28125,False,False
12,2011-12-02,95,79743.09375,False,False
12,2011-12-02,81,17938.708984375,False,False
12,2011-12-02,25,17104.66015625,False,False
12,2011-12-02,90,31716.05078125,False,False
12,2011-12-02,54,63.10976791381836,False,False
12,2011-12-02,17,13249.5302734375,False,False
12,2011-12-02,30,2112.97900390625,False,False
12,2011-12-02,22,9144.5283203125,False,False
12,2011-12-02,17,9981.6650390625,False,False
12,2011-12-02,30,2392.292724609375,False,False
12,2011-12-02,7,46121.52734375,False,False
12,2011-12-02,17,14028.2412109375,False,False
12,2011-12-02,26,8160.607421875,False,False
12,2011-12-02,96,19134.3359375,False,False
12,2011-12-02,35,2542.55810546875,False,False
12,2011-12-02,56,2516.88916015625,False,False
12,2011-12-02,87,13758.6572265625,False,False
12,2011-12-02,54,22.535573959350582,False,False
12,2011-12-02,35,1878.6019287109373,False,False
12,2011-12-02,27,1965.791748046875,False,False
12,2011-12-09,71,4514.0927734375,False,False
12,2011-12-09,96,35922.109375,False,False
12,2011-12-09,23,34693.84375,False,False
12,2011-12-09,10,34574.69921875,False,False
12,2011-12-09,82,21714.4140625,False,False
12,2011-12-09,34,15672.4931640625,False,False
12,2011-12-09,22,15900.5263671875,False,False
12,2011-12-09,82,22481.748046875,False,False
12,2011-12-09,37,2942.2578125,False,False
12,2011-12-09,74,9806.36328125,False,False
12,2011-12-09,60,313.8404235839844,False,False
12,2011-12-09,99,2931.041015625,False,False
12,2011-12-09,2,46282.61328125,False,False
12,2011-12-09,3,13804.8935546875,False,False
12,2011-12-09,95,57770.4140625,False,False
12,2011-12-09,22,10770.2109375,False,False
12,2011-12-09,81,18227.263671875,False,False
12,2011-12-09,42,4982.3115234375,False,False
12,2011-12-09,42,6257.74755859375,False,False
12,2011-12-09,4,31295.91796875,False,False
12,2011-12-09,40,50987.73828125,False,False
12,2011-12-09,99,1116.607177734375,False,False
12,2011-12-09,26,6217.2265625,False,False
12,2011-12-09,24,8344.7021484375,False,False
12,2011-12-09,58,10054.3193359375,False,False
12,2011-12-09,42,8942.5537109375,False,False
12,2011-12-09,54,15.290132522583008,False,False
12,2011-12-09,19,1003.566650390625,False,False
12,2011-12-09,34,12082.2041015625,False,False
12,2011-12-09,13,21921.59375,False,False
12,2011-12-09,36,1714.105224609375,False,False
12,2011-12-09,22,13140.7158203125,False,False
12,2011-12-09,20,3687.542236328125,False,False
12,2011-12-09,14,28348.513671875,False,False
12,2011-12-09,38,64572.0859375,False,False
12,2011-12-09,92,173117.34375,False,False
12,2011-12-09,1,30748.5546875,False,False
12,2011-12-09,58,6850.70751953125,False,False
12,2011-12-09,16,6978.96337890625,False,False
12,2011-12-09,74,16428.427734375,False,False
12,2011-12-09,19,1243.2828369140625,False,False
12,2011-12-09,22,8644.9267578125,False,False
12,2011-12-09,59,2308.092041015625,False,False
12,2011-12-09,25,2554.714111328125,False,False
12,2011-12-09,29,9185.5439453125,False,False
12,2011-12-09,87,15010.583984375,False,False
12,2011-12-09,2,47969.734375,False,False
12,2011-12-09,14,32429.25390625,False,False
12,2011-12-09,40,33977.69921875,False,False
12,2011-12-09,72,78521.8984375,False,False
12,2011-12-09,6,7069.21044921875,False,False
12,2011-12-09,25,9768.2958984375,False,False
12,2011-12-09,1,27474.525390625,False,False
12,2011-12-09,80,17533.21875,False,False
12,2011-12-09,20,3058.58349609375,False,False
12,2011-12-09,54,60.156776428222656,False,False
12,2011-12-09,10,18203.646484375,False,False
12,2011-12-09,30,3272.265380859375,False,False
12,2011-12-09,82,25236.4140625,False,False
12,2011-12-09,59,2525.5361328125,False,False
12,2011-12-09,97,17640.25390625,False,False
12,2011-12-09,74,10654.3798828125,False,False
12,2011-12-09,30,2322.831298828125,False,False
12,2011-12-09,25,9822.7705078125,False,False
12,2011-12-09,94,39141.3984375,False,False
12,2011-12-09,22,8975.640625,False,False
12,2011-12-09,33,6755.40380859375,False,False
12,2011-12-09,55,18069.583984375,False,False
12,2011-12-09,29,5120.806640625,False,False
12,2011-12-09,24,7541.2822265625,False,False
12,2011-12-09,67,15249.466796875,False,False
12,2011-12-09,27,2283.899658203125,False,False
12,2011-12-09,92,134897.3125,False,False
12,2011-12-16,30,2252.80908203125,False,False
12,2011-12-16,32,11167.3896484375,False,False
12,2011-12-16,59,8032.30322265625,False,False
12,2011-12-16,71,3306.737060546875,False,False
12,2011-12-16,48,1437.6016845703125,False,False
12,2011-12-16,14,29230.630859375,False,False
12,2011-12-16,11,24841.064453125,False,False
12,2011-12-16,27,4112.6328125,False,False
12,2011-12-16,17,25391.34765625,False,False
12,2011-12-16,14,32774.90625,False,False
12,2011-12-16,92,126652.9609375,False,False
12,2011-12-16,97,20581.609375,False,False
12,2011-12-16,11,26456.755859375,False,False
12,2011-12-16,59,1609.4249267578125,False,False
12,2011-12-16,49,197.84014892578125,False,False
12,2011-12-16,35,3821.36865234375,False,False
12,2011-12-16,40,56295.69921875,False,False
12,2011-12-16,50,868.2850952148438,False,False
12,2011-12-16,49,5992.6015625,False,False
12,2011-12-16,1,48350.9140625,False,False
12,2011-12-16,87,27508.111328125,False,False
12,2011-12-16,38,82457.125,False,False
12,2011-12-16,46,26155.001953125,False,False
12,2011-12-16,87,12231.9970703125,False,False
12,2011-12-16,93,35257.859375,False,False
12,2011-12-16,77,169.44398498535156,False,False
12,2011-12-16,59,2934.270751953125,False,False
12,2011-12-16,58,7508.8076171875,False,False
12,2011-12-16,59,2058.814453125,False,False
12,2011-12-16,23,35742.171875,False,False
12,2011-12-16,95,60312.40234375,False,False
12,2011-12-16,25,13730.767578125,False,False
12,2011-12-16,21,7279.5224609375,False,False
12,2011-12-16,35,2873.333740234375,False,False
12,2011-12-16,7,47221.296875,False,False
12,2011-12-16,74,12117.80859375,False,False
12,2011-12-16,34,12969.1923828125,False,False
12,2011-12-16,48,2409.45263671875,False,False
12,2011-12-16,54,259.54205322265625,False,False
12,2011-12-16,97,23671.05859375,False,False
12,2011-12-16,60,483.8971862792969,False,False
12,2011-12-16,8,28419.25,False,False
12,2011-12-16,37,2476.72314453125,False,False
12,2011-12-16,82,46730.8125,False,False
12,2011-12-16,52,3079.219482421875,False,False
12,2011-12-16,8,42157.0625,False,False
12,2011-12-16,5,54493.07421875,False,False
12,2011-12-16,56,968.1012573242188,False,False
12,2011-12-16,6,10456.7998046875,False,False
12,2011-12-16,90,53740.0078125,False,False
12,2011-12-16,34,9822.1318359375,False,False
12,2011-12-16,14,19615.13671875,False,False
12,2011-12-16,82,44948.7578125,False,False
12,2011-12-16,19,3535.088623046875,False,False
12,2011-12-16,17,15327.712890625,False,False
12,2011-12-16,82,31393.0234375,False,False
12,2011-12-16,18,74494.828125,False,False
12,2011-12-16,3,12013.0849609375,False,False
12,2011-12-16,52,3032.6025390625,False,False
12,2011-12-16,40,45604.22265625,False,False
12,2011-12-16,59,672.7567138671875,False,False
12,2011-12-16,96,-109.32765197753906,False,False
12,2011-12-16,11,16901.068359375,False,False
12,2011-12-16,20,3744.010498046875,False,False
12,2011-12-16,3,10097.6845703125,False,False
12,2011-12-16,40,56487.1484375,False,False
12,2011-12-16,83,1991.13330078125,False,False
12,2011-12-16,93,53030.39453125,False,False
12,2011-12-16,60,869.4009399414062,False,False
12,2011-12-16,5,33221.2265625,False,False
12,2011-12-16,1,28794.486328125,False,False
12,2011-12-16,8,42710.2734375,False,False
12,2011-12-16,19,2770.822265625,False,False
12,2011-12-16,83,2291.5634765625,False,False
12,2011-12-23,5,48097.5625,False,False
12,2011-12-23,52,2706.405517578125,False,False
12,2011-12-23,44,10145.34375,False,False
12,2011-12-23,79,27743.490234375,False,False
12,2011-12-23,60,47.64698791503906,False,False
12,2011-12-23,9,24432.263671875,False,False
12,2011-12-23,17,23088.8203125,False,False
12,2011-12-23,93,30309.28125,False,False
12,2011-12-23,13,33946.6953125,False,False
12,2011-12-23,4,27501.83984375,False,False
12,2011-12-23,94,33559.0,False,False
12,2011-12-23,31,5279.955078125,False,False
12,2011-12-23,83,1099.642822265625,False,False
12,2011-12-23,85,7028.95703125,False,False
12,2011-12-23,20,4933.7646484375,False,False
12,2011-12-23,35,6034.8798828125,False,False
12,2011-12-23,36,2437.270751953125,False,False
12,2011-12-23,4,43905.99609375,False,False
12,2011-12-23,7,72083.09375,False,False
12,2011-12-23,95,50412.21484375,False,False
12,2011-12-23,17,22661.09375,False,False
12,2011-12-23,18,43660.71484375,False,False
12,2011-12-23,58,3601.419677734375,False,False
12,2011-12-23,80,15602.80078125,False,False
12,2011-12-23,81,41003.19921875,False,False
12,2011-12-23,82,56942.09375,False,False
12,2011-12-23,81,22631.205078125,False,False
12,2011-12-23,92,171736.75,False,False
12,2011-12-23,40,63011.5859375,False,False
12,2011-12-23,71,5886.48974609375,False,False
12,2011-12-23,95,54479.86328125,False,False
12,2011-12-23,11,20816.060546875,False,False
12,2011-12-23,30,2401.1748046875,False,False
12,2011-12-23,54,102.86560821533205,False,False
12,2011-12-23,87,45715.16796875,False,False
12,2011-12-23,34,14300.8994140625,False,False
12,2011-12-23,14,33706.74609375,False,False
12,2011-12-23,6,12613.240234375,False,False
12,2011-12-23,74,17741.9375,False,False
12,2011-12-23,31,4745.45849609375,False,False
12,2011-12-23,90,107065.234375,False,False
12,2011-12-23,2,53457.26953125,False,False
12,2011-12-23,16,4320.97216796875,False,False
12,2011-12-23,95,109562.3203125,False,False
12,2011-12-23,58,3012.501953125,False,False
12,2011-12-23,82,83361.6796875,False,False
12,2011-12-23,81,19139.400390625,False,False
12,2011-12-23,54,36.61457824707031,False,False
12,2011-12-23,10,29401.3515625,False,False
12,2011-12-23,6,14555.0751953125,False,False
12,2011-12-23,46,42560.11328125,False,False
12,2011-12-23,10,28359.673828125,False,False
12,2011-12-23,81,19448.83984375,False,False
12,2011-12-23,16,5664.11962890625,False,False
12,2011-12-23,8,36135.3359375,False,False
12,2011-12-23,1,52972.6015625,False,False
12,2011-12-23,34,16171.9443359375,False,False
12,2011-12-23,16,3392.05810546875,False,False
12,2011-12-23,22,12078.267578125,False,False
12,2011-12-23,81,17597.00390625,False,False
12,2011-12-23,95,114927.0625,False,False
12,2011-12-23,82,29392.916015625,False,False
12,2011-12-23,81,24281.740234375,False,False
12,2011-12-23,99,2974.202880859375,False,False
12,2011-12-23,34,32811.796875,False,False
12,2011-12-23,71,6883.76513671875,False,False
12,2011-12-23,58,46.97425079345703,False,False
12,2011-12-23,19,303.7090148925781,False,False
12,2011-12-23,28,296.95025634765625,False,False
12,2011-12-23,29,12055.4130859375,False,False
12,2011-12-23,60,442.6787109375,False,False
12,2011-12-23,6,2713.51220703125,False,False
12,2011-12-23,87,32000.740234375,False,False
12,2011-12-30,71,3494.0283203125,True,False
12,2011-12-30,91,32913.796875,True,False
12,2011-12-30,21,7424.1982421875,True,False
12,2011-12-30,3,9637.7333984375,True,False
12,2011-12-30,8,34426.515625,True,False
12,2011-12-30,80,42197.26953125,True,False
12,2011-12-30,60,90.39252471923828,True,False
12,2011-12-30,72,71184.3984375,True,False
12,2011-12-30,33,3577.7119140625,True,False
12,2011-12-30,12,3433.2275390625,True,False
12,2011-12-30,23,33022.91015625,True,False
12,2011-12-30,40,41634.7265625,True,False
12,2011-12-30,59,4115.60498046875,True,False
12,2011-12-30,93,28776.759765625,True,False
12,2011-12-30,30,2043.200439453125,True,False
12,2011-12-30,5,39301.90625,True,False
12,2011-12-30,55,24612.23046875,True,False
12,2011-12-30,41,2006.29150390625,True,False
12,2011-12-30,14,26012.595703125,True,False
12,2011-12-30,74,10122.181640625,True,False
12,2011-12-30,10,16371.88671875,True,False
12,2011-12-30,11,13750.2666015625,True,False
12,2011-12-30,20,3035.46484375,True,False
12,2011-12-30,80,12626.0009765625,True,False
12,2011-12-30,82,33156.9609375,True,False
12,2011-12-30,42,4239.1279296875,True,False
12,2011-12-30,80,26009.716796875,True,False
12,2011-12-30,31,1986.1673583984373,True,False
12,2011-12-30,11,21665.220703125,True,False
12,2011-12-30,10,20522.53125,True,False
12,2011-12-30,35,1865.4234619140625,True,False
12,2011-12-30,74,11656.134765625,True,False
12,2011-12-30,38,30022.431640625,True,False
12,2011-12-30,67,7779.509765625,True,False
12,2011-12-30,10,17660.2578125,True,False
12,2011-12-30,55,28062.35546875,True,False
12,2011-12-30,59,4060.15283203125,True,False
12,2011-12-30,52,1625.979248046875,True,False
12,2011-12-30,38,53096.765625,True,False
12,2011-12-30,52,1827.0272216796875,True,False
12,2011-12-30,74,10031.3974609375,True,False
12,2011-12-30,10,30620.662109375,True,False
12,2011-12-30,4,35288.96875,True,False
12,2011-12-30,32,15795.08203125,True,False
12,2011-12-30,79,11104.5810546875,True,False
12,2011-12-30,31,613.0252685546875,True,False
12,2011-12-30,30,1356.373046875,True,False
12,2011-12-30,74,12848.2939453125,True,False
12,2011-12-30,11,16742.08984375,True,False
12,2011-12-30,10,17346.4609375,True,False
12,2011-12-30,1,30050.3203125,True,False
12,2011-12-30,34,10428.138671875,True,False
12,2011-12-30,93,31985.60546875,True,False
12,2011-12-30,54,36.11849594116211,True,False
12,2011-12-30,49,8119.828125,True,False
12,2011-12-30,55,20300.763671875,True,False
12,2011-12-30,9,39259.57421875,True,False
12,2011-12-30,18,27541.666015625,True,False
12,2011-12-30,54,54.02649688720703,True,False
12,2011-12-30,60,236.5531005859375,True,False
12,2011-12-30,4,38448.37109375,True,False
12,2011-12-30,14,20320.3828125,True,False
12,2011-12-30,16,4281.0458984375,True,False
12,2011-12-30,40,43402.94921875,True,False
12,2011-12-30,97,12242.9052734375,True,False
12,2011-12-30,3,8281.7646484375,True,False
12,2011-12-30,1,20408.796875,True,False
12,2011-12-30,44,4876.787109375,True,False
12,2011-12-30,40,51431.29296875,True,False
12,2011-12-30,98,7275.18310546875,True,False
12,2011-12-30,34,9433.0419921875,True,False
12,2011-12-30,90,40276.47265625,True,False
12,2011-12-30,3,6161.947265625,True,False
12,2011-12-30,1,23001.076171875,True,False
13,2011-12-02,13,5085.52587890625,False,False
13,2011-12-02,90,25672.923828125,False,False
13,2011-12-02,80,12252.3671875,False,False
13,2011-12-02,90,29240.3046875,False,False
13,2011-12-02,24,20.771623611450195,False,False
13,2011-12-02,67,268.96148681640625,False,False
13,2011-12-02,83,494.92279052734375,False,False
13,2011-12-02,67,804.7232666015625,False,False
13,2011-12-02,17,321.61163330078125,False,False
13,2011-12-02,40,12931.3564453125,False,False
13,2011-12-02,8,4954.24951171875,False,False
13,2011-12-02,59,25.80495262145996,False,False
13,2011-12-02,17,369.3065490722656,False,False
13,2011-12-02,80,12224.8271484375,False,False
13,2011-12-02,22,44.06859970092773,False,False
13,2011-12-02,25,0.4024008214473724,False,False
13,2011-12-02,26,5.655048847198486,False,False
13,2011-12-02,92,62699.1640625,False,False
13,2011-12-02,46,2355.907958984375,False,False
13,2011-12-02,40,12457.43359375,False,False
13,2011-12-02,80,18654.361328125,False,False
13,2011-12-02,93,19094.107421875,False,False
13,2011-12-02,33,-302.0719299316406,False,False
13,2011-12-02,2,9114.1630859375,False,False
13,2011-12-02,83,2199.0380859375,False,False
13,2011-12-02,87,133.0601348876953,False,False
13,2011-12-02,94,20611.46484375,False,False
13,2011-12-02,40,6727.4306640625,False,False
13,2011-12-02,87,950.29345703125,False,False
13,2011-12-02,94,20132.22265625,False,False
13,2011-12-02,90,346.204345703125,False,False
13,2011-12-02,2,9002.380859375,False,False
13,2011-12-02,3,380.03271484375,False,False
13,2011-12-02,8,3236.11767578125,False,False
13,2011-12-02,21,409.9853210449219,False,False
13,2011-12-02,21,113.60033416748048,False,False
13,2011-12-02,2,7699.8740234375,False,False
13,2011-12-02,91,20219.091796875,False,False
13,2011-12-02,74,245.3537750244141,False,False
13,2011-12-09,22,9.39849090576172,False,False
13,2011-12-09,95,26224.025390625,False,False
13,2011-12-09,87,55.18637466430664,False,False
13,2011-12-09,13,8213.744140625,False,False
13,2011-12-09,13,9743.548828125,False,False
13,2011-12-09,25,37.45870971679688,False,False
13,2011-12-09,4,8963.236328125,False,False
13,2011-12-09,16,178.9622802734375,False,False
13,2011-12-09,21,358.399658203125,False,False
13,2011-12-09,10,197.85546875,False,False
13,2011-12-09,42,124.22442626953124,False,False
13,2011-12-09,2,11791.4775390625,False,False
13,2011-12-09,59,71.14056396484375,False,False
13,2011-12-09,16,361.3552551269531,False,False
13,2011-12-09,2,11913.6708984375,False,False
13,2011-12-09,11,205.1387176513672,False,False
13,2011-12-09,31,25.69121360778809,False,False
13,2011-12-09,7,654.0159912109375,False,False
13,2011-12-09,11,355.2362060546875,False,False
13,2011-12-09,46,3077.760986328125,False,False
13,2011-12-09,14,1489.1142578125,False,False
13,2011-12-09,55,11.365768432617188,False,False
13,2011-12-09,85,9.53664779663086,False,False
13,2011-12-09,56,603.2044067382812,False,False
13,2011-12-09,87,57.68488693237305,False,False
13,2011-12-09,91,9622.4208984375,False,False
13,2011-12-09,98,7164.2060546875,False,False
13,2011-12-09,20,45.08501052856445,False,False
13,2011-12-09,74,334.0645446777344,False,False
13,2011-12-09,14,2640.571533203125,False,False
13,2011-12-09,60,271.6847229003906,False,False
13,2011-12-09,97,748.1675415039062,False,False
13,2011-12-09,81,8349.734375,False,False
13,2011-12-09,98,11165.275390625,False,False
13,2011-12-09,90,29959.755859375,False,False
13,2011-12-09,80,17417.69140625,False,False
13,2011-12-09,25,6.673976898193359,False,False
13,2011-12-09,97,7280.8173828125,False,False
13,2011-12-09,17,233.4780731201172,False,False
13,2011-12-09,9,65.75287628173828,False,False
13,2011-12-09,96,13955.9951171875,False,False
13,2011-12-09,82,5131.84130859375,False,False
13,2011-12-09,81,9640.95703125,False,False
13,2011-12-09,79,14054.2578125,False,False
13,2011-12-09,90,28680.876953125,False,False
13,2011-12-09,13,9090.2412109375,False,False
13,2011-12-09,94,20036.51953125,False,False
13,2011-12-09,82,6227.4091796875,False,False
13,2011-12-09,72,285.3910522460937,False,False
13,2011-12-09,5,169.56585693359375,False,False
13,2011-12-09,82,5880.8564453125,False,False
13,2011-12-09,60,377.80029296875,False,False
13,2011-12-16,38,18985.421875,False,False
13,2011-12-16,46,4520.3095703125,False,False
13,2011-12-16,91,9735.693359375,False,False
13,2011-12-16,26,301.2279663085937,False,False
13,2011-12-16,60,138.8467559814453,False,False
13,2011-12-16,93,34776.25390625,False,False
13,2011-12-16,56,513.38623046875,False,False
13,2011-12-16,40,9682.396484375,False,False
13,2011-12-16,42,86.7719955444336,False,False
13,2011-12-16,56,307.666015625,False,False
13,2011-12-16,52,17.569698333740234,False,False
13,2011-12-16,38,47749.9453125,False,False
13,2011-12-16,81,10084.4873046875,False,False
13,2011-12-16,8,8406.056640625,False,False
13,2011-12-16,87,169.1858367919922,False,False
13,2011-12-16,90,28702.001953125,False,False
13,2011-12-16,96,15348.2841796875,False,False
13,2011-12-16,90,26778.64453125,False,False
13,2011-12-16,90,32871.8359375,False,False
13,2011-12-16,74,425.8684997558594,False,False
13,2011-12-16,52,22.933015823364254,False,False
13,2011-12-16,81,13141.0625,False,False
13,2011-12-16,5,293.1914367675781,False,False
13,2011-12-16,46,3156.08740234375,False,False
13,2011-12-16,82,5190.7392578125,False,False
13,2011-12-16,96,13890.8173828125,False,False
13,2011-12-16,97,6206.17724609375,False,False
13,2011-12-16,80,14017.9541015625,False,False
13,2011-12-16,1,3556.90771484375,False,False
13,2011-12-16,90,28140.5078125,False,False
13,2011-12-16,13,5483.78955078125,False,False
13,2011-12-16,82,5085.9375,False,False
13,2011-12-16,83,4926.25830078125,False,False
13,2011-12-16,93,17781.259765625,False,False
13,2011-12-16,98,11479.7529296875,False,False
13,2011-12-16,82,5253.080078125,False,False
13,2011-12-16,3,348.0351257324219,False,False
13,2011-12-16,94,21609.033203125,False,False
13,2011-12-16,20,35.4531135559082,False,False
13,2011-12-23,55,100.68909454345705,False,False
13,2011-12-23,13,8848.390625,False,False
13,2011-12-23,2,12967.0634765625,False,False
13,2011-12-23,7,758.98046875,False,False
13,2011-12-23,87,378.9347534179688,False,False
13,2011-12-23,16,778.3264770507812,False,False
13,2011-12-23,82,5611.34375,False,False
13,2011-12-23,74,92.99374389648438,False,False
13,2011-12-23,40,13654.5849609375,False,False
13,2011-12-23,97,1863.5030517578125,False,False
13,2011-12-23,30,166.6114044189453,False,False
13,2011-12-23,98,10376.607421875,False,False
13,2011-12-23,94,22000.861328125,False,False
13,2011-12-23,40,11761.6484375,False,False
13,2011-12-23,98,7308.9658203125,False,False
13,2011-12-23,46,2173.22998046875,False,False
13,2011-12-23,27,46.22260665893555,False,False
13,2011-12-23,41,22.27522850036621,False,False
13,2011-12-23,8,4125.74951171875,False,False
13,2011-12-23,38,35671.53125,False,False
13,2011-12-23,5,301.7144470214844,False,False
13,2011-12-23,93,14862.734375,False,False
13,2011-12-23,2,9328.9755859375,False,False
13,2011-12-23,8,2588.58984375,False,False
13,2011-12-23,7,245.7650146484375,False,False
13,2011-12-23,93,16537.701171875,False,False
13,2011-12-23,46,1908.7156982421875,False,False
13,2011-12-23,46,1578.636962890625,False,False
13,2011-12-23,21,292.3544921875,False,False
13,2011-12-23,95,32964.42578125,False,False
13,2011-12-23,3,380.4100341796875,False,False
13,2011-12-23,8,5460.61669921875,False,False
13,2011-12-23,34,76.13831329345703,False,False
13,2011-12-23,97,10339.0390625,False,False
13,2011-12-23,8,4899.31640625,False,False
13,2011-12-23,90,29811.46484375,False,False
13,2011-12-23,98,9067.6708984375,False,False
13,2011-12-23,10,60.14839172363281,False,False
13,2011-12-23,83,4803.8701171875,False,False
13,2011-12-23,91,3751.165771484375,False,False
13,2011-12-23,87,1189.513671875,False,False
13,2011-12-23,90,33778.28515625,False,False
13,2011-12-23,21,213.07623291015625,False,False
13,2011-12-23,87,252.07424926757807,False,False
13,2011-12-23,81,14197.248046875,False,False
13,2011-12-23,97,3596.140625,False,False
13,2011-12-23,38,9713.0185546875,False,False
13,2011-12-30,67,789.457275390625,True,False
13,2011-12-30,10,82.77509307861328,True,False
13,2011-12-30,2,9576.5126953125,True,False
13,2011-12-30,97,6592.27734375,True,False
13,2011-12-30,3,221.01336669921875,True,False
13,2011-12-30,44,11.759027481079102,True,False
13,2011-12-30,46,1468.0877685546875,True,False
13,2011-12-30,90,29065.85546875,True,False
13,2011-12-30,95,26778.99609375,True,False
13,2011-12-30,29,235.4544677734375,True,False
13,2011-12-30,81,6952.90576171875,True,False
13,2011-12-30,67,656.5020751953125,True,False
13,2011-12-30,12,52.45121383666992,True,False
13,2011-12-30,83,1073.0081787109375,True,False
13,2011-12-30,81,9826.9765625,True,False
13,2011-12-30,17,199.11038208007807,True,False
13,2011-12-30,26,19.841766357421875,True,False
13,2011-12-30,95,20361.1015625,True,False
13,2011-12-30,59,191.70709228515625,True,False
13,2011-12-30,83,914.7421875,True,False
13,2011-12-30,97,5568.78369140625,True,False
13,2011-12-30,2,5783.00439453125,True,False
13,2011-12-30,82,5641.6923828125,True,False
13,2011-12-30,90,27852.78125,True,False
13,2011-12-30,83,3879.0380859375,True,False
13,2011-12-30,81,10729.1064453125,True,False
13,2011-12-30,98,7191.0166015625,True,False
13,2011-12-30,17,699.0305786132812,True,False
13,2011-12-30,11,495.3096008300781,True,False
13,2011-12-30,11,436.9131774902344,True,False
13,2011-12-30,91,15228.1669921875,True,False
13,2011-12-30,38,33163.7109375,True,False
13,2011-12-30,80,16220.1083984375,True,False
13,2011-12-30,22,81.75252532958984,True,False
13,2011-12-30,11,73.43852233886719,True,False
13,2011-12-30,38,18876.80078125,True,False
13,2011-12-30,55,77.96435546875,True,False
13,2011-12-30,92,34837.5234375,True,False
13,2011-12-30,55,102.20140075683594,True,False
13,2011-12-30,5,341.2594909667969,True,False
13,2011-12-30,56,145.4298553466797,True,False
13,2011-12-30,8,2774.457763671875,True,False
13,2011-12-30,3,588.7172241210938,True,False
13,2011-12-30,2,9112.2880859375,True,False
13,2011-12-30,18,236.4627685546875,True,False
13,2011-12-30,92,31373.359375,True,False
13,2011-12-30,21,259.7869873046875,True,False
13,2011-12-30,46,1494.7645263671875,True,False
14,2011-12-02,31,3046.528076171875,False,False
14,2011-12-02,2,65455.1171875,False,False
14,2011-12-02,25,17794.4375,False,False
14,2011-12-02,21,7410.9765625,False,False
14,2011-12-02,44,4344.287109375,False,False
14,2011-12-02,87,30853.61328125,False,False
14,2011-12-02,81,6769.18701171875,False,False
14,2011-12-02,93,42121.53125,False,False
14,2011-12-02,30,5496.9130859375,False,False
14,2011-12-02,30,4185.8447265625,False,False
14,2011-12-02,49,24741.041015625,False,False
14,2011-12-02,59,2206.914306640625,False,False
14,2011-12-02,80,156.3530731201172,False,False
14,2011-12-02,8,17722.701171875,False,False
14,2011-12-02,67,11846.595703125,False,False
14,2011-12-02,14,35332.3671875,False,False
14,2011-12-02,35,5426.3701171875,False,False
14,2011-12-02,56,1488.215576171875,False,False
14,2011-12-02,24,18071.359375,False,False
14,2011-12-02,59,1082.2320556640625,False,False
14,2011-12-02,83,838.9693603515625,False,False
14,2011-12-02,36,5316.0439453125,False,False
14,2011-12-02,29,8612.0478515625,False,False
14,2011-12-02,10,16877.990234375,False,False
14,2011-12-02,6,6222.1318359375,False,False
14,2011-12-02,92,27565.619140625,False,False
14,2011-12-02,31,4696.59765625,False,False
14,2011-12-02,79,17715.9609375,False,False
14,2011-12-02,9,15185.60546875,False,False
14,2011-12-02,79,18637.87890625,False,False
14,2011-12-02,90,35951.78125,False,False
14,2011-12-02,41,721.7387084960938,False,False
14,2011-12-02,9,11086.8828125,False,False
14,2011-12-02,6,5775.48876953125,False,False
14,2011-12-02,52,3935.430419921875,False,False
14,2011-12-02,83,4234.8916015625,False,False
14,2011-12-02,35,3562.112060546875,False,False
14,2011-12-02,52,3592.79638671875,False,False
14,2011-12-02,91,8679.787109375,False,False
14,2011-12-02,11,19739.626953125,False,False
14,2011-12-02,20,4942.923828125,False,False
14,2011-12-02,2,67687.125,False,False
14,2011-12-02,35,2763.230712890625,False,False
14,2011-12-02,3,15091.607421875,False,False
14,2011-12-02,8,31274.955078125,False,False
14,2011-12-02,82,19408.048828125,False,False
14,2011-12-02,32,10269.734375,False,False
14,2011-12-02,46,38375.0078125,False,False
14,2011-12-02,20,10482.48046875,False,False
14,2011-12-02,9,21731.939453125,False,False
14,2011-12-02,34,12425.49609375,False,False
14,2011-12-02,55,19836.12109375,False,False
14,2011-12-02,12,4111.40185546875,False,False
14,2011-12-02,9,19809.279296875,False,False
14,2011-12-02,24,11338.0107421875,False,False
14,2011-12-02,36,3536.7587890625,False,False
14,2011-12-02,35,4770.21044921875,False,False
14,2011-12-02,72,62104.515625,False,False
14,2011-12-02,60,180.1265869140625,False,False
14,2011-12-02,90,11596.509765625,False,False
14,2011-12-02,26,12088.4765625,False,False
14,2011-12-02,5,48775.609375,False,False
14,2011-12-02,92,65757.8515625,False,False
14,2011-12-02,10,17057.60546875,False,False
14,2011-12-02,16,2729.264404296875,False,False
14,2011-12-02,23,32934.59375,False,False
14,2011-12-02,6,6286.00439453125,False,False
14,2011-12-02,18,33293.49609375,False,False
14,2011-12-02,96,3693.2744140625,False,False
14,2011-12-02,2,68508.6796875,False,False
14,2011-12-02,67,12065.08203125,False,False
14,2011-12-02,77,154.2250213623047,False,False
14,2011-12-02,10,21739.873046875,False,False
14,2011-12-02,16,4861.40966796875,False,False
14,2011-12-09,27,7304.7607421875,False,False
14,2011-12-09,47,2.957092761993408,False,False
14,2011-12-09,44,14573.34765625,False,False
14,2011-12-09,23,47839.875,False,False
14,2011-12-09,80,1405.526123046875,False,False
14,2011-12-09,2,85493.296875,False,False
14,2011-12-09,24,15505.2060546875,False,False
14,2011-12-09,96,35073.06640625,False,False
14,2011-12-09,46,41792.33984375,False,False
14,2011-12-09,85,5525.53466796875,False,False
14,2011-12-09,81,10837.6982421875,False,False
14,2011-12-09,18,53435.828125,False,False
14,2011-12-09,36,1962.0361328125,False,False
14,2011-12-09,25,16602.43359375,False,False
14,2011-12-09,87,15186.8056640625,False,False
14,2011-12-09,2,67082.703125,False,False
14,2011-12-09,5,58663.859375,False,False
14,2011-12-09,97,21617.650390625,False,False
14,2011-12-09,5,46158.46484375,False,False
14,2011-12-09,24,25621.33203125,False,False
14,2011-12-09,14,47897.0390625,False,False
14,2011-12-09,56,2561.56640625,False,False
14,2011-12-09,26,27122.09375,False,False
14,2011-12-09,81,19832.951171875,False,False
14,2011-12-09,24,18232.16796875,False,False
14,2011-12-09,91,3178.6416015625,False,False
14,2011-12-09,3,17187.3203125,False,False
14,2011-12-09,58,3681.279052734375,False,False
14,2011-12-09,56,1162.0867919921875,False,False
14,2011-12-09,41,4198.1025390625,False,False
14,2011-12-09,7,57601.4453125,False,False
14,2011-12-09,59,4276.8955078125,False,False
14,2011-12-09,71,7001.9052734375,False,False
14,2011-12-09,18,37747.7734375,False,False
14,2011-12-09,33,9982.1865234375,False,False
14,2011-12-09,12,3555.74658203125,False,False
14,2011-12-09,99,53815.265625,False,False
14,2011-12-09,2,61147.0234375,False,False
14,2011-12-09,49,1215.59619140625,False,False
14,2011-12-09,58,1969.8275146484373,False,False
14,2011-12-09,21,13590.3076171875,False,False
14,2011-12-09,80,689.2205810546875,False,False
14,2011-12-09,4,53720.87890625,False,False
14,2011-12-09,55,34649.01171875,False,False
14,2011-12-09,96,16.702836990356445,False,False
14,2011-12-09,17,25597.54296875,False,False
14,2011-12-09,59,2516.805419921875,False,False
14,2011-12-09,9,34326.66015625,False,False
14,2011-12-09,90,37270.9921875,False,False
14,2011-12-09,25,18281.669921875,False,False
14,2011-12-09,30,896.5272827148438,False,False
14,2011-12-09,90,36866.92578125,False,False
14,2011-12-09,32,14528.904296875,False,False
14,2011-12-09,16,2962.05419921875,False,False
14,2011-12-09,18,37852.0703125,False,False
14,2011-12-09,91,58232.875,False,False
14,2011-12-09,91,11545.1591796875,False,False
14,2011-12-09,23,76890.8125,False,False
14,2011-12-09,41,7557.9794921875,False,False
14,2011-12-09,2,76021.296875,False,False
14,2011-12-09,40,61676.40625,False,False
14,2011-12-09,95,46379.72265625,False,False
14,2011-12-09,34,25169.884765625,False,False
14,2011-12-09,16,3180.933349609375,False,False
14,2011-12-09,79,29225.158203125,False,False
14,2011-12-09,7,83767.3671875,False,False
14,2011-12-09,77,180.68556213378903,False,False
14,2011-12-09,19,2004.00439453125,False,False
14,2011-12-09,33,7826.837890625,False,False
14,2011-12-09,16,1990.9691162109373,False,False
14,2011-12-09,17,18552.23828125,False,False
14,2011-12-09,58,1618.873779296875,False,False
14,2011-12-09,12,3448.9150390625,False,False
14,2011-12-16,90,32562.0,False,False
14,2011-12-16,31,7185.48583984375,False,False
14,2011-12-16,3,25349.615234375,False,False
14,2011-12-16,96,84.72579956054688,False,False
14,2011-12-16,31,5667.0400390625,False,False
14,2011-12-16,77,365.5030822753906,False,False
14,2011-12-16,80,720.049072265625,False,False
14,2011-12-16,17,29919.234375,False,False
14,2011-12-16,34,20882.876953125,False,False
14,2011-12-16,11,18679.30078125,False,False
14,2011-12-16,41,93.68351745605467,False,False
14,2011-12-16,80,24.63483619689941,False,False
14,2011-12-16,45,-480.5016784667969,False,False
14,2011-12-16,13,40257.87109375,False,False
14,2011-12-16,1,44145.62890625,False,False
14,2011-12-16,87,24821.8125,False,False
14,2011-12-16,81,7299.83935546875,False,False
14,2011-12-16,14,67952.40625,False,False
14,2011-12-16,49,115.46339416503906,False,False
14,2011-12-16,32,27193.685546875,False,False
14,2011-12-16,74,19680.529296875,False,False
14,2011-12-16,31,2451.711669921875,False,False
14,2011-12-16,50,2232.6552734375,False,False
14,2011-12-16,71,12187.44140625,False,False
14,2011-12-16,87,34981.55859375,False,False
14,2011-12-16,28,2342.9619140625,False,False
14,2011-12-16,28,1230.9283447265625,False,False
14,2011-12-16,56,1667.01904296875,False,False
14,2011-12-16,3,16736.5703125,False,False
14,2011-12-16,98,248.6295318603516,False,False
14,2011-12-16,40,47120.7109375,False,False
14,2011-12-16,31,6835.2666015625,False,False
14,2011-12-16,49,16708.1015625,False,False
14,2011-12-16,54,21.38486671447754,False,False
14,2011-12-16,77,1053.5010986328125,False,False
14,2011-12-16,48,4396.3984375,False,False
14,2011-12-16,19,3429.660400390625,False,False
14,2011-12-16,28,1091.806640625,False,False
14,2011-12-16,67,17398.126953125,False,False
14,2011-12-16,12,8574.9150390625,False,False
14,2011-12-16,23,45623.05078125,False,False
14,2011-12-16,32,23434.15234375,False,False
14,2011-12-16,79,39519.9921875,False,False
14,2011-12-16,93,150.58224487304688,False,False
14,2011-12-16,23,65877.640625,False,False
14,2011-12-16,20,5718.40673828125,False,False
14,2011-12-16,23,78717.1953125,False,False
14,2011-12-16,54,63.27255630493164,False,False
14,2011-12-16,72,47768.5625,False,False
14,2011-12-16,79,18195.310546875,False,False
14,2011-12-16,77,143.12936401367188,False,False
14,2011-12-16,16,2524.091064453125,False,False
14,2011-12-16,1,72007.6796875,False,False
14,2011-12-16,87,19266.42578125,False,False
14,2011-12-16,3,14884.5546875,False,False
14,2011-12-16,60,552.39404296875,False,False
14,2011-12-16,41,20141.654296875,False,False
14,2011-12-16,8,51467.9375,False,False
14,2011-12-16,45,9.410999298095703,False,False
14,2011-12-16,1,43223.20703125,False,False
14,2011-12-16,83,775.6366577148438,False,False
14,2011-12-16,6,12662.8193359375,False,False
14,2011-12-16,27,3956.676025390625,False,False
14,2011-12-16,33,12876.10546875,False,False
14,2011-12-16,19,1782.4637451171875,False,False
14,2011-12-16,47,425.268310546875,False,False
14,2011-12-16,19,5530.8701171875,False,False
14,2011-12-16,38,49285.10546875,False,False
14,2011-12-16,71,7705.8955078125,False,False
14,2011-12-23,17,32567.734375,False,False
14,2011-12-23,44,8658.5595703125,False,False
14,2011-12-23,3,23930.869140625,False,False
14,2011-12-23,71,10576.2861328125,False,False
14,2011-12-23,94,560.6439208984375,False,False
14,2011-12-23,81,13533.650390625,False,False
14,2011-12-23,47,74.06643676757812,False,False
14,2011-12-23,72,166082.09375,False,False
14,2011-12-23,74,31794.63671875,False,False
14,2011-12-23,92,29187.267578125,False,False
14,2011-12-23,38,47941.47265625,False,False
14,2011-12-23,33,26622.33984375,False,False
14,2011-12-23,18,70954.25,False,False
14,2011-12-23,45,10.883350372314451,False,False
14,2011-12-23,54,11.91956901550293,False,False
14,2011-12-23,94,83.5844955444336,False,False
14,2011-12-23,27,5979.12109375,False,False
14,2011-12-23,41,2627.905029296875,False,False
14,2011-12-23,16,1400.8209228515625,False,False
14,2011-12-23,72,172004.125,False,False
14,2011-12-23,18,65650.09375,False,False
14,2011-12-23,59,6718.0146484375,False,False
14,2011-12-23,2,30130.12109375,False,False
14,2011-12-23,41,97.9633331298828,False,False
14,2011-12-23,71,6452.97314453125,False,False
14,2011-12-23,80,827.3194580078125,False,False
14,2011-12-23,67,18953.443359375,False,False
14,2011-12-23,32,24460.5,False,False
14,2011-12-23,46,25330.46875,False,False
14,2011-12-23,40,69755.9765625,False,False
14,2011-12-23,87,50807.50390625,False,False
14,2011-12-23,12,2317.5185546875,False,False
14,2011-12-23,49,1256.9776611328125,False,False
14,2011-12-23,85,3915.054443359375,False,False
14,2011-12-23,82,81500.71875,False,False
14,2011-12-23,42,9739.4423828125,False,False
14,2011-12-23,47,724.5154418945312,False,False
14,2011-12-23,10,35650.7421875,False,False
14,2011-12-23,80,1345.320556640625,False,False
14,2011-12-23,44,11168.7080078125,False,False
14,2011-12-23,10,34794.08203125,False,False
14,2011-12-23,72,122362.4296875,False,False
14,2011-12-23,80,910.1358642578124,False,False
14,2011-12-23,6,23811.42578125,False,False
14,2011-12-23,9,64543.34765625,False,False
14,2011-12-23,30,6642.1318359375,False,False
14,2011-12-23,29,29758.53515625,False,False
14,2011-12-23,30,91.59203338623048,False,False
14,2011-12-23,45,35.65914535522461,False,False
14,2011-12-23,6,40080.84375,False,False
14,2011-12-23,10,38878.82421875,False,False
14,2011-12-23,24,17963.779296875,False,False
14,2011-12-23,27,6245.978515625,False,False
14,2011-12-23,5,46094.09765625,False,False
14,2011-12-23,27,5244.0966796875,False,False
14,2011-12-23,91,29107.62109375,False,False
14,2011-12-23,54,21.523509979248047,False,False
14,2011-12-23,1,57632.7265625,False,False
14,2011-12-23,55,35590.11328125,False,False
14,2011-12-23,47,-158.33616638183594,False,False
14,2011-12-23,80,658.573486328125,False,False
14,2011-12-23,51,48.61802673339844,False,False
14,2011-12-23,26,25468.916015625,False,False
14,2011-12-23,60,344.0495300292969,False,False
14,2011-12-23,67,27995.958984375,False,False
14,2011-12-23,95,51706.9765625,False,False
14,2011-12-23,35,4985.38671875,False,False
14,2011-12-23,52,5225.48828125,False,False
14,2011-12-23,93,3013.496826171875,False,False
14,2011-12-23,82,27206.91015625,False,False
14,2011-12-23,28,1416.8966064453125,False,False
14,2011-12-23,28,2181.042724609375,False,False
14,2011-12-23,58,80.75341796875,False,False
14,2011-12-23,29,14943.9375,False,False
14,2011-12-23,6,15528.7822265625,False,False
14,2011-12-23,77,229.99339294433597,False,False
14,2011-12-23,80,600.3446044921875,False,False
14,2011-12-23,20,7708.8388671875,False,False
14,2011-12-30,12,2395.380126953125,True,False
14,2011-12-30,49,16473.013671875,True,False
14,2011-12-30,10,27505.916015625,True,False
14,2011-12-30,10,33721.0625,True,False
14,2011-12-30,67,10500.1904296875,True,False
14,2011-12-30,71,8121.54736328125,True,False
14,2011-12-30,22,10626.4365234375,True,False
14,2011-12-30,38,53467.2109375,True,False
14,2011-12-30,6,11301.7216796875,True,False
14,2011-12-30,92,83063.0390625,True,False
14,2011-12-30,2,57275.79296875,True,False
14,2011-12-30,56,3069.864501953125,True,False
14,2011-12-30,52,1946.391357421875,True,False
14,2011-12-30,3,17448.953125,True,False
14,2011-12-30,81,26340.6484375,True,False
14,2011-12-30,81,7025.5869140625,True,False
14,2011-12-30,17,4510.84423828125,True,False
14,2011-12-30,80,62.85391998291016,True,False
14,2011-12-30,16,469.3188781738281,True,False
14,2011-12-30,40,48979.83203125,True,False
14,2011-12-30,60,185.1884613037109,True,False
14,2011-12-30,9,25416.1171875,True,False
14,2011-12-30,82,30740.890625,True,False
14,2011-12-30,71,7242.994140625,True,False
14,2011-12-30,4,25359.83984375,True,False
14,2011-12-30,58,752.7700805664062,True,False
14,2011-12-30,31,6075.48828125,True,False
14,2011-12-30,34,11040.236328125,True,False
14,2011-12-30,52,9024.83203125,True,False
14,2011-12-30,6,6555.2138671875,True,False
14,2011-12-30,52,3565.005615234375,True,False
14,2011-12-30,22,14766.1689453125,True,False
14,2011-12-30,2,43293.63671875,True,False
14,2011-12-30,17,20035.291015625,True,False
14,2011-12-30,54,32.492645263671875,True,False
14,2011-12-30,38,61443.4765625,True,False
14,2011-12-30,45,13.712059020996094,True,False
14,2011-12-30,31,4324.28466796875,True,False
14,2011-12-30,90,31155.380859375,True,False
14,2011-12-30,16,2990.748291015625,True,False
14,2011-12-30,16,143.75184631347656,True,False
14,2011-12-30,40,49464.73046875,True,False
14,2011-12-30,25,16088.5244140625,True,False
14,2011-12-30,20,9718.166015625,True,False
14,2011-12-30,97,4883.81787109375,True,False
14,2011-12-30,74,29393.345703125,True,False
14,2011-12-30,13,28234.921875,True,False
14,2011-12-30,67,10209.1015625,True,False
14,2011-12-30,26,6996.49609375,True,False
14,2011-12-30,9,11581.6591796875,True,False
14,2011-12-30,25,17883.73828125,True,False
14,2011-12-30,54,224.94122314453125,True,False
14,2011-12-30,10,25859.591796875,True,False
14,2011-12-30,91,14764.7353515625,True,False
15,2011-12-02,11,9737.0322265625,False,False
15,2011-12-02,33,3759.76318359375,False,False
15,2011-12-02,27,2145.135986328125,False,False
15,2011-12-02,31,3690.4794921875,False,False
15,2011-12-02,31,2602.771240234375,False,False
15,2011-12-02,55,8738.595703125,False,False
15,2011-12-02,9,5567.9228515625,False,False
15,2011-12-02,59,907.7607421875,False,False
15,2011-12-02,41,1742.6324462890625,False,False
15,2011-12-02,44,3884.140625,False,False
15,2011-12-02,74,7989.9521484375,False,False
15,2011-12-02,74,9042.044921875,False,False
15,2011-12-02,32,7612.2802734375,False,False
15,2011-12-02,83,243.71397399902344,False,False
15,2011-12-02,16,2268.176025390625,False,False
15,2011-12-02,10,19630.818359375,False,False
15,2011-12-02,29,4449.55859375,False,False
15,2011-12-02,74,13647.48828125,False,False
15,2011-12-02,16,1513.6319580078125,False,False
15,2011-12-02,19,2725.40673828125,False,False
15,2011-12-02,3,9022.7578125,False,False
15,2011-12-02,23,19393.162109375,False,False
15,2011-12-02,29,4559.2744140625,False,False
15,2011-12-02,59,937.2645263671876,False,False
15,2011-12-02,92,33373.4453125,False,False
15,2011-12-02,96,6106.396484375,False,False
15,2011-12-02,11,19285.431640625,False,False
15,2011-12-02,16,2948.456298828125,False,False
15,2011-12-02,54,40.56327819824219,False,False
15,2011-12-02,2,40806.8984375,False,False
15,2011-12-02,90,6242.810546875,False,False
15,2011-12-02,32,5640.3330078125,False,False
15,2011-12-02,36,1600.945068359375,False,False
15,2011-12-02,5,27538.6640625,False,False
15,2011-12-02,79,9552.001953125,False,False
15,2011-12-02,93,651.0357055664062,False,False
15,2011-12-02,2,64004.15234375,False,False
15,2011-12-02,12,2833.21435546875,False,False
15,2011-12-02,36,1576.54296875,False,False
15,2011-12-02,19,3263.973388671875,False,False
15,2011-12-02,8,10999.05078125,False,False
15,2011-12-02,17,6246.107421875,False,False
15,2011-12-02,1,18845.029296875,False,False
15,2011-12-02,28,380.7773132324219,False,False
15,2011-12-02,82,15081.931640625,False,False
15,2011-12-02,28,554.6398315429688,False,False
15,2011-12-02,46,21676.662109375,False,False
15,2011-12-02,2,29856.392578125,False,False
15,2011-12-02,40,42414.2265625,False,False
15,2011-12-02,9,10791.517578125,False,False
15,2011-12-02,31,1863.0145263671875,False,False
15,2011-12-02,20,2734.56494140625,False,False
15,2011-12-02,97,2241.23095703125,False,False
15,2011-12-02,97,7056.779296875,False,False
15,2011-12-02,74,9354.197265625,False,False
15,2011-12-02,12,3899.03515625,False,False
15,2011-12-02,8,17701.701171875,False,False
15,2011-12-02,38,42206.9140625,False,False
15,2011-12-02,40,28476.208984375,False,False
15,2011-12-02,14,10014.369140625,False,False
15,2011-12-02,38,56403.67578125,False,False
15,2011-12-02,31,1544.0528564453125,False,False
15,2011-12-02,94,132.78277587890625,False,False
15,2011-12-02,52,2663.82177734375,False,False
15,2011-12-02,87,9951.1552734375,False,False
15,2011-12-09,28,974.9671630859376,False,False
15,2011-12-09,59,1121.00830078125,False,False
15,2011-12-09,5,17175.244140625,False,False
15,2011-12-09,16,624.6708984375,False,False
15,2011-12-09,60,716.752197265625,False,False
15,2011-12-09,25,8837.2109375,False,False
15,2011-12-09,58,718.1073608398438,False,False
15,2011-12-09,93,1203.2642822265625,False,False
15,2011-12-09,9,5569.64404296875,False,False
15,2011-12-09,91,10986.716796875,False,False
15,2011-12-09,96,5726.24169921875,False,False
15,2011-12-09,25,27309.931640625,False,False
15,2011-12-09,41,1428.022216796875,False,False
15,2011-12-09,11,5909.140625,False,False
15,2011-12-09,5,26032.419921875,False,False
15,2011-12-09,36,1320.7664794921875,False,False
15,2011-12-09,32,5010.13671875,False,False
15,2011-12-09,21,10067.2607421875,False,False
15,2011-12-09,59,4398.314453125,False,False
15,2011-12-09,19,1036.0218505859375,False,False
15,2011-12-09,87,4326.7353515625,False,False
15,2011-12-09,91,25968.853515625,False,False
15,2011-12-09,74,9262.6591796875,False,False
15,2011-12-09,67,5492.1328125,False,False
15,2011-12-09,32,4194.8935546875,False,False
15,2011-12-09,1,23226.435546875,False,False
15,2011-12-09,72,52022.5546875,False,False
15,2011-12-09,30,1298.5303955078125,False,False
15,2011-12-09,28,588.472412109375,False,False
15,2011-12-09,26,11573.4482421875,False,False
15,2011-12-09,52,1536.836669921875,False,False
15,2011-12-09,98,700.4737548828125,False,False
15,2011-12-09,34,8858.0625,False,False
15,2011-12-09,90,27661.822265625,False,False
15,2011-12-09,33,2822.21044921875,False,False
15,2011-12-09,14,18726.0546875,False,False
15,2011-12-09,38,52631.25390625,False,False
15,2011-12-09,91,3320.140380859375,False,False
15,2011-12-09,18,17404.568359375,False,False
15,2011-12-09,47,49.818241119384766,False,False
15,2011-12-09,40,33967.3828125,False,False
15,2011-12-09,56,2777.604248046875,False,False
15,2011-12-09,54,79.55083465576172,False,False
15,2011-12-09,22,7952.8447265625,False,False
15,2011-12-09,28,817.9428100585938,False,False
15,2011-12-09,49,3566.759765625,False,False
15,2011-12-09,6,3032.948974609375,False,False
15,2011-12-09,80,12743.7080078125,False,False
15,2011-12-09,25,10138.5224609375,False,False
15,2011-12-09,24,4920.12744140625,False,False
15,2011-12-09,94,537.858154296875,False,False
15,2011-12-09,29,4160.9521484375,False,False
15,2011-12-09,24,5165.61181640625,False,False
15,2011-12-09,21,9316.876953125,False,False
15,2011-12-09,3,17688.759765625,False,False
15,2011-12-09,91,16352.1767578125,False,False
15,2011-12-09,5,27066.26171875,False,False
15,2011-12-09,59,3070.15283203125,False,False
15,2011-12-09,46,13255.958984375,False,False
15,2011-12-09,60,521.00732421875,False,False
15,2011-12-09,8,20552.40625,False,False
15,2011-12-09,8,30427.154296875,False,False
15,2011-12-09,98,240.37632751464844,False,False
15,2011-12-09,8,26585.701171875,False,False
15,2011-12-09,41,2276.96630859375,False,False
15,2011-12-09,26,13591.0771484375,False,False
15,2011-12-16,36,1939.1534423828125,False,False
15,2011-12-16,34,6135.08642578125,False,False
15,2011-12-16,54,19.60848426818848,False,False
15,2011-12-16,97,6148.2802734375,False,False
15,2011-12-16,98,60.878231048583984,False,False
15,2011-12-16,54,28.017593383789062,False,False
15,2011-12-16,26,4388.953125,False,False
15,2011-12-16,97,4764.40869140625,False,False
15,2011-12-16,13,29993.478515625,False,False
15,2011-12-16,10,13594.3671875,False,False
15,2011-12-16,28,713.8494873046875,False,False
15,2011-12-16,46,18083.001953125,False,False
15,2011-12-16,56,1144.4488525390625,False,False
15,2011-12-16,71,3411.8525390625,False,False
15,2011-12-16,13,18797.5078125,False,False
15,2011-12-16,5,22983.580078125,False,False
15,2011-12-16,37,1863.9383544921875,False,False
15,2011-12-16,27,1909.7374267578125,False,False
15,2011-12-16,38,78670.2265625,False,False
15,2011-12-16,85,7398.22021484375,False,False
15,2011-12-16,36,1737.2998046875,False,False
15,2011-12-16,17,11166.3408203125,False,False
15,2011-12-16,44,6948.23095703125,False,False
15,2011-12-16,20,2586.17431640625,False,False
15,2011-12-16,25,6692.75537109375,False,False
15,2011-12-16,31,2371.81640625,False,False
15,2011-12-16,92,53702.109375,False,False
15,2011-12-16,85,5821.4931640625,False,False
15,2011-12-16,91,19184.88671875,False,False
15,2011-12-16,38,34887.04296875,False,False
15,2011-12-16,8,23545.056640625,False,False
15,2011-12-16,85,5417.49755859375,False,False
15,2011-12-16,96,8479.4462890625,False,False
15,2011-12-16,38,70418.1796875,False,False
15,2011-12-16,12,1780.5462646484375,False,False
15,2011-12-16,83,888.6550903320312,False,False
15,2011-12-16,40,31544.576171875,False,False
15,2011-12-16,56,1089.800048828125,False,False
15,2011-12-16,92,36767.08203125,False,False
15,2011-12-16,44,7942.09033203125,False,False
15,2011-12-16,24,9231.5078125,False,False
15,2011-12-16,35,1650.849853515625,False,False
15,2011-12-16,14,15726.4697265625,False,False
15,2011-12-16,36,1118.455078125,False,False
15,2011-12-16,49,5791.623046875,False,False
15,2011-12-16,7,120770.375,False,False
15,2011-12-16,67,11771.396484375,False,False
15,2011-12-16,82,21607.46875,False,False
15,2011-12-16,30,2436.66552734375,False,False
15,2011-12-16,31,3067.826416015625,False,False
15,2011-12-16,8,26103.478515625,False,False
15,2011-12-16,80,473.74029541015625,False,False
15,2011-12-16,10,15357.69921875,False,False
15,2011-12-16,32,5209.162109375,False,False
15,2011-12-16,38,55217.84765625,False,False
15,2011-12-16,52,3326.33349609375,False,False
15,2011-12-16,72,39032.83984375,False,False
15,2011-12-16,8,37445.25390625,False,False
15,2011-12-16,83,439.766845703125,False,False
15,2011-12-16,1,24481.80078125,False,False
15,2011-12-16,67,12078.267578125,False,False
15,2011-12-16,60,1328.52734375,False,False
15,2011-12-16,92,38332.30859375,False,False
15,2011-12-16,28,317.33367919921875,False,False
15,2011-12-16,4,19986.54296875,False,False
15,2011-12-23,22,10952.974609375,False,False
15,2011-12-23,49,11179.0732421875,False,False
15,2011-12-23,34,29866.97265625,False,False
15,2011-12-23,74,15192.455078125,False,False
15,2011-12-23,83,917.9125366210938,False,False
15,2011-12-23,87,16970.181640625,False,False
15,2011-12-23,36,1845.877685546875,False,False
15,2011-12-23,31,3992.464599609375,False,False
15,2011-12-23,96,49.45838165283203,False,False
15,2011-12-23,5,61186.0078125,False,False
15,2011-12-23,55,26637.390625,False,False
15,2011-12-23,4,21263.291015625,False,False
15,2011-12-23,18,16290.947265625,False,False
15,2011-12-23,79,39632.05859375,False,False
15,2011-12-23,95,43844.71484375,False,False
15,2011-12-23,9,10535.4892578125,False,False
15,2011-12-23,13,23778.341796875,False,False
15,2011-12-23,10,19557.2578125,False,False
15,2011-12-23,26,12445.87109375,False,False
15,2011-12-23,95,46575.16015625,False,False
15,2011-12-23,21,7129.5205078125,False,False
15,2011-12-23,13,24634.240234375,False,False
15,2011-12-23,7,153489.140625,False,False
15,2011-12-23,9,23050.67578125,False,False
15,2011-12-23,37,1826.0823974609373,False,False
15,2011-12-23,36,1734.9093017578125,False,False
15,2011-12-23,42,3591.536376953125,False,False
15,2011-12-23,22,10733.9794921875,False,False
15,2011-12-23,6,13546.7138671875,False,False
15,2011-12-23,33,18259.21484375,False,False
15,2011-12-23,41,6449.35693359375,False,False
15,2011-12-23,33,6766.640625,False,False
15,2011-12-23,83,741.7882690429688,False,False
15,2011-12-23,27,3573.38916015625,False,False
15,2011-12-23,25,13576.322265625,False,False
15,2011-12-23,1,55960.66796875,False,False
15,2011-12-23,28,802.6402587890625,False,False
15,2011-12-23,30,2733.516357421875,False,False
15,2011-12-23,24,7192.2314453125,False,False
15,2011-12-23,60,271.6953125,False,False
15,2011-12-23,74,10822.4697265625,False,False
15,2011-12-23,23,18620.5703125,False,False
15,2011-12-23,56,915.7044677734376,False,False
15,2011-12-23,59,5283.5361328125,False,False
15,2011-12-23,44,1066.0902099609375,False,False
15,2011-12-23,35,3993.5869140625,False,False
15,2011-12-23,10,18283.26953125,False,False
15,2011-12-23,33,5035.65087890625,False,False
15,2011-12-23,96,6769.4208984375,False,False
15,2011-12-23,44,3764.060546875,False,False
15,2011-12-23,41,3304.912109375,False,False
15,2011-12-23,6,8803.4375,False,False
15,2011-12-23,87,14510.2021484375,False,False
15,2011-12-23,3,19963.216796875,False,False
15,2011-12-23,16,1797.3514404296875,False,False
15,2011-12-23,54,162.28367614746094,False,False
15,2011-12-23,7,61723.828125,False,False
15,2011-12-23,5,29619.68359375,False,False
15,2011-12-23,95,56887.0390625,False,False
15,2011-12-23,25,8357.8935546875,False,False
15,2011-12-23,13,18888.70703125,False,False
15,2011-12-23,46,25699.779296875,False,False
15,2011-12-23,4,28601.416015625,False,False
15,2011-12-23,24,13806.4482421875,False,False
15,2011-12-23,38,39346.06640625,False,False
15,2011-12-30,31,2333.893798828125,True,False
15,2011-12-30,87,9840.85546875,True,False
15,2011-12-30,18,28828.888671875,True,False
15,2011-12-30,25,13022.11328125,True,False
15,2011-12-30,24,3020.920654296875,True,False
15,2011-12-30,46,27938.009765625,True,False
15,2011-12-30,77,782.6456909179688,True,False
15,2011-12-30,8,27632.0703125,True,False
15,2011-12-30,83,140.86590576171875,True,False
15,2011-12-30,1,28119.162109375,True,False
15,2011-12-30,74,5874.525390625,True,False
15,2011-12-30,8,24384.310546875,True,False
15,2011-12-30,3,5823.1552734375,True,False
15,2011-12-30,14,26710.849609375,True,False
15,2011-12-30,34,7265.09375,True,False
15,2011-12-30,79,11160.337890625,True,False
15,2011-12-30,26,2787.412109375,True,False
15,2011-12-30,48,729.2689208984375,True,False
15,2011-12-30,27,1636.9246826171875,True,False
15,2011-12-30,25,5670.3896484375,True,False
15,2011-12-30,12,2609.2705078125,True,False
15,2011-12-30,18,23112.7734375,True,False
15,2011-12-30,35,814.2263793945312,True,False
15,2011-12-30,12,1054.525634765625,True,False
15,2011-12-30,90,6762.7158203125,True,False
15,2011-12-30,23,18039.03515625,True,False
15,2011-12-30,2,34030.58984375,True,False
15,2011-12-30,74,12243.7353515625,True,False
15,2011-12-30,16,1164.3958740234375,True,False
15,2011-12-30,93,284.5267639160156,True,False
15,2011-12-30,80,48.226932525634766,True,False
15,2011-12-30,16,2167.545654296875,True,False
15,2011-12-30,90,7691.728515625,True,False
15,2011-12-30,1,13273.3173828125,True,False
15,2011-12-30,12,1581.085205078125,True,False
15,2011-12-30,26,5484.5322265625,True,False
15,2011-12-30,72,30088.326171875,True,False
15,2011-12-30,28,657.8805541992188,True,False
15,2011-12-30,58,1510.397705078125,True,False
15,2011-12-30,16,3644.43798828125,True,False
15,2011-12-30,59,1993.9742431640625,True,False
15,2011-12-30,5,24059.31640625,True,False
15,2011-12-30,91,5149.1162109375,True,False
15,2011-12-30,3,6616.37060546875,True,False
15,2011-12-30,7,19922.380859375,True,False
15,2011-12-30,26,1891.708251953125,True,False
15,2011-12-30,80,10482.9521484375,True,False
15,2011-12-30,93,320.3750305175781,True,False
15,2011-12-30,32,13425.421875,True,False
15,2011-12-30,92,23771.439453125,True,False
15,2011-12-30,74,12885.73046875,True,False
15,2011-12-30,52,2137.338623046875,True,False
15,2011-12-30,90,28881.087890625,True,False
15,2011-12-30,27,2181.8369140625,True,False
15,2011-12-30,5,39789.66015625,True,False
15,2011-12-30,4,17098.43359375,True,False
15,2011-12-30,87,2998.99462890625,True,False
15,2011-12-30,19,1332.4693603515625,True,False
15,2011-12-30,27,1742.2467041015625,True,False
15,2011-12-30,67,8343.193359375,True,False
15,2011-12-30,5,23150.794921875,True,False
15,2011-12-30,91,2198.162353515625,True,False
15,2011-12-30,27,867.2877807617188,True,False
15,2011-12-30,10,10868.98828125,True,False
15,2011-12-30,35,1123.0888671875,True,False
15,2011-12-30,31,2501.2119140625,True,False
15,2011-12-30,41,1198.8646240234375,True,False
15,2011-12-30,42,3210.68310546875,True,False
15,2011-12-30,80,247.65072631835935,True,False
15,2011-12-30,97,2985.496337890625,True,False
15,2011-12-30,74,13820.3974609375,True,False
15,2011-12-30,19,2143.43798828125,True,False
15,2011-12-30,19,1698.4122314453125,True,False
15,2011-12-30,41,50.8092041015625,True,False
15,2011-12-30,77,66.52870178222656,True,False
15,2011-12-30,55,16213.7607421875,True,False
15,2011-12-30,67,5210.03173828125,True,False
15,2011-12-30,18,21818.607421875,True,False
15,2011-12-30,80,788.4911499023438,True,False
16,2011-12-02,18,71832.1484375,False,False
16,2011-12-02,27,2318.0625,False,False
16,2011-12-02,91,1797.9068603515625,False,False
16,2011-12-02,1,27216.990234375,False,False
16,2011-12-02,26,6648.92041015625,False,False
16,2011-12-02,98,1141.739013671875,False,False
16,2011-12-02,13,27029.685546875,False,False
16,2011-12-02,6,2816.967041015625,False,False
16,2011-12-02,42,5893.86181640625,False,False
16,2011-12-02,95,22641.84375,False,False
16,2011-12-02,7,46951.45703125,False,False
16,2011-12-02,42,10611.70703125,False,False
16,2011-12-02,95,45688.66015625,False,False
16,2011-12-02,21,6023.57421875,False,False
16,2011-12-02,98,536.7428588867188,False,False
16,2011-12-02,90,15194.73828125,False,False
16,2011-12-02,92,19923.203125,False,False
16,2011-12-02,79,10197.458984375,False,False
16,2011-12-02,91,21561.66015625,False,False
16,2011-12-02,94,135.4500732421875,False,False
16,2011-12-02,93,1534.1990966796875,False,False
16,2011-12-02,38,62292.4140625,False,False
16,2011-12-02,12,8055.814453125,False,False
16,2011-12-02,90,24959.130859375,False,False
16,2011-12-02,16,2513.322509765625,False,False
16,2011-12-02,14,17139.625,False,False
16,2011-12-02,92,49728.3984375,False,False
16,2011-12-02,4,20058.380859375,False,False
16,2011-12-02,85,2538.012939453125,False,False
16,2011-12-02,10,15184.16796875,False,False
16,2011-12-02,81,2023.47216796875,False,False
16,2011-12-02,26,5660.498046875,False,False
16,2011-12-02,8,20833.51171875,False,False
16,2011-12-02,33,11573.2119140625,False,False
16,2011-12-02,25,9648.9169921875,False,False
16,2011-12-02,25,9222.0849609375,False,False
16,2011-12-02,30,4066.939697265625,False,False
16,2011-12-02,87,17041.583984375,False,False
16,2011-12-02,83,773.7059936523438,False,False
16,2011-12-02,95,26835.017578125,False,False
16,2011-12-02,98,16.015871047973633,False,False
16,2011-12-02,6,3728.48681640625,False,False
16,2011-12-02,60,90.06385040283203,False,False
16,2011-12-02,35,2717.10693359375,False,False
16,2011-12-02,26,10258.1455078125,False,False
16,2011-12-02,32,7579.39794921875,False,False
16,2011-12-02,48,1344.7998046875,False,False
16,2011-12-02,41,6071.634765625,False,False
16,2011-12-02,67,8077.1142578125,False,False
16,2011-12-02,49,31.34340476989746,False,False
16,2011-12-02,36,1462.3746337890625,False,False
16,2011-12-02,98,368.385986328125,False,False
16,2011-12-02,14,18087.134765625,False,False
16,2011-12-02,67,6506.23828125,False,False
16,2011-12-02,35,2100.391357421875,False,False
16,2011-12-02,38,64059.66015625,False,False
16,2011-12-02,74,4098.78271484375,False,False
16,2011-12-02,14,10277.984375,False,False
16,2011-12-02,87,11707.22265625,False,False
16,2011-12-02,10,15612.9140625,False,False
16,2011-12-02,40,41059.0234375,False,False
16,2011-12-02,7,60746.37890625,False,False
16,2011-12-02,2,56086.359375,False,False
16,2011-12-02,34,9508.732421875,False,False
16,2011-12-02,90,4194.11962890625,False,False
16,2011-12-09,9,12099.201171875,False,False
16,2011-12-09,91,885.7073974609375,False,False
16,2011-12-09,1,26394.607421875,False,False
16,2011-12-09,90,5416.9580078125,False,False
16,2011-12-09,5,23202.607421875,False,False
16,2011-12-09,10,8972.583984375,False,False
16,2011-12-09,92,43842.57421875,False,False
16,2011-12-09,8,39405.078125,False,False
16,2011-12-09,87,20932.068359375,False,False
16,2011-12-09,26,10180.265625,False,False
16,2011-12-09,96,59.42621612548828,False,False
16,2011-12-09,20,3922.1201171875,False,False
16,2011-12-09,49,80.25328063964844,False,False
16,2011-12-09,90,26571.5625,False,False
16,2011-12-09,98,59.76178741455078,False,False
16,2011-12-09,82,30653.90234375,False,False
16,2011-12-09,20,3469.958740234375,False,False
16,2011-12-09,34,8704.3291015625,False,False
16,2011-12-09,28,357.5614624023437,False,False
16,2011-12-09,44,7754.07470703125,False,False
16,2011-12-09,34,10311.587890625,False,False
16,2011-12-09,8,29712.5390625,False,False
16,2011-12-09,34,15010.1298828125,False,False
16,2011-12-09,8,30235.763671875,False,False
16,2011-12-09,3,12290.712890625,False,False
16,2011-12-09,56,764.9404907226562,False,False
16,2011-12-09,81,4783.07568359375,False,False
16,2011-12-09,13,24001.072265625,False,False
16,2011-12-09,83,2344.5791015625,False,False
16,2011-12-09,3,17608.783203125,False,False
16,2011-12-09,13,15708.0849609375,False,False
16,2011-12-09,83,799.4434204101562,False,False
16,2011-12-09,8,24019.29296875,False,False
16,2011-12-09,5,30346.556640625,False,False
16,2011-12-09,67,6407.265625,False,False
16,2011-12-09,87,12776.61328125,False,False
16,2011-12-09,91,23671.8828125,False,False
16,2011-12-09,11,11794.5234375,False,False
16,2011-12-09,96,12.160492897033691,False,False
16,2011-12-09,36,203.77430725097656,False,False
16,2011-12-09,93,1804.0146484375,False,False
16,2011-12-09,77,696.3075561523438,False,False
16,2011-12-09,79,12529.1015625,False,False
16,2011-12-09,91,4126.29541015625,False,False
16,2011-12-09,98,80.96222686767578,False,False
16,2011-12-09,38,63453.0,False,False
16,2011-12-09,67,7436.65234375,False,False
16,2011-12-09,95,33769.65234375,False,False
16,2011-12-09,82,19861.392578125,False,False
16,2011-12-09,24,12140.142578125,False,False
16,2011-12-09,21,9295.1162109375,False,False
16,2011-12-09,42,3840.940185546875,False,False
16,2011-12-09,42,4438.68994140625,False,False
16,2011-12-09,24,9251.10546875,False,False
16,2011-12-09,36,2759.943115234375,False,False
16,2011-12-09,23,17774.466796875,False,False
16,2011-12-09,38,63358.34765625,False,False
16,2011-12-09,21,4130.27099609375,False,False
16,2011-12-16,79,11420.3330078125,False,False
16,2011-12-16,40,45526.93359375,False,False
16,2011-12-16,5,12942.439453125,False,False
16,2011-12-16,98,1037.47314453125,False,False
16,2011-12-16,54,-379.7058410644531,False,False
16,2011-12-16,26,12437.1357421875,False,False
16,2011-12-16,81,10423.8798828125,False,False
16,2011-12-16,56,1074.941162109375,False,False
16,2011-12-16,60,357.1667175292969,False,False
16,2011-12-16,52,2060.627197265625,False,False
16,2011-12-16,1,24713.03125,False,False
16,2011-12-16,58,1213.5032958984375,False,False
16,2011-12-16,83,426.0352478027344,False,False
16,2011-12-16,90,18960.283203125,False,False
16,2011-12-16,72,71630.4609375,False,False
16,2011-12-16,42,4372.58203125,False,False
16,2011-12-16,96,20889.283203125,False,False
16,2011-12-16,80,-1.0141645669937134,False,False
16,2011-12-16,55,33305.09765625,False,False
16,2011-12-16,2,46836.77734375,False,False
16,2011-12-16,36,2707.618896484375,False,False
16,2011-12-16,87,6805.572265625,False,False
16,2011-12-16,77,302.5107116699219,False,False
16,2011-12-16,50,2689.01220703125,False,False
16,2011-12-16,30,308.5699462890625,False,False
16,2011-12-16,32,9072.0556640625,False,False
16,2011-12-16,42,5433.79833984375,False,False
16,2011-12-16,93,10297.5537109375,False,False
16,2011-12-16,20,5172.5703125,False,False
16,2011-12-16,96,2511.869873046875,False,False
16,2011-12-16,41,1445.7825927734375,False,False
16,2011-12-16,30,2343.19580078125,False,False
16,2011-12-16,42,3366.741455078125,False,False
16,2011-12-16,94,312.24639892578125,False,False
16,2011-12-16,21,4671.02001953125,False,False
16,2011-12-16,90,10397.0810546875,False,False
16,2011-12-16,58,1468.2037353515625,False,False
16,2011-12-16,90,22080.7109375,False,False
16,2011-12-16,31,5184.66748046875,False,False
16,2011-12-16,20,7457.88134765625,False,False
16,2011-12-16,2,48858.1484375,False,False
16,2011-12-16,46,29580.818359375,False,False
16,2011-12-16,10,16539.7109375,False,False
16,2011-12-16,28,1226.7003173828125,False,False
16,2011-12-16,18,17911.04296875,False,False
16,2011-12-16,59,2665.499755859375,False,False
16,2011-12-16,34,42651.1328125,False,False
16,2011-12-16,74,11319.712890625,False,False
16,2011-12-16,8,27002.56640625,False,False
16,2011-12-16,36,3169.3818359375,False,False
16,2011-12-16,2,51423.765625,False,False
16,2011-12-16,41,2389.041015625,False,False
16,2011-12-16,97,1042.792236328125,False,False
16,2011-12-16,47,58.83054733276367,False,False
16,2011-12-16,90,16943.177734375,False,False
16,2011-12-16,82,37038.13671875,False,False
16,2011-12-16,29,12016.1025390625,False,False
16,2011-12-16,17,6223.44921875,False,False
16,2011-12-16,28,912.4393310546876,False,False
16,2011-12-16,55,27733.033203125,False,False
16,2011-12-16,55,22947.91796875,False,False
16,2011-12-16,21,8141.103515625,False,False
16,2011-12-16,74,7483.75830078125,False,False
16,2011-12-16,4,22571.76953125,False,False
16,2011-12-16,46,13652.78125,False,False
16,2011-12-16,49,14031.421875,False,False
16,2011-12-16,91,4973.33642578125,False,False
16,2011-12-16,22,8590.83203125,False,False
16,2011-12-16,85,3950.523681640625,False,False
16,2011-12-16,55,17732.955078125,False,False
16,2011-12-16,81,16500.453125,False,False
16,2011-12-16,85,7253.44287109375,False,False
16,2011-12-16,72,67061.859375,False,False
16,2011-12-16,97,8982.701171875,False,False
16,2011-12-16,97,15730.0283203125,False,False
16,2011-12-16,71,4723.0771484375,False,False
16,2011-12-16,30,470.0474243164063,False,False
16,2011-12-16,29,3925.61669921875,False,False
16,2011-12-16,3,10364.736328125,False,False
16,2011-12-23,40,24737.013671875,False,False
16,2011-12-23,29,15708.5859375,False,False
16,2011-12-23,60,307.62860107421875,False,False
16,2011-12-23,95,50287.046875,False,False
16,2011-12-23,9,20334.265625,False,False
16,2011-12-23,79,31985.53515625,False,False
16,2011-12-23,11,24666.259765625,False,False
16,2011-12-23,33,9789.3759765625,False,False
16,2011-12-23,26,3459.59912109375,False,False
16,2011-12-23,4,33048.0,False,False
16,2011-12-23,6,5155.53564453125,False,False
16,2011-12-23,96,9817.736328125,False,False
16,2011-12-23,40,38395.5859375,False,False
16,2011-12-23,41,6238.3623046875,False,False
16,2011-12-23,45,-424.4545593261719,False,False
16,2011-12-23,93,2443.401611328125,False,False
16,2011-12-23,55,33168.84375,False,False
16,2011-12-23,74,22951.84375,False,False
16,2011-12-23,87,22091.59375,False,False
16,2011-12-23,9,26830.126953125,False,False
16,2011-12-23,8,17265.0546875,False,False
16,2011-12-23,18,13451.7744140625,False,False
16,2011-12-23,71,5513.0546875,False,False
16,2011-12-23,82,62710.30859375,False,False
16,2011-12-23,37,2260.608154296875,False,False
16,2011-12-23,38,60362.09375,False,False
16,2011-12-23,24,9886.52734375,False,False
16,2011-12-23,46,39877.75390625,False,False
16,2011-12-23,14,26989.0,False,False
16,2011-12-23,23,56302.5234375,False,False
16,2011-12-23,52,2139.601318359375,False,False
16,2011-12-23,27,4528.92578125,False,False
16,2011-12-23,18,18256.296875,False,False
16,2011-12-23,3,21888.412109375,False,False
16,2011-12-23,19,9.02645206451416,False,False
16,2011-12-23,92,20149.095703125,False,False
16,2011-12-23,41,1479.83642578125,False,False
16,2011-12-23,74,16109.927734375,False,False
16,2011-12-23,13,46171.23046875,False,False
16,2011-12-23,10,22077.07421875,False,False
16,2011-12-23,13,32708.5703125,False,False
16,2011-12-23,98,168.8408660888672,False,False
16,2011-12-23,28,2276.547607421875,False,False
16,2011-12-23,26,18464.505859375,False,False
16,2011-12-23,46,27479.0234375,False,False
16,2011-12-23,56,1176.4945068359375,False,False
16,2011-12-23,27,3863.169189453125,False,False
16,2011-12-23,72,120441.6484375,False,False
16,2011-12-23,1,38812.109375,False,False
16,2011-12-23,10,39054.8984375,False,False
16,2011-12-23,54,330.98193359375,False,False
16,2011-12-23,4,17796.56640625,False,False
16,2011-12-23,52,673.9708862304688,False,False
16,2011-12-23,91,31924.900390625,False,False
16,2011-12-23,28,1312.4796142578125,False,False
16,2011-12-23,31,2359.974609375,False,False
16,2011-12-23,22,22299.48828125,False,False
16,2011-12-23,93,2923.343505859375,False,False
16,2011-12-23,27,5398.49755859375,False,False
16,2011-12-23,27,3497.12939453125,False,False
16,2011-12-23,90,21535.68359375,False,False
16,2011-12-23,98,47.89234161376953,False,False
16,2011-12-23,20,3179.00830078125,False,False
16,2011-12-23,98,509.4466857910156,False,False
16,2011-12-23,12,9295.2685546875,False,False
16,2011-12-23,21,4515.91748046875,False,False
16,2011-12-23,9,21424.19921875,False,False
16,2011-12-23,40,54657.796875,False,False
16,2011-12-23,29,13750.0771484375,False,False
16,2011-12-23,71,8581.5029296875,False,False
16,2011-12-23,44,9094.3916015625,False,False
16,2011-12-30,2,47092.71484375,True,False
16,2011-12-30,19,1549.6898193359375,True,False
16,2011-12-30,35,2004.589599609375,True,False
16,2011-12-30,87,9070.7734375,True,False
16,2011-12-30,33,3214.18798828125,True,False
16,2011-12-30,2,44100.93359375,True,False
16,2011-12-30,32,15080.1943359375,True,False
16,2011-12-30,25,7075.25390625,True,False
16,2011-12-30,93,2585.47021484375,True,False
16,2011-12-30,33,4215.705078125,True,False
16,2011-12-30,24,2187.177734375,True,False
16,2011-12-30,40,49615.359375,True,False
16,2011-12-30,30,3356.06298828125,True,False
16,2011-12-30,85,3792.242431640625,True,False
16,2011-12-30,97,2744.235595703125,True,False
16,2011-12-30,80,867.2340087890625,True,False
16,2011-12-30,71,9885.8232421875,True,False
16,2011-12-30,50,3061.117919921875,True,False
16,2011-12-30,85,2799.818603515625,True,False
16,2011-12-30,98,1544.8857421875,True,False
16,2011-12-30,31,1215.5037841796875,True,False
16,2011-12-30,7,18321.193359375,True,False
16,2011-12-30,87,21332.470703125,True,False
16,2011-12-30,9,3126.71728515625,True,False
16,2011-12-30,3,7542.82275390625,True,False
16,2011-12-30,18,27678.724609375,True,False
16,2011-12-30,9,5936.2998046875,True,False
16,2011-12-30,93,845.5714111328125,True,False
16,2011-12-30,44,5204.86474609375,True,False
16,2011-12-30,77,23.95443153381348,True,False
16,2011-12-30,10,9756.05078125,True,False
16,2011-12-30,28,755.3661499023438,True,False
16,2011-12-30,31,2062.301513671875,True,False
16,2011-12-30,7,30363.70703125,True,False
16,2011-12-30,81,21256.3046875,True,False
16,2011-12-30,59,2450.955810546875,True,False
16,2011-12-30,25,11118.8076171875,True,False
16,2011-12-30,17,7593.54443359375,True,False
16,2011-12-30,79,26003.93359375,True,False
16,2011-12-30,81,4913.1142578125,True,False
16,2011-12-30,80,70.40751647949219,True,False
16,2011-12-30,96,17875.556640625,True,False
16,2011-12-30,81,10205.119140625,True,False
16,2011-12-30,42,6833.8564453125,True,False
16,2011-12-30,92,19375.30859375,True,False
16,2011-12-30,11,21042.18359375,True,False
16,2011-12-30,4,22762.40234375,True,False
16,2011-12-30,13,27697.607421875,True,False
16,2011-12-30,18,15685.919921875,True,False
16,2011-12-30,33,5811.09619140625,True,False
16,2011-12-30,72,38830.80078125,True,False
16,2011-12-30,36,1142.408447265625,True,False
17,2011-12-02,59,553.8626708984375,False,False
17,2011-12-02,2,53044.60546875,False,False
17,2011-12-02,93,82412.9296875,False,False
17,2011-12-02,34,15876.177734375,False,False
17,2011-12-02,3,13961.8603515625,False,False
17,2011-12-02,67,30427.962890625,False,False
17,2011-12-02,58,12534.9501953125,False,False
17,2011-12-02,30,3149.637451171875,False,False
17,2011-12-02,18,94046.9921875,False,False
17,2011-12-02,17,17903.5546875,False,False
17,2011-12-02,26,12534.3876953125,False,False
17,2011-12-02,67,12312.298828125,False,False
17,2011-12-02,82,17984.734375,False,False
17,2011-12-02,37,2690.135009765625,False,False
17,2011-12-02,18,68040.4296875,False,False
17,2011-12-02,10,38691.80859375,False,False
17,2011-12-02,98,12537.9658203125,False,False
17,2011-12-02,98,15152.4296875,False,False
17,2011-12-02,19,2797.202392578125,False,False
17,2011-12-02,34,18879.263671875,False,False
17,2011-12-02,52,5423.00244140625,False,False
17,2011-12-02,28,1173.8011474609375,False,False
17,2011-12-02,54,119.80909729003906,False,False
17,2011-12-02,36,3350.23828125,False,False
17,2011-12-02,49,10787.75,False,False
17,2011-12-02,87,15180.56640625,False,False
17,2011-12-02,46,21643.611328125,False,False
17,2011-12-02,79,18917.53515625,False,False
17,2011-12-02,85,3614.7080078125,False,False
17,2011-12-02,44,9745.5126953125,False,False
17,2011-12-02,31,4236.8505859375,False,False
17,2011-12-02,17,15541.9970703125,False,False
17,2011-12-02,12,3152.354736328125,False,False
17,2011-12-02,12,3566.918701171875,False,False
17,2011-12-02,8,19185.888671875,False,False
17,2011-12-02,20,5690.5361328125,False,False
17,2011-12-02,3,11390.8486328125,False,False
17,2011-12-02,90,72929.1484375,False,False
17,2011-12-02,32,11100.83984375,False,False
17,2011-12-02,91,9008.244140625,False,False
17,2011-12-02,42,6885.791015625,False,False
17,2011-12-02,16,1578.9366455078125,False,False
17,2011-12-02,34,10648.2841796875,False,False
17,2011-12-02,83,2613.142822265625,False,False
17,2011-12-02,4,50838.328125,False,False
17,2011-12-02,7,73059.9921875,False,False
17,2011-12-02,11,18190.240234375,False,False
17,2011-12-02,81,28338.150390625,False,False
17,2011-12-02,60,299.80487060546875,False,False
17,2011-12-02,18,138200.015625,False,False
17,2011-12-02,27,2647.29248046875,False,False
17,2011-12-02,81,48324.234375,False,False
17,2011-12-02,71,9744.337890625,False,False
17,2011-12-02,93,67557.0,False,False
17,2011-12-02,10,29607.712890625,False,False
17,2011-12-02,40,64354.62109375,False,False
17,2011-12-02,87,30728.814453125,False,False
17,2011-12-02,90,49675.59765625,False,False
17,2011-12-02,41,1440.8935546875,False,False
17,2011-12-02,92,150043.71875,False,False
17,2011-12-02,30,2254.99462890625,False,False
17,2011-12-02,36,2692.840576171875,False,False
17,2011-12-02,44,9933.6015625,False,False
17,2011-12-02,80,46179.27734375,False,False
17,2011-12-02,19,4030.24658203125,False,False
17,2011-12-02,87,16596.9296875,False,False
17,2011-12-02,93,32055.6484375,False,False
17,2011-12-02,34,13769.1982421875,False,False
17,2011-12-02,93,44115.15625,False,False
17,2011-12-02,46,21142.119140625,False,False
17,2011-12-02,38,72430.5390625,False,False
17,2011-12-09,23,203.7440643310547,False,False
17,2011-12-09,95,87257.71875,False,False
17,2011-12-09,82,39856.23046875,False,False
17,2011-12-09,7,73836.515625,False,False
17,2011-12-09,85,2781.4501953125,False,False
17,2011-12-09,16,13602.306640625,False,False
17,2011-12-09,16,2671.3466796875,False,False
17,2011-12-09,21,8132.27685546875,False,False
17,2011-12-09,19,3149.1669921875,False,False
17,2011-12-09,59,2287.234375,False,False
17,2011-12-09,83,1649.061279296875,False,False
17,2011-12-09,2,79460.7265625,False,False
17,2011-12-09,5,36579.62890625,False,False
17,2011-12-09,92,150912.875,False,False
17,2011-12-09,26,13836.220703125,False,False
17,2011-12-09,93,85226.0390625,False,False
17,2011-12-09,23,81617.109375,False,False
17,2011-12-09,3,19048.224609375,False,False
17,2011-12-09,30,3337.185791015625,False,False
17,2011-12-09,92,179630.84375,False,False
17,2011-12-09,30,5127.46630859375,False,False
17,2011-12-09,72,4510.35546875,False,False
17,2011-12-09,6,12055.07421875,False,False
17,2011-12-09,3,17703.978515625,False,False
17,2011-12-09,10,50588.23046875,False,False
17,2011-12-09,92,114731.234375,False,False
17,2011-12-09,92,132119.734375,False,False
17,2011-12-09,74,20418.205078125,False,False
17,2011-12-09,7,55496.89453125,False,False
17,2011-12-09,56,3988.588134765625,False,False
17,2011-12-09,60,723.87353515625,False,False
17,2011-12-09,49,9564.044921875,False,False
17,2011-12-09,92,144847.90625,False,False
17,2011-12-09,16,34926.60546875,False,False
17,2011-12-09,37,3951.1259765625,False,False
17,2011-12-09,16,4927.49462890625,False,False
17,2011-12-09,77,294.91339111328125,False,False
17,2011-12-09,56,5063.23193359375,False,False
17,2011-12-09,12,1641.3662109375,False,False
17,2011-12-09,91,52147.25,False,False
17,2011-12-09,26,16817.115234375,False,False
17,2011-12-09,49,5702.08056640625,False,False
17,2011-12-09,31,6283.01318359375,False,False
17,2011-12-09,56,1619.2554931640625,False,False
17,2011-12-09,5,99338.359375,False,False
17,2011-12-09,49,10197.3154296875,False,False
17,2011-12-09,90,107392.1796875,False,False
17,2011-12-09,42,12519.201171875,False,False
17,2011-12-09,74,30490.62890625,False,False
17,2011-12-09,41,3866.996337890625,False,False
17,2011-12-09,46,42006.515625,False,False
17,2011-12-09,2,84012.4765625,False,False
17,2011-12-09,82,42609.4296875,False,False
17,2011-12-09,98,17218.5625,False,False
17,2011-12-09,95,112402.546875,False,False
17,2011-12-09,23,37827.53125,False,False
17,2011-12-09,32,10025.8720703125,False,False
17,2011-12-09,28,1364.8592529296875,False,False
17,2011-12-09,36,3276.89306640625,False,False
17,2011-12-09,95,106536.59375,False,False
17,2011-12-09,87,23979.10546875,False,False
17,2011-12-09,83,5977.7626953125,False,False
17,2011-12-09,67,15138.2685546875,False,False
17,2011-12-09,35,4051.462158203125,False,False
17,2011-12-09,94,42635.27734375,False,False
17,2011-12-09,79,19506.087890625,False,False
17,2011-12-09,46,49631.67578125,False,False
17,2011-12-09,42,6260.06201171875,False,False
17,2011-12-09,56,4060.343994140625,False,False
17,2011-12-09,21,11728.03125,False,False
17,2011-12-09,19,-431.254638671875,False,False
17,2011-12-09,74,15433.333984375,False,False
17,2011-12-09,12,3408.460693359375,False,False
17,2011-12-16,41,4635.68408203125,False,False
17,2011-12-16,91,54428.2578125,False,False
17,2011-12-16,11,22090.96484375,False,False
17,2011-12-16,67,20900.490234375,False,False
17,2011-12-16,54,38.05299758911133,False,False
17,2011-12-16,91,49692.19921875,False,False
17,2011-12-16,24,14286.8349609375,False,False
17,2011-12-16,35,4477.68896484375,False,False
17,2011-12-16,16,5111.283203125,False,False
17,2011-12-16,9,45817.984375,False,False
17,2011-12-16,98,12858.7060546875,False,False
17,2011-12-16,79,26390.849609375,False,False
17,2011-12-16,1,52351.84375,False,False
17,2011-12-16,56,4261.4013671875,False,False
17,2011-12-16,24,13173.333984375,False,False
17,2011-12-16,40,58172.3125,False,False
17,2011-12-16,7,136083.96875,False,False
17,2011-12-16,3,27914.15625,False,False
17,2011-12-16,13,38422.4765625,False,False
17,2011-12-16,30,4348.98828125,False,False
17,2011-12-16,91,81882.171875,False,False
17,2011-12-16,97,23334.677734375,False,False
17,2011-12-16,56,5035.94970703125,False,False
17,2011-12-16,99,641.8699340820312,False,False
17,2011-12-16,97,40500.0390625,False,False
17,2011-12-16,36,1327.938720703125,False,False
17,2011-12-16,23,70174.7421875,False,False
17,2011-12-16,20,6219.32861328125,False,False
17,2011-12-16,55,50918.375,False,False
17,2011-12-16,81,29807.705078125,False,False
17,2011-12-16,59,5608.171875,False,False
17,2011-12-16,26,15882.3515625,False,False
17,2011-12-16,71,8763.8037109375,False,False
17,2011-12-16,8,62682.45703125,False,False
17,2011-12-16,8,49017.64453125,False,False
17,2011-12-16,91,72902.84375,False,False
17,2011-12-16,99,3378.39453125,False,False
17,2011-12-16,24,14240.78125,False,False
17,2011-12-16,33,2094.15087890625,False,False
17,2011-12-16,34,14554.2861328125,False,False
17,2011-12-16,48,2982.123779296875,False,False
17,2011-12-16,58,3491.691162109375,False,False
17,2011-12-16,14,42745.2890625,False,False
17,2011-12-16,42,6647.7861328125,False,False
17,2011-12-16,94,57202.796875,False,False
17,2011-12-16,38,77040.3125,False,False
17,2011-12-16,54,44.86827850341797,False,False
17,2011-12-16,34,14435.4296875,False,False
17,2011-12-16,14,43871.26171875,False,False
17,2011-12-16,59,2645.27490234375,False,False
17,2011-12-16,80,18803.458984375,False,False
17,2011-12-16,13,44181.96484375,False,False
17,2011-12-16,14,43898.9453125,False,False
17,2011-12-16,40,61282.7890625,False,False
17,2011-12-16,5,79198.8203125,False,False
17,2011-12-16,6,9001.1123046875,False,False
17,2011-12-16,36,24459.529296875,False,False
17,2011-12-16,6,9358.2158203125,False,False
17,2011-12-16,72,114826.5703125,False,False
17,2011-12-16,90,60423.609375,False,False
17,2011-12-16,11,37094.3828125,False,False
17,2011-12-16,6,15447.8701171875,False,False
17,2011-12-16,80,17908.6796875,False,False
17,2011-12-16,72,136654.84375,False,False
17,2011-12-16,79,22372.6171875,False,False
17,2011-12-16,94,71311.1484375,False,False
17,2011-12-16,40,64374.75390625,False,False
17,2011-12-16,81,28878.201171875,False,False
17,2011-12-16,55,49797.33984375,False,False
17,2011-12-16,96,12558.2021484375,False,False
17,2011-12-23,35,4841.576171875,False,False
17,2011-12-23,31,6137.5966796875,False,False
17,2011-12-23,31,5130.033203125,False,False
17,2011-12-23,95,121006.65625,False,False
17,2011-12-23,77,134.1489715576172,False,False
17,2011-12-23,54,192.67955017089844,False,False
17,2011-12-23,79,48795.125,False,False
17,2011-12-23,41,19325.447265625,False,False
17,2011-12-23,74,21984.0546875,False,False
17,2011-12-23,42,7633.142578125,False,False
17,2011-12-23,38,89076.1953125,False,False
17,2011-12-23,71,16998.00390625,False,False
17,2011-12-23,77,200.9430694580078,False,False
17,2011-12-23,96,31565.92578125,False,False
17,2011-12-23,98,18597.673828125,False,False
17,2011-12-23,27,5119.10205078125,False,False
17,2011-12-23,80,21964.171875,False,False
17,2011-12-23,6,14955.0849609375,False,False
17,2011-12-23,1,109726.09375,False,False
17,2011-12-23,97,25913.65625,False,False
17,2011-12-23,7,165037.640625,False,False
17,2011-12-23,41,2576.920654296875,False,False
17,2011-12-23,90,136350.765625,False,False
17,2011-12-23,27,9920.015625,False,False
17,2011-12-23,40,79315.78125,False,False
17,2011-12-23,5,116704.2734375,False,False
17,2011-12-23,50,342.2284851074219,False,False
17,2011-12-23,5,57776.484375,False,False
17,2011-12-23,98,15851.3486328125,False,False
17,2011-12-23,18,65402.48828125,False,False
17,2011-12-23,37,2588.475341796875,False,False
17,2011-12-23,20,9456.3564453125,False,False
17,2011-12-23,49,11687.701171875,False,False
17,2011-12-23,95,182937.609375,False,False
17,2011-12-23,9,45902.734375,False,False
17,2011-12-23,40,80471.265625,False,False
17,2011-12-23,85,10862.884765625,False,False
17,2011-12-23,5,84562.46875,False,False
17,2011-12-23,20,13582.2958984375,False,False
17,2011-12-23,95,163554.171875,False,False
17,2011-12-23,41,5042.2822265625,False,False
17,2011-12-23,20,10435.7890625,False,False
17,2011-12-23,26,23202.919921875,False,False
17,2011-12-23,4,41248.22265625,False,False
17,2011-12-23,44,11250.55078125,False,False
17,2011-12-23,8,72181.28125,False,False
17,2011-12-23,87,12952.3935546875,False,False
17,2011-12-23,99,3373.7470703125,False,False
17,2011-12-23,32,25485.076171875,False,False
17,2011-12-23,8,60895.72265625,False,False
17,2011-12-23,44,4378.3994140625,False,False
17,2011-12-23,40,81657.578125,False,False
17,2011-12-23,5,103480.5234375,False,False
17,2011-12-23,93,76593.125,False,False
17,2011-12-23,34,20871.666015625,False,False
17,2011-12-23,67,23284.04296875,False,False
17,2011-12-23,59,9661.630859375,False,False
17,2011-12-23,71,16696.5390625,False,False
17,2011-12-23,24,10428.365234375,False,False
17,2011-12-23,20,7184.48876953125,False,False
17,2011-12-23,85,17145.43359375,False,False
17,2011-12-23,97,29649.119140625,False,False
17,2011-12-23,5,81304.8203125,False,False
17,2011-12-23,38,112072.6328125,False,False
17,2011-12-23,71,13515.5546875,False,False
17,2011-12-23,38,77203.28125,False,False
17,2011-12-23,35,4393.50830078125,False,False
17,2011-12-23,2,87402.0625,False,False
17,2011-12-23,35,6060.72802734375,False,False
17,2011-12-23,33,16879.8046875,False,False
17,2011-12-23,38,62868.73046875,False,False
17,2011-12-23,3,18928.19921875,False,False
17,2011-12-23,46,60111.25390625,False,False
17,2011-12-23,92,270928.625,False,False
17,2011-12-23,11,22520.751953125,False,False
17,2011-12-30,25,9237.4189453125,True,False
17,2011-12-30,91,56114.9453125,True,False
17,2011-12-30,67,13380.3349609375,True,False
17,2011-12-30,52,2559.982177734375,True,False
17,2011-12-30,19,1866.3138427734373,True,False
17,2011-12-30,93,43896.2109375,True,False
17,2011-12-30,41,7011.2509765625,True,False
17,2011-12-30,54,78.56131744384766,True,False
17,2011-12-30,94,54439.61328125,True,False
17,2011-12-30,7,46368.9921875,True,False
17,2011-12-30,47,21.56018829345703,True,False
17,2011-12-30,30,2953.6103515625,True,False
17,2011-12-30,37,2899.070556640625,True,False
17,2011-12-30,30,3209.674072265625,True,False
17,2011-12-30,22,23182.712890625,True,False
17,2011-12-30,36,2259.878662109375,True,False
17,2011-12-30,80,16148.525390625,True,False
17,2011-12-30,31,3373.912109375,True,False
17,2011-12-30,80,24972.806640625,True,False
17,2011-12-30,71,4632.28515625,True,False
17,2011-12-30,60,440.7728271484375,True,False
17,2011-12-30,74,22248.91015625,True,False
17,2011-12-30,85,5194.716796875,True,False
17,2011-12-30,2,56209.36328125,True,False
17,2011-12-30,30,4046.3798828125,True,False
17,2011-12-30,42,5822.7080078125,True,False
17,2011-12-30,14,32007.111328125,True,False
17,2011-12-30,3,11853.994140625,True,False
17,2011-12-30,34,14465.5537109375,True,False
17,2011-12-30,22,16124.779296875,True,False
17,2011-12-30,25,20050.498046875,True,False
17,2011-12-30,14,26669.626953125,True,False
17,2011-12-30,9,44052.1171875,True,False
17,2011-12-30,34,16117.1630859375,True,False
17,2011-12-30,49,9606.349609375,True,False
17,2011-12-30,48,6437.6591796875,True,False
17,2011-12-30,59,7065.3984375,True,False
17,2011-12-30,23,39089.49609375,True,False
17,2011-12-30,20,4918.70458984375,True,False
17,2011-12-30,8,48077.078125,True,False
17,2011-12-30,1,42095.875,True,False
17,2011-12-30,67,15980.9501953125,True,False
17,2011-12-30,85,1683.62451171875,True,False
17,2011-12-30,40,61860.875,True,False
17,2011-12-30,17,21858.724609375,True,False
17,2011-12-30,21,10026.4111328125,True,False
17,2011-12-30,96,19575.58984375,True,False
17,2011-12-30,16,2775.283203125,True,False
17,2011-12-30,19,2176.962158203125,True,False
17,2011-12-30,17,20157.9609375,True,False
17,2011-12-30,36,3119.450927734375,True,False
17,2011-12-30,93,33545.42578125,True,False
17,2011-12-30,38,63606.52734375,True,False
17,2011-12-30,97,26781.216796875,True,False
17,2011-12-30,38,45567.75390625,True,False
17,2011-12-30,26,32100.46484375,True,False
17,2011-12-30,77,2155.6103515625,True,False
17,2011-12-30,81,17705.41796875,True,False
17,2011-12-30,24,5315.5029296875,True,False
17,2011-12-30,74,27875.189453125,True,False
17,2011-12-30,33,9333.095703125,True,False
17,2011-12-30,60,115.57105255126952,True,False
17,2011-12-30,4,45002.296875,True,False
17,2011-12-30,28,1335.493896484375,True,False
17,2011-12-30,48,3083.20458984375,True,False
17,2011-12-30,72,90449.4765625,True,False
17,2011-12-30,18,51645.25390625,True,False
17,2011-12-30,11,23880.080078125,True,False
17,2011-12-30,36,2281.070556640625,True,False
17,2011-12-30,59,17955.50390625,True,False
17,2011-12-30,60,372.0869140625,True,False
18,2011-12-02,8,13440.3759765625,False,False
18,2011-12-02,97,5604.630859375,False,False
18,2011-12-02,59,96.4857406616211,False,False
18,2011-12-02,12,73.27655792236328,False,False
18,2011-12-02,18,689.1830444335938,False,False
18,2011-12-02,16,541.4473876953125,False,False
18,2011-12-02,74,240.5242919921875,False,False
18,2011-12-02,94,21823.619140625,False,False
18,2011-12-02,7,411.2432556152344,False,False
18,2011-12-02,46,3862.681884765625,False,False
18,2011-12-02,10,375.1876831054688,False,False
18,2011-12-02,96,4981.77197265625,False,False
18,2011-12-02,21,803.8263549804688,False,False
18,2011-12-02,24,-7.961495399475098,False,False
18,2011-12-02,10,278.81134033203125,False,False
18,2011-12-02,8,10842.2373046875,False,False
18,2011-12-02,10,176.6056671142578,False,False
18,2011-12-02,3,479.5314636230469,False,False
18,2011-12-02,79,9306.974609375,False,False
18,2011-12-02,97,6487.45849609375,False,False
18,2011-12-02,46,6495.5009765625,False,False
18,2011-12-02,13,6606.390625,False,False
18,2011-12-02,56,293.6436462402344,False,False
18,2011-12-02,25,21.167400360107425,False,False
18,2011-12-02,72,156.30641174316406,False,False
18,2011-12-02,54,8.82952880859375,False,False
18,2011-12-02,67,996.1383666992188,False,False
18,2011-12-02,67,434.5462341308594,False,False
18,2011-12-02,23,30.53826141357422,False,False
18,2011-12-02,8,26737.513671875,False,False
18,2011-12-02,40,16164.8505859375,False,False
18,2011-12-02,79,6459.6689453125,False,False
18,2011-12-02,49,2.543622732162476,False,False
18,2011-12-02,95,45664.5625,False,False
18,2011-12-02,27,5.069841384887695,False,False
18,2011-12-02,25,17.68745994567871,False,False
18,2011-12-02,56,784.8826904296875,False,False
18,2011-12-02,98,3554.947021484375,False,False
18,2011-12-02,31,22.567211151123047,False,False
18,2011-12-02,19,-531.809814453125,False,False
18,2011-12-02,67,499.1344909667969,False,False
18,2011-12-02,14,827.5635986328125,False,False
18,2011-12-02,90,36380.4140625,False,False
18,2011-12-02,10,156.11572265625,False,False
18,2011-12-02,14,498.198486328125,False,False
18,2011-12-02,82,5106.87353515625,False,False
18,2011-12-02,46,3831.97705078125,False,False
18,2011-12-02,5,1109.8311767578125,False,False
18,2011-12-02,32,10.22909450531006,False,False
18,2011-12-02,59,52.33101272583008,False,False
18,2011-12-02,7,213.3230743408203,False,False
18,2011-12-02,12,33.3228874206543,False,False
18,2011-12-02,90,23055.419921875,False,False
18,2011-12-09,87,321.3876647949219,False,False
18,2011-12-09,95,33471.8359375,False,False
18,2011-12-09,96,2463.47119140625,False,False
18,2011-12-09,10,282.7109375,False,False
18,2011-12-09,87,17.356403350830078,False,False
18,2011-12-09,5,816.1927490234375,False,False
18,2011-12-09,2,10878.6171875,False,False
18,2011-12-09,52,24.898998260498047,False,False
18,2011-12-09,94,32028.33984375,False,False
18,2011-12-09,79,3555.7412109375,False,False
18,2011-12-09,96,7074.84033203125,False,False
18,2011-12-09,74,218.9353485107422,False,False
18,2011-12-09,17,235.70704650878903,False,False
18,2011-12-09,94,22545.166015625,False,False
18,2011-12-09,90,32106.71875,False,False
18,2011-12-09,11,1326.1766357421875,False,False
18,2011-12-09,59,105.83361053466795,False,False
18,2011-12-09,79,8871.16796875,False,False
18,2011-12-09,74,129.4814453125,False,False
18,2011-12-09,32,61.91744995117188,False,False
18,2011-12-09,90,29371.625,False,False
18,2011-12-09,52,17.80086326599121,False,False
18,2011-12-09,32,50.36699676513672,False,False
18,2011-12-09,52,45.16230773925781,False,False
18,2011-12-09,14,602.7892456054688,False,False
18,2011-12-09,38,67855.25,False,False
18,2011-12-09,2,10399.248046875,False,False
18,2011-12-09,79,5208.1337890625,False,False
18,2011-12-09,81,11906.1064453125,False,False
18,2011-12-09,9,41.94878005981445,False,False
18,2011-12-09,12,188.6811370849609,False,False
18,2011-12-09,38,57284.37890625,False,False
18,2011-12-09,96,9956.240234375,False,False
18,2011-12-09,94,20398.63671875,False,False
18,2011-12-09,31,19.3592529296875,False,False
18,2011-12-09,10,199.8555603027344,False,False
18,2011-12-09,59,119.28394317626952,False,False
18,2011-12-09,81,10853.9384765625,False,False
18,2011-12-09,1,4992.0986328125,False,False
18,2011-12-09,79,5361.7451171875,False,False
18,2011-12-09,8,1825.7318115234373,False,False
18,2011-12-09,60,753.592041015625,False,False
18,2011-12-09,98,4207.6630859375,False,False
18,2011-12-09,59,43.22626876831055,False,False
18,2011-12-09,10,78.39807891845703,False,False
18,2011-12-09,91,31046.5,False,False
18,2011-12-09,25,155.2751922607422,False,False
18,2011-12-09,79,5080.55859375,False,False
18,2011-12-09,91,23111.642578125,False,False
18,2011-12-09,98,5819.8154296875,False,False
18,2011-12-09,2,15012.6201171875,False,False
18,2011-12-09,82,8388.818359375,False,False
18,2011-12-09,33,3161.1767578125,False,False
18,2011-12-09,82,6294.8701171875,False,False
18,2011-12-09,94,22395.8359375,False,False
18,2011-12-09,23,85.51899719238281,False,False
18,2011-12-09,3,419.26861572265625,False,False
18,2011-12-16,17,65.08321380615234,False,False
18,2011-12-16,40,18870.09765625,False,False
18,2011-12-16,3,839.1506958007812,False,False
18,2011-12-16,14,1108.766357421875,False,False
18,2011-12-16,83,1248.862060546875,False,False
18,2011-12-16,83,1539.30029296875,False,False
18,2011-12-16,59,93.83949279785156,False,False
18,2011-12-16,17,433.981201171875,False,False
18,2011-12-16,79,12340.095703125,False,False
18,2011-12-16,22,44.96914291381836,False,False
18,2011-12-16,8,5244.73828125,False,False
18,2011-12-16,9,29.590171813964844,False,False
18,2011-12-16,17,171.1345672607422,False,False
18,2011-12-16,90,28318.3515625,False,False
18,2011-12-16,60,852.3723754882812,False,False
18,2011-12-16,28,12.604331016540527,False,False
18,2011-12-16,83,1233.2001953125,False,False
18,2011-12-16,7,158.56390380859375,False,False
18,2011-12-16,17,1142.6785888671875,False,False
18,2011-12-16,94,27406.556640625,False,False
18,2011-12-16,98,6016.43896484375,False,False
18,2011-12-16,21,489.5188903808594,False,False
18,2011-12-16,85,87.51417541503906,False,False
18,2011-12-16,82,9741.9267578125,False,False
18,2011-12-16,79,13836.576171875,False,False
18,2011-12-16,32,35.85196685791016,False,False
18,2011-12-16,5,857.2860717773438,False,False
18,2011-12-16,40,17433.48828125,False,False
18,2011-12-16,42,87.22623443603516,False,False
18,2011-12-16,11,879.3866577148438,False,False
18,2011-12-16,95,37939.47265625,False,False
18,2011-12-16,93,13693.5869140625,False,False
18,2011-12-16,5,659.3931884765625,False,False
18,2011-12-16,11,731.7459716796875,False,False
18,2011-12-16,12,55.52085494995117,False,False
18,2011-12-16,4,13933.3310546875,False,False
18,2011-12-16,42,45.70888900756836,False,False
18,2011-12-16,21,567.39453125,False,False
18,2011-12-16,18,800.7050170898438,False,False
18,2011-12-16,23,73.26505279541016,False,False
18,2011-12-16,79,7147.22900390625,False,False
18,2011-12-16,8,6575.09375,False,False
18,2011-12-16,72,2695.957275390625,False,False
18,2011-12-16,7,908.1025390625,False,False
18,2011-12-16,28,75.65180206298828,False,False
18,2011-12-16,12,55.149662017822266,False,False
18,2011-12-16,59,59.5957145690918,False,False
18,2011-12-23,52,27.20026588439941,False,False
18,2011-12-23,56,47.95149612426758,False,False
18,2011-12-23,16,356.4457702636719,False,False
18,2011-12-23,96,18725.044921875,False,False
18,2011-12-23,2,12679.5869140625,False,False
18,2011-12-23,11,998.0040893554688,False,False
18,2011-12-23,79,16852.5234375,False,False
18,2011-12-23,59,48.41207885742188,False,False
18,2011-12-23,97,11673.017578125,False,False
18,2011-12-23,9,317.7505187988281,False,False
18,2011-12-23,23,31.08986473083496,False,False
18,2011-12-23,85,247.94970703125,False,False
18,2011-12-23,21,1366.3306884765625,False,False
18,2011-12-23,72,1049.052978515625,False,False
18,2011-12-23,10,176.58494567871094,False,False
18,2011-12-23,27,6.402343273162842,False,False
18,2011-12-23,9,48.39971160888672,False,False
18,2011-12-23,42,43.440826416015625,False,False
18,2011-12-23,38,32572.982421875,False,False
18,2011-12-23,17,474.1947326660156,False,False
18,2011-12-23,9,65.64331817626953,False,False
18,2011-12-23,7,1801.4993896484373,False,False
18,2011-12-23,3,794.309326171875,False,False
18,2011-12-23,17,462.4679260253906,False,False
18,2011-12-23,32,28.180932998657227,False,False
18,2011-12-23,79,7360.67578125,False,False
18,2011-12-23,56,149.04957580566406,False,False
18,2011-12-23,82,12692.9931640625,False,False
18,2011-12-23,26,66.77519989013672,False,False
18,2011-12-23,56,28.07853889465332,False,False
18,2011-12-23,67,1326.9600830078125,False,False
18,2011-12-23,87,11.55728816986084,False,False
18,2011-12-23,92,79967.859375,False,False
18,2011-12-23,31,59.277565002441406,False,False
18,2011-12-23,97,12694.5595703125,False,False
18,2011-12-23,83,1623.2314453125,False,False
18,2011-12-23,81,14818.08203125,False,False
18,2011-12-23,90,43531.453125,False,False
18,2011-12-23,17,4206.126953125,False,False
18,2011-12-23,87,545.5994262695312,False,False
18,2011-12-23,40,13125.88671875,False,False
18,2011-12-23,67,1529.8333740234375,False,False
18,2011-12-23,20,49.51870346069336,False,False
18,2011-12-23,92,70717.3828125,False,False
18,2011-12-23,60,766.9986572265625,False,False
18,2011-12-23,28,146.52064514160156,False,False
18,2011-12-23,96,17906.404296875,False,False
18,2011-12-23,25,28.348756790161133,False,False
18,2011-12-30,93,14889.5380859375,True,False
18,2011-12-30,67,860.8027954101562,True,False
18,2011-12-30,67,868.307861328125,True,False
18,2011-12-30,26,-7.299891471862793,True,False
18,2011-12-30,1,9033.787109375,True,False
18,2011-12-30,60,285.7208251953125,True,False
18,2011-12-30,14,517.1117553710938,True,False
18,2011-12-30,87,180.9833068847656,True,False
18,2011-12-30,41,673.5615844726562,True,False
18,2011-12-30,7,226.60829162597656,True,False
18,2011-12-30,26,7.115455627441406,True,False
18,2011-12-30,22,32.416053771972656,True,False
18,2011-12-30,17,245.63482666015625,True,False
18,2011-12-30,5,716.7003173828125,True,False
18,2011-12-30,93,17409.830078125,True,False
18,2011-12-30,38,45035.25,True,False
18,2011-12-30,2,8131.724609375,True,False
18,2011-12-30,1,7391.9580078125,True,False
18,2011-12-30,16,814.6539306640625,True,False
18,2011-12-30,3,405.3884887695313,True,False
18,2011-12-30,3,345.6448974609375,True,False
18,2011-12-30,40,16739.537109375,True,False
18,2011-12-30,4,9717.005859375,True,False
18,2011-12-30,56,28.533842086791992,True,False
18,2011-12-30,74,20.233184814453125,True,False
18,2011-12-30,22,8.774396896362305,True,False
18,2011-12-30,79,3499.362548828125,True,False
18,2011-12-30,5,691.7638549804688,True,False
18,2011-12-30,8,12202.802734375,True,False
18,2011-12-30,72,41.87662887573242,True,False
18,2011-12-30,90,32905.65234375,True,False
18,2011-12-30,12,56.38776779174805,True,False
18,2011-12-30,26,44.541778564453125,True,False
18,2011-12-30,42,113.9290771484375,True,False
18,2011-12-30,93,19311.9296875,True,False
18,2011-12-30,13,7327.99267578125,True,False
18,2011-12-30,52,22.97260856628418,True,False
18,2011-12-30,2,7966.8759765625,True,False
18,2011-12-30,60,342.36053466796875,True,False
18,2011-12-30,80,6785.578125,True,False
18,2011-12-30,92,43182.9375,True,False
18,2011-12-30,79,11074.7470703125,True,False
18,2011-12-30,8,9710.0126953125,True,False
18,2011-12-30,25,48.176883697509766,True,False
18,2011-12-30,14,1140.8197021484375,True,False
18,2011-12-30,74,469.0048522949219,True,False
19,2011-12-02,5,21769.966796875,False,False
19,2011-12-02,98,33.22037124633789,False,False
19,2011-12-02,54,3.082093954086304,False,False
19,2011-12-02,29,4873.9755859375,False,False
19,2011-12-02,83,732.9468994140625,False,False
19,2011-12-02,12,8853.5546875,False,False
19,2011-12-02,67,8558.41796875,False,False
19,2011-12-02,52,2823.396240234375,False,False
19,2011-12-02,26,5109.72900390625,False,False
19,2011-12-02,14,10177.8193359375,False,False
19,2011-12-02,41,1164.3502197265625,False,False
19,2011-12-02,56,223.21258544921875,False,False
19,2011-12-02,34,18746.484375,False,False
19,2011-12-02,82,16948.642578125,False,False
19,2011-12-02,55,8009.86669921875,False,False
19,2011-12-02,36,2473.59521484375,False,False
19,2011-12-02,91,12339.875,False,False
19,2011-12-02,32,10026.9150390625,False,False
19,2011-12-02,95,30785.771484375,False,False
19,2011-12-02,20,3773.0146484375,False,False
19,2011-12-02,20,2989.430419921875,False,False
19,2011-12-02,41,472.0417175292969,False,False
19,2011-12-02,82,14034.6845703125,False,False
19,2011-12-02,10,9917.1416015625,False,False
19,2011-12-02,42,4148.08154296875,False,False
19,2011-12-02,94,30242.705078125,False,False
19,2011-12-02,20,2846.15087890625,False,False
19,2011-12-02,67,5051.388671875,False,False
19,2011-12-02,97,2727.412353515625,False,False
19,2011-12-02,4,19889.58203125,False,False
19,2011-12-02,93,689.5897216796875,False,False
19,2011-12-02,79,10719.23046875,False,False
19,2011-12-02,56,1617.5411376953125,False,False
19,2011-12-02,81,13006.6171875,False,False
19,2011-12-02,60,279.19073486328125,False,False
19,2011-12-02,83,1562.745849609375,False,False
19,2011-12-02,11,13674.7490234375,False,False
19,2011-12-02,20,4720.92822265625,False,False
19,2011-12-02,74,19453.544921875,False,False
19,2011-12-02,31,2185.16796875,False,False
19,2011-12-02,91,860.1018676757812,False,False
19,2011-12-02,79,23701.078125,False,False
19,2011-12-02,8,22924.966796875,False,False
19,2011-12-02,91,1562.9144287109375,False,False
19,2011-12-02,79,22531.796875,False,False
19,2011-12-02,41,4194.7578125,False,False
19,2011-12-02,27,1761.3519287109375,False,False
19,2011-12-02,27,1609.32275390625,False,False
19,2011-12-02,2,20860.208984375,False,False
19,2011-12-02,36,2072.54296875,False,False
19,2011-12-02,5,15278.9296875,False,False
19,2011-12-02,28,654.0182495117188,False,False
19,2011-12-02,42,3636.95068359375,False,False
19,2011-12-02,4,18527.03515625,False,False
19,2011-12-02,30,1383.354736328125,False,False
19,2011-12-02,98,640.2130737304688,False,False
19,2011-12-02,79,12229.3251953125,False,False
19,2011-12-02,33,4325.2333984375,False,False
19,2011-12-02,10,12851.3603515625,False,False
19,2011-12-02,60,156.00921630859375,False,False
19,2011-12-02,13,20236.4453125,False,False
19,2011-12-02,36,1011.231689453125,False,False
19,2011-12-09,54,67.87631225585938,False,False
19,2011-12-09,7,86221.7421875,False,False
19,2011-12-09,54,60.21630859375,False,False
19,2011-12-09,10,10319.7919921875,False,False
19,2011-12-09,28,1375.5615234375,False,False
19,2011-12-09,98,32.95410919189453,False,False
19,2011-12-09,93,774.2039184570312,False,False
19,2011-12-09,74,12579.26171875,False,False
19,2011-12-09,24,9897.8271484375,False,False
19,2011-12-09,85,2112.079833984375,False,False
19,2011-12-09,24,7118.85546875,False,False
19,2011-12-09,56,1385.14453125,False,False
19,2011-12-09,10,12135.1748046875,False,False
19,2011-12-09,10,16314.6474609375,False,False
19,2011-12-09,79,11930.14453125,False,False
19,2011-12-09,55,9513.22265625,False,False
19,2011-12-09,74,19093.59375,False,False
19,2011-12-09,31,2924.568603515625,False,False
19,2011-12-09,38,37298.4921875,False,False
19,2011-12-09,96,14497.8388671875,False,False
19,2011-12-09,16,2024.2489013671875,False,False
19,2011-12-09,92,36584.32421875,False,False
19,2011-12-09,28,1309.7169189453125,False,False
19,2011-12-09,81,14973.3681640625,False,False
19,2011-12-09,91,40159.8359375,False,False
19,2011-12-09,67,7121.4658203125,False,False
19,2011-12-09,5,35061.5078125,False,False
19,2011-12-09,25,6555.076171875,False,False
19,2011-12-09,55,12689.2939453125,False,False
19,2011-12-09,32,15051.6123046875,False,False
19,2011-12-09,4,17678.69140625,False,False
19,2011-12-09,4,21126.75390625,False,False
19,2011-12-09,93,596.850341796875,False,False
19,2011-12-09,67,8549.580078125,False,False
19,2011-12-09,74,13663.3251953125,False,False
19,2011-12-09,32,8506.2255859375,False,False
19,2011-12-09,2,34915.92578125,False,False
19,2011-12-09,2,61905.30859375,False,False
19,2011-12-09,10,19864.560546875,False,False
19,2011-12-09,72,47945.796875,False,False
19,2011-12-09,95,50694.7578125,False,False
19,2011-12-09,30,2030.5262451171875,False,False
19,2011-12-09,25,12500.2880859375,False,False
19,2011-12-09,54,109.84455871582033,False,False
19,2011-12-09,38,45605.51953125,False,False
19,2011-12-09,54,67.80770111083984,False,False
19,2011-12-09,18,37393.91015625,False,False
19,2011-12-09,41,10058.1572265625,False,False
19,2011-12-09,30,1661.8099365234375,False,False
19,2011-12-09,97,3387.76513671875,False,False
19,2011-12-09,33,7596.173828125,False,False
19,2011-12-09,87,8718.18359375,False,False
19,2011-12-09,41,1871.4451904296875,False,False
19,2011-12-09,26,126.23898315429688,False,False
19,2011-12-09,14,20824.298828125,False,False
19,2011-12-09,72,59152.42578125,False,False
19,2011-12-09,52,9882.7734375,False,False
19,2011-12-09,59,1545.7769775390625,False,False
19,2011-12-09,27,1364.1634521484375,False,False
19,2011-12-09,20,3658.9306640625,False,False
19,2011-12-09,33,9061.259765625,False,False
19,2011-12-09,4,20650.724609375,False,False
19,2011-12-09,26,5100.06787109375,False,False
19,2011-12-09,9,13230.203125,False,False
19,2011-12-09,85,4127.4365234375,False,False
19,2011-12-09,35,1982.7130126953125,False,False
19,2011-12-16,90,10510.77734375,False,False
19,2011-12-16,12,1931.19287109375,False,False
19,2011-12-16,14,22274.900390625,False,False
19,2011-12-16,35,1889.571044921875,False,False
19,2011-12-16,44,5973.7470703125,False,False
19,2011-12-16,93,1300.5789794921875,False,False
19,2011-12-16,11,8174.9052734375,False,False
19,2011-12-16,80,258.4548034667969,False,False
19,2011-12-16,33,6144.78564453125,False,False
19,2011-12-16,35,1578.2623291015625,False,False
19,2011-12-16,16,1792.0240478515625,False,False
19,2011-12-16,1,26918.927734375,False,False
19,2011-12-16,87,9084.05078125,False,False
19,2011-12-16,95,46936.9453125,False,False
19,2011-12-16,92,91277.65625,False,False
19,2011-12-16,27,2873.34521484375,False,False
19,2011-12-16,47,95.53299713134766,False,False
19,2011-12-16,95,46426.6640625,False,False
19,2011-12-16,97,3056.298583984375,False,False
19,2011-12-16,3,10888.8623046875,False,False
19,2011-12-16,74,12947.9697265625,False,False
19,2011-12-16,19,1190.65185546875,False,False
19,2011-12-16,3,15016.9697265625,False,False
19,2011-12-16,83,1370.5826416015625,False,False
19,2011-12-16,34,9252.9765625,False,False
19,2011-12-16,12,2581.88134765625,False,False
19,2011-12-16,41,1390.287353515625,False,False
19,2011-12-16,3,10259.19921875,False,False
19,2011-12-16,23,27019.91796875,False,False
19,2011-12-16,72,91735.328125,False,False
19,2011-12-16,28,798.1273803710938,False,False
19,2011-12-16,74,8581.935546875,False,False
19,2011-12-16,5,30723.216796875,False,False
19,2011-12-16,29,7629.14599609375,False,False
19,2011-12-16,52,2920.694580078125,False,False
19,2011-12-16,21,5477.26416015625,False,False
19,2011-12-16,91,28379.69140625,False,False
19,2011-12-16,50,1102.7254638671875,False,False
19,2011-12-16,21,4526.5166015625,False,False
19,2011-12-16,59,1429.2958984375,False,False
19,2011-12-16,11,11338.3291015625,False,False
19,2011-12-16,34,10567.4599609375,False,False
19,2011-12-16,25,8639.8994140625,False,False
19,2011-12-16,92,15774.3671875,False,False
19,2011-12-16,13,21238.701171875,False,False
19,2011-12-16,12,2476.845703125,False,False
19,2011-12-16,1,32977.59765625,False,False
19,2011-12-16,79,19259.8046875,False,False
19,2011-12-16,23,22835.96484375,False,False
19,2011-12-16,87,21014.580078125,False,False
19,2011-12-16,52,2444.12255859375,False,False
19,2011-12-16,42,4284.4580078125,False,False
19,2011-12-16,25,13759.7939453125,False,False
19,2011-12-16,23,56896.2265625,False,False
19,2011-12-16,1,25340.619140625,False,False
19,2011-12-16,97,2702.287109375,False,False
19,2011-12-16,56,463.4836120605469,False,False
19,2011-12-16,4,13727.3623046875,False,False
19,2011-12-16,7,80573.421875,False,False
19,2011-12-16,24,6121.9091796875,False,False
19,2011-12-16,1,18006.630859375,False,False
19,2011-12-16,29,5879.91552734375,False,False
19,2011-12-16,97,8832.60546875,False,False
19,2011-12-16,67,10942.0986328125,False,False
19,2011-12-16,56,1110.98291015625,False,False
19,2011-12-16,46,24967.046875,False,False
19,2011-12-16,29,4845.17431640625,False,False
19,2011-12-16,28,955.6095581054688,False,False
19,2011-12-16,31,5187.5126953125,False,False
19,2011-12-16,38,37458.609375,False,False
19,2011-12-16,45,33.665428161621094,False,False
19,2011-12-16,22,10936.341796875,False,False
19,2011-12-16,25,9756.7470703125,False,False
19,2011-12-16,95,24817.09765625,False,False
19,2011-12-16,18,36402.09375,False,False
19,2011-12-16,5,40732.57421875,False,False
19,2011-12-16,72,61197.87890625,False,False
19,2011-12-16,94,101.88970947265624,False,False
19,2011-12-23,44,14192.92578125,False,False
19,2011-12-23,29,6888.859375,False,False
19,2011-12-23,74,5874.642578125,False,False
19,2011-12-23,22,16982.82421875,False,False
19,2011-12-23,21,6007.22216796875,False,False
19,2011-12-23,20,4233.482421875,False,False
19,2011-12-23,91,3097.83203125,False,False
19,2011-12-23,56,11.743332862854004,False,False
19,2011-12-23,13,16613.947265625,False,False
19,2011-12-23,46,20415.865234375,False,False
19,2011-12-23,60,448.1064453125,False,False
19,2011-12-23,97,2492.873291015625,False,False
19,2011-12-23,46,27320.732421875,False,False
19,2011-12-23,25,8164.19677734375,False,False
19,2011-12-23,40,32461.61328125,False,False
19,2011-12-23,58,2840.764892578125,False,False
19,2011-12-23,24,13046.5234375,False,False
19,2011-12-23,94,231.4418029785156,False,False
19,2011-12-23,46,22594.13671875,False,False
19,2011-12-23,17,18615.0625,False,False
19,2011-12-23,24,5547.1875,False,False
19,2011-12-23,74,12788.55078125,False,False
19,2011-12-23,91,27467.38671875,False,False
19,2011-12-23,82,44698.1015625,False,False
19,2011-12-23,46,44325.66015625,False,False
19,2011-12-23,71,3628.509033203125,False,False
19,2011-12-23,83,124.0727767944336,False,False
19,2011-12-23,92,17671.9921875,False,False
19,2011-12-23,83,568.704345703125,False,False
19,2011-12-23,13,39639.87109375,False,False
19,2011-12-23,30,7339.25830078125,False,False
19,2011-12-23,31,4875.49853515625,False,False
19,2011-12-23,1,74112.1640625,False,False
19,2011-12-23,60,1622.866455078125,False,False
19,2011-12-23,1,49507.73828125,False,False
19,2011-12-23,18,15207.78515625,False,False
19,2011-12-23,95,39323.3984375,False,False
19,2011-12-23,2,70319.46875,False,False
19,2011-12-23,80,351.71826171875,False,False
19,2011-12-23,93,1533.815673828125,False,False
19,2011-12-23,60,237.54660034179688,False,False
19,2011-12-23,93,913.7617797851562,False,False
19,2011-12-23,85,1508.4510498046875,False,False
19,2011-12-23,93,1630.395751953125,False,False
19,2011-12-23,20,4520.98681640625,False,False
19,2011-12-23,29,5428.6123046875,False,False
19,2011-12-23,49,60.10132598876953,False,False
19,2011-12-23,10,10518.48828125,False,False
19,2011-12-23,10,16195.6708984375,False,False
19,2011-12-23,40,49237.4609375,False,False
19,2011-12-23,16,2707.3447265625,False,False
19,2011-12-23,32,15819.53515625,False,False
19,2011-12-23,36,1959.2410888671875,False,False
19,2011-12-23,24,12400.4677734375,False,False
19,2011-12-23,56,2084.064697265625,False,False
19,2011-12-23,35,2866.28125,False,False
19,2011-12-23,59,1831.7476806640625,False,False
19,2011-12-23,85,1924.635498046875,False,False
19,2011-12-23,25,13184.0712890625,False,False
19,2011-12-23,2,33814.34765625,False,False
19,2011-12-23,25,9250.3720703125,False,False
19,2011-12-23,85,4359.8056640625,False,False
19,2011-12-23,92,34740.4453125,False,False
19,2011-12-23,36,1800.1905517578125,False,False
19,2011-12-23,49,5203.62744140625,False,False
19,2011-12-23,71,5018.65673828125,False,False
19,2011-12-30,71,3370.979736328125,True,False
19,2011-12-30,72,687.1683959960938,True,False
19,2011-12-30,1,12120.8076171875,True,False
19,2011-12-30,27,1564.5528564453125,True,False
19,2011-12-30,4,24636.853515625,True,False
19,2011-12-30,48,724.4305419921875,True,False
19,2011-12-30,56,198.1716766357422,True,False
19,2011-12-30,19,740.3783569335938,True,False
19,2011-12-30,93,892.8960571289062,True,False
19,2011-12-30,31,3849.00244140625,True,False
19,2011-12-30,5,24326.072265625,True,False
19,2011-12-30,83,2460.519775390625,True,False
19,2011-12-30,80,7945.787109375,True,False
19,2011-12-30,38,55010.69921875,True,False
19,2011-12-30,83,1362.441162109375,True,False
19,2011-12-30,72,64924.54296875,True,False
19,2011-12-30,87,12063.2763671875,True,False
19,2011-12-30,72,1914.326904296875,True,False
19,2011-12-30,60,87.2759017944336,True,False
19,2011-12-30,60,374.56744384765625,True,False
19,2011-12-30,4,23823.982421875,True,False
19,2011-12-30,20,3893.541259765625,True,False
19,2011-12-30,6,5194.8505859375,True,False
19,2011-12-30,59,1917.1663818359373,True,False
19,2011-12-30,30,1954.6611328125,True,False
19,2011-12-30,54,63.412052154541016,True,False
19,2011-12-30,6,8855.2294921875,True,False
19,2011-12-30,20,4279.74072265625,True,False
19,2011-12-30,29,3785.520263671875,True,False
19,2011-12-30,55,13840.9189453125,True,False
19,2011-12-30,35,2075.3115234375,True,False
19,2011-12-30,6,4230.85400390625,True,False
19,2011-12-30,82,21856.12109375,True,False
19,2011-12-30,95,20173.376953125,True,False
19,2011-12-30,97,3137.096923828125,True,False
19,2011-12-30,33,3482.10546875,True,False
19,2011-12-30,33,2617.434814453125,True,False
19,2011-12-30,8,17434.74609375,True,False
19,2011-12-30,41,3135.236572265625,True,False
19,2011-12-30,34,9187.83203125,True,False
19,2011-12-30,32,2967.256591796875,True,False
19,2011-12-30,36,1537.7320556640625,True,False
19,2011-12-30,54,99.62028503417967,True,False
19,2011-12-30,20,2059.1787109375,True,False
19,2011-12-30,24,4181.66455078125,True,False
19,2011-12-30,11,12441.908203125,True,False
19,2011-12-30,38,40384.3984375,True,False
19,2011-12-30,55,19901.490234375,True,False
19,2011-12-30,96,51.29491424560547,True,False
19,2011-12-30,11,14114.23828125,True,False
19,2011-12-30,24,5413.32080078125,True,False
19,2011-12-30,30,3401.021728515625,True,False
19,2011-12-30,33,14174.53515625,True,False
19,2011-12-30,27,2097.604248046875,True,False
19,2011-12-30,94,103.40166473388672,True,False
19,2011-12-30,56,374.97900390625,True,False
19,2011-12-30,81,11580.025390625,True,False
20,2011-12-02,4,23339.1640625,False,False
20,2011-12-02,6,6917.77392578125,False,False
20,2011-12-02,33,8982.236328125,False,False
20,2011-12-02,26,12201.20703125,False,False
20,2011-12-02,40,63122.2890625,False,False
20,2011-12-02,49,1386.2928466796875,False,False
20,2011-12-02,54,38.69182586669922,False,False
20,2011-12-02,41,6232.720703125,False,False
20,2011-12-02,42,5537.73779296875,False,False
20,2011-12-02,67,6777.5166015625,False,False
20,2011-12-02,41,1805.3763427734373,False,False
20,2011-12-02,8,33454.41015625,False,False
20,2011-12-02,18,46390.00390625,False,False
20,2011-12-02,99,4674.533203125,False,False
20,2011-12-02,1,31074.033203125,False,False
20,2011-12-02,55,1459.466796875,False,False
20,2011-12-02,42,4245.015625,False,False
20,2011-12-02,38,73997.984375,False,False
20,2011-12-02,20,7194.25732421875,False,False
20,2011-12-02,81,20409.751953125,False,False
20,2011-12-02,9,13293.873046875,False,False
20,2011-12-02,94,51616.0859375,False,False
20,2011-12-02,56,3550.56689453125,False,False
20,2011-12-02,67,11838.869140625,False,False
20,2011-12-02,16,2549.24755859375,False,False
20,2011-12-02,5,52430.94140625,False,False
20,2011-12-02,79,34051.24609375,False,False
20,2011-12-02,1,17955.63671875,False,False
20,2011-12-02,81,18285.677734375,False,False
20,2011-12-02,98,9940.794921875,False,False
20,2011-12-02,99,711.6536254882812,False,False
20,2011-12-02,30,2726.3349609375,False,False
20,2011-12-02,14,32671.861328125,False,False
20,2011-12-02,67,11677.6494140625,False,False
20,2011-12-02,1,20091.12890625,False,False
20,2011-12-02,46,30556.328125,False,False
20,2011-12-02,91,39094.05078125,False,False
20,2011-12-02,25,10051.4833984375,False,False
20,2011-12-02,34,16758.921875,False,False
20,2011-12-02,9,16193.1845703125,False,False
20,2011-12-02,22,5765.0048828125,False,False
20,2011-12-02,72,103107.671875,False,False
20,2011-12-02,72,71570.265625,False,False
20,2011-12-02,96,15661.453125,False,False
20,2011-12-02,42,5534.556640625,False,False
20,2011-12-02,5,31720.7421875,False,False
20,2011-12-02,74,9557.5908203125,False,False
20,2011-12-02,11,41146.44140625,False,False
20,2011-12-02,6,2694.85302734375,False,False
20,2011-12-02,10,25635.451171875,False,False
20,2011-12-02,26,10917.986328125,False,False
20,2011-12-02,21,7057.56689453125,False,False
20,2011-12-02,6,4325.833984375,False,False
20,2011-12-02,10,19284.755859375,False,False
20,2011-12-02,4,41402.66796875,False,False
20,2011-12-02,92,121421.1953125,False,False
20,2011-12-02,38,54269.5625,False,False
20,2011-12-02,29,6221.60009765625,False,False
20,2011-12-02,79,31371.193359375,False,False
20,2011-12-02,79,26179.390625,False,False
20,2011-12-02,14,17667.09765625,False,False
20,2011-12-02,79,43317.52734375,False,False
20,2011-12-02,74,8578.8427734375,False,False
20,2011-12-02,58,1795.5662841796875,False,False
20,2011-12-02,50,724.0856323242188,False,False
20,2011-12-02,6,4257.48291015625,False,False
20,2011-12-02,29,10290.0166015625,False,False
20,2011-12-02,40,74694.15625,False,False
20,2011-12-09,99,440.5106506347656,False,False
20,2011-12-09,13,54277.3203125,False,False
20,2011-12-09,93,58196.7421875,False,False
20,2011-12-09,91,51088.78515625,False,False
20,2011-12-09,83,3357.064453125,False,False
20,2011-12-09,97,4337.9580078125,False,False
20,2011-12-09,97,16131.9873046875,False,False
20,2011-12-09,12,2571.0078125,False,False
20,2011-12-09,55,33045.09765625,False,False
20,2011-12-09,56,1509.6014404296875,False,False
20,2011-12-09,21,8669.8935546875,False,False
20,2011-12-09,23,59375.0703125,False,False
20,2011-12-09,59,2588.094482421875,False,False
20,2011-12-09,67,10069.04296875,False,False
20,2011-12-09,58,2117.216552734375,False,False
20,2011-12-09,33,10727.3310546875,False,False
20,2011-12-09,99,1898.477294921875,False,False
20,2011-12-09,30,2256.031494140625,False,False
20,2011-12-09,45,29.98226928710937,False,False
20,2011-12-09,58,1452.8470458984375,False,False
20,2011-12-09,40,75959.953125,False,False
20,2011-12-09,92,130951.625,False,False
20,2011-12-09,18,69138.8203125,False,False
20,2011-12-09,35,3450.9736328125,False,False
20,2011-12-09,35,3036.386474609375,False,False
20,2011-12-09,6,8960.9482421875,False,False
20,2011-12-09,90,72782.2578125,False,False
20,2011-12-09,41,2160.724853515625,False,False
20,2011-12-09,17,17082.421875,False,False
20,2011-12-09,59,2125.754150390625,False,False
20,2011-12-09,26,13243.798828125,False,False
20,2011-12-09,31,3748.632568359375,False,False
20,2011-12-09,4,36573.3828125,False,False
20,2011-12-09,7,93268.6953125,False,False
20,2011-12-09,40,56872.00390625,False,False
20,2011-12-09,44,8386.849609375,False,False
20,2011-12-09,71,6857.0859375,False,False
20,2011-12-09,10,16619.087890625,False,False
20,2011-12-09,56,4380.74072265625,False,False
20,2011-12-09,10,23525.16796875,False,False
20,2011-12-09,85,5827.02392578125,False,False
20,2011-12-09,46,21446.357421875,False,False
20,2011-12-09,44,7698.1533203125,False,False
20,2011-12-09,58,4080.607177734375,False,False
20,2011-12-09,32,18068.240234375,False,False
20,2011-12-09,41,4226.078125,False,False
20,2011-12-09,18,27344.876953125,False,False
20,2011-12-09,95,84535.171875,False,False
20,2011-12-09,35,2979.452880859375,False,False
20,2011-12-09,18,75591.6953125,False,False
20,2011-12-09,30,3775.793212890625,False,False
20,2011-12-09,83,2728.5693359375,False,False
20,2011-12-09,94,29674.947265625,False,False
20,2011-12-09,24,14476.9091796875,False,False
20,2011-12-09,3,15810.00390625,False,False
20,2011-12-09,60,740.3895263671875,False,False
20,2011-12-09,81,29939.720703125,False,False
20,2011-12-09,25,16673.095703125,False,False
20,2011-12-09,56,3896.230224609375,False,False
20,2011-12-09,14,35222.09765625,False,False
20,2011-12-09,25,12394.8994140625,False,False
20,2011-12-09,19,3216.405517578125,False,False
20,2011-12-09,33,21359.921875,False,False
20,2011-12-09,74,14571.6962890625,False,False
20,2011-12-09,36,2530.045654296875,False,False
20,2011-12-09,74,14497.271484375,False,False
20,2011-12-09,95,117651.6953125,False,False
20,2011-12-09,36,2774.3837890625,False,False
20,2011-12-09,13,44482.57421875,False,False
20,2011-12-16,1,60733.01953125,False,False
20,2011-12-16,5,61775.91796875,False,False
20,2011-12-16,90,64139.78515625,False,False
20,2011-12-16,1,37228.06640625,False,False
20,2011-12-16,38,32729.158203125,False,False
20,2011-12-16,95,131914.828125,False,False
20,2011-12-16,8,27995.06640625,False,False
20,2011-12-16,71,9716.380859375,False,False
20,2011-12-16,67,17739.921875,False,False
20,2011-12-16,14,30241.365234375,False,False
20,2011-12-16,6,3992.09912109375,False,False
20,2011-12-16,48,239.1778259277344,False,False
20,2011-12-16,3,18207.84375,False,False
20,2011-12-16,50,2157.79296875,False,False
20,2011-12-16,59,3803.107177734375,False,False
20,2011-12-16,5,62056.03515625,False,False
20,2011-12-16,80,14650.9052734375,False,False
20,2011-12-16,58,2612.801025390625,False,False
20,2011-12-16,44,9834.1279296875,False,False
20,2011-12-16,79,35546.26953125,False,False
20,2011-12-16,13,30243.515625,False,False
20,2011-12-16,44,5970.7060546875,False,False
20,2011-12-16,94,48134.53515625,False,False
20,2011-12-16,34,21696.859375,False,False
20,2011-12-16,10,24295.19140625,False,False
20,2011-12-16,20,5008.89501953125,False,False
20,2011-12-16,46,45175.5625,False,False
20,2011-12-16,60,915.5963745117188,False,False
20,2011-12-16,81,54362.2578125,False,False
20,2011-12-16,41,3426.7158203125,False,False
20,2011-12-16,49,471.564208984375,False,False
20,2011-12-16,67,13324.7919921875,False,False
20,2011-12-16,35,3680.177001953125,False,False
20,2011-12-16,59,6820.57373046875,False,False
20,2011-12-16,58,2636.76953125,False,False
20,2011-12-16,35,3519.201904296875,False,False
20,2011-12-16,59,3968.536376953125,False,False
20,2011-12-16,44,11076.3369140625,False,False
20,2011-12-16,42,6192.42236328125,False,False
20,2011-12-16,90,58725.48828125,False,False
20,2011-12-16,44,10509.8349609375,False,False
20,2011-12-16,14,40033.17578125,False,False
20,2011-12-16,1,41473.875,False,False
20,2011-12-16,94,33973.203125,False,False
20,2011-12-16,25,28897.34765625,False,False
20,2011-12-16,8,41205.921875,False,False
20,2011-12-16,22,17893.8125,False,False
20,2011-12-16,71,7577.23583984375,False,False
20,2011-12-16,56,1966.380615234375,False,False
20,2011-12-16,96,33346.2265625,False,False
20,2011-12-16,9,13757.7783203125,False,False
20,2011-12-16,23,31375.52734375,False,False
20,2011-12-16,60,2162.534423828125,False,False
20,2011-12-16,16,3370.71484375,False,False
20,2011-12-16,32,19283.873046875,False,False
20,2011-12-16,13,21918.32421875,False,False
20,2011-12-16,1,25694.822265625,False,False
20,2011-12-16,72,95556.421875,False,False
20,2011-12-16,20,5441.66162109375,False,False
20,2011-12-16,41,3387.069580078125,False,False
20,2011-12-16,58,4363.24853515625,False,False
20,2011-12-16,67,16944.564453125,False,False
20,2011-12-16,17,27131.87890625,False,False
20,2011-12-16,90,120992.234375,False,False
20,2011-12-16,58,3791.814697265625,False,False
20,2011-12-16,38,53613.0,False,False
20,2011-12-16,58,1679.84912109375,False,False
20,2011-12-16,58,5806.91796875,False,False
20,2011-12-16,58,6014.20849609375,False,False
20,2011-12-16,72,128008.3671875,False,False
20,2011-12-16,17,26274.833984375,False,False
20,2011-12-16,83,2850.13671875,False,False
20,2011-12-16,38,47431.5078125,False,False
20,2011-12-16,14,49198.390625,False,False
20,2011-12-16,96,16275.2294921875,False,False
20,2011-12-16,97,20807.87109375,False,False
20,2011-12-16,94,31256.228515625,False,False
20,2011-12-16,54,102.67347717285156,False,False
20,2011-12-16,35,5247.3701171875,False,False
20,2011-12-16,12,2691.83935546875,False,False
20,2011-12-16,2,45246.6484375,False,False
20,2011-12-16,2,75109.296875,False,False
20,2011-12-16,9,16350.291015625,False,False
20,2011-12-16,42,9656.521484375,False,False
20,2011-12-16,34,15537.7685546875,False,False
20,2011-12-16,59,3347.918701171875,False,False
20,2011-12-16,23,44068.74609375,False,False
20,2011-12-16,67,16778.896484375,False,False
20,2011-12-16,90,121760.9609375,False,False
20,2011-12-16,11,20105.43359375,False,False
20,2011-12-16,67,17054.748046875,False,False
20,2011-12-16,5,33148.16015625,False,False
20,2011-12-16,24,14817.666015625,False,False
20,2011-12-16,12,2888.089599609375,False,False
20,2011-12-16,96,15700.6142578125,False,False
20,2011-12-16,71,8440.623046875,False,False
20,2011-12-23,46,48134.86328125,False,False
20,2011-12-23,49,22.493804931640625,False,False
20,2011-12-23,81,8852.130859375,False,False
20,2011-12-23,21,20659.189453125,False,False
20,2011-12-23,13,27321.734375,False,False
20,2011-12-23,1,51082.75390625,False,False
20,2011-12-23,40,55975.75,False,False
20,2011-12-23,30,4514.59326171875,False,False
20,2011-12-23,27,4566.32470703125,False,False
20,2011-12-23,11,25657.9375,False,False
20,2011-12-23,81,9312.4873046875,False,False
20,2011-12-23,71,22416.048828125,False,False
20,2011-12-23,58,2721.8681640625,False,False
20,2011-12-23,25,15659.9501953125,False,False
20,2011-12-23,45,104.1750717163086,False,False
20,2011-12-23,58,7949.56787109375,False,False
20,2011-12-23,87,26447.30078125,False,False
20,2011-12-23,23,40812.16015625,False,False
20,2011-12-23,71,7098.2294921875,False,False
20,2011-12-23,33,9909.537109375,False,False
20,2011-12-23,4,42244.1796875,False,False
20,2011-12-23,87,16742.296875,False,False
20,2011-12-23,85,6541.48046875,False,False
20,2011-12-23,44,8271.873046875,False,False
20,2011-12-23,5,51023.82421875,False,False
20,2011-12-23,5,108648.0390625,False,False
20,2011-12-23,30,4349.5107421875,False,False
20,2011-12-23,22,26259.857421875,False,False
20,2011-12-23,18,30695.861328125,False,False
20,2011-12-23,30,4613.07763671875,False,False
20,2011-12-23,42,9807.712890625,False,False
20,2011-12-23,40,52935.98828125,False,False
20,2011-12-23,74,20100.26953125,False,False
20,2011-12-23,56,1402.35302734375,False,False
20,2011-12-23,18,32690.982421875,False,False
20,2011-12-23,71,12067.3505859375,False,False
20,2011-12-23,92,119481.0625,False,False
20,2011-12-23,33,18572.822265625,False,False
20,2011-12-23,9,22635.080078125,False,False
20,2011-12-23,95,36103.3125,False,False
20,2011-12-23,16,3498.872314453125,False,False
20,2011-12-23,1,112095.4140625,False,False
20,2011-12-23,90,118304.125,False,False
20,2011-12-23,92,180434.046875,False,False
20,2011-12-23,13,52239.1640625,False,False
20,2011-12-23,44,9797.615234375,False,False
20,2011-12-23,20,6565.18798828125,False,False
20,2011-12-23,35,4713.197265625,False,False
20,2011-12-23,13,32671.556640625,False,False
20,2011-12-23,27,8953.673828125,False,False
20,2011-12-23,5,72077.90625,False,False
20,2011-12-23,27,4942.892578125,False,False
20,2011-12-23,1,51106.58984375,False,False
20,2011-12-23,22,19601.048828125,False,False
20,2011-12-23,12,3756.00537109375,False,False
20,2011-12-23,58,1658.943603515625,False,False
20,2011-12-23,1,91750.2109375,False,False
20,2011-12-23,93,39579.6484375,False,False
20,2011-12-23,35,3093.511474609375,False,False
20,2011-12-23,28,1164.428466796875,False,False
20,2011-12-23,5,63105.06640625,False,False
20,2011-12-23,1,74676.078125,False,False
20,2011-12-23,37,2571.101806640625,False,False
20,2011-12-23,14,56571.15625,False,False
20,2011-12-23,82,88812.90625,False,False
20,2011-12-23,44,15594.7529296875,False,False
20,2011-12-30,55,16392.388671875,True,False
20,2011-12-30,12,2348.5810546875,True,False
20,2011-12-30,82,37177.6875,True,False
20,2011-12-30,94,37478.50390625,True,False
20,2011-12-30,99,266.3886108398437,True,False
20,2011-12-30,77,551.3775634765625,True,False
20,2011-12-30,10,23680.4140625,True,False
20,2011-12-30,44,2976.62109375,True,False
20,2011-12-30,4,32542.736328125,True,False
20,2011-12-30,79,38087.58203125,True,False
20,2011-12-30,92,96257.7109375,True,False
20,2011-12-30,32,12169.3349609375,True,False
20,2011-12-30,38,94332.8359375,True,False
20,2011-12-30,11,20430.390625,True,False
20,2011-12-30,79,42395.21484375,True,False
20,2011-12-30,85,3733.65966796875,True,False
20,2011-12-30,72,63813.4375,True,False
20,2011-12-30,59,9524.22265625,True,False
20,2011-12-30,21,5388.65283203125,True,False
20,2011-12-30,54,116.52610778808594,True,False
20,2011-12-30,94,30881.44140625,True,False
20,2011-12-30,9,16199.08203125,True,False
20,2011-12-30,16,2190.93701171875,True,False
20,2011-12-30,23,30277.466796875,True,False
20,2011-12-30,35,3371.815673828125,True,False
20,2011-12-30,16,3148.058837890625,True,False
20,2011-12-30,58,1710.91748046875,True,False
20,2011-12-30,16,5905.5087890625,True,False
20,2011-12-30,95,54818.85546875,True,False
20,2011-12-30,49,6109.0625,True,False
20,2011-12-30,41,664.4108276367188,True,False
20,2011-12-30,19,394.6453552246094,True,False
20,2011-12-30,82,36476.7890625,True,False
20,2011-12-30,72,98438.0625,True,False
20,2011-12-30,79,16238.9443359375,True,False
20,2011-12-30,9,29510.751953125,True,False
20,2011-12-30,26,9462.609375,True,False
20,2011-12-30,82,31318.14453125,True,False
20,2011-12-30,87,12534.4052734375,True,False
20,2011-12-30,90,58233.0,True,False
20,2011-12-30,18,30595.44921875,True,False
20,2011-12-30,98,11023.541015625,True,False
20,2011-12-30,56,482.2650146484375,True,False
20,2011-12-30,33,3501.75,True,False
20,2011-12-30,54,32.16413116455078,True,False
20,2011-12-30,67,10460.361328125,True,False
20,2011-12-30,23,36749.28515625,True,False
20,2011-12-30,12,1813.108642578125,True,False
20,2011-12-30,33,7932.736328125,True,False
20,2011-12-30,20,4609.58984375,True,False
20,2011-12-30,35,3854.045166015625,True,False
20,2011-12-30,13,24203.591796875,True,False
20,2011-12-30,27,2083.145751953125,True,False
20,2011-12-30,29,8500.3212890625,True,False
20,2011-12-30,13,50819.9296875,True,False
20,2011-12-30,12,2508.2958984375,True,False
20,2011-12-30,96,20832.09765625,True,False
20,2011-12-30,10,19577.75,True,False
20,2011-12-30,20,4419.76318359375,True,False
20,2011-12-30,1,39902.88671875,True,False
20,2011-12-30,40,47575.48828125,True,False
20,2011-12-30,8,26600.19140625,True,False
20,2011-12-30,21,6252.78125,True,False
20,2011-12-30,79,19182.158203125,True,False
20,2011-12-30,31,3857.0517578125,True,False
20,2011-12-30,49,18990.001953125,True,False
21,2011-12-02,60,202.9033203125,False,False
21,2011-12-02,96,48.56448745727539,False,False
21,2011-12-02,33,5847.130859375,False,False
21,2011-12-02,38,65599.5703125,False,False
21,2011-12-02,9,3901.1787109375,False,False
21,2011-12-02,21,2025.545166015625,False,False
21,2011-12-02,87,15749.23046875,False,False
21,2011-12-02,52,1293.1712646484375,False,False
21,2011-12-02,2,19351.900390625,False,False
21,2011-12-02,52,2675.950927734375,False,False
21,2011-12-02,28,322.79132080078125,False,False
21,2011-12-02,87,3592.105712890625,False,False
21,2011-12-02,80,5.613671779632568,False,False
21,2011-12-02,14,6186.306640625,False,False
21,2011-12-02,56,1569.2576904296875,False,False
21,2011-12-02,21,2183.705322265625,False,False
21,2011-12-02,91,199.1533050537109,False,False
21,2011-12-02,26,3583.94873046875,False,False
21,2011-12-02,14,8976.4990234375,False,False
21,2011-12-02,31,837.4500732421875,False,False
21,2011-12-02,30,909.1913452148438,False,False
21,2011-12-02,30,857.273681640625,False,False
21,2011-12-02,35,2025.183837890625,False,False
21,2011-12-02,32,4389.95361328125,False,False
21,2011-12-02,3,4650.583984375,False,False
21,2011-12-02,38,60941.3671875,False,False
21,2011-12-02,91,17053.2421875,False,False
21,2011-12-02,59,345.2598876953125,False,False
21,2011-12-02,25,8766.646484375,False,False
21,2011-12-02,17,3119.412353515625,False,False
21,2011-12-02,87,16216.34765625,False,False
21,2011-12-02,56,1110.2672119140625,False,False
21,2011-12-02,2,12431.0791015625,False,False
21,2011-12-02,36,720.8587036132812,False,False
21,2011-12-02,91,6049.2734375,False,False
21,2011-12-02,22,3431.274169921875,False,False
21,2011-12-02,18,10320.177734375,False,False
21,2011-12-02,56,1590.105224609375,False,False
21,2011-12-02,52,1915.7086181640625,False,False
21,2011-12-02,34,5624.2802734375,False,False
21,2011-12-02,8,15713.861328125,False,False
21,2011-12-02,80,2.3176867961883545,False,False
21,2011-12-02,27,685.2969360351562,False,False
21,2011-12-02,41,1064.55615234375,False,False
21,2011-12-02,32,5174.76611328125,False,False
21,2011-12-02,85,1451.7509765625,False,False
21,2011-12-02,42,2754.7587890625,False,False
21,2011-12-02,67,2477.886962890625,False,False
21,2011-12-02,12,1232.4957275390625,False,False
21,2011-12-02,5,8516.9501953125,False,False
21,2011-12-02,16,518.31298828125,False,False
21,2011-12-02,17,6633.45654296875,False,False
21,2011-12-02,7,17608.193359375,False,False
21,2011-12-02,72,17818.458984375,False,False
21,2011-12-02,83,512.5260009765625,False,False
21,2011-12-02,1,7348.966796875,False,False
21,2011-12-02,31,1066.02685546875,False,False
21,2011-12-02,41,1125.5050048828125,False,False
21,2011-12-02,67,3265.57275390625,False,False
21,2011-12-02,6,2039.3214111328125,False,False
21,2011-12-02,90,9743.3408203125,False,False
21,2011-12-02,56,1957.759521484375,False,False
21,2011-12-02,80,15492.1416015625,False,False
21,2011-12-02,85,897.4376220703125,False,False
21,2011-12-02,72,57542.35546875,False,False
21,2011-12-09,79,5966.94189453125,False,False
21,2011-12-09,5,13382.763671875,False,False
21,2011-12-09,12,1381.1337890625,False,False
21,2011-12-09,52,687.285400390625,False,False
21,2011-12-09,22,4380.3681640625,False,False
21,2011-12-09,13,10437.41015625,False,False
21,2011-12-09,72,17851.326171875,False,False
21,2011-12-09,33,2513.55419921875,False,False
21,2011-12-09,17,3744.719482421875,False,False
21,2011-12-09,6,1173.84375,False,False
21,2011-12-09,35,1787.436279296875,False,False
21,2011-12-09,16,1478.1905517578125,False,False
21,2011-12-09,16,1612.7755126953125,False,False
21,2011-12-09,13,10929.5263671875,False,False
21,2011-12-09,14,6971.04736328125,False,False
21,2011-12-09,93,574.20263671875,False,False
21,2011-12-09,14,6062.4130859375,False,False
21,2011-12-09,22,2949.35205078125,False,False
21,2011-12-09,46,11631.81640625,False,False
21,2011-12-09,90,7547.58642578125,False,False
21,2011-12-09,80,9641.921875,False,False
21,2011-12-09,55,6603.27587890625,False,False
21,2011-12-09,85,1800.5718994140625,False,False
21,2011-12-09,13,10285.9072265625,False,False
21,2011-12-09,11,7419.037109375,False,False
21,2011-12-09,81,2504.52685546875,False,False
21,2011-12-09,1,12193.9296875,False,False
21,2011-12-09,81,1648.49853515625,False,False
21,2011-12-09,95,17381.48046875,False,False
21,2011-12-09,49,46.52838516235352,False,False
21,2011-12-09,9,10425.6328125,False,False
21,2011-12-09,42,2817.460693359375,False,False
21,2011-12-09,29,2094.095947265625,False,False
21,2011-12-09,30,1224.2742919921875,False,False
21,2011-12-09,52,1144.9388427734375,False,False
21,2011-12-09,1,8823.5341796875,False,False
21,2011-12-09,12,1814.3575439453125,False,False
21,2011-12-09,44,2934.778564453125,False,False
21,2011-12-09,34,1741.7645263671875,False,False
21,2011-12-09,42,2648.730712890625,False,False
21,2011-12-09,18,34817.87890625,False,False
21,2011-12-09,35,1897.9412841796875,False,False
21,2011-12-09,97,1500.212890625,False,False
21,2011-12-09,31,1215.9869384765625,False,False
21,2011-12-09,10,7705.23681640625,False,False
21,2011-12-09,22,3079.697509765625,False,False
21,2011-12-09,42,2550.027587890625,False,False
21,2011-12-09,54,45.681297302246094,False,False
21,2011-12-09,71,740.9649047851562,False,False
21,2011-12-09,23,18043.52734375,False,False
21,2011-12-09,20,809.2531127929688,False,False
21,2011-12-09,52,1124.3719482421875,False,False
21,2011-12-09,81,1411.0511474609375,False,False
21,2011-12-09,27,949.7197265625,False,False
21,2011-12-09,49,18.98342514038086,False,False
21,2011-12-09,58,160.2550048828125,False,False
21,2011-12-09,40,14325.2265625,False,False
21,2011-12-09,67,2180.543212890625,False,False
21,2011-12-09,7,9997.49609375,False,False
21,2011-12-09,98,115.06417083740234,False,False
21,2011-12-09,96,7320.2021484375,False,False
21,2011-12-09,74,3799.573486328125,False,False
21,2011-12-09,11,15642.2392578125,False,False
21,2011-12-09,55,6237.05322265625,False,False
21,2011-12-09,72,26064.517578125,False,False
21,2011-12-09,79,6206.01708984375,False,False
21,2011-12-16,19,1707.675537109375,False,False
21,2011-12-16,31,1193.34912109375,False,False
21,2011-12-16,81,2879.321533203125,False,False
21,2011-12-16,8,24919.673828125,False,False
21,2011-12-16,4,11186.2255859375,False,False
21,2011-12-16,87,13659.1953125,False,False
21,2011-12-16,60,1246.9599609375,False,False
21,2011-12-16,27,796.6126708984375,False,False
21,2011-12-16,34,5271.18359375,False,False
21,2011-12-16,97,837.0823974609375,False,False
21,2011-12-16,92,12326.8251953125,False,False
21,2011-12-16,9,10110.703125,False,False
21,2011-12-16,79,5851.44921875,False,False
21,2011-12-16,92,9431.541015625,False,False
21,2011-12-16,19,286.00634765625,False,False
21,2011-12-16,82,10373.0859375,False,False
21,2011-12-16,16,1224.7408447265625,False,False
21,2011-12-16,48,331.8399658203125,False,False
21,2011-12-16,42,3478.088623046875,False,False
21,2011-12-16,92,13615.2451171875,False,False
21,2011-12-16,12,1644.9774169921875,False,False
21,2011-12-16,25,4113.00341796875,False,False
21,2011-12-16,72,39762.9453125,False,False
21,2011-12-16,35,2127.59619140625,False,False
21,2011-12-16,21,1761.906494140625,False,False
21,2011-12-16,60,231.4984436035156,False,False
21,2011-12-16,67,2825.828369140625,False,False
21,2011-12-16,17,2817.3017578125,False,False
21,2011-12-16,23,11910.2177734375,False,False
21,2011-12-16,82,11244.884765625,False,False
21,2011-12-16,9,6097.02880859375,False,False
21,2011-12-16,28,180.78826904296875,False,False
21,2011-12-16,21,2057.653564453125,False,False
21,2011-12-16,52,626.7074584960938,False,False
21,2011-12-16,96,33.51523208618164,False,False
21,2011-12-16,24,5185.61865234375,False,False
21,2011-12-16,59,484.1112365722656,False,False
21,2011-12-16,99,19210.248046875,False,False
21,2011-12-16,55,10595.7138671875,False,False
21,2011-12-16,79,4930.1923828125,False,False
21,2011-12-16,18,7442.61181640625,False,False
21,2011-12-16,20,2083.782470703125,False,False
21,2011-12-16,44,2193.9638671875,False,False
21,2011-12-16,41,826.205810546875,False,False
21,2011-12-16,95,26093.505859375,False,False
21,2011-12-16,41,2230.34375,False,False
21,2011-12-16,67,4291.51953125,False,False
21,2011-12-16,55,5835.22900390625,False,False
21,2011-12-16,52,1285.27490234375,False,False
21,2011-12-16,55,9389.255859375,False,False
21,2011-12-16,72,31180.12109375,False,False
21,2011-12-16,67,3831.47900390625,False,False
21,2011-12-16,28,270.6715087890625,False,False
21,2011-12-16,10,5674.3984375,False,False
21,2011-12-16,22,510.5081481933594,False,False
21,2011-12-16,11,8674.8701171875,False,False
21,2011-12-16,9,7219.93603515625,False,False
21,2011-12-16,32,7564.52001953125,False,False
21,2011-12-16,55,3246.92626953125,False,False
21,2011-12-16,55,8187.3486328125,False,False
21,2011-12-16,45,64.0611343383789,False,False
21,2011-12-16,14,6650.14990234375,False,False
21,2011-12-16,92,11181.2548828125,False,False
21,2011-12-16,28,471.6949462890625,False,False
21,2011-12-16,9,14979.068359375,False,False
21,2011-12-16,72,39638.28515625,False,False
21,2011-12-16,59,590.6668090820312,False,False
21,2011-12-16,8,9089.5244140625,False,False
21,2011-12-16,12,1010.8492431640624,False,False
21,2011-12-23,91,760.5195922851562,False,False
21,2011-12-23,97,1198.8861083984375,False,False
21,2011-12-23,31,1774.507080078125,False,False
21,2011-12-23,38,91478.8125,False,False
21,2011-12-23,4,11282.7421875,False,False
21,2011-12-23,85,2483.03466796875,False,False
21,2011-12-23,6,3707.205322265625,False,False
21,2011-12-23,25,4482.82568359375,False,False
21,2011-12-23,42,2161.927490234375,False,False
21,2011-12-23,42,1916.844482421875,False,False
21,2011-12-23,7,22072.5078125,False,False
21,2011-12-23,6,5937.54052734375,False,False
21,2011-12-23,74,9321.255859375,False,False
21,2011-12-23,42,4338.26611328125,False,False
21,2011-12-23,52,1814.2509765625,False,False
21,2011-12-23,10,5391.2275390625,False,False
21,2011-12-23,16,4009.052978515625,False,False
21,2011-12-23,96,13903.9580078125,False,False
21,2011-12-23,44,2887.631591796875,False,False
21,2011-12-23,14,12107.3173828125,False,False
21,2011-12-23,60,43.12665557861328,False,False
21,2011-12-23,93,995.35888671875,False,False
21,2011-12-23,92,10093.060546875,False,False
21,2011-12-23,21,5539.8134765625,False,False
21,2011-12-23,54,197.96533203125,False,False
21,2011-12-23,1,16699.25,False,False
21,2011-12-23,26,2563.842041015625,False,False
21,2011-12-23,34,3512.557861328125,False,False
21,2011-12-23,44,3683.69775390625,False,False
21,2011-12-23,20,1975.7706298828125,False,False
21,2011-12-23,1,15744.7255859375,False,False
21,2011-12-23,34,5467.55908203125,False,False
21,2011-12-23,14,6474.5751953125,False,False
21,2011-12-23,16,320.7503662109375,False,False
21,2011-12-23,42,3870.306884765625,False,False
21,2011-12-23,1,21686.7265625,False,False
21,2011-12-23,24,3884.22509765625,False,False
21,2011-12-23,59,2027.067626953125,False,False
21,2011-12-23,46,9815.6181640625,False,False
21,2011-12-23,58,691.1996459960938,False,False
21,2011-12-23,92,15822.4423828125,False,False
21,2011-12-23,83,300.1839904785156,False,False
21,2011-12-23,90,9789.056640625,False,False
21,2011-12-23,52,753.4736938476562,False,False
21,2011-12-23,28,245.54522705078125,False,False
21,2011-12-23,10,8062.55078125,False,False
21,2011-12-23,87,15730.947265625,False,False
21,2011-12-23,5,15815.787109375,False,False
21,2011-12-23,26,3819.485595703125,False,False
21,2011-12-23,60,171.26046752929688,False,False
21,2011-12-23,40,29940.607421875,False,False
21,2011-12-23,94,241.1361541748047,False,False
21,2011-12-23,9,6902.00244140625,False,False
21,2011-12-23,23,52444.06640625,False,False
21,2011-12-23,94,410.21771240234375,False,False
21,2011-12-23,44,1418.4791259765625,False,False
21,2011-12-23,94,201.48019409179688,False,False
21,2011-12-23,29,1833.6834716796875,False,False
21,2011-12-30,5,15184.7197265625,True,False
21,2011-12-30,55,12928.49609375,True,False
21,2011-12-30,82,13608.2958984375,True,False
21,2011-12-30,35,1480.1922607421875,True,False
21,2011-12-30,6,2565.431396484375,True,False
21,2011-12-30,77,150.43089294433594,True,False
21,2011-12-30,22,3676.22802734375,True,False
21,2011-12-30,26,2261.88427734375,True,False
21,2011-12-30,87,12166.8427734375,True,False
21,2011-12-30,11,8321.6220703125,True,False
21,2011-12-30,27,1051.7864990234375,True,False
21,2011-12-30,90,6174.50390625,True,False
21,2011-12-30,18,2937.933837890625,True,False
21,2011-12-30,72,28782.87890625,True,False
21,2011-12-30,59,201.0294189453125,True,False
21,2011-12-30,80,21.87064743041992,True,False
21,2011-12-30,17,4035.58984375,True,False
21,2011-12-30,82,10381.9833984375,True,False
21,2011-12-30,32,5053.3935546875,True,False
21,2011-12-30,40,17156.373046875,True,False
21,2011-12-30,97,2067.0703125,True,False
21,2011-12-30,2,20090.208984375,True,False
21,2011-12-30,25,2235.931884765625,True,False
21,2011-12-30,28,228.8729553222656,True,False
21,2011-12-30,95,17913.44921875,True,False
21,2011-12-30,20,782.854248046875,True,False
21,2011-12-30,93,3110.351806640625,True,False
21,2011-12-30,21,1649.4742431640625,True,False
21,2011-12-30,3,3171.660400390625,True,False
21,2011-12-30,17,1937.1824951171875,True,False
21,2011-12-30,20,1878.965576171875,True,False
21,2011-12-30,95,14891.115234375,True,False
21,2011-12-30,94,423.2024536132813,True,False
21,2011-12-30,11,6631.318359375,True,False
21,2011-12-30,72,20902.2734375,True,False
21,2011-12-30,19,484.9363708496094,True,False
21,2011-12-30,97,556.0313720703125,True,False
21,2011-12-30,90,10238.63671875,True,False
21,2011-12-30,41,1350.1165771484375,True,False
21,2011-12-30,9,3833.726318359375,True,False
21,2011-12-30,51,1245.43896484375,True,False
21,2011-12-30,55,8515.5576171875,True,False
21,2011-12-30,33,2938.1552734375,True,False
21,2011-12-30,16,3717.397705078125,True,False
21,2011-12-30,31,908.205078125,True,False
21,2011-12-30,90,5757.62744140625,True,False
21,2011-12-30,82,10203.13671875,True,False
21,2011-12-30,34,4100.27099609375,True,False
21,2011-12-30,16,1779.277099609375,True,False
21,2011-12-30,38,12223.9677734375,True,False
21,2011-12-30,85,1458.0821533203125,True,False
21,2011-12-30,97,1164.6666259765625,True,False
21,2011-12-30,58,321.770751953125,True,False
21,2011-12-30,92,18195.12890625,True,False
21,2011-12-30,87,7622.685546875,True,False
21,2011-12-30,32,10850.9638671875,True,False
21,2011-12-30,8,10316.201171875,True,False
21,2011-12-30,30,517.8057861328125,True,False
21,2011-12-30,36,587.83984375,True,False
21,2011-12-30,93,355.2730407714844,True,False
21,2011-12-30,98,19.730531692504883,True,False
21,2011-12-30,20,1551.746337890625,True,False
21,2011-12-30,20,980.62890625,True,False
21,2011-12-30,4,15142.4248046875,True,False
21,2011-12-30,90,2041.0469970703125,True,False
21,2011-12-30,72,21702.376953125,True,False
21,2011-12-30,16,1435.213623046875,True,False
21,2011-12-30,60,107.38232421875,True,False
21,2011-12-30,2,14926.7236328125,True,False
21,2011-12-30,5,8135.7001953125,True,False
21,2011-12-30,95,22838.427734375,True,False
21,2011-12-30,80,12482.09765625,True,False
21,2011-12-30,29,2094.84326171875,True,False
21,2011-12-30,24,1890.6199951171875,True,False
22,2011-12-02,31,15.779688835144045,False,False
22,2011-12-02,60,712.009765625,False,False
22,2011-12-02,1,11957.2939453125,False,False
22,2011-12-02,17,292.3516845703125,False,False
22,2011-12-02,20,49.52203750610352,False,False
22,2011-12-02,16,600.4640502929688,False,False
22,2011-12-02,4,16603.134765625,False,False
22,2011-12-02,13,13718.0283203125,False,False
22,2011-12-02,74,70.84428405761719,False,False
22,2011-12-02,80,15575.44921875,False,False
22,2011-12-02,72,102.49406433105467,False,False
22,2011-12-02,14,998.86767578125,False,False
22,2011-12-02,6,95.2628402709961,False,False
22,2011-12-02,56,553.6023559570312,False,False
22,2011-12-02,98,4862.8515625,False,False
22,2011-12-02,91,31134.294921875,False,False
22,2011-12-02,42,170.48805236816406,False,False
22,2011-12-02,25,18.283388137817383,False,False
22,2011-12-02,12,19.427309036254883,False,False
22,2011-12-02,4,15993.482421875,False,False
22,2011-12-02,42,102.53557586669922,False,False
22,2011-12-02,60,611.8290405273438,False,False
22,2011-12-02,79,15265.638671875,False,False
22,2011-12-02,79,10968.173828125,False,False
22,2011-12-02,92,75815.8828125,False,False
22,2011-12-02,12,50.1058235168457,False,False
22,2011-12-02,3,760.2503051757812,False,False
22,2011-12-02,81,15583.517578125,False,False
22,2011-12-02,96,3177.117919921875,False,False
22,2011-12-02,13,18463.7890625,False,False
22,2011-12-02,18,462.8051452636719,False,False
22,2011-12-02,90,64787.234375,False,False
22,2011-12-02,92,62774.24609375,False,False
22,2011-12-02,16,769.4871826171875,False,False
22,2011-12-02,91,35700.4296875,False,False
22,2011-12-02,4,16189.5556640625,False,False
22,2011-12-02,12,115.48502349853516,False,False
22,2011-12-02,5,1072.470947265625,False,False
22,2011-12-02,3,742.9385375976562,False,False
22,2011-12-02,18,192.26708984375,False,False
22,2011-12-02,95,55318.53125,False,False
22,2011-12-02,22,202.6702880859375,False,False
22,2011-12-02,16,630.7246704101562,False,False
22,2011-12-02,1,5560.85986328125,False,False
22,2011-12-02,6,49.702919006347656,False,False
22,2011-12-02,97,27479.44140625,False,False
22,2011-12-02,9,15.808111190795898,False,False
22,2011-12-09,27,48.35691833496094,False,False
22,2011-12-09,31,11.926615715026855,False,False
22,2011-12-09,40,22124.060546875,False,False
22,2011-12-09,94,29525.37109375,False,False
22,2011-12-09,28,22.34036445617676,False,False
22,2011-12-09,32,44.8421630859375,False,False
22,2011-12-09,14,1736.8525390625,False,False
22,2011-12-09,82,9996.2802734375,False,False
22,2011-12-09,25,59.58153533935547,False,False
22,2011-12-09,80,7795.2734375,False,False
22,2011-12-09,67,1647.8792724609375,False,False
22,2011-12-09,92,56298.17578125,False,False
22,2011-12-09,2,14070.4462890625,False,False
22,2011-12-09,80,17404.388671875,False,False
22,2011-12-09,82,10997.4794921875,False,False
22,2011-12-09,12,174.01837158203125,False,False
22,2011-12-09,67,2435.54931640625,False,False
22,2011-12-09,87,488.1675109863281,False,False
22,2011-12-09,92,39577.40625,False,False
22,2011-12-09,74,761.972900390625,False,False
22,2011-12-09,98,5915.54150390625,False,False
22,2011-12-09,9,38.84173202514648,False,False
22,2011-12-09,13,12780.244140625,False,False
22,2011-12-09,12,23.86489486694336,False,False
22,2011-12-09,14,1620.6429443359375,False,False
22,2011-12-09,72,607.582275390625,False,False
22,2011-12-09,1,11694.3447265625,False,False
22,2011-12-09,87,249.0218048095703,False,False
22,2011-12-09,83,2705.637451171875,False,False
22,2011-12-09,38,73779.78125,False,False
22,2011-12-09,95,60957.87109375,False,False
22,2011-12-09,56,610.3297119140625,False,False
22,2011-12-09,11,1281.358642578125,False,False
22,2011-12-09,2,13535.3505859375,False,False
22,2011-12-09,98,11597.0908203125,False,False
22,2011-12-09,93,22469.9375,False,False
22,2011-12-09,92,74724.734375,False,False
22,2011-12-09,79,12410.3515625,False,False
22,2011-12-09,1,10286.099609375,False,False
22,2011-12-09,92,56088.9140625,False,False
22,2011-12-09,92,55194.60546875,False,False
22,2011-12-09,81,20740.625,False,False
22,2011-12-09,1,10519.95703125,False,False
22,2011-12-09,13,12695.8876953125,False,False
22,2011-12-09,59,202.9764709472656,False,False
22,2011-12-09,21,1390.0443115234375,False,False
22,2011-12-09,5,739.0997314453125,False,False
22,2011-12-09,7,478.3158874511719,False,False
22,2011-12-09,13,10242.9501953125,False,False
22,2011-12-09,82,10049.1201171875,False,False
22,2011-12-09,8,1218.997802734375,False,False
22,2011-12-09,6,23.21432113647461,False,False
22,2011-12-09,67,1542.2994384765625,False,False
22,2011-12-09,79,7617.65478515625,False,False
22,2011-12-09,67,1442.5426025390625,False,False
22,2011-12-09,93,46271.1171875,False,False
22,2011-12-09,72,36336.00390625,False,False
22,2011-12-09,82,9612.0087890625,False,False
22,2011-12-09,31,39.05069351196289,False,False
22,2011-12-09,95,61171.0546875,False,False
22,2011-12-09,56,562.8356323242188,False,False
22,2011-12-09,97,14478.6376953125,False,False
22,2011-12-16,31,63.04343032836914,False,False
22,2011-12-16,60,466.90478515625,False,False
22,2011-12-16,3,999.643798828125,False,False
22,2011-12-16,4,15742.1201171875,False,False
22,2011-12-16,38,64443.48828125,False,False
22,2011-12-16,93,25736.26953125,False,False
22,2011-12-16,55,298.9502258300781,False,False
22,2011-12-16,79,9334.896484375,False,False
22,2011-12-16,93,17626.291015625,False,False
22,2011-12-16,97,11955.3505859375,False,False
22,2011-12-16,87,1672.8846435546875,False,False
22,2011-12-16,7,120.43557739257812,False,False
22,2011-12-16,81,10871.103515625,False,False
22,2011-12-16,26,371.77685546875,False,False
22,2011-12-16,6,34.71365737915039,False,False
22,2011-12-16,11,1290.212158203125,False,False
22,2011-12-16,18,601.481201171875,False,False
22,2011-12-16,87,62.60312271118164,False,False
22,2011-12-16,17,739.6244506835938,False,False
22,2011-12-16,8,24386.412109375,False,False
22,2011-12-16,80,18424.05078125,False,False
22,2011-12-16,8,15805.9482421875,False,False
22,2011-12-16,98,1610.1607666015625,False,False
22,2011-12-16,90,49560.08984375,False,False
22,2011-12-16,3,708.3258666992188,False,False
22,2011-12-16,97,14204.90625,False,False
22,2011-12-16,42,60.173282623291016,False,False
22,2011-12-16,59,275.0616455078125,False,False
22,2011-12-16,93,22045.08203125,False,False
22,2011-12-16,97,26738.18359375,False,False
22,2011-12-16,9,29.41827964782715,False,False
22,2011-12-16,74,440.8154296875,False,False
22,2011-12-16,7,1204.109130859375,False,False
22,2011-12-16,14,1953.6214599609373,False,False
22,2011-12-16,18,1427.7945556640625,False,False
22,2011-12-16,85,72.62435150146484,False,False
22,2011-12-16,21,765.3690185546875,False,False
22,2011-12-16,18,1353.9901123046875,False,False
22,2011-12-16,85,52.37397384643555,False,False
22,2011-12-16,18,712.6666259765625,False,False
22,2011-12-16,1,13723.8369140625,False,False
22,2011-12-16,96,18279.908203125,False,False
22,2011-12-16,52,49.22119903564453,False,False
22,2011-12-23,52,41.15654373168945,False,False
22,2011-12-23,42,369.0187072753906,False,False
22,2011-12-23,28,75.3976821899414,False,False
22,2011-12-23,99,17.26455307006836,False,False
22,2011-12-23,87,16.149747848510742,False,False
22,2011-12-23,21,1063.98291015625,False,False
22,2011-12-23,18,575.4016723632812,False,False
22,2011-12-23,56,150.8250732421875,False,False
22,2011-12-23,27,12.230047225952148,False,False
22,2011-12-23,18,1541.3812255859375,False,False
22,2011-12-23,79,7745.87353515625,False,False
22,2011-12-23,3,627.9342041015625,False,False
22,2011-12-23,81,2843.11376953125,False,False
22,2011-12-23,98,10512.7568359375,False,False
22,2011-12-23,74,1017.2515869140624,False,False
22,2011-12-23,94,21915.330078125,False,False
22,2011-12-23,10,581.0526123046875,False,False
22,2011-12-23,87,140.79800415039062,False,False
22,2011-12-23,93,25395.611328125,False,False
22,2011-12-23,2,14921.275390625,False,False
22,2011-12-23,5,38876.3671875,False,False
22,2011-12-23,95,77760.578125,False,False
22,2011-12-23,23,28.31853485107422,False,False
22,2011-12-23,9,24.75275039672852,False,False
22,2011-12-23,60,1131.46728515625,False,False
22,2011-12-23,25,2767.834228515625,False,False
22,2011-12-23,46,42661.16015625,False,False
22,2011-12-23,92,68801.9921875,False,False
22,2011-12-23,17,167.0711212158203,False,False
22,2011-12-23,23,26.737314224243164,False,False
22,2011-12-23,18,1269.828857421875,False,False
22,2011-12-23,9,12.908698081970217,False,False
22,2011-12-23,97,15858.6279296875,False,False
22,2011-12-23,20,50.39185333251953,False,False
22,2011-12-23,23,34.760467529296875,False,False
22,2011-12-23,91,29242.1171875,False,False
22,2011-12-23,28,57.99488067626953,False,False
22,2011-12-23,14,1543.8302001953125,False,False
22,2011-12-23,20,6.431432723999023,False,False
22,2011-12-23,59,258.33013916015625,False,False
22,2011-12-23,59,311.65264892578125,False,False
22,2011-12-23,11,888.1900634765625,False,False
22,2011-12-23,98,14504.576171875,False,False
22,2011-12-23,28,15.978635787963867,False,False
22,2011-12-23,14,2630.5625,False,False
22,2011-12-23,14,2019.7705078125,False,False
22,2011-12-23,11,1103.9310302734375,False,False
22,2011-12-23,56,176.092041015625,False,False
22,2011-12-23,46,4940.287109375,False,False
22,2011-12-23,38,50344.11328125,False,False
22,2011-12-23,94,30361.87890625,False,False
22,2011-12-23,25,40.28749084472656,False,False
22,2011-12-23,1,22079.78125,False,False
22,2011-12-23,40,22355.765625,False,False
22,2011-12-30,59,296.54705810546875,True,False
22,2011-12-30,83,1464.429931640625,True,False
22,2011-12-30,8,191.3917999267578,True,False
22,2011-12-30,23,52.38518142700195,True,False
22,2011-12-30,79,3498.781494140625,True,False
22,2011-12-30,31,298.9768981933594,True,False
22,2011-12-30,10,421.5780334472656,True,False
22,2011-12-30,56,44.76492691040039,True,False
22,2011-12-30,49,-30.707250595092773,True,False
22,2011-12-30,4,13844.3525390625,True,False
22,2011-12-30,74,398.3793640136719,True,False
22,2011-12-30,85,181.86622619628903,True,False
22,2011-12-30,17,211.63519287109372,True,False
22,2011-12-30,4,12327.63671875,True,False
22,2011-12-30,16,664.4651489257812,True,False
22,2011-12-30,18,11695.8310546875,True,False
22,2011-12-30,56,86.06646728515625,True,False
22,2011-12-30,46,5093.0673828125,True,False
22,2011-12-30,14,287.8627319335937,True,False
22,2011-12-30,25,21.660017013549805,True,False
22,2011-12-30,38,63389.5546875,True,False
22,2011-12-30,21,926.4339599609376,True,False
22,2011-12-30,22,64.81385040283203,True,False
22,2011-12-30,40,26956.78515625,True,False
22,2011-12-30,42,80.82675170898438,True,False
22,2011-12-30,96,22703.689453125,True,False
22,2011-12-30,71,534.8831176757812,True,False
22,2011-12-30,42,167.42428588867188,True,False
22,2011-12-30,74,198.87364196777344,True,False
22,2011-12-30,81,19220.884765625,True,False
22,2011-12-30,96,24819.01171875,True,False
22,2011-12-30,32,39.95752716064453,True,False
22,2011-12-30,67,1072.7694091796875,True,False
22,2011-12-30,97,33246.48828125,True,False
22,2011-12-30,11,1583.44921875,True,False
22,2011-12-30,21,1013.771484375,True,False
22,2011-12-30,80,11326.6982421875,True,False
22,2011-12-30,44,6.632016658782959,True,False
22,2011-12-30,9,53.38895797729492,True,False
22,2011-12-30,21,1063.07861328125,True,False
22,2011-12-30,12,51.99924087524414,True,False
22,2011-12-30,7,1091.5767822265625,True,False
22,2011-12-30,10,265.8146057128906,True,False
22,2011-12-30,38,61921.1640625,True,False
22,2011-12-30,80,12298.3662109375,True,False
22,2011-12-30,28,137.32196044921875,True,False
22,2011-12-30,46,3669.178955078125,True,False
22,2011-12-30,46,2845.910400390625,True,False
22,2011-12-30,22,193.2229461669922,True,False
23,2011-12-02,1,16588.939453125,False,False
23,2011-12-02,36,2627.6279296875,False,False
23,2011-12-02,67,4086.32177734375,False,False
23,2011-12-02,74,10194.419921875,False,False
23,2011-12-02,32,2992.890380859375,False,False
23,2011-12-02,4,15568.6728515625,False,False
23,2011-12-02,30,791.93896484375,False,False
23,2011-12-02,21,2357.348876953125,False,False
23,2011-12-02,55,8630.845703125,False,False
23,2011-12-02,92,62466.17578125,False,False
23,2011-12-02,26,2211.249267578125,False,False
23,2011-12-02,41,1011.3672485351562,False,False
23,2011-12-02,30,1122.6546630859375,False,False
23,2011-12-02,54,8.858139038085938,False,False
23,2011-12-02,77,59.87271118164063,False,False
23,2011-12-02,14,8699.439453125,False,False
23,2011-12-02,33,2853.2490234375,False,False
23,2011-12-02,7,10361.6318359375,False,False
23,2011-12-02,23,40442.359375,False,False
23,2011-12-02,74,8282.4287109375,False,False
23,2011-12-02,24,1006.448486328125,False,False
23,2011-12-02,20,2651.167724609375,False,False
23,2011-12-02,20,3018.829345703125,False,False
23,2011-12-02,56,1943.025634765625,False,False
23,2011-12-02,31,1631.973876953125,False,False
23,2011-12-02,98,308.1896667480469,False,False
23,2011-12-02,90,11018.1103515625,False,False
23,2011-12-02,12,2779.112060546875,False,False
23,2011-12-02,24,2887.6259765625,False,False
23,2011-12-02,42,4458.8955078125,False,False
23,2011-12-02,5,20271.16015625,False,False
23,2011-12-02,71,2580.294189453125,False,False
23,2011-12-02,32,4481.5830078125,False,False
23,2011-12-02,59,115.746337890625,False,False
23,2011-12-02,31,2498.28662109375,False,False
23,2011-12-02,56,2926.101318359375,False,False
23,2011-12-02,45,18.68433952331543,False,False
23,2011-12-02,11,22729.048828125,False,False
23,2011-12-02,20,2771.670654296875,False,False
23,2011-12-02,91,512.7747192382812,False,False
23,2011-12-02,42,3326.34521484375,False,False
23,2011-12-02,93,606.5911254882812,False,False
23,2011-12-02,35,364.79095458984375,False,False
23,2011-12-02,24,2652.794921875,False,False
23,2011-12-02,67,3225.359130859375,False,False
23,2011-12-02,90,14736.048828125,False,False
23,2011-12-02,91,9255.525390625,False,False
23,2011-12-02,28,233.4770355224609,False,False
23,2011-12-02,20,3393.803955078125,False,False
23,2011-12-02,80,689.3863525390625,False,False
23,2011-12-02,34,3254.79541015625,False,False
23,2011-12-02,44,6487.56689453125,False,False
23,2011-12-02,28,287.2505187988281,False,False
23,2011-12-02,31,750.6416015625,False,False
23,2011-12-02,41,1060.664306640625,False,False
23,2011-12-02,17,4676.2587890625,False,False
23,2011-12-02,3,8793.919921875,False,False
23,2011-12-02,79,6315.85546875,False,False
23,2011-12-02,29,3339.938720703125,False,False
23,2011-12-02,85,4165.3515625,False,False
23,2011-12-02,90,12068.9658203125,False,False
23,2011-12-02,16,1666.6612548828125,False,False
23,2011-12-09,87,9532.9287109375,False,False
23,2011-12-09,93,847.9327392578125,False,False
23,2011-12-09,11,20561.62890625,False,False
23,2011-12-09,80,805.0735473632812,False,False
23,2011-12-09,48,1715.361083984375,False,False
23,2011-12-09,30,1172.9017333984375,False,False
23,2011-12-09,35,2757.150390625,False,False
23,2011-12-09,12,4489.3564453125,False,False
23,2011-12-09,72,48824.92578125,False,False
23,2011-12-09,82,11063.2705078125,False,False
23,2011-12-09,35,549.5765991210938,False,False
23,2011-12-09,3,9207.169921875,False,False
23,2011-12-09,1,23061.083984375,False,False
23,2011-12-09,92,34511.6640625,False,False
23,2011-12-09,13,14701.203125,False,False
23,2011-12-09,79,7254.5390625,False,False
23,2011-12-09,58,492.9611511230469,False,False
23,2011-12-09,42,7478.744140625,False,False
23,2011-12-09,87,15238.2109375,False,False
23,2011-12-09,25,6221.228515625,False,False
23,2011-12-09,26,7895.0595703125,False,False
23,2011-12-09,42,2691.67333984375,False,False
23,2011-12-09,27,1348.182861328125,False,False
23,2011-12-09,80,1740.2562255859375,False,False
23,2011-12-09,55,10525.2568359375,False,False
23,2011-12-09,14,13167.0087890625,False,False
23,2011-12-09,16,2854.35791015625,False,False
23,2011-12-09,14,9928.7919921875,False,False
23,2011-12-09,33,3750.3486328125,False,False
23,2011-12-09,60,393.6570129394531,False,False
23,2011-12-09,26,5366.458984375,False,False
23,2011-12-09,32,9229.6435546875,False,False
23,2011-12-09,41,1046.26953125,False,False
23,2011-12-09,36,2708.333251953125,False,False
23,2011-12-09,45,11.33487606048584,False,False
23,2011-12-09,90,22756.41015625,False,False
23,2011-12-09,24,8680.109375,False,False
23,2011-12-09,36,348.8395690917969,False,False
23,2011-12-09,71,2589.27392578125,False,False
23,2011-12-09,21,4531.13525390625,False,False
23,2011-12-09,27,1744.2310791015625,False,False
23,2011-12-09,17,6631.30126953125,False,False
23,2011-12-09,56,420.3473510742188,False,False
23,2011-12-09,35,1352.348388671875,False,False
23,2011-12-09,34,5512.78369140625,False,False
23,2011-12-09,34,3386.102783203125,False,False
23,2011-12-09,22,6988.9052734375,False,False
23,2011-12-09,12,3482.75146484375,False,False
23,2011-12-09,74,6528.732421875,False,False
23,2011-12-09,8,19376.86328125,False,False
23,2011-12-09,56,1077.3228759765625,False,False
23,2011-12-09,96,422.6008911132813,False,False
23,2011-12-09,4,16439.9375,False,False
23,2011-12-09,83,200.3655242919922,False,False
23,2011-12-09,2,29425.591796875,False,False
23,2011-12-09,32,15313.1865234375,False,False
23,2011-12-09,28,726.3650512695312,False,False
23,2011-12-09,82,16029.810546875,False,False
23,2011-12-09,1,15388.275390625,False,False
23,2011-12-09,3,7894.5693359375,False,False
23,2011-12-09,25,7244.25341796875,False,False
23,2011-12-09,46,27089.08984375,False,False
23,2011-12-09,92,29951.572265625,False,False
23,2011-12-09,13,11659.2802734375,False,False
23,2011-12-09,97,5268.03857421875,False,False
23,2011-12-09,96,559.4448852539062,False,False
23,2011-12-09,10,17144.861328125,False,False
23,2011-12-09,3,9223.525390625,False,False
23,2011-12-09,13,11572.8037109375,False,False
23,2011-12-09,30,1352.4407958984375,False,False
23,2011-12-09,31,2632.872802734375,False,False
23,2011-12-09,67,4262.697265625,False,False
23,2011-12-09,90,17283.55078125,False,False
23,2011-12-16,80,340.6239013671875,False,False
23,2011-12-16,10,12524.015625,False,False
23,2011-12-16,56,1434.045166015625,False,False
23,2011-12-16,22,8446.501953125,False,False
23,2011-12-16,10,22258.23046875,False,False
23,2011-12-16,22,6582.35546875,False,False
23,2011-12-16,41,3297.5791015625,False,False
23,2011-12-16,40,36626.6875,False,False
23,2011-12-16,13,15282.2353515625,False,False
23,2011-12-16,79,5320.2490234375,False,False
23,2011-12-16,13,13148.0869140625,False,False
23,2011-12-16,72,58140.42578125,False,False
23,2011-12-16,41,3376.591796875,False,False
23,2011-12-16,56,1458.1978759765625,False,False
23,2011-12-16,67,6182.46728515625,False,False
23,2011-12-16,28,721.8067016601562,False,False
23,2011-12-16,12,5037.69482421875,False,False
23,2011-12-16,35,762.5630493164062,False,False
23,2011-12-16,9,12079.7470703125,False,False
23,2011-12-16,38,48705.13671875,False,False
23,2011-12-16,83,289.3760070800781,False,False
23,2011-12-16,12,3340.685791015625,False,False
23,2011-12-16,82,17567.568359375,False,False
23,2011-12-16,36,2659.334228515625,False,False
23,2011-12-16,23,30860.513671875,False,False
23,2011-12-16,80,1050.7960205078125,False,False
23,2011-12-16,16,3395.803955078125,False,False
23,2011-12-16,45,46.71524429321289,False,False
23,2011-12-16,55,20008.88671875,False,False
23,2011-12-16,80,164.38082885742188,False,False
23,2011-12-16,87,14416.966796875,False,False
23,2011-12-16,26,3833.375244140625,False,False
23,2011-12-16,18,13893.146484375,False,False
23,2011-12-16,87,12557.7626953125,False,False
23,2011-12-16,3,13557.7529296875,False,False
23,2011-12-16,56,1154.1077880859375,False,False
23,2011-12-16,30,1850.760986328125,False,False
23,2011-12-16,49,54.45183181762695,False,False
23,2011-12-16,48,821.5075073242188,False,False
23,2011-12-16,36,2692.18603515625,False,False
23,2011-12-16,67,8364.306640625,False,False
23,2011-12-16,96,2856.07470703125,False,False
23,2011-12-16,9,19255.751953125,False,False
23,2011-12-16,28,458.1128540039063,False,False
23,2011-12-16,30,266.41827392578125,False,False
23,2011-12-16,9,22115.619140625,False,False
23,2011-12-16,97,2302.924072265625,False,False
23,2011-12-16,79,18644.322265625,False,False
23,2011-12-16,23,19773.697265625,False,False
23,2011-12-16,38,35740.34375,False,False
23,2011-12-16,46,16522.830078125,False,False
23,2011-12-16,29,3861.8037109375,False,False
23,2011-12-16,27,1000.2648315429688,False,False
23,2011-12-16,55,12342.95703125,False,False
23,2011-12-16,71,1156.19580078125,False,False
23,2011-12-16,31,3646.29248046875,False,False
23,2011-12-16,22,8489.0166015625,False,False
23,2011-12-16,7,14205.623046875,False,False
23,2011-12-16,34,2651.412109375,False,False
23,2011-12-16,17,5710.3671875,False,False
23,2011-12-16,19,2600.306396484375,False,False
23,2011-12-16,22,7820.77392578125,False,False
23,2011-12-16,56,1506.0560302734375,False,False
23,2011-12-16,56,1006.3447875976562,False,False
23,2011-12-16,79,6838.57421875,False,False
23,2011-12-16,85,1554.464111328125,False,False
23,2011-12-16,1,17537.0078125,False,False
23,2011-12-23,35,1724.7906494140625,False,False
23,2011-12-23,46,28395.08203125,False,False
23,2011-12-23,20,5457.83544921875,False,False
23,2011-12-23,14,23914.22265625,False,False
23,2011-12-23,51,35.083213806152344,False,False
23,2011-12-23,47,27.86307716369629,False,False
23,2011-12-23,18,35705.09765625,False,False
23,2011-12-23,2,39893.859375,False,False
23,2011-12-23,49,9776.4931640625,False,False
23,2011-12-23,22,10502.5869140625,False,False
23,2011-12-23,95,47867.921875,False,False
23,2011-12-23,29,2677.224609375,False,False
23,2011-12-23,30,975.1372680664062,False,False
23,2011-12-23,72,65857.9296875,False,False
23,2011-12-23,34,5106.44287109375,False,False
23,2011-12-23,97,16412.0625,False,False
23,2011-12-23,34,6022.73193359375,False,False
23,2011-12-23,2,43161.765625,False,False
23,2011-12-23,29,2956.3583984375,False,False
23,2011-12-23,95,37909.37109375,False,False
23,2011-12-23,31,4420.79345703125,False,False
23,2011-12-23,4,16847.3984375,False,False
23,2011-12-23,34,5386.23876953125,False,False
23,2011-12-23,71,2641.129638671875,False,False
23,2011-12-23,22,15842.3349609375,False,False
23,2011-12-23,27,2383.272216796875,False,False
23,2011-12-23,41,12543.88671875,False,False
23,2011-12-23,82,20749.095703125,False,False
23,2011-12-23,23,27914.267578125,False,False
23,2011-12-23,60,202.2142639160156,False,False
23,2011-12-23,29,3114.81689453125,False,False
23,2011-12-23,13,16884.49609375,False,False
23,2011-12-23,9,21325.853515625,False,False
23,2011-12-23,7,54235.78515625,False,False
23,2011-12-23,80,751.9990844726562,False,False
23,2011-12-23,74,13428.3212890625,False,False
23,2011-12-23,38,50502.43359375,False,False
23,2011-12-23,59,3373.15234375,False,False
23,2011-12-23,94,253.82159423828125,False,False
23,2011-12-23,38,65164.94140625,False,False
23,2011-12-23,98,1197.9879150390625,False,False
23,2011-12-23,81,5143.501953125,False,False
23,2011-12-23,3,15861.228515625,False,False
23,2011-12-23,41,1530.201904296875,False,False
23,2011-12-23,4,18165.74609375,False,False
23,2011-12-23,18,11361.162109375,False,False
23,2011-12-23,59,1461.7955322265625,False,False
23,2011-12-23,74,8323.447265625,False,False
23,2011-12-23,83,3525.603759765625,False,False
23,2011-12-23,35,838.8787231445312,False,False
23,2011-12-23,79,12936.03125,False,False
23,2011-12-23,16,2954.614013671875,False,False
23,2011-12-23,30,858.4185180664062,False,False
23,2011-12-23,5,24715.11328125,False,False
23,2011-12-23,11,18363.419921875,False,False
23,2011-12-23,49,246.020751953125,False,False
23,2011-12-23,23,20522.189453125,False,False
23,2011-12-23,49,77.97586059570312,False,False
23,2011-12-23,26,3626.177734375,False,False
23,2011-12-23,20,4770.46875,False,False
23,2011-12-23,91,4091.759521484375,False,False
23,2011-12-23,96,12530.2822265625,False,False
23,2011-12-23,97,3630.423095703125,False,False
23,2011-12-23,60,118.10299682617188,False,False
23,2011-12-23,34,1922.5743408203125,False,False
23,2011-12-30,12,2194.113525390625,True,False
23,2011-12-30,97,9474.4833984375,True,False
23,2011-12-30,90,8869.5625,True,False
23,2011-12-30,95,32995.39453125,True,False
23,2011-12-30,31,5038.7119140625,True,False
23,2011-12-30,2,26101.259765625,True,False
23,2011-12-30,81,6775.34375,True,False
23,2011-12-30,52,2078.9150390625,True,False
23,2011-12-30,41,901.58984375,True,False
23,2011-12-30,7,21418.01171875,True,False
23,2011-12-30,32,6997.41064453125,True,False
23,2011-12-30,91,21720.490234375,True,False
23,2011-12-30,17,8217.40625,True,False
23,2011-12-30,46,21522.083984375,True,False
23,2011-12-30,26,3384.876708984375,True,False
23,2011-12-30,55,17478.396484375,True,False
23,2011-12-30,98,57.98505401611328,True,False
23,2011-12-30,18,16296.5439453125,True,False
23,2011-12-30,10,16977.447265625,True,False
23,2011-12-30,60,201.2071990966797,True,False
23,2011-12-30,9,20021.923828125,True,False
23,2011-12-30,40,33462.14453125,True,False
23,2011-12-30,60,95.67523193359376,True,False
23,2011-12-30,30,1674.659423828125,True,False
23,2011-12-30,56,200.36280822753903,True,False
23,2011-12-30,87,15019.6181640625,True,False
23,2011-12-30,93,1138.23681640625,True,False
23,2011-12-30,1,19753.09375,True,False
23,2011-12-30,40,34742.578125,True,False
23,2011-12-30,21,3865.26318359375,True,False
23,2011-12-30,11,17029.126953125,True,False
23,2011-12-30,79,10173.8359375,True,False
23,2011-12-30,94,41.428958892822266,True,False
23,2011-12-30,56,71.6373062133789,True,False
23,2011-12-30,1,13277.623046875,True,False
23,2011-12-30,71,4378.59814453125,True,False
23,2011-12-30,12,10345.095703125,True,False
23,2011-12-30,47,224.4278259277344,True,False
23,2011-12-30,97,2242.228271484375,True,False
23,2011-12-30,72,57157.6640625,True,False
23,2011-12-30,20,3842.996337890625,True,False
23,2011-12-30,71,4139.41552734375,True,False
23,2011-12-30,97,3614.847412109375,True,False
23,2011-12-30,94,49.76606369018555,True,False
23,2011-12-30,5,13303.640625,True,False
23,2011-12-30,23,16175.9111328125,True,False
23,2011-12-30,7,27626.498046875,True,False
23,2011-12-30,2,22270.00390625,True,False
23,2011-12-30,82,20686.251953125,True,False
23,2011-12-30,40,37416.66015625,True,False
23,2011-12-30,29,4758.53955078125,True,False
23,2011-12-30,71,4810.806640625,True,False
23,2011-12-30,9,22565.859375,True,False
23,2011-12-30,47,23.25180053710937,True,False
23,2011-12-30,33,148.58251953125,True,False
23,2011-12-30,2,23756.330078125,True,False
23,2011-12-30,48,1613.3470458984375,True,False
23,2011-12-30,4,12333.626953125,True,False
23,2011-12-30,20,4675.62451171875,True,False
23,2011-12-30,95,34826.984375,True,False
23,2011-12-30,16,1585.203369140625,True,False
23,2011-12-30,26,4398.04443359375,True,False
23,2011-12-30,85,5585.78173828125,True,False
23,2011-12-30,98,501.8185119628906,True,False
23,2011-12-30,80,755.2667236328125,True,False
23,2011-12-30,79,8564.08203125,True,False
23,2011-12-30,31,3622.523193359375,True,False
23,2011-12-30,52,1615.9869384765625,True,False
23,2011-12-30,74,12577.1640625,True,False
23,2011-12-30,13,14772.9892578125,True,False
23,2011-12-30,74,12329.224609375,True,False
23,2011-12-30,79,11754.0849609375,True,False
23,2011-12-30,17,7054.69384765625,True,False
23,2011-12-30,1,14020.78125,True,False
23,2011-12-30,17,2311.464111328125,True,False
23,2011-12-30,32,17255.166015625,True,False
23,2011-12-30,45,16.89272117614746,True,False
24,2011-12-02,26,8083.77490234375,False,False
24,2011-12-02,5,40295.28515625,False,False
24,2011-12-02,77,208.0326690673828,False,False
24,2011-12-02,20,8933.6025390625,False,False
24,2011-12-02,54,163.39352416992188,False,False
24,2011-12-02,14,26100.162109375,False,False
24,2011-12-02,22,16787.306640625,False,False
24,2011-12-02,37,3834.12255859375,False,False
24,2011-12-02,18,40249.5859375,False,False
24,2011-12-02,14,24761.048828125,False,False
24,2011-12-02,11,24991.40234375,False,False
24,2011-12-02,10,14958.8173828125,False,False
24,2011-12-02,93,881.7454223632812,False,False
24,2011-12-02,4,20380.798828125,False,False
24,2011-12-02,87,6721.02197265625,False,False
24,2011-12-02,29,12949.263671875,False,False
24,2011-12-02,21,9920.73828125,False,False
24,2011-12-02,13,21126.130859375,False,False
24,2011-12-02,79,24503.466796875,False,False
24,2011-12-02,1,18240.49609375,False,False
24,2011-12-02,27,3333.5986328125,False,False
24,2011-12-02,28,1145.39599609375,False,False
24,2011-12-02,44,13067.6123046875,False,False
24,2011-12-02,91,14259.3525390625,False,False
24,2011-12-02,79,17258.978515625,False,False
24,2011-12-02,47,37.44256210327149,False,False
24,2011-12-02,52,2488.204833984375,False,False
24,2011-12-02,44,4971.8369140625,False,False
24,2011-12-02,90,31679.462890625,False,False
24,2011-12-02,7,74662.3203125,False,False
24,2011-12-02,34,20837.83984375,False,False
24,2011-12-02,80,15271.693359375,False,False
24,2011-12-02,81,12471.4658203125,False,False
24,2011-12-02,17,12586.7138671875,False,False
24,2011-12-02,80,144.28375244140625,False,False
24,2011-12-02,38,30800.16796875,False,False
24,2011-12-02,79,21326.00390625,False,False
24,2011-12-02,3,12223.537109375,False,False
24,2011-12-02,85,4802.2294921875,False,False
24,2011-12-02,17,3911.286376953125,False,False
24,2011-12-02,46,29831.751953125,False,False
24,2011-12-02,19,4255.67724609375,False,False
24,2011-12-02,40,70520.9453125,False,False
24,2011-12-02,13,20040.130859375,False,False
24,2011-12-02,4,21969.52734375,False,False
24,2011-12-02,91,50091.3203125,False,False
24,2011-12-02,74,34024.95703125,False,False
24,2011-12-02,34,16327.4814453125,False,False
24,2011-12-02,82,18469.015625,False,False
24,2011-12-02,26,11326.7509765625,False,False
24,2011-12-02,81,3330.047607421875,False,False
24,2011-12-02,67,6877.001953125,False,False
24,2011-12-02,28,834.179931640625,False,False
24,2011-12-02,49,12950.181640625,False,False
24,2011-12-02,30,4681.7685546875,False,False
24,2011-12-02,96,11463.0888671875,False,False
24,2011-12-02,8,35011.4609375,False,False
24,2011-12-02,14,22940.080078125,False,False
24,2011-12-02,85,3606.263916015625,False,False
24,2011-12-02,54,163.85536193847656,False,False
24,2011-12-02,74,18242.1171875,False,False
24,2011-12-02,50,1977.1629638671875,False,False
24,2011-12-02,33,8559.44921875,False,False
24,2011-12-09,29,16856.611328125,False,False
24,2011-12-09,23,60775.95703125,False,False
24,2011-12-09,6,11000.310546875,False,False
24,2011-12-09,49,19767.349609375,False,False
24,2011-12-09,32,12991.328125,False,False
24,2011-12-09,2,60857.15234375,False,False
24,2011-12-09,92,75283.4609375,False,False
24,2011-12-09,85,4805.1259765625,False,False
24,2011-12-09,38,34893.00390625,False,False
24,2011-12-09,47,5.860602378845215,False,False
24,2011-12-09,87,19627.65234375,False,False
24,2011-12-09,74,14973.8818359375,False,False
24,2011-12-09,98,2089.061767578125,False,False
24,2011-12-09,24,16732.73046875,False,False
24,2011-12-09,6,15679.4287109375,False,False
24,2011-12-09,59,2470.318115234375,False,False
24,2011-12-09,22,18502.41796875,False,False
24,2011-12-09,10,13984.4404296875,False,False
24,2011-12-09,91,56486.015625,False,False
24,2011-12-09,56,1926.32275390625,False,False
24,2011-12-09,33,7611.19482421875,False,False
24,2011-12-09,26,7124.06591796875,False,False
24,2011-12-09,85,9354.0966796875,False,False
24,2011-12-09,34,20054.259765625,False,False
24,2011-12-09,46,31281.677734375,False,False
24,2011-12-09,42,5855.6025390625,False,False
24,2011-12-09,54,4.118518352508545,False,False
24,2011-12-09,7,94835.53125,False,False
24,2011-12-09,20,4276.02294921875,False,False
24,2011-12-09,25,34008.19921875,False,False
24,2011-12-09,40,56726.859375,False,False
24,2011-12-09,90,34519.0859375,False,False
24,2011-12-09,31,5126.4921875,False,False
24,2011-12-09,31,9377.71875,False,False
24,2011-12-09,22,18223.98046875,False,False
24,2011-12-09,31,7831.6552734375,False,False
24,2011-12-09,29,11028.970703125,False,False
24,2011-12-09,9,25856.009765625,False,False
24,2011-12-09,49,18297.294921875,False,False
24,2011-12-09,13,35510.98828125,False,False
24,2011-12-09,98,196.61622619628903,False,False
24,2011-12-09,97,6894.21484375,False,False
24,2011-12-09,11,23066.08984375,False,False
24,2011-12-09,29,7292.02783203125,False,False
24,2011-12-09,80,50.45927047729492,False,False
24,2011-12-09,27,3089.666748046875,False,False
24,2011-12-09,98,905.2827758789062,False,False
24,2011-12-09,96,130.43490600585938,False,False
24,2011-12-09,18,75738.1328125,False,False
24,2011-12-09,12,2728.415283203125,False,False
24,2011-12-09,56,4069.060546875,False,False
24,2011-12-09,67,10363.9580078125,False,False
24,2011-12-09,59,2845.04931640625,False,False
24,2011-12-09,96,2.204452514648437,False,False
24,2011-12-09,31,5622.83544921875,False,False
24,2011-12-16,97,7171.3095703125,False,False
24,2011-12-16,22,51234.0078125,False,False
24,2011-12-16,97,2891.84716796875,False,False
24,2011-12-16,14,15029.4609375,False,False
24,2011-12-16,28,1549.39892578125,False,False
24,2011-12-16,28,1185.46923828125,False,False
24,2011-12-16,51,27.379810333251957,False,False
24,2011-12-16,30,5137.63818359375,False,False
24,2011-12-16,87,12962.4521484375,False,False
24,2011-12-16,85,5725.60302734375,False,False
24,2011-12-16,8,51671.3515625,False,False
24,2011-12-16,85,3615.2236328125,False,False
24,2011-12-16,28,1555.4547119140625,False,False
24,2011-12-16,82,30616.05859375,False,False
24,2011-12-16,72,94186.609375,False,False
24,2011-12-16,32,22375.51953125,False,False
24,2011-12-16,81,14024.07421875,False,False
24,2011-12-16,38,43027.671875,False,False
24,2011-12-16,40,68395.09375,False,False
24,2011-12-16,32,13595.6015625,False,False
24,2011-12-16,1,37011.7890625,False,False
24,2011-12-16,60,691.70849609375,False,False
24,2011-12-16,23,196.76995849609372,False,False
24,2011-12-16,8,46392.1796875,False,False
24,2011-12-16,36,5551.9404296875,False,False
24,2011-12-16,50,2376.003662109375,False,False
24,2011-12-16,87,37040.37109375,False,False
24,2011-12-16,56,4254.748046875,False,False
24,2011-12-16,40,68608.3984375,False,False
24,2011-12-16,67,17872.107421875,False,False
24,2011-12-16,49,16.12970542907715,False,False
24,2011-12-16,59,2020.88525390625,False,False
24,2011-12-16,28,884.5667724609375,False,False
24,2011-12-16,44,11156.66796875,False,False
24,2011-12-16,14,41734.3671875,False,False
24,2011-12-16,11,21109.66796875,False,False
24,2011-12-16,97,5046.2314453125,False,False
24,2011-12-16,94,1419.26708984375,False,False
24,2011-12-16,27,5198.38623046875,False,False
24,2011-12-16,1,24154.37109375,False,False
24,2011-12-16,74,13953.6298828125,False,False
24,2011-12-16,27,3781.84716796875,False,False
24,2011-12-16,56,1357.6527099609375,False,False
24,2011-12-16,44,8229.953125,False,False
24,2011-12-16,93,33.24690246582031,False,False
24,2011-12-16,13,34098.31640625,False,False
24,2011-12-16,18,56534.44921875,False,False
24,2011-12-16,20,3089.6572265625,False,False
24,2011-12-16,6,14232.1103515625,False,False
24,2011-12-16,72,109258.609375,False,False
24,2011-12-16,5,63220.63671875,False,False
24,2011-12-16,71,13307.458984375,False,False
24,2011-12-16,52,2730.2080078125,False,False
24,2011-12-16,25,19066.841796875,False,False
24,2011-12-16,8,42731.55859375,False,False
24,2011-12-16,35,6647.8291015625,False,False
24,2011-12-16,13,39338.85546875,False,False
24,2011-12-16,13,21680.134765625,False,False
24,2011-12-16,30,4756.70654296875,False,False
24,2011-12-16,72,81798.671875,False,False
24,2011-12-16,4,27344.490234375,False,False
24,2011-12-16,11,23225.623046875,False,False
24,2011-12-16,58,2551.786376953125,False,False
24,2011-12-16,40,64637.7109375,False,False
24,2011-12-16,93,661.9129028320312,False,False
24,2011-12-16,6,7522.07568359375,False,False
24,2011-12-16,26,14597.041015625,False,False
24,2011-12-16,5,55020.23046875,False,False
24,2011-12-16,93,3207.377685546875,False,False
24,2011-12-16,18,24734.171875,False,False
24,2011-12-16,30,3877.466064453125,False,False
24,2011-12-16,10,24886.6640625,False,False
24,2011-12-16,34,13599.7314453125,False,False
24,2011-12-16,80,24681.8671875,False,False
24,2011-12-16,17,20394.384765625,False,False
24,2011-12-16,31,6310.8896484375,False,False
24,2011-12-16,97,10581.296875,False,False
24,2011-12-16,56,1939.2484130859373,False,False
24,2011-12-16,31,5166.95166015625,False,False
24,2011-12-16,72,101080.1875,False,False
24,2011-12-16,14,42050.4765625,False,False
24,2011-12-23,18,59944.0703125,False,False
24,2011-12-23,60,241.5721740722656,False,False
24,2011-12-23,92,48287.25390625,False,False
24,2011-12-23,55,31995.5859375,False,False
24,2011-12-23,32,19450.544921875,False,False
24,2011-12-23,93,32647.130859375,False,False
24,2011-12-23,38,47209.296875,False,False
24,2011-12-23,34,22440.826171875,False,False
24,2011-12-23,60,507.3189697265625,False,False
24,2011-12-23,90,20860.93359375,False,False
24,2011-12-23,5,63923.5390625,False,False
24,2011-12-23,98,451.7887878417969,False,False
24,2011-12-23,44,12256.140625,False,False
24,2011-12-23,81,18779.419921875,False,False
24,2011-12-23,19,3024.39013671875,False,False
24,2011-12-23,24,13712.6201171875,False,False
24,2011-12-23,17,32981.0234375,False,False
24,2011-12-23,1,98768.421875,False,False
24,2011-12-23,4,29061.74609375,False,False
24,2011-12-23,34,21241.55078125,False,False
24,2011-12-23,56,1142.0726318359375,False,False
24,2011-12-23,87,18092.5625,False,False
24,2011-12-23,37,2617.02783203125,False,False
24,2011-12-23,17,30942.61328125,False,False
24,2011-12-23,52,4439.67626953125,False,False
24,2011-12-23,94,21.8275146484375,False,False
24,2011-12-23,19,4367.380859375,False,False
24,2011-12-23,22,23877.470703125,False,False
24,2011-12-23,44,17314.564453125,False,False
24,2011-12-23,93,1350.915283203125,False,False
24,2011-12-23,33,22727.2265625,False,False
24,2011-12-23,13,21721.88671875,False,False
24,2011-12-23,3,32019.73046875,False,False
24,2011-12-23,46,58857.171875,False,False
24,2011-12-23,71,14837.4892578125,False,False
24,2011-12-23,34,25031.30078125,False,False
24,2011-12-23,37,3399.8876953125,False,False
24,2011-12-23,2,77570.796875,False,False
24,2011-12-23,85,13767.1416015625,False,False
24,2011-12-23,79,25517.345703125,False,False
24,2011-12-23,24,14180.84375,False,False
24,2011-12-23,60,248.9080810546875,False,False
24,2011-12-23,30,6089.94873046875,False,False
24,2011-12-23,38,73637.2890625,False,False
24,2011-12-23,55,37027.36328125,False,False
24,2011-12-23,95,55203.09375,False,False
24,2011-12-23,28,1362.351806640625,False,False
24,2011-12-23,4,211.0317230224609,False,False
24,2011-12-23,24,15688.578125,False,False
24,2011-12-23,95,58882.69140625,False,False
24,2011-12-23,30,3862.12841796875,False,False
24,2011-12-23,14,42077.5390625,False,False
24,2011-12-23,83,946.4458618164062,False,False
24,2011-12-23,72,76596.2734375,False,False
24,2011-12-23,74,28849.21875,False,False
24,2011-12-23,97,3970.7529296875,False,False
24,2011-12-23,83,845.1491088867188,False,False
24,2011-12-23,59,16469.015625,False,False
24,2011-12-23,29,14204.23828125,False,False
24,2011-12-23,13,31991.025390625,False,False
24,2011-12-23,6,20871.330078125,False,False
24,2011-12-23,18,30468.275390625,False,False
24,2011-12-23,42,7560.0,False,False
24,2011-12-23,1,50438.546875,False,False
24,2011-12-23,81,6151.8037109375,False,False
24,2011-12-23,97,20877.990234375,False,False
24,2011-12-23,32,44668.73046875,False,False
24,2011-12-23,2,116175.84375,False,False
24,2011-12-23,97,18448.232421875,False,False
24,2011-12-23,49,11389.154296875,False,False
24,2011-12-23,36,3522.43408203125,False,False
24,2011-12-23,32,23227.17578125,False,False
24,2011-12-23,25,19191.322265625,False,False
24,2011-12-23,6,8520.8330078125,False,False
24,2011-12-30,21,6755.48583984375,True,False
24,2011-12-30,6,6225.3994140625,True,False
24,2011-12-30,13,19720.39453125,True,False
24,2011-12-30,12,3044.23876953125,True,False
24,2011-12-30,13,31767.662109375,True,False
24,2011-12-30,29,10220.072265625,True,False
24,2011-12-30,72,77372.84375,True,False
24,2011-12-30,41,8.73414421081543,True,False
24,2011-12-30,74,22949.416015625,True,False
24,2011-12-30,90,14466.369140625,True,False
24,2011-12-30,72,79152.515625,True,False
24,2011-12-30,24,5120.22607421875,True,False
24,2011-12-30,95,53610.54296875,True,False
24,2011-12-30,9,29635.109375,True,False
24,2011-12-30,41,767.4308471679688,True,False
24,2011-12-30,54,45.8055419921875,True,False
24,2011-12-30,85,1634.3323974609375,True,False
24,2011-12-30,7,52006.33203125,True,False
24,2011-12-30,33,11292.5419921875,True,False
24,2011-12-30,28,1187.580322265625,True,False
24,2011-12-30,98,148.5639190673828,True,False
24,2011-12-30,95,57437.70703125,True,False
24,2011-12-30,37,1513.1268310546875,True,False
24,2011-12-30,85,8134.4873046875,True,False
24,2011-12-30,2,57747.76171875,True,False
24,2011-12-30,58,1728.785888671875,True,False
24,2011-12-30,20,5406.9560546875,True,False
24,2011-12-30,79,16775.470703125,True,False
24,2011-12-30,7,55337.3203125,True,False
24,2011-12-30,40,57986.28515625,True,False
24,2011-12-30,16,6867.5634765625,True,False
24,2011-12-30,81,4703.3486328125,True,False
24,2011-12-30,79,17852.130859375,True,False
24,2011-12-30,41,1837.2127685546875,True,False
24,2011-12-30,40,63917.828125,True,False
24,2011-12-30,30,4615.1591796875,True,False
24,2011-12-30,35,3422.717529296875,True,False
24,2011-12-30,59,3654.83251953125,True,False
24,2011-12-30,32,4944.3173828125,True,False
24,2011-12-30,50,3426.53369140625,True,False
24,2011-12-30,90,17708.7890625,True,False
24,2011-12-30,54,157.16798400878906,True,False
24,2011-12-30,41,616.7755126953125,True,False
24,2011-12-30,98,555.9346313476562,True,False
24,2011-12-30,36,1718.934326171875,True,False
24,2011-12-30,9,28251.0703125,True,False
24,2011-12-30,34,8944.484375,True,False
24,2011-12-30,55,18865.8359375,True,False
24,2011-12-30,28,537.2037353515625,True,False
24,2011-12-30,59,2745.031494140625,True,False
24,2011-12-30,71,4413.0048828125,True,False
24,2011-12-30,25,26250.09765625,True,False
24,2011-12-30,81,6141.04833984375,True,False
24,2011-12-30,16,2584.802978515625,True,False
24,2011-12-30,59,2690.325439453125,True,False
24,2011-12-30,59,4181.44921875,True,False
24,2011-12-30,31,3294.720458984375,True,False
24,2011-12-30,55,21076.357421875,True,False
24,2011-12-30,30,3807.2255859375,True,False
24,2011-12-30,29,6709.49560546875,True,False
24,2011-12-30,85,3010.0869140625,True,False
24,2011-12-30,5,61588.19140625,True,False
24,2011-12-30,90,14921.29296875,True,False
24,2011-12-30,59,3440.90625,True,False
24,2011-12-30,45,61.07424545288086,True,False
24,2011-12-30,83,228.8462677001953,True,False
24,2011-12-30,93,2482.2236328125,True,False
24,2011-12-30,4,38774.98046875,True,False
24,2011-12-30,10,21230.482421875,True,False
24,2011-12-30,35,3102.39208984375,True,False
24,2011-12-30,35,2841.33203125,True,False
24,2011-12-30,8,24864.693359375,True,False
24,2011-12-30,85,5235.47900390625,True,False
24,2011-12-30,12,3474.395751953125,True,False
24,2011-12-30,95,29711.107421875,True,False
24,2011-12-30,44,3931.890625,True,False
24,2011-12-30,49,18145.86328125,True,False
24,2011-12-30,25,10651.2568359375,True,False
24,2011-12-30,31,3610.916015625,True,False
25,2011-12-02,1,17456.919921875,False,False
25,2011-12-02,34,16709.88671875,False,False
25,2011-12-02,82,16204.0029296875,False,False
25,2011-12-02,5,32230.83984375,False,False
25,2011-12-02,97,2348.80859375,False,False
25,2011-12-02,1,18900.44921875,False,False
25,2011-12-02,7,39039.4765625,False,False
25,2011-12-02,58,745.6629028320312,False,False
25,2011-12-02,27,2217.26513671875,False,False
25,2011-12-02,32,9923.6513671875,False,False
25,2011-12-02,25,9503.431640625,False,False
25,2011-12-02,42,2856.195068359375,False,False
25,2011-12-02,23,19736.345703125,False,False
25,2011-12-02,13,18588.529296875,False,False
25,2011-12-02,71,11218.7177734375,False,False
25,2011-12-02,46,16607.021484375,False,False
25,2011-12-02,2,36023.71484375,False,False
25,2011-12-02,8,22644.14453125,False,False
25,2011-12-02,93,1038.8704833984375,False,False
25,2011-12-02,25,6824.03173828125,False,False
25,2011-12-02,44,6258.3037109375,False,False
25,2011-12-02,12,3599.8798828125,False,False
25,2011-12-02,46,22404.94921875,False,False
25,2011-12-02,81,9705.5048828125,False,False
25,2011-12-02,95,35132.34765625,False,False
25,2011-12-02,18,21974.763671875,False,False
25,2011-12-02,74,8779.15625,False,False
25,2011-12-02,83,1330.0081787109375,False,False
25,2011-12-02,4,17279.4375,False,False
25,2011-12-02,33,6197.7548828125,False,False
25,2011-12-02,59,2191.89599609375,False,False
25,2011-12-02,3,10995.66015625,False,False
25,2011-12-02,52,2992.734375,False,False
25,2011-12-02,71,3735.745849609375,False,False
25,2011-12-02,4,11856.9072265625,False,False
25,2011-12-02,28,852.87890625,False,False
25,2011-12-02,93,792.4910888671875,False,False
25,2011-12-02,67,4724.99609375,False,False
25,2011-12-02,26,6320.08349609375,False,False
25,2011-12-02,34,13865.330078125,False,False
25,2011-12-02,2,33963.546875,False,False
25,2011-12-02,8,27494.498046875,False,False
25,2011-12-02,8,21134.015625,False,False
25,2011-12-02,33,4879.44873046875,False,False
25,2011-12-02,71,10099.064453125,False,False
25,2011-12-02,13,26415.23046875,False,False
25,2011-12-02,85,5525.9267578125,False,False
25,2011-12-02,14,20503.69921875,False,False
25,2011-12-02,87,19278.578125,False,False
25,2011-12-02,71,6924.193359375,False,False
25,2011-12-02,33,7599.8603515625,False,False
25,2011-12-02,91,19644.6328125,False,False
25,2011-12-02,98,105.42902374267578,False,False
25,2011-12-09,11,14247.5,False,False
25,2011-12-09,34,17223.142578125,False,False
25,2011-12-09,26,21056.01171875,False,False
25,2011-12-09,27,3992.337158203125,False,False
25,2011-12-09,54,25.41297721862793,False,False
25,2011-12-09,8,21652.84375,False,False
25,2011-12-09,26,11146.369140625,False,False
25,2011-12-09,97,7297.537109375,False,False
25,2011-12-09,22,8450.2265625,False,False
25,2011-12-09,72,50001.82421875,False,False
25,2011-12-09,41,6217.015625,False,False
25,2011-12-09,49,41.27960586547852,False,False
25,2011-12-09,42,4266.88427734375,False,False
25,2011-12-09,21,5389.96533203125,False,False
25,2011-12-09,48,1328.976806640625,False,False
25,2011-12-09,20,5117.33203125,False,False
25,2011-12-09,1,27233.287109375,False,False
25,2011-12-09,49,4750.93359375,False,False
25,2011-12-09,13,31825.361328125,False,False
25,2011-12-09,14,19054.83203125,False,False
25,2011-12-09,79,11308.9912109375,False,False
25,2011-12-09,41,997.64599609375,False,False
25,2011-12-09,56,1004.95751953125,False,False
25,2011-12-09,10,14473.5029296875,False,False
25,2011-12-09,25,18066.869140625,False,False
25,2011-12-09,2,46192.2890625,False,False
25,2011-12-09,29,4536.81103515625,False,False
25,2011-12-09,36,2330.325927734375,False,False
25,2011-12-09,49,34.7175407409668,False,False
25,2011-12-09,25,11247.208984375,False,False
25,2011-12-09,34,13627.7587890625,False,False
25,2011-12-09,11,20760.173828125,False,False
25,2011-12-09,97,3830.907470703125,False,False
25,2011-12-09,93,1641.133544921875,False,False
25,2011-12-09,40,57256.9765625,False,False
25,2011-12-09,81,7411.65771484375,False,False
25,2011-12-09,44,6004.5341796875,False,False
25,2011-12-09,80,152.17970275878906,False,False
25,2011-12-09,92,37556.0703125,False,False
25,2011-12-09,22,19939.443359375,False,False
25,2011-12-09,67,10594.462890625,False,False
25,2011-12-09,82,21253.99609375,False,False
25,2011-12-09,81,9902.3818359375,False,False
25,2011-12-09,77,250.5249786376953,False,False
25,2011-12-09,13,13871.5732421875,False,False
25,2011-12-09,6,3078.4951171875,False,False
25,2011-12-09,30,2990.0673828125,False,False
25,2011-12-09,33,9783.2392578125,False,False
25,2011-12-09,74,11395.32421875,False,False
25,2011-12-09,25,7091.408203125,False,False
25,2011-12-09,94,163.3899383544922,False,False
25,2011-12-09,95,40566.7890625,False,False
25,2011-12-09,7,46183.0546875,False,False
25,2011-12-09,97,2550.06201171875,False,False
25,2011-12-09,17,20306.87890625,False,False
25,2011-12-09,8,33326.28515625,False,False
25,2011-12-09,59,2283.08544921875,False,False
25,2011-12-09,20,6269.34033203125,False,False
25,2011-12-09,14,17862.27734375,False,False
25,2011-12-09,97,4565.35986328125,False,False
25,2011-12-09,12,6446.009765625,False,False
25,2011-12-09,28,816.4864501953125,False,False
25,2011-12-09,60,1145.1806640625,False,False
25,2011-12-09,81,6216.85546875,False,False
25,2011-12-09,19,6010.1611328125,False,False
25,2011-12-09,38,90236.34375,False,False
25,2011-12-16,17,5882.26220703125,False,False
25,2011-12-16,37,2590.900146484375,False,False
25,2011-12-16,23,61854.96484375,False,False
25,2011-12-16,40,52122.2265625,False,False
25,2011-12-16,55,18290.859375,False,False
25,2011-12-16,36,176.2289581298828,False,False
25,2011-12-16,85,4109.4580078125,False,False
25,2011-12-16,67,16848.630859375,False,False
25,2011-12-16,41,2418.294677734375,False,False
25,2011-12-16,29,4968.4072265625,False,False
25,2011-12-16,45,17.91278839111328,False,False
25,2011-12-16,29,6192.78515625,False,False
25,2011-12-16,97,3608.0166015625,False,False
25,2011-12-16,33,19773.115234375,False,False
25,2011-12-16,42,8814.4765625,False,False
25,2011-12-16,28,1197.937744140625,False,False
25,2011-12-16,13,23467.462890625,False,False
25,2011-12-16,97,6824.06689453125,False,False
25,2011-12-16,93,600.1865844726562,False,False
25,2011-12-16,83,2016.282958984375,False,False
25,2011-12-16,28,958.3197021484376,False,False
25,2011-12-16,24,15112.2177734375,False,False
25,2011-12-16,27,4704.14990234375,False,False
25,2011-12-16,95,46107.9375,False,False
25,2011-12-16,41,2434.72705078125,False,False
25,2011-12-16,91,1745.1134033203125,False,False
25,2011-12-16,36,1409.4912109375,False,False
25,2011-12-16,22,7839.5986328125,False,False
25,2011-12-16,12,2335.821044921875,False,False
25,2011-12-16,79,43000.1015625,False,False
25,2011-12-16,4,28186.32421875,False,False
25,2011-12-16,81,3405.44580078125,False,False
25,2011-12-16,95,24302.439453125,False,False
25,2011-12-16,81,9473.048828125,False,False
25,2011-12-16,82,20071.0625,False,False
25,2011-12-16,81,8592.5078125,False,False
25,2011-12-16,42,3409.84619140625,False,False
25,2011-12-16,9,14507.8828125,False,False
25,2011-12-16,20,5459.00537109375,False,False
25,2011-12-16,16,393.2956237792969,False,False
25,2011-12-16,82,22586.748046875,False,False
25,2011-12-16,11,12132.08984375,False,False
25,2011-12-16,18,36047.109375,False,False
25,2011-12-16,23,34869.37890625,False,False
25,2011-12-16,23,75796.53125,False,False
25,2011-12-16,36,1584.4744873046875,False,False
25,2011-12-16,55,24772.46875,False,False
25,2011-12-16,6,9192.6279296875,False,False
25,2011-12-16,23,37521.6015625,False,False
25,2011-12-16,1,23447.791015625,False,False
25,2011-12-16,14,14223.6884765625,False,False
25,2011-12-16,21,8828.9208984375,False,False
25,2011-12-16,28,1738.2701416015625,False,False
25,2011-12-16,60,817.1929931640625,False,False
25,2011-12-16,34,9986.669921875,False,False
25,2011-12-16,81,3763.9970703125,False,False
25,2011-12-16,6,5724.8779296875,False,False
25,2011-12-16,40,46105.6796875,False,False
25,2011-12-16,5,8688.54296875,False,False
25,2011-12-16,38,48069.49609375,False,False
25,2011-12-16,31,4036.8740234375,False,False
25,2011-12-16,44,10101.9384765625,False,False
25,2011-12-16,41,3815.750244140625,False,False
25,2011-12-16,55,21771.22265625,False,False
25,2011-12-16,28,1033.657958984375,False,False
25,2011-12-16,49,5334.21142578125,False,False
25,2011-12-23,20,5374.6904296875,False,False
25,2011-12-23,17,25738.037109375,False,False
25,2011-12-23,46,29445.408203125,False,False
25,2011-12-23,46,22673.576171875,False,False
25,2011-12-23,95,40068.58203125,False,False
25,2011-12-23,12,2174.388916015625,False,False
25,2011-12-23,31,7278.029296875,False,False
25,2011-12-23,18,35491.63671875,False,False
25,2011-12-23,52,4415.4853515625,False,False
25,2011-12-23,31,8249.97265625,False,False
25,2011-12-23,54,53.13266754150391,False,False
25,2011-12-23,6,15092.001953125,False,False
25,2011-12-23,23,64135.734375,False,False
25,2011-12-23,95,80236.984375,False,False
25,2011-12-23,74,16466.048828125,False,False
25,2011-12-23,92,19762.90625,False,False
25,2011-12-23,9,23282.0625,False,False
25,2011-12-23,59,4133.2744140625,False,False
25,2011-12-23,67,34769.375,False,False
25,2011-12-23,82,44806.7890625,False,False
25,2011-12-23,79,25951.7734375,False,False
25,2011-12-23,32,21998.970703125,False,False
25,2011-12-23,21,5815.60791015625,False,False
25,2011-12-23,33,9312.54296875,False,False
25,2011-12-23,31,11162.7900390625,False,False
25,2011-12-23,27,4298.37939453125,False,False
25,2011-12-23,82,66410.234375,False,False
25,2011-12-23,25,12327.9794921875,False,False
25,2011-12-23,12,1199.1417236328125,False,False
25,2011-12-23,42,5358.173828125,False,False
25,2011-12-23,72,158172.453125,False,False
25,2011-12-23,30,2677.959716796875,False,False
25,2011-12-23,8,28534.607421875,False,False
25,2011-12-23,30,2059.739990234375,False,False
25,2011-12-23,94,180.67433166503903,False,False
25,2011-12-23,94,39.31532287597656,False,False
25,2011-12-23,42,6592.1396484375,False,False
25,2011-12-23,72,49466.69140625,False,False
25,2011-12-23,44,10702.119140625,False,False
25,2011-12-23,8,36802.609375,False,False
25,2011-12-23,72,56218.97265625,False,False
25,2011-12-23,80,34.70744705200195,False,False
25,2011-12-23,98,32.403785705566406,False,False
25,2011-12-23,31,7276.1513671875,False,False
25,2011-12-23,97,1527.6376953125,False,False
25,2011-12-23,2,65242.3828125,False,False
25,2011-12-23,33,12728.916015625,False,False
25,2011-12-23,79,16453.17578125,False,False
25,2011-12-23,5,29519.556640625,False,False
25,2011-12-23,28,1480.680419921875,False,False
25,2011-12-23,20,5330.03369140625,False,False
25,2011-12-23,71,6131.8916015625,False,False
25,2011-12-23,77,207.7001800537109,False,False
25,2011-12-23,96,1199.385498046875,False,False
25,2011-12-23,41,3350.267822265625,False,False
25,2011-12-23,85,7827.79443359375,False,False
25,2011-12-23,9,80294.046875,False,False
25,2011-12-23,46,47934.70703125,False,False
25,2011-12-23,33,10102.998046875,False,False
25,2011-12-23,91,9290.572265625,False,False
25,2011-12-23,9,12909.2490234375,False,False
25,2011-12-23,85,6842.671875,False,False
25,2011-12-23,80,798.3850708007812,False,False
25,2011-12-23,30,1099.3203125,False,False
25,2011-12-23,42,2549.9111328125,False,False
25,2011-12-23,41,5595.02099609375,False,False
25,2011-12-23,56,1061.9884033203125,False,False
25,2011-12-23,96,3548.27880859375,False,False
25,2011-12-23,20,3910.309326171875,False,False
25,2011-12-23,96,2997.419921875,False,False
25,2011-12-23,55,28203.833984375,False,False
25,2011-12-23,97,1927.635986328125,False,False
25,2011-12-23,46,23226.74609375,False,False
25,2011-12-23,56,642.3662719726562,False,False
25,2011-12-23,82,37762.34765625,False,False
25,2011-12-23,52,1871.3095703125,False,False
25,2011-12-23,82,35809.18359375,False,False
25,2011-12-23,93,684.8469848632812,False,False
25,2011-12-23,25,7504.82373046875,False,False
25,2011-12-23,38,59214.953125,False,False
25,2011-12-23,29,9008.029296875,False,False
25,2011-12-23,85,10026.462890625,False,False
25,2011-12-23,56,370.2306823730469,False,False
25,2011-12-23,5,43626.90625,False,False
25,2011-12-23,8,44023.07421875,False,False
25,2011-12-23,14,27347.205078125,False,False
25,2011-12-23,87,9836.8701171875,False,False
25,2011-12-23,55,27003.841796875,False,False
25,2011-12-23,13,45851.0625,False,False
25,2011-12-30,33,5099.84326171875,True,False
25,2011-12-30,12,3075.322998046875,True,False
25,2011-12-30,10,13438.1650390625,True,False
25,2011-12-30,98,104.6792449951172,True,False
25,2011-12-30,12,1554.42529296875,True,False
25,2011-12-30,96,13.693737030029297,True,False
25,2011-12-30,58,498.08538818359375,True,False
25,2011-12-30,3,12705.5048828125,True,False
25,2011-12-30,95,38236.33203125,True,False
25,2011-12-30,52,3060.593994140625,True,False
25,2011-12-30,3,8948.1396484375,True,False
25,2011-12-30,9,12489.384765625,True,False
25,2011-12-30,93,3500.1396484375,True,False
25,2011-12-30,98,261.744140625,True,False
25,2011-12-30,72,71480.8515625,True,False
25,2011-12-30,16,2013.5367431640625,True,False
25,2011-12-30,95,35514.12109375,True,False
25,2011-12-30,79,13420.7197265625,True,False
25,2011-12-30,24,4875.1552734375,True,False
25,2011-12-30,80,62.98509979248047,True,False
25,2011-12-30,74,22240.337890625,True,False
25,2011-12-30,25,8975.8017578125,True,False
25,2011-12-30,23,52922.390625,True,False
25,2011-12-30,52,1459.0338134765625,True,False
25,2011-12-30,40,43271.5859375,True,False
25,2011-12-30,25,9126.8203125,True,False
25,2011-12-30,81,4564.052734375,True,False
25,2011-12-30,79,17450.064453125,True,False
25,2011-12-30,74,14453.1103515625,True,False
25,2011-12-30,23,24453.07421875,True,False
25,2011-12-30,93,2103.02978515625,True,False
25,2011-12-30,17,15652.357421875,True,False
25,2011-12-30,22,15811.47265625,True,False
25,2011-12-30,10,11353.13671875,True,False
25,2011-12-30,97,13461.05859375,True,False
25,2011-12-30,81,3098.412841796875,True,False
25,2011-12-30,11,7165.1875,True,False
25,2011-12-30,18,15383.958984375,True,False
25,2011-12-30,32,13789.638671875,True,False
25,2011-12-30,7,37085.76953125,True,False
25,2011-12-30,23,14798.6474609375,True,False
25,2011-12-30,17,6013.41064453125,True,False
25,2011-12-30,20,5314.59423828125,True,False
25,2011-12-30,12,2290.607177734375,True,False
25,2011-12-30,59,5125.71484375,True,False
25,2011-12-30,4,18923.4609375,True,False
25,2011-12-30,71,8959.017578125,True,False
25,2011-12-30,6,3519.180908203125,True,False
25,2011-12-30,97,2717.08740234375,True,False
25,2011-12-30,36,3022.523681640625,True,False
25,2011-12-30,16,266.3328552246094,True,False
25,2011-12-30,44,2273.9833984375,True,False
25,2011-12-30,82,18087.3125,True,False
25,2011-12-30,74,9785.734375,True,False
25,2011-12-30,55,27764.298828125,True,False
25,2011-12-30,41,3512.221435546875,True,False
25,2011-12-30,18,14417.0849609375,True,False
25,2011-12-30,29,4039.302001953125,True,False
25,2011-12-30,97,1501.47900390625,True,False
25,2011-12-30,44,2588.696533203125,True,False
25,2011-12-30,98,152.7396697998047,True,False
25,2011-12-30,10,21720.513671875,True,False
25,2011-12-30,13,26056.390625,True,False
25,2011-12-30,59,1569.400634765625,True,False
25,2011-12-30,6,11640.919921875,True,False
25,2011-12-30,3,8797.353515625,True,False
25,2011-12-30,95,46146.4375,True,False
25,2011-12-30,72,66058.375,True,False
25,2011-12-30,34,13424.16015625,True,False
25,2011-12-30,29,7472.17041015625,True,False
26,2011-12-02,48,29.88993453979492,False,False
26,2011-12-02,29,11072.6533203125,False,False
26,2011-12-02,54,220.0084381103516,False,False
26,2011-12-02,3,21454.697265625,False,False
26,2011-12-02,49,5364.2421875,False,False
26,2011-12-02,2,95443.734375,False,False
26,2011-12-02,54,65.42469787597656,False,False
26,2011-12-02,18,40685.48828125,False,False
26,2011-12-02,85,4947.68017578125,False,False
26,2011-12-02,4,51300.82421875,False,False
26,2011-12-02,91,69669.8359375,False,False
26,2011-12-02,81,18295.08984375,False,False
26,2011-12-02,14,32844.3671875,False,False
26,2011-12-02,93,39133.25,False,False
26,2011-12-02,83,8695.66796875,False,False
26,2011-12-02,45,21.46341896057129,False,False
26,2011-12-02,92,138912.328125,False,False
26,2011-12-02,40,48761.54296875,False,False
26,2011-12-02,4,64543.45703125,False,False
26,2011-12-02,83,3539.91748046875,False,False
26,2011-12-02,60,574.0824584960938,False,False
26,2011-12-02,22,19459.716796875,False,False
26,2011-12-02,44,11749.3369140625,False,False
26,2011-12-02,30,3545.870849609375,False,False
26,2011-12-02,4,24028.56640625,False,False
26,2011-12-02,97,36710.9296875,False,False
26,2011-12-02,17,32499.587890625,False,False
26,2011-12-02,79,54792.85546875,False,False
26,2011-12-02,58,6585.4697265625,False,False
26,2011-12-02,97,33058.13671875,False,False
26,2011-12-02,18,104317.5859375,False,False
26,2011-12-02,83,4024.2255859375,False,False
26,2011-12-02,49,6263.1513671875,False,False
26,2011-12-02,81,17475.869140625,False,False
26,2011-12-02,58,13187.26953125,False,False
26,2011-12-02,35,3177.63330078125,False,False
26,2011-12-02,27,3428.4423828125,False,False
26,2011-12-02,55,28905.275390625,False,False
26,2011-12-02,49,9800.357421875,False,False
26,2011-12-02,33,15274.1630859375,False,False
26,2011-12-02,96,16600.07421875,False,False
26,2011-12-02,52,4355.2734375,False,False
26,2011-12-02,59,3733.861572265625,False,False
26,2011-12-02,23,53313.1796875,False,False
26,2011-12-02,2,84346.7421875,False,False
26,2011-12-02,23,63149.21875,False,False
26,2011-12-02,55,23660.39453125,False,False
26,2011-12-02,18,80385.4140625,False,False
26,2011-12-02,22,15780.09375,False,False
26,2011-12-02,4,50249.80078125,False,False
26,2011-12-02,38,66115.8515625,False,False
26,2011-12-02,12,7722.67041015625,False,False
26,2011-12-02,8,45066.64453125,False,False
26,2011-12-02,35,2841.5322265625,False,False
26,2011-12-02,48,3401.917724609375,False,False
26,2011-12-02,83,7339.3408203125,False,False
26,2011-12-02,74,16999.072265625,False,False
26,2011-12-02,5,62668.328125,False,False
26,2011-12-02,42,5103.02587890625,False,False
26,2011-12-02,3,17776.3671875,False,False
26,2011-12-02,18,122848.3515625,False,False
26,2011-12-02,27,5584.7294921875,False,False
26,2011-12-02,72,54512.51171875,False,False
26,2011-12-02,44,3742.35205078125,False,False
26,2011-12-02,41,5132.62841796875,False,False
26,2011-12-02,44,12898.8828125,False,False
26,2011-12-02,58,2007.6787109375,False,False
26,2011-12-02,79,19079.857421875,False,False
26,2011-12-02,44,11714.0771484375,False,False
26,2011-12-02,11,42384.1015625,False,False
26,2011-12-02,56,4377.26318359375,False,False
26,2011-12-02,4,36242.33203125,False,False
26,2011-12-02,1,36742.984375,False,False
26,2011-12-09,12,3757.4375,False,False
26,2011-12-09,6,8501.017578125,False,False
26,2011-12-09,35,4051.470458984375,False,False
26,2011-12-09,34,23376.646484375,False,False
26,2011-12-09,33,13460.0439453125,False,False
26,2011-12-09,20,8757.2080078125,False,False
26,2011-12-09,13,78164.9296875,False,False
26,2011-12-09,2,87329.6640625,False,False
26,2011-12-09,87,25128.224609375,False,False
26,2011-12-09,10,40790.09375,False,False
26,2011-12-09,46,29234.65234375,False,False
26,2011-12-09,27,4044.05908203125,False,False
26,2011-12-09,56,2308.324951171875,False,False
26,2011-12-09,71,12764.9140625,False,False
26,2011-12-09,52,13451.0869140625,False,False
26,2011-12-09,79,40694.17578125,False,False
26,2011-12-09,79,31950.66796875,False,False
26,2011-12-09,82,56019.2265625,False,False
26,2011-12-09,9,31146.40234375,False,False
26,2011-12-09,21,9778.7412109375,False,False
26,2011-12-09,80,17873.888671875,False,False
26,2011-12-09,19,257.4968566894531,False,False
26,2011-12-09,38,82781.1484375,False,False
26,2011-12-09,25,15172.7109375,False,False
26,2011-12-09,1,46002.10546875,False,False
26,2011-12-09,9,13179.1259765625,False,False
26,2011-12-09,44,9793.2490234375,False,False
26,2011-12-09,67,18208.775390625,False,False
26,2011-12-09,6,11077.03515625,False,False
26,2011-12-09,27,6569.1416015625,False,False
26,2011-12-09,11,33801.12109375,False,False
26,2011-12-09,58,6426.47802734375,False,False
26,2011-12-09,20,9117.3203125,False,False
26,2011-12-09,58,106.5658187866211,False,False
26,2011-12-09,94,132239.578125,False,False
26,2011-12-09,26,17402.720703125,False,False
26,2011-12-09,90,73390.953125,False,False
26,2011-12-09,48,2036.2431640625,False,False
26,2011-12-09,83,313.5782165527344,False,False
26,2011-12-09,96,30360.263671875,False,False
26,2011-12-09,40,55971.27734375,False,False
26,2011-12-09,2,53928.6328125,False,False
26,2011-12-09,33,13335.62109375,False,False
26,2011-12-09,23,42969.48828125,False,False
26,2011-12-09,11,53708.4140625,False,False
26,2011-12-09,24,20830.04296875,False,False
26,2011-12-09,94,32661.689453125,False,False
26,2011-12-09,16,6201.1982421875,False,False
26,2011-12-09,30,4867.75927734375,False,False
26,2011-12-09,16,5739.36083984375,False,False
26,2011-12-09,85,3371.491943359375,False,False
26,2011-12-09,30,4081.433349609375,False,False
26,2011-12-09,48,196.1338653564453,False,False
26,2011-12-09,79,16558.62890625,False,False
26,2011-12-09,29,13259.1923828125,False,False
26,2011-12-09,34,27628.3984375,False,False
26,2011-12-09,23,58722.421875,False,False
26,2011-12-09,30,3630.514892578125,False,False
26,2011-12-09,96,47733.046875,False,False
26,2011-12-09,31,3380.822021484375,False,False
26,2011-12-09,44,13100.841796875,False,False
26,2011-12-09,44,10501.84765625,False,False
26,2011-12-16,71,15879.3828125,False,False
26,2011-12-16,74,28802.19921875,False,False
26,2011-12-16,40,61101.09375,False,False
26,2011-12-16,95,154415.765625,False,False
26,2011-12-16,30,7411.6142578125,False,False
26,2011-12-16,26,24510.697265625,False,False
26,2011-12-16,60,1018.093505859375,False,False
26,2011-12-16,22,27549.73046875,False,False
26,2011-12-16,7,238292.609375,False,False
26,2011-12-16,94,69290.375,False,False
26,2011-12-16,25,17949.943359375,False,False
26,2011-12-16,82,57058.57421875,False,False
26,2011-12-16,87,17229.220703125,False,False
26,2011-12-16,8,62189.94921875,False,False
26,2011-12-16,10,34836.08984375,False,False
26,2011-12-16,7,95373.921875,False,False
26,2011-12-16,90,151433.859375,False,False
26,2011-12-16,22,20362.869140625,False,False
26,2011-12-16,85,9556.025390625,False,False
26,2011-12-16,91,61127.41015625,False,False
26,2011-12-16,23,73390.40625,False,False
26,2011-12-16,87,12344.6845703125,False,False
26,2011-12-16,47,2.1182823181152344,False,False
26,2011-12-16,22,17047.115234375,False,False
26,2011-12-16,90,16319.27734375,False,False
26,2011-12-16,10,51648.5859375,False,False
26,2011-12-16,91,34493.265625,False,False
26,2011-12-16,67,32489.513671875,False,False
26,2011-12-16,44,9924.53125,False,False
26,2011-12-16,29,15934.0556640625,False,False
26,2011-12-16,2,113477.0703125,False,False
26,2011-12-16,32,19914.169921875,False,False
26,2011-12-16,14,52776.72265625,False,False
26,2011-12-16,82,106135.15625,False,False
26,2011-12-16,44,16594.591796875,False,False
26,2011-12-16,79,40117.92578125,False,False
26,2011-12-16,4,63743.640625,False,False
26,2011-12-16,13,38695.96875,False,False
26,2011-12-16,21,10854.4677734375,False,False
26,2011-12-16,8,63905.47265625,False,False
26,2011-12-16,91,65086.43359375,False,False
26,2011-12-16,74,22664.486328125,False,False
26,2011-12-16,79,38072.484375,False,False
26,2011-12-16,21,13854.2998046875,False,False
26,2011-12-16,29,10370.6943359375,False,False
26,2011-12-16,96,32655.515625,False,False
26,2011-12-16,93,79047.1484375,False,False
26,2011-12-16,13,30708.08203125,False,False
26,2011-12-16,2,68900.7734375,False,False
26,2011-12-16,5,110341.2578125,False,False
26,2011-12-16,37,5758.92724609375,False,False
26,2011-12-16,33,13107.802734375,False,False
26,2011-12-16,30,5121.73388671875,False,False
26,2011-12-16,79,44411.44921875,False,False
26,2011-12-16,38,156726.453125,False,False
26,2011-12-16,34,30153.298828125,False,False
26,2011-12-16,21,14669.1982421875,False,False
26,2011-12-16,20,12996.4384765625,False,False
26,2011-12-16,14,49445.87109375,False,False
26,2011-12-16,35,4821.65869140625,False,False
26,2011-12-16,22,35021.78125,False,False
26,2011-12-16,12,4300.0712890625,False,False
26,2011-12-16,1,54404.75,False,False
26,2011-12-16,27,5886.7666015625,False,False
26,2011-12-16,8,44618.76171875,False,False
26,2011-12-16,12,4498.87890625,False,False
26,2011-12-16,21,13396.2919921875,False,False
26,2011-12-16,97,26894.66796875,False,False
26,2011-12-16,5,138823.28125,False,False
26,2011-12-16,34,19899.078125,False,False
26,2011-12-16,95,76496.109375,False,False
26,2011-12-16,92,136597.703125,False,False
26,2011-12-16,97,19448.169921875,False,False
26,2011-12-16,4,54028.18359375,False,False
26,2011-12-16,60,410.3362731933594,False,False
26,2011-12-16,92,28931.205078125,False,False
26,2011-12-16,10,45692.546875,False,False
26,2011-12-16,50,5067.83251953125,False,False
26,2011-12-16,71,9352.4833984375,False,False
26,2011-12-16,90,121402.734375,False,False
26,2011-12-16,98,21740.943359375,False,False
26,2011-12-16,19,4797.1015625,False,False
26,2011-12-16,93,5178.31982421875,False,False
26,2011-12-16,60,1592.1590576171875,False,False
26,2011-12-16,92,160822.734375,False,False
26,2011-12-23,93,71553.8125,False,False
26,2011-12-23,55,50100.03515625,False,False
26,2011-12-23,90,147486.5,False,False
26,2011-12-23,4,81518.671875,False,False
26,2011-12-23,13,70099.484375,False,False
26,2011-12-23,24,15868.19140625,False,False
26,2011-12-23,10,36990.515625,False,False
26,2011-12-23,21,12978.2890625,False,False
26,2011-12-23,18,68212.296875,False,False
26,2011-12-23,34,34296.55078125,False,False
26,2011-12-23,72,187092.75,False,False
26,2011-12-23,91,56985.8046875,False,False
26,2011-12-23,93,73221.921875,False,False
26,2011-12-23,54,57.61271286010742,False,False
26,2011-12-23,45,3.291634321212769,False,False
26,2011-12-23,46,60465.2421875,False,False
26,2011-12-23,95,128809.921875,False,False
26,2011-12-23,4,37513.58984375,False,False
26,2011-12-23,35,6950.69873046875,False,False
26,2011-12-23,74,25021.6796875,False,False
26,2011-12-23,36,2335.736572265625,False,False
26,2011-12-23,77,25.83519554138184,False,False
26,2011-12-23,18,62134.42578125,False,False
26,2011-12-23,79,40613.12890625,False,False
26,2011-12-23,49,5617.18505859375,False,False
26,2011-12-23,3,29432.63671875,False,False
26,2011-12-23,72,182933.671875,False,False
26,2011-12-23,1,81244.6171875,False,False
26,2011-12-23,85,6236.58056640625,False,False
26,2011-12-23,9,33663.90625,False,False
26,2011-12-23,3,23009.783203125,False,False
26,2011-12-23,44,19385.23046875,False,False
26,2011-12-23,18,63023.81640625,False,False
26,2011-12-23,7,139356.15625,False,False
26,2011-12-23,36,6195.9912109375,False,False
26,2011-12-23,98,21090.20703125,False,False
26,2011-12-23,54,437.6446533203125,False,False
26,2011-12-23,1,92613.421875,False,False
26,2011-12-23,27,8716.857421875,False,False
26,2011-12-23,37,3887.672119140625,False,False
26,2011-12-23,72,115089.375,False,False
26,2011-12-23,14,96479.15625,False,False
26,2011-12-23,48,6739.806640625,False,False
26,2011-12-23,91,64483.37890625,False,False
26,2011-12-23,46,44324.84765625,False,False
26,2011-12-23,3,24034.705078125,False,False
26,2011-12-23,56,2110.6865234375,False,False
26,2011-12-23,54,140.38821411132812,False,False
26,2011-12-23,99,3578.144287109375,False,False
26,2011-12-23,85,14699.6552734375,False,False
26,2011-12-23,5,135930.328125,False,False
26,2011-12-23,90,154459.6875,False,False
26,2011-12-23,82,89558.59375,False,False
26,2011-12-23,87,20190.328125,False,False
26,2011-12-23,14,69844.484375,False,False
26,2011-12-23,98,19350.005859375,False,False
26,2011-12-23,35,5842.015625,False,False
26,2011-12-23,29,20014.341796875,False,False
26,2011-12-23,4,60599.66015625,False,False
26,2011-12-23,1,55051.67578125,False,False
26,2011-12-23,54,206.4248504638672,False,False
26,2011-12-23,36,4306.17822265625,False,False
26,2011-12-23,40,70342.8671875,False,False
26,2011-12-23,56,2108.119873046875,False,False
26,2011-12-23,33,19589.326171875,False,False
26,2011-12-23,74,28963.447265625,False,False
26,2011-12-23,5,88956.546875,False,False
26,2011-12-23,41,3640.587158203125,False,False
26,2011-12-23,14,56459.875,False,False
26,2011-12-23,25,20849.15234375,False,False
26,2011-12-23,87,22252.2890625,False,False
26,2011-12-23,23,237300.125,False,False
26,2011-12-23,45,22.596433639526367,False,False
26,2011-12-23,60,382.1936950683594,False,False
26,2011-12-23,30,849.581298828125,False,False
26,2011-12-23,5,102802.296875,False,False
26,2011-12-23,9,41548.015625,False,False
26,2011-12-30,25,17697.57421875,True,False
26,2011-12-30,48,2698.371337890625,True,False
26,2011-12-30,95,101292.0625,True,False
26,2011-12-30,20,11722.251953125,True,False
26,2011-12-30,50,1245.457275390625,True,False
26,2011-12-30,49,13225.6455078125,True,False
26,2011-12-30,87,21773.15234375,True,False
26,2011-12-30,37,2135.257568359375,True,False
26,2011-12-30,31,3800.428955078125,True,False
26,2011-12-30,95,125640.6640625,True,False
26,2011-12-30,16,6042.58154296875,True,False
26,2011-12-30,83,5482.1728515625,True,False
26,2011-12-30,36,3560.013671875,True,False
26,2011-12-30,14,41318.12109375,True,False
26,2011-12-30,50,659.9465942382812,True,False
26,2011-12-30,10,34104.9296875,True,False
26,2011-12-30,28,1029.3990478515625,True,False
26,2011-12-30,13,36742.73828125,True,False
26,2011-12-30,72,97058.6171875,True,False
26,2011-12-30,29,12803.8310546875,True,False
26,2011-12-30,99,135.8583526611328,True,False
26,2011-12-30,1,47156.76171875,True,False
26,2011-12-30,36,2540.156005859375,True,False
26,2011-12-30,56,35.18720626831055,True,False
26,2011-12-30,25,15056.55078125,True,False
26,2011-12-30,26,7910.27783203125,True,False
26,2011-12-30,16,6243.525390625,True,False
26,2011-12-30,6,9822.8720703125,True,False
26,2011-12-30,10,26053.490234375,True,False
26,2011-12-30,92,114451.9921875,True,False
26,2011-12-30,55,36491.6640625,True,False
26,2011-12-30,92,107128.5234375,True,False
26,2011-12-30,19,29.126066207885746,True,False
26,2011-12-30,49,4461.56982421875,True,False
26,2011-12-30,24,8353.7021484375,True,False
26,2011-12-30,55,32008.876953125,True,False
26,2011-12-30,34,13893.662109375,True,False
26,2011-12-30,87,11033.720703125,True,False
26,2011-12-30,37,3337.25048828125,True,False
26,2011-12-30,42,8825.1533203125,True,False
26,2011-12-30,97,22349.98046875,True,False
26,2011-12-30,79,34614.96875,True,False
26,2011-12-30,42,6907.77392578125,True,False
26,2011-12-30,93,34774.23828125,True,False
26,2011-12-30,47,9.926383018493652,True,False
26,2011-12-30,22,23566.775390625,True,False
26,2011-12-30,49,8307.0830078125,True,False
26,2011-12-30,79,45071.53125,True,False
26,2011-12-30,11,35928.0234375,True,False
26,2011-12-30,5,55597.44921875,True,False
26,2011-12-30,6,11409.4267578125,True,False
26,2011-12-30,52,3809.22705078125,True,False
26,2011-12-30,37,3603.626220703125,True,False
26,2011-12-30,74,26590.439453125,True,False
26,2011-12-30,25,14526.7080078125,True,False
26,2011-12-30,8,59401.3515625,True,False
26,2011-12-30,60,8093.87353515625,True,False
26,2011-12-30,94,44634.2890625,True,False
26,2011-12-30,5,56385.984375,True,False
26,2011-12-30,44,7133.74462890625,True,False
26,2011-12-30,55,30915.873046875,True,False
26,2011-12-30,82,37509.7421875,True,False
26,2011-12-30,44,13427.2568359375,True,False
27,2011-12-02,44,4003.435546875,False,False
27,2011-12-02,1,13277.646484375,False,False
27,2011-12-02,27,2673.865478515625,False,False
27,2011-12-02,42,5951.533203125,False,False
27,2011-12-02,7,81686.8125,False,False
27,2011-12-02,92,94115.8984375,False,False
27,2011-12-02,93,28289.9296875,False,False
27,2011-12-02,80,11969.388671875,False,False
27,2011-12-02,7,58706.60546875,False,False
27,2011-12-02,92,106019.890625,False,False
27,2011-12-02,10,22001.17578125,False,False
27,2011-12-02,38,78904.7421875,False,False
27,2011-12-02,83,5422.8466796875,False,False
27,2011-12-02,6,5514.32080078125,False,False
27,2011-12-02,83,3368.789794921875,False,False
27,2011-12-02,16,2405.32421875,False,False
27,2011-12-02,42,6186.2353515625,False,False
27,2011-12-02,95,99817.4140625,False,False
27,2011-12-02,18,32876.57421875,False,False
27,2011-12-02,95,91552.2265625,False,False
27,2011-12-02,29,3327.84375,False,False
27,2011-12-02,81,9309.6064453125,False,False
27,2011-12-02,16,3885.231201171875,False,False
27,2011-12-02,12,2752.921142578125,False,False
27,2011-12-02,38,45736.11328125,False,False
27,2011-12-02,41,2719.498046875,False,False
27,2011-12-02,2,62997.828125,False,False
27,2011-12-02,20,3604.754150390625,False,False
27,2011-12-02,55,17022.419921875,False,False
27,2011-12-02,13,79781.1484375,False,False
27,2011-12-02,55,12320.8525390625,False,False
27,2011-12-02,5,24621.763671875,False,False
27,2011-12-02,13,22541.234375,False,False
27,2011-12-02,24,7245.25634765625,False,False
27,2011-12-02,83,2355.81689453125,False,False
27,2011-12-02,12,3962.346435546875,False,False
27,2011-12-02,74,14186.4013671875,False,False
27,2011-12-02,48,1054.4439697265625,False,False
27,2011-12-02,80,40598.23828125,False,False
27,2011-12-02,11,17379.501953125,False,False
27,2011-12-02,98,13689.6796875,False,False
27,2011-12-02,94,37784.484375,False,False
27,2011-12-02,92,90999.5,False,False
27,2011-12-02,74,10861.783203125,False,False
27,2011-12-02,41,1367.1131591796875,False,False
27,2011-12-02,6,3589.137939453125,False,False
27,2011-12-02,56,801.0523071289062,False,False
27,2011-12-02,16,728.965576171875,False,False
27,2011-12-02,91,46646.41796875,False,False
27,2011-12-02,5,58586.3515625,False,False
27,2011-12-02,10,18352.701171875,False,False
27,2011-12-02,4,36851.29296875,False,False
27,2011-12-02,1,19267.646484375,False,False
27,2011-12-02,5,31146.83984375,False,False
27,2011-12-02,98,7868.09423828125,False,False
27,2011-12-02,14,19777.08203125,False,False
27,2011-12-02,13,32011.310546875,False,False
27,2011-12-02,42,5232.89306640625,False,False
27,2011-12-02,96,4367.40576171875,False,False
27,2011-12-02,97,17020.1171875,False,False
27,2011-12-02,85,7601.32421875,False,False
27,2011-12-02,25,10984.990234375,False,False
27,2011-12-02,17,16733.125,False,False
27,2011-12-02,93,44840.6640625,False,False
27,2011-12-02,14,23943.298828125,False,False
27,2011-12-02,8,36845.171875,False,False
27,2011-12-02,55,14261.0361328125,False,False
27,2011-12-02,13,54079.67578125,False,False
27,2011-12-02,59,7336.98291015625,False,False
27,2011-12-02,37,2882.7919921875,False,False
27,2011-12-02,91,9273.796875,False,False
27,2011-12-02,14,27411.07421875,False,False
27,2011-12-02,67,7259.5654296875,False,False
27,2011-12-02,29,7654.83447265625,False,False
27,2011-12-09,81,25183.625,False,False
27,2011-12-09,29,6848.22412109375,False,False
27,2011-12-09,28,1143.9720458984375,False,False
27,2011-12-09,19,2712.381103515625,False,False
27,2011-12-09,58,3960.079833984375,False,False
27,2011-12-09,13,21924.982421875,False,False
27,2011-12-09,91,54457.84375,False,False
27,2011-12-09,82,29796.1328125,False,False
27,2011-12-09,81,33334.8515625,False,False
27,2011-12-09,33,10629.8095703125,False,False
27,2011-12-09,74,16626.1796875,False,False
27,2011-12-09,30,133.4983367919922,False,False
27,2011-12-09,71,2781.8515625,False,False
27,2011-12-09,81,20755.61328125,False,False
27,2011-12-09,30,1867.0977783203125,False,False
27,2011-12-09,32,19718.267578125,False,False
27,2011-12-09,37,2842.2998046875,False,False
27,2011-12-09,93,21737.453125,False,False
27,2011-12-09,17,18197.765625,False,False
27,2011-12-09,25,16020.806640625,False,False
27,2011-12-09,13,23216.97265625,False,False
27,2011-12-09,99,1440.6689453125,False,False
27,2011-12-09,71,6196.17724609375,False,False
27,2011-12-09,49,6831.93212890625,False,False
27,2011-12-09,22,9704.314453125,False,False
27,2011-12-09,44,7110.3564453125,False,False
27,2011-12-09,1,23333.8359375,False,False
27,2011-12-09,95,103642.40625,False,False
27,2011-12-09,59,2359.010009765625,False,False
27,2011-12-09,58,1019.415771484375,False,False
27,2011-12-09,29,7640.568359375,False,False
27,2011-12-09,36,1169.09375,False,False
27,2011-12-09,92,87907.9140625,False,False
27,2011-12-09,96,22596.5234375,False,False
27,2011-12-09,93,43849.59765625,False,False
27,2011-12-09,9,12258.5419921875,False,False
27,2011-12-09,21,12626.0009765625,False,False
27,2011-12-09,40,58120.95703125,False,False
27,2011-12-09,3,12555.384765625,False,False
27,2011-12-09,71,4197.81494140625,False,False
27,2011-12-09,54,32.840877532958984,False,False
27,2011-12-09,27,2441.926025390625,False,False
27,2011-12-09,79,13480.5078125,False,False
27,2011-12-09,9,16416.890625,False,False
27,2011-12-09,11,20000.841796875,False,False
27,2011-12-09,38,32168.4453125,False,False
27,2011-12-09,87,28847.72265625,False,False
27,2011-12-09,26,12112.6787109375,False,False
27,2011-12-09,87,8886.3515625,False,False
27,2011-12-09,29,6864.7158203125,False,False
27,2011-12-09,44,6510.28466796875,False,False
27,2011-12-09,26,6369.79736328125,False,False
27,2011-12-09,81,11008.4912109375,False,False
27,2011-12-09,17,9585.525390625,False,False
27,2011-12-09,21,7423.93701171875,False,False
27,2011-12-09,1,31232.138671875,False,False
27,2011-12-09,74,10996.3291015625,False,False
27,2011-12-09,32,9328.990234375,False,False
27,2011-12-09,59,2235.249755859375,False,False
27,2011-12-09,56,2409.53857421875,False,False
27,2011-12-09,21,19810.203125,False,False
27,2011-12-09,98,17032.1640625,False,False
27,2011-12-09,72,87316.125,False,False
27,2011-12-09,1,37600.91015625,False,False
27,2011-12-09,6,7938.84130859375,False,False
27,2011-12-09,8,46900.75,False,False
27,2011-12-09,79,15154.990234375,False,False
27,2011-12-09,58,2814.89453125,False,False
27,2011-12-09,7,39108.83203125,False,False
27,2011-12-09,8,36058.3984375,False,False
27,2011-12-16,90,40229.0,False,False
27,2011-12-16,34,16595.3359375,False,False
27,2011-12-16,28,659.40673828125,False,False
27,2011-12-16,52,2284.31884765625,False,False
27,2011-12-16,95,80126.953125,False,False
27,2011-12-16,97,34214.8671875,False,False
27,2011-12-16,33,9476.8515625,False,False
27,2011-12-16,80,21434.81640625,False,False
27,2011-12-16,18,55880.3125,False,False
27,2011-12-16,4,41254.52734375,False,False
27,2011-12-16,5,48576.17578125,False,False
27,2011-12-16,74,15184.0703125,False,False
27,2011-12-16,74,13425.1591796875,False,False
27,2011-12-16,19,3605.687744140625,False,False
27,2011-12-16,25,14916.873046875,False,False
27,2011-12-16,32,23005.349609375,False,False
27,2011-12-16,2,54288.4765625,False,False
27,2011-12-16,74,9254.4580078125,False,False
27,2011-12-16,46,48528.28125,False,False
27,2011-12-16,5,66893.3828125,False,False
27,2011-12-16,48,3650.867919921875,False,False
27,2011-12-16,98,12560.580078125,False,False
27,2011-12-16,91,45415.34765625,False,False
27,2011-12-16,30,2620.539794921875,False,False
27,2011-12-16,80,21021.263671875,False,False
27,2011-12-16,14,40201.91015625,False,False
27,2011-12-16,23,54204.75,False,False
27,2011-12-16,72,92303.2890625,False,False
27,2011-12-16,31,5914.744140625,False,False
27,2011-12-16,8,33576.64453125,False,False
27,2011-12-16,72,69034.71875,False,False
27,2011-12-16,56,4841.943359375,False,False
27,2011-12-16,40,62639.36328125,False,False
27,2011-12-16,85,5374.59814453125,False,False
27,2011-12-16,92,161654.1875,False,False
27,2011-12-16,46,19537.853515625,False,False
27,2011-12-16,46,15905.673828125,False,False
27,2011-12-16,32,11811.619140625,False,False
27,2011-12-16,25,12150.8662109375,False,False
27,2011-12-16,31,4272.2666015625,False,False
27,2011-12-16,17,14130.4609375,False,False
27,2011-12-16,24,6039.5615234375,False,False
27,2011-12-16,2,58383.28515625,False,False
27,2011-12-16,58,3087.3125,False,False
27,2011-12-16,82,52093.828125,False,False
27,2011-12-16,67,42510.328125,False,False
27,2011-12-16,8,42202.875,False,False
27,2011-12-16,29,8091.12646484375,False,False
27,2011-12-16,83,6848.9248046875,False,False
27,2011-12-16,7,102264.421875,False,False
27,2011-12-16,38,30688.109375,False,False
27,2011-12-16,35,2626.345703125,False,False
27,2011-12-16,41,2171.457763671875,False,False
27,2011-12-16,91,60564.90625,False,False
27,2011-12-16,38,64908.0234375,False,False
27,2011-12-16,87,18382.669921875,False,False
27,2011-12-16,28,892.8917846679688,False,False
27,2011-12-16,91,79316.2734375,False,False
27,2011-12-16,80,27320.603515625,False,False
27,2011-12-16,56,1242.891845703125,False,False
27,2011-12-16,6,13782.1181640625,False,False
27,2011-12-16,72,88859.4765625,False,False
27,2011-12-16,99,1062.2860107421875,False,False
27,2011-12-16,98,19012.060546875,False,False
27,2011-12-16,56,2507.257568359375,False,False
27,2011-12-16,21,11294.0693359375,False,False
27,2011-12-16,36,2478.791748046875,False,False
27,2011-12-23,91,40725.8671875,False,False
27,2011-12-23,34,6660.54296875,False,False
27,2011-12-23,97,90147.6953125,False,False
27,2011-12-23,52,3116.1728515625,False,False
27,2011-12-23,20,6909.84912109375,False,False
27,2011-12-23,5,49766.16015625,False,False
27,2011-12-23,21,11194.9326171875,False,False
27,2011-12-23,3,21693.900390625,False,False
27,2011-12-23,59,30198.25390625,False,False
27,2011-12-23,37,3369.643310546875,False,False
27,2011-12-23,81,23995.09765625,False,False
27,2011-12-23,93,50440.7734375,False,False
27,2011-12-23,81,11719.541015625,False,False
27,2011-12-23,7,50083.5546875,False,False
27,2011-12-23,71,8914.15625,False,False
27,2011-12-23,34,16193.9912109375,False,False
27,2011-12-23,17,22186.33984375,False,False
27,2011-12-23,31,4980.0458984375,False,False
27,2011-12-23,46,27215.662109375,False,False
27,2011-12-23,8,46341.33984375,False,False
27,2011-12-23,81,19154.287109375,False,False
27,2011-12-23,18,54218.55859375,False,False
27,2011-12-23,31,5045.0048828125,False,False
27,2011-12-23,87,15946.890625,False,False
27,2011-12-23,26,13410.185546875,False,False
27,2011-12-23,93,81256.015625,False,False
27,2011-12-23,37,2831.927490234375,False,False
27,2011-12-23,72,56814.1484375,False,False
27,2011-12-23,55,32014.673828125,False,False
27,2011-12-23,3,14211.51171875,False,False
27,2011-12-23,12,7591.419921875,False,False
27,2011-12-23,29,8063.42529296875,False,False
27,2011-12-23,9,30306.04296875,False,False
27,2011-12-23,27,3242.4794921875,False,False
27,2011-12-23,2,54125.56640625,False,False
27,2011-12-23,22,21925.1796875,False,False
27,2011-12-23,19,3117.7412109375,False,False
27,2011-12-23,92,159257.828125,False,False
27,2011-12-23,5,46706.56640625,False,False
27,2011-12-23,72,87691.3203125,False,False
27,2011-12-23,74,19344.275390625,False,False
27,2011-12-23,41,7385.78369140625,False,False
27,2011-12-23,8,59720.24609375,False,False
27,2011-12-23,48,2214.309814453125,False,False
27,2011-12-23,92,139226.140625,False,False
27,2011-12-23,32,16776.7734375,False,False
27,2011-12-23,9,45282.203125,False,False
27,2011-12-23,24,12799.798828125,False,False
27,2011-12-23,41,6804.90625,False,False
27,2011-12-23,33,6355.64892578125,False,False
27,2011-12-23,82,56495.51953125,False,False
27,2011-12-23,22,31144.18359375,False,False
27,2011-12-23,31,6974.30029296875,False,False
27,2011-12-23,91,56920.3828125,False,False
27,2011-12-23,99,2883.80029296875,False,False
27,2011-12-23,27,5144.36572265625,False,False
27,2011-12-23,24,13169.693359375,False,False
27,2011-12-23,79,19432.884765625,False,False
27,2011-12-23,94,34843.12109375,False,False
27,2011-12-23,92,86387.25,False,False
27,2011-12-23,81,7356.193359375,False,False
27,2011-12-23,7,60202.73828125,False,False
27,2011-12-23,46,39339.34765625,False,False
27,2011-12-23,55,39721.53515625,False,False
27,2011-12-23,11,46819.21484375,False,False
27,2011-12-23,24,14922.80078125,False,False
27,2011-12-23,48,2568.672119140625,False,False
27,2011-12-23,24,13229.39453125,False,False
27,2011-12-23,1,57558.3359375,False,False
27,2011-12-23,24,11824.4501953125,False,False
27,2011-12-23,7,144104.984375,False,False
27,2011-12-23,95,41947.65234375,False,False
27,2011-12-23,93,68981.421875,False,False
27,2011-12-30,6,7927.82177734375,True,False
27,2011-12-30,91,45514.140625,True,False
27,2011-12-30,72,56096.84375,True,False
27,2011-12-30,33,4312.67431640625,True,False
27,2011-12-30,54,97.17105102539062,True,False
27,2011-12-30,90,82407.5625,True,False
27,2011-12-30,50,701.8269653320312,True,False
27,2011-12-30,6,6234.39306640625,True,False
27,2011-12-30,41,2785.810546875,True,False
27,2011-12-30,56,198.8709259033203,True,False
27,2011-12-30,99,358.8332214355469,True,False
27,2011-12-30,17,38809.3125,True,False
27,2011-12-30,26,4282.40576171875,True,False
27,2011-12-30,41,1028.953857421875,True,False
27,2011-12-30,25,28129.408203125,True,False
27,2011-12-30,99,3767.28759765625,True,False
27,2011-12-30,93,52572.11328125,True,False
27,2011-12-30,41,1198.403564453125,True,False
27,2011-12-30,46,32184.978515625,True,False
27,2011-12-30,59,2018.940185546875,True,False
27,2011-12-30,38,59427.3046875,True,False
27,2011-12-30,94,24511.072265625,True,False
27,2011-12-30,37,2925.318603515625,True,False
27,2011-12-30,19,326.0894470214844,True,False
27,2011-12-30,95,71982.78125,True,False
27,2011-12-30,52,4752.39599609375,True,False
27,2011-12-30,3,11518.2412109375,True,False
27,2011-12-30,34,10811.5390625,True,False
27,2011-12-30,14,26441.11328125,True,False
27,2011-12-30,96,19004.94140625,True,False
27,2011-12-30,80,12519.6005859375,True,False
27,2011-12-30,27,2535.145751953125,True,False
27,2011-12-30,13,25632.71484375,True,False
27,2011-12-30,38,52436.7265625,True,False
27,2011-12-30,91,45028.15234375,True,False
27,2011-12-30,13,23125.298828125,True,False
27,2011-12-30,18,18172.962890625,True,False
27,2011-12-30,3,11851.580078125,True,False
27,2011-12-30,40,36201.2734375,True,False
27,2011-12-30,85,2740.9775390625,True,False
27,2011-12-30,6,8370.35546875,True,False
27,2011-12-30,56,4.486125946044922,True,False
27,2011-12-30,74,15153.572265625,True,False
27,2011-12-30,60,596.1635131835938,True,False
27,2011-12-30,13,33985.15234375,True,False
27,2011-12-30,71,9767.3818359375,True,False
27,2011-12-30,56,322.8001708984375,True,False
27,2011-12-30,10,32753.84375,True,False
27,2011-12-30,81,7039.4501953125,True,False
27,2011-12-30,26,3753.205322265625,True,False
27,2011-12-30,10,34247.046875,True,False
27,2011-12-30,17,14908.939453125,True,False
27,2011-12-30,49,1264.0482177734375,True,False
27,2011-12-30,42,5556.72119140625,True,False
27,2011-12-30,2,79658.765625,True,False
27,2011-12-30,13,22745.265625,True,False
27,2011-12-30,2,58005.1171875,True,False
27,2011-12-30,6,7322.67041015625,True,False
27,2011-12-30,46,27636.02734375,True,False
27,2011-12-30,81,20913.4375,True,False
27,2011-12-30,52,3967.712646484375,True,False
27,2011-12-30,74,22134.796875,True,False
27,2011-12-30,55,8613.775390625,True,False
27,2011-12-30,24,2499.595703125,True,False
27,2011-12-30,21,5720.56005859375,True,False
27,2011-12-30,30,2028.2740478515625,True,False
27,2011-12-30,81,19778.853515625,True,False
27,2011-12-30,37,2131.5517578125,True,False
27,2011-12-30,4,39055.5625,True,False
27,2011-12-30,83,7702.0107421875,True,False
27,2011-12-30,10,16766.974609375,True,False
27,2011-12-30,26,7911.2998046875,True,False
27,2011-12-30,35,1724.687744140625,True,False
27,2011-12-30,44,5539.44482421875,True,False
27,2011-12-30,71,6213.7822265625,True,False
27,2011-12-30,24,2493.208740234375,True,False
27,2011-12-30,87,11274.4677734375,True,False
28,2011-12-02,46,12413.8037109375,False,False
28,2011-12-02,26,4827.87451171875,False,False
28,2011-12-02,71,2478.98046875,False,False
28,2011-12-02,20,2177.13037109375,False,False
28,2011-12-02,34,7472.18310546875,False,False
28,2011-12-02,55,11288.5810546875,False,False
28,2011-12-02,41,715.6033325195312,False,False
28,2011-12-02,96,22456.044921875,False,False
28,2011-12-02,16,3342.009765625,False,False
28,2011-12-02,31,1192.54345703125,False,False
28,2011-12-02,29,3190.111328125,False,False
28,2011-12-02,31,1094.5106201171875,False,False
28,2011-12-02,22,6199.77197265625,False,False
28,2011-12-02,25,7333.921875,False,False
28,2011-12-02,32,5182.85107421875,False,False
28,2011-12-02,4,20319.59375,False,False
28,2011-12-02,36,2522.92724609375,False,False
28,2011-12-02,1,30151.462890625,False,False
28,2011-12-02,29,4099.4091796875,False,False
28,2011-12-02,87,23368.83984375,False,False
28,2011-12-02,91,37999.27734375,False,False
28,2011-12-02,11,12563.41796875,False,False
28,2011-12-02,17,12278.853515625,False,False
28,2011-12-02,8,22356.751953125,False,False
28,2011-12-02,48,181.31494140625,False,False
28,2011-12-02,85,1971.4478759765625,False,False
28,2011-12-02,38,36921.0,False,False
28,2011-12-02,34,7033.54296875,False,False
28,2011-12-02,20,3062.55224609375,False,False
28,2011-12-02,30,1114.6070556640625,False,False
28,2011-12-02,94,28744.556640625,False,False
28,2011-12-02,10,25304.083984375,False,False
28,2011-12-02,80,10603.47265625,False,False
28,2011-12-02,83,4475.3798828125,False,False
28,2011-12-02,13,16872.046875,False,False
28,2011-12-02,44,4431.857421875,False,False
28,2011-12-02,20,1966.931396484375,False,False
28,2011-12-02,17,10216.76171875,False,False
28,2011-12-02,19,1756.038818359375,False,False
28,2011-12-02,79,11787.5712890625,False,False
28,2011-12-02,40,32492.546875,False,False
28,2011-12-02,46,15076.77734375,False,False
28,2011-12-02,17,14905.4267578125,False,False
28,2011-12-02,56,2179.18896484375,False,False
28,2011-12-02,71,1847.609619140625,False,False
28,2011-12-02,77,486.3291931152344,False,False
28,2011-12-02,79,19860.3359375,False,False
28,2011-12-02,2,30876.404296875,False,False
28,2011-12-02,52,1330.92138671875,False,False
28,2011-12-02,22,4981.23291015625,False,False
28,2011-12-02,25,7034.68994140625,False,False
28,2011-12-02,13,22645.912109375,False,False
28,2011-12-02,94,21290.35546875,False,False
28,2011-12-02,10,15537.0390625,False,False
28,2011-12-02,79,8067.35400390625,False,False
28,2011-12-02,17,8959.0537109375,False,False
28,2011-12-02,97,13188.9794921875,False,False
28,2011-12-02,48,1322.442626953125,False,False
28,2011-12-02,79,10029.521484375,False,False
28,2011-12-02,79,5537.84716796875,False,False
28,2011-12-02,13,18360.0546875,False,False
28,2011-12-02,42,3002.83251953125,False,False
28,2011-12-02,72,34773.31640625,False,False
28,2011-12-02,80,13439.24609375,False,False
28,2011-12-02,30,878.7482299804688,False,False
28,2011-12-02,40,56116.2109375,False,False
28,2011-12-02,46,17429.732421875,False,False
28,2011-12-02,28,197.4644470214844,False,False
28,2011-12-02,44,3949.955078125,False,False
28,2011-12-02,27,743.994140625,False,False
28,2011-12-02,25,4766.3369140625,False,False
28,2011-12-02,55,11270.15625,False,False
28,2011-12-09,42,3858.525146484375,False,False
28,2011-12-09,30,1174.514404296875,False,False
28,2011-12-09,95,60836.1484375,False,False
28,2011-12-09,98,17319.109375,False,False
28,2011-12-09,49,2757.57763671875,False,False
28,2011-12-09,80,11982.66015625,False,False
28,2011-12-09,1,31443.0,False,False
28,2011-12-09,98,8357.97265625,False,False
28,2011-12-09,58,1175.23095703125,False,False
28,2011-12-09,83,2236.694091796875,False,False
28,2011-12-09,81,18947.544921875,False,False
28,2011-12-09,83,3791.825927734375,False,False
28,2011-12-09,5,9584.841796875,False,False
28,2011-12-09,40,55625.89453125,False,False
28,2011-12-09,26,3663.202880859375,False,False
28,2011-12-09,92,99511.15625,False,False
28,2011-12-09,56,1229.7239990234375,False,False
28,2011-12-09,21,4839.71923828125,False,False
28,2011-12-09,94,31438.140625,False,False
28,2011-12-09,97,21958.423828125,False,False
28,2011-12-09,24,5446.75439453125,False,False
28,2011-12-09,5,26357.443359375,False,False
28,2011-12-09,85,2798.592529296875,False,False
28,2011-12-09,22,5849.58203125,False,False
28,2011-12-09,91,31945.84765625,False,False
28,2011-12-09,46,21219.63671875,False,False
28,2011-12-09,94,39769.796875,False,False
28,2011-12-09,58,410.9164123535156,False,False
28,2011-12-09,77,248.2554626464844,False,False
28,2011-12-09,5,51959.7109375,False,False
28,2011-12-09,74,8178.38671875,False,False
28,2011-12-09,96,15265.9169921875,False,False
28,2011-12-09,31,2020.113525390625,False,False
28,2011-12-09,19,1309.7945556640625,False,False
28,2011-12-09,42,3243.91259765625,False,False
28,2011-12-09,94,21730.078125,False,False
28,2011-12-09,24,5852.99560546875,False,False
28,2011-12-09,34,8024.57958984375,False,False
28,2011-12-09,20,1840.1689453125,False,False
28,2011-12-09,67,10922.744140625,False,False
28,2011-12-09,4,19088.734375,False,False
28,2011-12-09,87,19804.2578125,False,False
28,2011-12-09,19,2483.869384765625,False,False
28,2011-12-09,12,2538.770263671875,False,False
28,2011-12-09,2,23761.826171875,False,False
28,2011-12-09,40,46245.53515625,False,False
28,2011-12-09,28,372.5650939941406,False,False
28,2011-12-09,56,1101.919921875,False,False
28,2011-12-09,38,118323.7421875,False,False
28,2011-12-09,98,14096.96875,False,False
28,2011-12-09,79,22676.857421875,False,False
28,2011-12-09,24,4697.0966796875,False,False
28,2011-12-09,79,12142.4736328125,False,False
28,2011-12-09,11,22269.134765625,False,False
28,2011-12-09,36,1344.4306640625,False,False
28,2011-12-09,10,14276.626953125,False,False
28,2011-12-09,92,77625.4921875,False,False
28,2011-12-09,44,4394.291015625,False,False
28,2011-12-09,6,2096.637451171875,False,False
28,2011-12-09,56,1514.17724609375,False,False
28,2011-12-09,31,1371.1136474609375,False,False
28,2011-12-09,21,6360.8759765625,False,False
28,2011-12-09,99,1333.7005615234375,False,False
28,2011-12-09,13,25553.892578125,False,False
28,2011-12-09,9,13849.513671875,False,False
28,2011-12-09,81,12857.279296875,False,False
28,2011-12-09,10,11523.1650390625,False,False
28,2011-12-09,27,1570.73388671875,False,False
28,2011-12-09,6,3164.20849609375,False,False
28,2011-12-09,25,5431.99755859375,False,False
28,2011-12-09,87,6189.84912109375,False,False
28,2011-12-16,37,1719.116455078125,False,False
28,2011-12-16,71,2867.482421875,False,False
28,2011-12-16,20,2616.859619140625,False,False
28,2011-12-16,52,1431.5523681640625,False,False
28,2011-12-16,21,3626.533935546875,False,False
28,2011-12-16,74,5802.20849609375,False,False
28,2011-12-16,49,4887.576171875,False,False
28,2011-12-16,11,12682.19921875,False,False
28,2011-12-16,17,6444.263671875,False,False
28,2011-12-16,21,3021.446533203125,False,False
28,2011-12-16,4,21951.884765625,False,False
28,2011-12-16,59,2584.856201171875,False,False
28,2011-12-16,14,19821.64453125,False,False
28,2011-12-16,12,2536.696533203125,False,False
28,2011-12-16,21,6425.69482421875,False,False
28,2011-12-16,23,25464.71484375,False,False
28,2011-12-16,20,2184.186767578125,False,False
28,2011-12-16,80,16866.900390625,False,False
28,2011-12-16,91,33083.234375,False,False
28,2011-12-16,58,3890.836669921875,False,False
28,2011-12-16,56,471.69873046875,False,False
28,2011-12-16,79,9397.177734375,False,False
28,2011-12-16,10,21811.38671875,False,False
28,2011-12-16,6,5541.2060546875,False,False
28,2011-12-16,52,2110.646484375,False,False
28,2011-12-16,32,7071.91015625,False,False
28,2011-12-16,16,1843.78466796875,False,False
28,2011-12-16,67,8223.5107421875,False,False
28,2011-12-16,92,90662.625,False,False
28,2011-12-16,50,392.7836608886719,False,False
28,2011-12-16,82,15804.341796875,False,False
28,2011-12-16,90,52596.41796875,False,False
28,2011-12-16,20,2466.26611328125,False,False
28,2011-12-16,7,32408.267578125,False,False
28,2011-12-16,21,5113.38037109375,False,False
28,2011-12-16,90,52277.07421875,False,False
28,2011-12-16,13,19698.70703125,False,False
28,2011-12-16,58,993.2359619140624,False,False
28,2011-12-16,21,5977.77783203125,False,False
28,2011-12-16,14,20667.607421875,False,False
28,2011-12-16,80,11803.1552734375,False,False
28,2011-12-16,22,6783.9306640625,False,False
28,2011-12-16,1,28705.11328125,False,False
28,2011-12-16,97,13649.59375,False,False
28,2011-12-16,4,22063.125,False,False
28,2011-12-16,94,40972.12109375,False,False
28,2011-12-16,26,5194.4326171875,False,False
28,2011-12-16,91,28629.076171875,False,False
28,2011-12-16,19,1732.990966796875,False,False
28,2011-12-16,1,24581.16015625,False,False
28,2011-12-16,91,20413.83984375,False,False
28,2011-12-16,94,16951.015625,False,False
28,2011-12-16,3,9384.4736328125,False,False
28,2011-12-16,85,2728.643798828125,False,False
28,2011-12-16,22,5227.52099609375,False,False
28,2011-12-16,12,3837.655517578125,False,False
28,2011-12-16,5,27426.01171875,False,False
28,2011-12-16,20,2276.37841796875,False,False
28,2011-12-16,85,2709.0673828125,False,False
28,2011-12-16,18,15778.6396484375,False,False
28,2011-12-16,6,5173.1494140625,False,False
28,2011-12-16,93,13021.216796875,False,False
28,2011-12-16,48,1306.6068115234375,False,False
28,2011-12-16,56,1080.585693359375,False,False
28,2011-12-16,1,15753.9345703125,False,False
28,2011-12-23,20,3214.079345703125,False,False
28,2011-12-23,96,25544.826171875,False,False
28,2011-12-23,67,12511.8798828125,False,False
28,2011-12-23,38,53111.0703125,False,False
28,2011-12-23,11,27844.595703125,False,False
28,2011-12-23,29,2657.615234375,False,False
28,2011-12-23,52,828.923828125,False,False
28,2011-12-23,17,9034.609375,False,False
28,2011-12-23,42,3842.447021484375,False,False
28,2011-12-23,3,6683.8466796875,False,False
28,2011-12-23,87,33368.80078125,False,False
28,2011-12-23,96,14106.79296875,False,False
28,2011-12-23,31,3104.59521484375,False,False
28,2011-12-23,42,2963.118408203125,False,False
28,2011-12-23,35,2128.1318359375,False,False
28,2011-12-23,10,23621.74609375,False,False
28,2011-12-23,80,27124.89453125,False,False
28,2011-12-23,55,25820.44921875,False,False
28,2011-12-23,97,30597.736328125,False,False
28,2011-12-23,40,43815.21875,False,False
28,2011-12-23,82,36458.25390625,False,False
28,2011-12-23,20,2478.080322265625,False,False
28,2011-12-23,74,9549.9970703125,False,False
28,2011-12-23,13,19068.828125,False,False
28,2011-12-23,87,23863.853515625,False,False
28,2011-12-23,30,1866.2606201171875,False,False
28,2011-12-23,41,2825.415283203125,False,False
28,2011-12-23,21,8155.16357421875,False,False
28,2011-12-23,18,19650.310546875,False,False
28,2011-12-23,21,5928.81103515625,False,False
28,2011-12-23,46,34355.88671875,False,False
28,2011-12-23,74,7592.51025390625,False,False
28,2011-12-23,50,1361.9776611328125,False,False
28,2011-12-23,44,7469.953125,False,False
28,2011-12-23,14,31614.3984375,False,False
28,2011-12-23,36,2307.94970703125,False,False
28,2011-12-23,49,179.18551635742188,False,False
28,2011-12-23,29,11072.80859375,False,False
28,2011-12-23,80,16644.611328125,False,False
28,2011-12-23,12,4923.51123046875,False,False
28,2011-12-23,20,2868.28662109375,False,False
28,2011-12-23,29,7587.41552734375,False,False
28,2011-12-23,97,12984.0048828125,False,False
28,2011-12-23,14,21717.626953125,False,False
28,2011-12-23,7,50273.23046875,False,False
28,2011-12-23,92,116754.359375,False,False
28,2011-12-23,40,45203.80078125,False,False
28,2011-12-23,91,22627.80859375,False,False
28,2011-12-23,79,10387.1279296875,False,False
28,2011-12-23,35,2354.42431640625,False,False
28,2011-12-23,60,134.252197265625,False,False
28,2011-12-23,80,15862.490234375,False,False
28,2011-12-23,23,27262.982421875,False,False
28,2011-12-23,3,9099.369140625,False,False
28,2011-12-23,11,18483.44921875,False,False
28,2011-12-23,80,10013.1875,False,False
28,2011-12-23,90,80305.75,False,False
28,2011-12-23,31,2998.35107421875,False,False
28,2011-12-23,25,8533.37890625,False,False
28,2011-12-23,74,11533.09765625,False,False
28,2011-12-23,40,38289.8125,False,False
28,2011-12-23,42,2457.984375,False,False
28,2011-12-23,47,-508.6369934082031,False,False
28,2011-12-23,52,3387.9775390625,False,False
28,2011-12-23,74,11315.544921875,False,False
28,2011-12-30,91,11258.841796875,True,False
28,2011-12-30,38,49220.7890625,True,False
28,2011-12-30,21,3900.301513671875,True,False
28,2011-12-30,74,9023.3125,True,False
28,2011-12-30,21,4056.677734375,True,False
28,2011-12-30,83,3663.47802734375,True,False
28,2011-12-30,90,43287.296875,True,False
28,2011-12-30,28,612.9544677734375,True,False
28,2011-12-30,91,2930.24169921875,True,False
28,2011-12-30,32,6974.8095703125,True,False
28,2011-12-30,20,1811.663330078125,True,False
28,2011-12-30,25,2845.897216796875,True,False
28,2011-12-30,40,21544.578125,True,False
28,2011-12-30,27,1134.4923095703125,True,False
28,2011-12-30,31,1118.83203125,True,False
28,2011-12-30,12,2208.231689453125,True,False
28,2011-12-30,92,70361.3046875,True,False
28,2011-12-30,19,604.4117431640625,True,False
28,2011-12-30,14,7459.853515625,True,False
28,2011-12-30,7,37983.91796875,True,False
28,2011-12-30,80,2283.416015625,True,False
28,2011-12-30,59,669.1275024414062,True,False
28,2011-12-30,17,10170.013671875,True,False
28,2011-12-30,33,2256.11376953125,True,False
28,2011-12-30,56,524.3792724609375,True,False
28,2011-12-30,32,6051.0478515625,True,False
28,2011-12-30,99,1147.5555419921875,True,False
28,2011-12-30,52,1110.07421875,True,False
28,2011-12-30,27,1261.874755859375,True,False
28,2011-12-30,90,34198.1953125,True,False
28,2011-12-30,32,14833.28515625,True,False
28,2011-12-30,16,3328.71337890625,True,False
28,2011-12-30,55,14377.955078125,True,False
28,2011-12-30,26,3643.75537109375,True,False
28,2011-12-30,50,598.3001098632812,True,False
28,2011-12-30,98,20270.83984375,True,False
28,2011-12-30,19,543.796630859375,True,False
28,2011-12-30,37,1141.2716064453125,True,False
28,2011-12-30,22,8402.791015625,True,False
28,2011-12-30,85,1508.9119873046875,True,False
28,2011-12-30,81,1150.3116455078125,True,False
28,2011-12-30,27,824.6251220703125,True,False
28,2011-12-30,1,20847.5703125,True,False
28,2011-12-30,9,12151.6376953125,True,False
28,2011-12-30,60,56.81563186645508,True,False
28,2011-12-30,93,19724.013671875,True,False
28,2011-12-30,1,16418.361328125,True,False
28,2011-12-30,41,899.156982421875,True,False
28,2011-12-30,93,31755.427734375,True,False
28,2011-12-30,9,11393.58984375,True,False
28,2011-12-30,2,30647.564453125,True,False
28,2011-12-30,93,21194.515625,True,False
28,2011-12-30,17,12449.888671875,True,False
28,2011-12-30,7,19217.921875,True,False
28,2011-12-30,74,6753.009765625,True,False
28,2011-12-30,97,14719.7041015625,True,False
28,2011-12-30,3,3863.235595703125,True,False
28,2011-12-30,1,12989.7841796875,True,False
28,2011-12-30,99,759.673583984375,True,False
28,2011-12-30,3,6927.4375,True,False
28,2011-12-30,52,1415.1126708984375,True,False
28,2011-12-30,31,1101.2806396484375,True,False
28,2011-12-30,49,764.483154296875,True,False
28,2011-12-30,55,12322.04296875,True,False
28,2011-12-30,72,49138.9453125,True,False
28,2011-12-30,2,39545.203125,True,False
28,2011-12-30,20,1738.9825439453125,True,False
28,2011-12-30,56,102.62737274169922,True,False
28,2011-12-30,80,8771.4990234375,True,False
28,2011-12-30,4,17322.404296875,True,False
28,2011-12-30,4,21611.70703125,True,False
28,2011-12-30,40,37796.6484375,True,False
28,2011-12-30,74,8476.62109375,True,False
28,2011-12-30,23,22828.943359375,True,False
28,2011-12-30,25,4764.41748046875,True,False
28,2011-12-30,91,24558.68359375,True,False
28,2011-12-30,7,25686.185546875,True,False
28,2011-12-30,4,28097.32421875,True,False
28,2011-12-30,17,6084.42041015625,True,False
28,2011-12-30,67,5317.658203125,True,False
28,2011-12-30,71,1256.6954345703125,True,False
28,2011-12-30,6,4823.93017578125,True,False
28,2011-12-30,79,17893.50390625,True,False
28,2011-12-30,37,1256.3802490234375,True,False
28,2011-12-30,37,1389.06396484375,True,False
29,2011-12-02,3,4207.4052734375,False,False
29,2011-12-02,30,848.9254760742188,False,False
29,2011-12-02,59,1165.446533203125,False,False
29,2011-12-02,24,3345.558349609375,False,False
29,2011-12-02,13,8096.9892578125,False,False
29,2011-12-02,33,4902.080078125,False,False
29,2011-12-02,90,2298.44921875,False,False
29,2011-12-02,56,198.4196319580078,False,False
29,2011-12-02,48,237.94308471679688,False,False
29,2011-12-02,18,16882.701171875,False,False
29,2011-12-02,82,6308.5634765625,False,False
29,2011-12-02,79,5700.56640625,False,False
29,2011-12-02,10,4340.13330078125,False,False
29,2011-12-02,22,3462.428466796875,False,False
29,2011-12-02,44,1466.2027587890625,False,False
29,2011-12-02,52,1042.1221923828125,False,False
29,2011-12-02,30,915.525146484375,False,False
29,2011-12-02,12,2741.728515625,False,False
29,2011-12-02,98,102.92121124267578,False,False
29,2011-12-02,21,1099.4432373046875,False,False
29,2011-12-02,41,1054.380859375,False,False
29,2011-12-02,44,2078.335205078125,False,False
29,2011-12-02,77,64.53074645996094,False,False
29,2011-12-02,85,1210.1343994140625,False,False
29,2011-12-02,20,410.2072448730469,False,False
29,2011-12-02,41,1798.5269775390625,False,False
29,2011-12-02,33,4123.3212890625,False,False
29,2011-12-02,92,8171.990234375,False,False
29,2011-12-02,74,3838.946533203125,False,False
29,2011-12-02,9,3337.8916015625,False,False
29,2011-12-02,14,4579.49267578125,False,False
29,2011-12-02,44,2825.275390625,False,False
29,2011-12-02,74,4721.42041015625,False,False
29,2011-12-02,10,6179.7841796875,False,False
29,2011-12-02,93,830.6507568359375,False,False
29,2011-12-02,19,321.7560729980469,False,False
29,2011-12-02,2,14795.365234375,False,False
29,2011-12-02,2,15405.8916015625,False,False
29,2011-12-02,18,5858.91943359375,False,False
29,2011-12-02,52,753.9218139648438,False,False
29,2011-12-02,23,10674.0234375,False,False
29,2011-12-02,12,1856.986328125,False,False
29,2011-12-02,95,9569.056640625,False,False
29,2011-12-02,14,6193.9580078125,False,False
29,2011-12-02,29,1520.6673583984375,False,False
29,2011-12-02,23,12984.0048828125,False,False
29,2011-12-02,14,6338.03076171875,False,False
29,2011-12-02,79,3949.361328125,False,False
29,2011-12-02,33,2972.60498046875,False,False
29,2011-12-02,56,1488.344482421875,False,False
29,2011-12-02,29,2506.445556640625,False,False
29,2011-12-02,52,785.587646484375,False,False
29,2011-12-02,9,5233.8134765625,False,False
29,2011-12-02,31,1034.938232421875,False,False
29,2011-12-02,3,3538.513427734375,False,False
29,2011-12-02,36,1092.1927490234375,False,False
29,2011-12-02,44,2417.365966796875,False,False
29,2011-12-02,3,3763.128662109375,False,False
29,2011-12-02,8,8654.1875,False,False
29,2011-12-09,56,409.5299987792969,False,False
29,2011-12-09,60,280.6884155273437,False,False
29,2011-12-09,85,1098.488037109375,False,False
29,2011-12-09,41,156.6551513671875,False,False
29,2011-12-09,85,1390.8353271484375,False,False
29,2011-12-09,71,717.568359375,False,False
29,2011-12-09,49,26.189882278442383,False,False
29,2011-12-09,25,4503.47216796875,False,False
29,2011-12-09,6,1510.3558349609375,False,False
29,2011-12-09,67,2017.0498046875,False,False
29,2011-12-09,28,307.8011169433594,False,False
29,2011-12-09,40,24184.552734375,False,False
29,2011-12-09,17,3421.073486328125,False,False
29,2011-12-09,56,1526.8646240234375,False,False
29,2011-12-09,8,13483.4697265625,False,False
29,2011-12-09,20,629.84326171875,False,False
29,2011-12-09,16,1222.93798828125,False,False
29,2011-12-09,2,15642.8564453125,False,False
29,2011-12-09,59,220.0845184326172,False,False
29,2011-12-09,82,6960.611328125,False,False
29,2011-12-09,18,15248.564453125,False,False
29,2011-12-09,13,9088.68359375,False,False
29,2011-12-09,72,2433.74755859375,False,False
29,2011-12-09,9,7280.67724609375,False,False
29,2011-12-09,79,5036.04931640625,False,False
29,2011-12-09,94,2974.645751953125,False,False
29,2011-12-09,44,3205.37451171875,False,False
29,2011-12-09,32,9802.15625,False,False
29,2011-12-09,31,1086.5859375,False,False
29,2011-12-09,21,1331.8662109375,False,False
29,2011-12-09,49,13.627676010131836,False,False
29,2011-12-09,91,3571.113037109375,False,False
29,2011-12-09,81,1356.148193359375,False,False
29,2011-12-09,1,7565.79833984375,False,False
29,2011-12-09,71,502.9164123535156,False,False
29,2011-12-09,81,2281.4453125,False,False
29,2011-12-09,97,4707.3544921875,False,False
29,2011-12-09,34,4187.47216796875,False,False
29,2011-12-09,55,6685.85888671875,False,False
29,2011-12-09,92,7499.39599609375,False,False
29,2011-12-09,52,1362.851806640625,False,False
29,2011-12-09,36,450.5692443847656,False,False
29,2011-12-09,25,3221.56494140625,False,False
29,2011-12-09,14,5335.9521484375,False,False
29,2011-12-09,16,4773.80078125,False,False
29,2011-12-09,20,1574.6640625,False,False
29,2011-12-09,5,8675.4228515625,False,False
29,2011-12-09,80,126.7199249267578,False,False
29,2011-12-09,44,2734.29150390625,False,False
29,2011-12-09,3,3617.34765625,False,False
29,2011-12-09,31,2064.980712890625,False,False
29,2011-12-09,20,1204.0445556640625,False,False
29,2011-12-09,25,3500.776611328125,False,False
29,2011-12-09,59,284.4206237792969,False,False
29,2011-12-09,1,22291.220703125,False,False
29,2011-12-09,82,7510.56103515625,False,False
29,2011-12-09,28,251.80807495117188,False,False
29,2011-12-09,67,2775.38427734375,False,False
29,2011-12-09,79,3390.4658203125,False,False
29,2011-12-09,93,1439.59521484375,False,False
29,2011-12-09,4,9658.689453125,False,False
29,2011-12-09,5,9954.6591796875,False,False
29,2011-12-09,6,539.083740234375,False,False
29,2011-12-09,1,9208.1865234375,False,False
29,2011-12-09,94,27797.921875,False,False
29,2011-12-09,30,780.7518920898438,False,False
29,2011-12-09,2,15994.70703125,False,False
29,2011-12-09,44,2972.1083984375,False,False
29,2011-12-09,52,876.1917114257812,False,False
29,2011-12-16,7,40755.8359375,False,False
29,2011-12-16,11,11411.9794921875,False,False
29,2011-12-16,38,87622.953125,False,False
29,2011-12-16,31,1820.1409912109373,False,False
29,2011-12-16,5,13223.900390625,False,False
29,2011-12-16,42,1923.365478515625,False,False
29,2011-12-16,28,296.2979431152344,False,False
29,2011-12-16,80,2772.184326171875,False,False
29,2011-12-16,52,1205.763916015625,False,False
29,2011-12-16,74,2719.5322265625,False,False
29,2011-12-16,46,8872.767578125,False,False
29,2011-12-16,85,863.0908203125,False,False
29,2011-12-16,12,1513.8245849609375,False,False
29,2011-12-16,97,509.6971435546875,False,False
29,2011-12-16,59,356.5138854980469,False,False
29,2011-12-16,22,3849.042236328125,False,False
29,2011-12-16,72,16847.1171875,False,False
29,2011-12-16,25,2930.095947265625,False,False
29,2011-12-16,12,2051.8818359375,False,False
29,2011-12-16,98,12.593735694885254,False,False
29,2011-12-16,98,24.38726234436035,False,False
29,2011-12-16,87,7363.0068359375,False,False
29,2011-12-16,26,2879.153564453125,False,False
29,2011-12-16,16,722.5738525390625,False,False
29,2011-12-16,82,8640.0029296875,False,False
29,2011-12-16,25,3848.651123046875,False,False
29,2011-12-16,8,10896.638671875,False,False
29,2011-12-16,59,503.9783935546875,False,False
29,2011-12-16,67,4241.80078125,False,False
29,2011-12-16,35,1809.3475341796875,False,False
29,2011-12-16,16,1953.115234375,False,False
29,2011-12-16,26,1407.522705078125,False,False
29,2011-12-16,37,197.70106506347656,False,False
29,2011-12-16,58,40.40047073364258,False,False
29,2011-12-16,21,1904.5518798828125,False,False
29,2011-12-16,44,2038.514404296875,False,False
29,2011-12-16,71,398.5415344238281,False,False
29,2011-12-16,20,1298.24365234375,False,False
29,2011-12-16,6,1836.22900390625,False,False
29,2011-12-16,12,5796.919921875,False,False
29,2011-12-16,8,9729.7568359375,False,False
29,2011-12-16,36,1065.4273681640625,False,False
29,2011-12-16,16,907.0037231445312,False,False
29,2011-12-16,49,20.30790328979492,False,False
29,2011-12-16,13,9196.6455078125,False,False
29,2011-12-16,74,3281.550048828125,False,False
29,2011-12-16,9,4172.119140625,False,False
29,2011-12-16,97,1162.4747314453125,False,False
29,2011-12-16,82,8812.5087890625,False,False
29,2011-12-16,46,10554.037109375,False,False
29,2011-12-16,7,29347.15625,False,False
29,2011-12-16,6,2553.2177734375,False,False
29,2011-12-16,30,1113.957275390625,False,False
29,2011-12-16,21,1471.5936279296875,False,False
29,2011-12-16,35,1137.3187255859375,False,False
29,2011-12-16,33,3296.0263671875,False,False
29,2011-12-16,60,963.989501953125,False,False
29,2011-12-16,42,4521.81103515625,False,False
29,2011-12-16,54,56.97232055664063,False,False
29,2011-12-16,21,1634.518310546875,False,False
29,2011-12-16,4,10847.26171875,False,False
29,2011-12-16,74,3918.814697265625,False,False
29,2011-12-16,27,782.6661987304688,False,False
29,2011-12-16,85,381.856689453125,False,False
29,2011-12-16,17,2591.10498046875,False,False
29,2011-12-16,12,1184.1697998046875,False,False
29,2011-12-16,5,16216.8681640625,False,False
29,2011-12-23,12,1168.2901611328125,False,False
29,2011-12-23,90,1258.79638671875,False,False
29,2011-12-23,27,952.747314453125,False,False
29,2011-12-23,80,8.999383926391602,False,False
29,2011-12-23,60,190.44357299804688,False,False
29,2011-12-23,74,3930.274169921875,False,False
29,2011-12-23,42,2300.56689453125,False,False
29,2011-12-23,19,906.2547607421876,False,False
29,2011-12-23,32,3069.40576171875,False,False
29,2011-12-23,12,5437.57373046875,False,False
29,2011-12-23,20,1415.2012939453125,False,False
29,2011-12-23,85,2729.170166015625,False,False
29,2011-12-23,36,1124.7998046875,False,False
29,2011-12-23,41,736.1422729492188,False,False
29,2011-12-23,10,9174.52734375,False,False
29,2011-12-23,38,30423.400390625,False,False
29,2011-12-23,42,4226.1123046875,False,False
29,2011-12-23,97,639.9491577148438,False,False
29,2011-12-23,52,1599.0506591796875,False,False
29,2011-12-23,49,23.33576774597168,False,False
29,2011-12-23,40,17710.48828125,False,False
29,2011-12-23,93,754.4524536132812,False,False
29,2011-12-23,1,30854.22265625,False,False
29,2011-12-23,90,12708.943359375,False,False
29,2011-12-23,46,26936.857421875,False,False
29,2011-12-23,98,73.70060729980469,False,False
29,2011-12-23,44,2783.400390625,False,False
29,2011-12-23,33,3249.655517578125,False,False
29,2011-12-23,9,10675.7568359375,False,False
29,2011-12-23,29,2171.582763671875,False,False
29,2011-12-23,98,39.13677597045898,False,False
29,2011-12-23,49,424.63720703125,False,False
29,2011-12-23,60,349.33013916015625,False,False
29,2011-12-23,41,1029.72021484375,False,False
29,2011-12-23,24,3885.5205078125,False,False
29,2011-12-23,11,8880.642578125,False,False
29,2011-12-23,4,10671.1640625,False,False
29,2011-12-23,29,2718.483642578125,False,False
29,2011-12-23,3,4290.66259765625,False,False
29,2011-12-23,18,7753.45654296875,False,False
29,2011-12-23,11,12240.59375,False,False
29,2011-12-23,13,8589.6748046875,False,False
29,2011-12-23,9,12009.5302734375,False,False
29,2011-12-23,7,20138.89453125,False,False
29,2011-12-23,46,10429.5712890625,False,False
29,2011-12-23,90,4133.904296875,False,False
29,2011-12-23,19,321.4329528808594,False,False
29,2011-12-23,27,1104.0048828125,False,False
29,2011-12-23,42,1478.78076171875,False,False
29,2011-12-23,56,1565.8477783203125,False,False
29,2011-12-23,72,220.76657104492188,False,False
29,2011-12-23,44,1606.358642578125,False,False
29,2011-12-23,28,410.2339782714844,False,False
29,2011-12-23,14,7123.630859375,False,False
29,2011-12-23,17,4658.0419921875,False,False
29,2011-12-23,90,2542.7216796875,False,False
29,2011-12-23,10,7547.09814453125,False,False
29,2011-12-23,3,4285.0712890625,False,False
29,2011-12-23,72,13474.7783203125,False,False
29,2011-12-23,14,7623.822265625,False,False
29,2011-12-23,20,1055.862548828125,False,False
29,2011-12-23,77,122.53883361816406,False,False
29,2011-12-23,71,589.3594970703125,False,False
29,2011-12-23,95,20648.9765625,False,False
29,2011-12-23,6,3951.1259765625,False,False
29,2011-12-23,2,18604.533203125,False,False
29,2011-12-23,79,5461.09375,False,False
29,2011-12-23,67,4221.05419921875,False,False
29,2011-12-30,55,6824.68798828125,True,False
29,2011-12-30,92,10979.4521484375,True,False
29,2011-12-30,6,4552.85693359375,True,False
29,2011-12-30,4,11500.587890625,True,False
29,2011-12-30,33,3266.662109375,True,False
29,2011-12-30,74,6597.873046875,True,False
29,2011-12-30,98,17.03562355041504,True,False
29,2011-12-30,42,1413.832763671875,True,False
29,2011-12-30,13,10214.3466796875,True,False
29,2011-12-30,21,1579.8465576171875,True,False
29,2011-12-30,82,11232.263671875,True,False
29,2011-12-30,12,1368.4295654296875,True,False
29,2011-12-30,74,4723.30078125,True,False
29,2011-12-30,27,555.8121948242188,True,False
29,2011-12-30,95,19212.810546875,True,False
29,2011-12-30,72,18305.369140625,True,False
29,2011-12-30,20,1189.6922607421875,True,False
29,2011-12-30,90,2236.011962890625,True,False
29,2011-12-30,82,5617.1708984375,True,False
29,2011-12-30,27,746.4124755859375,True,False
29,2011-12-30,46,8180.69921875,True,False
29,2011-12-30,33,4053.7763671875,True,False
29,2011-12-30,17,3126.865234375,True,False
29,2011-12-30,82,10931.2841796875,True,False
29,2011-12-30,38,91866.15625,True,False
29,2011-12-30,26,2511.328369140625,True,False
29,2011-12-30,26,785.8717041015625,True,False
29,2011-12-30,82,9315.1748046875,True,False
29,2011-12-30,85,1325.8076171875,True,False
29,2011-12-30,29,2359.256591796875,True,False
29,2011-12-30,6,2844.36181640625,True,False
29,2011-12-30,96,3139.994140625,True,False
29,2011-12-30,94,7.6300950050354,True,False
29,2011-12-30,32,9225.083984375,True,False
29,2011-12-30,17,2852.2939453125,True,False
29,2011-12-30,20,722.286376953125,True,False
29,2011-12-30,49,52.33329391479492,True,False
29,2011-12-30,40,19355.037109375,True,False
29,2011-12-30,42,1920.9163818359373,True,False
29,2011-12-30,13,9290.0048828125,True,False
29,2011-12-30,12,1797.4935302734375,True,False
29,2011-12-30,59,618.5707397460938,True,False
29,2011-12-30,98,69.31151580810547,True,False
29,2011-12-30,93,12189.376953125,True,False
29,2011-12-30,96,3774.3212890625,True,False
29,2011-12-30,95,19808.08984375,True,False
29,2011-12-30,46,4977.19775390625,True,False
29,2011-12-30,74,3534.47802734375,True,False
29,2011-12-30,34,4886.08642578125,True,False
29,2011-12-30,17,2511.84033203125,True,False
29,2011-12-30,14,8275.2216796875,True,False
29,2011-12-30,52,374.3229064941406,True,False
29,2011-12-30,97,309.21734619140625,True,False
29,2011-12-30,81,1027.058349609375,True,False
29,2011-12-30,12,714.0726318359375,True,False
29,2011-12-30,94,20.352787017822266,True,False
29,2011-12-30,16,900.5225219726562,True,False
29,2011-12-30,8,8794.3388671875,True,False
29,2011-12-30,19,866.3281860351562,True,False
29,2011-12-30,54,11.132888793945312,True,False
29,2011-12-30,3,2650.783447265625,True,False
29,2011-12-30,98,48.51057434082031,True,False
30,2011-12-02,98,8903.60546875,False,False
30,2011-12-02,71,7374.22021484375,False,False
30,2011-12-02,44,2262.232421875,False,False
30,2011-12-02,80,4330.23046875,False,False
30,2011-12-02,35,3006.5654296875,False,False
30,2011-12-02,35,2954.721435546875,False,False
30,2011-12-02,40,52249.71875,False,False
30,2011-12-02,32,7481.1416015625,False,False
30,2011-12-02,23,36658.80078125,False,False
30,2011-12-02,7,47718.97265625,False,False
30,2011-12-02,96,7209.79150390625,False,False
30,2011-12-02,95,104345.6015625,False,False
30,2011-12-02,67,7941.837890625,False,False
30,2011-12-02,29,6876.3359375,False,False
30,2011-12-02,12,2660.298828125,False,False
30,2011-12-02,98,8274.99609375,False,False
30,2011-12-02,67,11789.5029296875,False,False
30,2011-12-02,21,6215.4033203125,False,False
30,2011-12-02,87,10558.4580078125,False,False
30,2011-12-02,1,26347.78515625,False,False
30,2011-12-02,23,27623.060546875,False,False
30,2011-12-02,59,3208.443359375,False,False
30,2011-12-02,8,21030.287109375,False,False
30,2011-12-02,8,32116.75,False,False
30,2011-12-02,56,1357.087158203125,False,False
30,2011-12-02,71,6671.8125,False,False
30,2011-12-02,87,6175.759765625,False,False
30,2011-12-02,67,9373.0947265625,False,False
30,2011-12-02,33,5483.1064453125,False,False
30,2011-12-02,10,16281.7060546875,False,False
30,2011-12-02,59,1507.6513671875,False,False
30,2011-12-02,24,5392.1279296875,False,False
30,2011-12-02,90,69205.5234375,False,False
30,2011-12-02,23,26944.12109375,False,False
30,2011-12-02,85,2113.40869140625,False,False
30,2011-12-02,7,49903.703125,False,False
30,2011-12-02,10,16292.330078125,False,False
30,2011-12-02,59,1757.1859130859375,False,False
30,2011-12-02,29,8636.0458984375,False,False
30,2011-12-02,22,12088.1103515625,False,False
30,2011-12-02,25,6773.6845703125,False,False
30,2011-12-02,38,49329.640625,False,False
30,2011-12-02,87,34564.71484375,False,False
30,2011-12-02,5,20645.595703125,False,False
30,2011-12-02,95,113523.921875,False,False
30,2011-12-02,42,4062.02978515625,False,False
30,2011-12-02,26,9547.126953125,False,False
30,2011-12-02,79,30839.06640625,False,False
30,2011-12-02,2,46133.02734375,False,False
30,2011-12-02,2,39974.28125,False,False
30,2011-12-02,28,821.4973754882812,False,False
30,2011-12-02,59,1232.7205810546875,False,False
30,2011-12-02,82,25258.248046875,False,False
30,2011-12-02,33,5938.94775390625,False,False
30,2011-12-02,59,1253.2181396484375,False,False
30,2011-12-02,1,18616.375,False,False
30,2011-12-02,8,36832.390625,False,False
30,2011-12-02,7,78680.7265625,False,False
30,2011-12-02,17,11325.55859375,False,False
30,2011-12-02,4,38616.54296875,False,False
30,2011-12-02,52,2050.405517578125,False,False
30,2011-12-02,93,1055.580322265625,False,False
30,2011-12-02,35,2861.888671875,False,False
30,2011-12-02,23,24834.900390625,False,False
30,2011-12-02,91,61226.8046875,False,False
30,2011-12-02,24,7981.7119140625,False,False
30,2011-12-02,74,11754.3798828125,False,False
30,2011-12-02,67,6220.8486328125,False,False
30,2011-12-02,28,1296.9921875,False,False
30,2011-12-02,29,7302.45849609375,False,False
30,2011-12-02,10,12271.4150390625,False,False
30,2011-12-02,90,96327.40625,False,False
30,2011-12-02,11,30152.0625,False,False
30,2011-12-02,85,2529.942138671875,False,False
30,2011-12-02,87,3192.95849609375,False,False
30,2011-12-09,98,10150.35546875,False,False
30,2011-12-09,35,4418.0341796875,False,False
30,2011-12-09,19,1647.885986328125,False,False
30,2011-12-09,7,97943.65625,False,False
30,2011-12-09,18,97280.4375,False,False
30,2011-12-09,9,10459.984375,False,False
30,2011-12-09,19,1271.270751953125,False,False
30,2011-12-09,24,10627.873046875,False,False
30,2011-12-09,13,41995.234375,False,False
30,2011-12-09,48,2161.93310546875,False,False
30,2011-12-09,26,10091.2783203125,False,False
30,2011-12-09,8,36908.7734375,False,False
30,2011-12-09,58,4773.25830078125,False,False
30,2011-12-09,72,50245.5859375,False,False
30,2011-12-09,79,45837.25,False,False
30,2011-12-09,71,6080.66748046875,False,False
30,2011-12-09,56,2004.4725341796875,False,False
30,2011-12-09,4,25878.3125,False,False
30,2011-12-09,41,4296.318359375,False,False
30,2011-12-09,97,18841.986328125,False,False
30,2011-12-09,49,6266.201171875,False,False
30,2011-12-09,54,29.113975524902344,False,False
30,2011-12-09,22,11664.3994140625,False,False
30,2011-12-09,4,29567.59375,False,False
30,2011-12-09,31,4375.7607421875,False,False
30,2011-12-09,22,19850.4609375,False,False
30,2011-12-09,9,17459.107421875,False,False
30,2011-12-09,67,15027.2275390625,False,False
30,2011-12-09,80,17001.509765625,False,False
30,2011-12-09,58,3012.69580078125,False,False
30,2011-12-09,29,6272.966796875,False,False
30,2011-12-09,8,62026.55859375,False,False
30,2011-12-09,50,3243.0234375,False,False
30,2011-12-09,36,1311.523681640625,False,False
30,2011-12-09,60,758.5206298828125,False,False
30,2011-12-09,1,43944.59375,False,False
30,2011-12-09,25,10602.3857421875,False,False
30,2011-12-09,98,12060.4248046875,False,False
30,2011-12-09,16,1826.576416015625,False,False
30,2011-12-09,52,2353.4443359375,False,False
30,2011-12-09,52,2893.529296875,False,False
30,2011-12-09,16,1721.1773681640625,False,False
30,2011-12-09,9,6819.6162109375,False,False
30,2011-12-09,56,6944.2216796875,False,False
30,2011-12-09,8,27879.97265625,False,False
30,2011-12-09,44,3497.430419921875,False,False
30,2011-12-09,32,10611.5693359375,False,False
30,2011-12-09,33,6419.2490234375,False,False
30,2011-12-09,87,10297.59765625,False,False
30,2011-12-09,91,3140.95361328125,False,False
30,2011-12-09,79,23877.302734375,False,False
30,2011-12-09,83,5414.43212890625,False,False
30,2011-12-09,67,39813.21875,False,False
30,2011-12-09,5,47264.59375,False,False
30,2011-12-09,92,88921.546875,False,False
30,2011-12-09,60,1120.37060546875,False,False
30,2011-12-09,41,1042.447998046875,False,False
30,2011-12-09,7,76079.125,False,False
30,2011-12-09,80,31800.796875,False,False
30,2011-12-09,80,12965.33203125,False,False
30,2011-12-09,56,2068.219970703125,False,False
30,2011-12-09,92,156735.390625,False,False
30,2011-12-09,34,13772.7841796875,False,False
30,2011-12-09,92,185102.65625,False,False
30,2011-12-09,95,68169.140625,False,False
30,2011-12-09,32,10591.19140625,False,False
30,2011-12-09,14,22245.4609375,False,False
30,2011-12-09,31,4134.32470703125,False,False
30,2011-12-09,42,4862.638671875,False,False
30,2011-12-09,33,20956.48046875,False,False
30,2011-12-09,95,43717.68359375,False,False
30,2011-12-09,13,38641.58203125,False,False
30,2011-12-16,8,50693.73828125,False,False
30,2011-12-16,41,11381.62109375,False,False
30,2011-12-16,34,42849.46484375,False,False
30,2011-12-16,50,857.9428100585938,False,False
30,2011-12-16,29,12520.509765625,False,False
30,2011-12-16,72,74295.75,False,False
30,2011-12-16,44,4481.099609375,False,False
30,2011-12-16,21,8992.5498046875,False,False
30,2011-12-16,97,4420.560546875,False,False
30,2011-12-16,54,14.831254005432127,False,False
30,2011-12-16,9,15458.6708984375,False,False
30,2011-12-16,71,6315.3203125,False,False
30,2011-12-16,34,16356.34375,False,False
30,2011-12-16,90,69513.7265625,False,False
30,2011-12-16,56,2363.94677734375,False,False
30,2011-12-16,90,81597.546875,False,False
30,2011-12-16,80,21485.154296875,False,False
30,2011-12-16,87,13578.181640625,False,False
30,2011-12-16,25,15839.9169921875,False,False
30,2011-12-16,19,5.159526348114014,False,False
30,2011-12-16,82,22603.57421875,False,False
30,2011-12-16,74,12440.0537109375,False,False
30,2011-12-16,20,8350.5751953125,False,False
30,2011-12-16,46,32095.802734375,False,False
30,2011-12-16,2,31615.029296875,False,False
30,2011-12-16,12,3040.15185546875,False,False
30,2011-12-16,19,1710.072998046875,False,False
30,2011-12-16,96,11662.359375,False,False
30,2011-12-16,19,997.5942993164062,False,False
30,2011-12-16,44,8805.4892578125,False,False
30,2011-12-16,9,19962.703125,False,False
30,2011-12-16,87,8765.3955078125,False,False
30,2011-12-16,30,3910.193359375,False,False
30,2011-12-16,90,76986.9765625,False,False
30,2011-12-16,24,9700.1474609375,False,False
30,2011-12-16,35,2936.68017578125,False,False
30,2011-12-16,79,10397.0048828125,False,False
30,2011-12-16,19,2766.220458984375,False,False
30,2011-12-16,5,56779.703125,False,False
30,2011-12-16,49,20447.0234375,False,False
30,2011-12-16,21,6879.703125,False,False
30,2011-12-16,83,17397.310546875,False,False
30,2011-12-16,92,184452.40625,False,False
30,2011-12-16,81,39125.84375,False,False
30,2011-12-16,55,22855.345703125,False,False
30,2011-12-16,36,2069.852294921875,False,False
30,2011-12-16,22,24127.123046875,False,False
30,2011-12-16,72,113957.703125,False,False
30,2011-12-16,93,58909.3046875,False,False
30,2011-12-16,42,5637.27099609375,False,False
30,2011-12-16,49,3763.31884765625,False,False
30,2011-12-16,46,47192.60546875,False,False
30,2011-12-16,41,1358.171875,False,False
30,2011-12-16,60,198.85873413085935,False,False
30,2011-12-16,26,13824.509765625,False,False
30,2011-12-16,3,15493.4462890625,False,False
30,2011-12-16,85,5132.40380859375,False,False
30,2011-12-16,1,28708.361328125,False,False
30,2011-12-16,60,647.4137573242188,False,False
30,2011-12-16,90,103092.9765625,False,False
30,2011-12-16,2,43614.53515625,False,False
30,2011-12-16,46,46057.875,False,False
30,2011-12-16,55,19226.9140625,False,False
30,2011-12-16,5,70212.234375,False,False
30,2011-12-16,72,68870.2265625,False,False
30,2011-12-16,13,16702.201171875,False,False
30,2011-12-16,18,57272.15234375,False,False
30,2011-12-16,27,2401.615234375,False,False
30,2011-12-16,1,39260.9765625,False,False
30,2011-12-16,59,1406.3651123046875,False,False
30,2011-12-16,23,43847.26953125,False,False
30,2011-12-23,25,31303.380859375,False,False
30,2011-12-23,82,90320.4375,False,False
30,2011-12-23,29,20476.3671875,False,False
30,2011-12-23,56,1226.8529052734375,False,False
30,2011-12-23,7,119885.5625,False,False
30,2011-12-23,93,48892.2109375,False,False
30,2011-12-23,14,47424.09765625,False,False
30,2011-12-23,36,4318.814453125,False,False
30,2011-12-23,30,3846.724365234375,False,False
30,2011-12-23,54,16.829504013061523,False,False
30,2011-12-23,36,3240.4853515625,False,False
30,2011-12-23,67,20194.53515625,False,False
30,2011-12-23,97,18695.587890625,False,False
30,2011-12-23,97,6829.236328125,False,False
30,2011-12-23,33,10856.384765625,False,False
30,2011-12-23,5,82000.96875,False,False
30,2011-12-23,20,6715.74365234375,False,False
30,2011-12-23,79,56641.70703125,False,False
30,2011-12-23,4,51651.91796875,False,False
30,2011-12-23,54,180.28372192382807,False,False
30,2011-12-23,58,9840.2294921875,False,False
30,2011-12-23,71,8043.63818359375,False,False
30,2011-12-23,42,8385.1826171875,False,False
30,2011-12-23,13,42308.25,False,False
30,2011-12-23,97,28298.380859375,False,False
30,2011-12-23,42,8392.248046875,False,False
30,2011-12-23,16,3409.582763671875,False,False
30,2011-12-23,97,23716.064453125,False,False
30,2011-12-23,49,3684.614013671875,False,False
30,2011-12-23,19,1702.3897705078125,False,False
30,2011-12-23,98,15566.6142578125,False,False
30,2011-12-23,93,54644.0078125,False,False
30,2011-12-23,85,8687.2919921875,False,False
30,2011-12-23,87,59201.16015625,False,False
30,2011-12-23,94,52058.79296875,False,False
30,2011-12-23,93,52702.68359375,False,False
30,2011-12-23,98,12045.4853515625,False,False
30,2011-12-23,82,63702.55078125,False,False
30,2011-12-23,2,53671.23046875,False,False
30,2011-12-23,25,10984.7880859375,False,False
30,2011-12-23,56,19.85822105407715,False,False
30,2011-12-23,4,75886.78125,False,False
30,2011-12-23,98,11182.658203125,False,False
30,2011-12-23,2,111253.5234375,False,False
30,2011-12-23,41,5979.9033203125,False,False
30,2011-12-23,28,1009.4281005859376,False,False
30,2011-12-23,56,2902.35595703125,False,False
30,2011-12-23,32,27368.494140625,False,False
30,2011-12-23,46,29974.98828125,False,False
30,2011-12-23,38,33459.890625,False,False
30,2011-12-23,36,2113.808349609375,False,False
30,2011-12-23,8,44564.640625,False,False
30,2011-12-23,5,92563.84375,False,False
30,2011-12-23,99,2455.93701171875,False,False
30,2011-12-23,42,6458.1123046875,False,False
30,2011-12-23,94,29649.88671875,False,False
30,2011-12-23,49,9829.1669921875,False,False
30,2011-12-23,85,6632.2099609375,False,False
30,2011-12-23,40,59202.4140625,False,False
30,2011-12-23,95,97613.8359375,False,False
30,2011-12-23,67,26503.42578125,False,False
30,2011-12-23,21,12133.2197265625,False,False
30,2011-12-23,14,31192.283203125,False,False
30,2011-12-23,33,16845.474609375,False,False
30,2011-12-23,71,7053.3271484375,False,False
30,2011-12-23,58,779.2212524414062,False,False
30,2011-12-23,98,14183.4638671875,False,False
30,2011-12-23,20,5509.71923828125,False,False
30,2011-12-23,52,4244.62890625,False,False
30,2011-12-23,79,35180.15234375,False,False
30,2011-12-23,92,162043.515625,False,False
30,2011-12-23,2,43196.91796875,False,False
30,2011-12-23,83,3153.54345703125,False,False
30,2011-12-23,85,8215.81640625,False,False
30,2011-12-23,28,1581.795654296875,False,False
30,2011-12-30,42,3868.2001953125,True,False
30,2011-12-30,60,259.9153747558594,True,False
30,2011-12-30,6,7068.8857421875,True,False
30,2011-12-30,23,45356.2890625,True,False
30,2011-12-30,91,42754.828125,True,False
30,2011-12-30,99,1425.04248046875,True,False
30,2011-12-30,72,51608.72265625,True,False
30,2011-12-30,11,19521.044921875,True,False
30,2011-12-30,40,48506.11328125,True,False
30,2011-12-30,40,37580.53515625,True,False
30,2011-12-30,32,14206.1904296875,True,False
30,2011-12-30,91,37737.72265625,True,False
30,2011-12-30,33,8492.2294921875,True,False
30,2011-12-30,17,13919.708984375,True,False
30,2011-12-30,11,16982.7421875,True,False
30,2011-12-30,42,5523.98681640625,True,False
30,2011-12-30,93,43894.55859375,True,False
30,2011-12-30,14,27476.80078125,True,False
30,2011-12-30,7,41715.53515625,True,False
30,2011-12-30,32,8544.880859375,True,False
30,2011-12-30,85,2974.250732421875,True,False
30,2011-12-30,40,46592.62890625,True,False
30,2011-12-30,56,3154.355224609375,True,False
30,2011-12-30,28,614.53955078125,True,False
30,2011-12-30,19,1524.5975341796875,True,False
30,2011-12-30,59,2631.731201171875,True,False
30,2011-12-30,20,3591.251708984375,True,False
30,2011-12-30,23,493.0328063964844,True,False
30,2011-12-30,56,480.3605041503906,True,False
30,2011-12-30,6,4815.580078125,True,False
30,2011-12-30,49,9789.94140625,True,False
30,2011-12-30,46,21861.05078125,True,False
30,2011-12-30,55,32686.525390625,True,False
30,2011-12-30,10,12231.365234375,True,False
30,2011-12-30,42,6197.4345703125,True,False
30,2011-12-30,41,1128.026611328125,True,False
30,2011-12-30,21,5963.31103515625,True,False
30,2011-12-30,13,31788.162109375,True,False
30,2011-12-30,38,48616.9453125,True,False
30,2011-12-30,23,28890.7109375,True,False
30,2011-12-30,30,3408.36669921875,True,False
30,2011-12-30,44,2631.08984375,True,False
30,2011-12-30,32,17386.044921875,True,False
30,2011-12-30,58,544.7811889648438,True,False
30,2011-12-30,1,26681.20703125,True,False
30,2011-12-30,59,1575.03125,True,False
30,2011-12-30,29,5802.99658203125,True,False
30,2011-12-30,14,30587.58984375,True,False
30,2011-12-30,30,2524.22900390625,True,False
30,2011-12-30,23,33405.0703125,True,False
30,2011-12-30,16,1922.6832275390625,True,False
30,2011-12-30,74,31027.078125,True,False
30,2011-12-30,26,5302.7099609375,True,False
30,2011-12-30,24,5860.39794921875,True,False
30,2011-12-30,97,20538.197265625,True,False
30,2011-12-30,12,2502.234619140625,True,False
30,2011-12-30,22,15041.8515625,True,False
30,2011-12-30,90,52435.11328125,True,False
30,2011-12-30,48,1040.542236328125,True,False
30,2011-12-30,2,44389.53515625,True,False
30,2011-12-30,25,8008.4541015625,True,False
30,2011-12-30,17,13287.83203125,True,False
30,2011-12-30,1,25446.251953125,True,False
30,2011-12-30,42,4350.5712890625,True,False
30,2011-12-30,14,35748.49609375,True,False
31,2011-12-02,7,38673.85546875,False,False
31,2011-12-02,56,1441.3292236328125,False,False
31,2011-12-02,46,20749.830078125,False,False
31,2011-12-02,40,59835.7421875,False,False
31,2011-12-02,94,44744.515625,False,False
31,2011-12-02,83,3684.82373046875,False,False
31,2011-12-02,80,11123.0322265625,False,False
31,2011-12-02,19,17.515913009643555,False,False
31,2011-12-02,36,1473.4635009765625,False,False
31,2011-12-02,4,44013.171875,False,False
31,2011-12-02,23,41899.97265625,False,False
31,2011-12-02,38,101089.1796875,False,False
31,2011-12-02,21,4487.7880859375,False,False
31,2011-12-02,4,27256.63671875,False,False
31,2011-12-02,55,13748.845703125,False,False
31,2011-12-02,1,33105.51171875,False,False
31,2011-12-02,79,41588.15625,False,False
31,2011-12-02,5,33246.984375,False,False
31,2011-12-02,40,45337.87890625,False,False
31,2011-12-02,87,38807.8671875,False,False
31,2011-12-02,85,5234.87646484375,False,False
31,2011-12-02,1,32333.001953125,False,False
31,2011-12-02,80,14221.75390625,False,False
31,2011-12-02,34,11846.91015625,False,False
31,2011-12-02,95,57167.3828125,False,False
31,2011-12-02,93,32981.2734375,False,False
31,2011-12-02,14,18903.326171875,False,False
31,2011-12-02,40,64538.91015625,False,False
31,2011-12-02,67,7991.8115234375,False,False
31,2011-12-02,23,26805.166015625,False,False
31,2011-12-02,40,50562.3203125,False,False
31,2011-12-02,30,3689.17041015625,False,False
31,2011-12-02,27,2943.28515625,False,False
31,2011-12-02,44,5270.55224609375,False,False
31,2011-12-02,37,2117.086669921875,False,False
31,2011-12-02,98,9627.025390625,False,False
31,2011-12-02,41,1900.098876953125,False,False
31,2011-12-02,14,21452.234375,False,False
31,2011-12-02,42,6077.5439453125,False,False
31,2011-12-02,23,29441.689453125,False,False
31,2011-12-02,34,11879.2548828125,False,False
31,2011-12-02,77,206.58328247070312,False,False
31,2011-12-02,94,35525.37890625,False,False
31,2011-12-02,71,5748.671875,False,False
31,2011-12-02,94,36936.9765625,False,False
31,2011-12-02,29,5048.0068359375,False,False
31,2011-12-02,46,23783.25,False,False
31,2011-12-02,34,11123.3623046875,False,False
31,2011-12-02,85,2688.87060546875,False,False
31,2011-12-02,95,111704.1640625,False,False
31,2011-12-02,12,3805.752685546875,False,False
31,2011-12-02,16,3751.5205078125,False,False
31,2011-12-02,74,26010.056640625,False,False
31,2011-12-02,30,2056.300048828125,False,False
31,2011-12-02,20,6218.02880859375,False,False
31,2011-12-02,40,58261.515625,False,False
31,2011-12-02,97,38737.734375,False,False
31,2011-12-02,31,2630.030029296875,False,False
31,2011-12-02,59,1134.82080078125,False,False
31,2011-12-02,93,40252.0,False,False
31,2011-12-02,83,2973.1435546875,False,False
31,2011-12-02,40,62156.20703125,False,False
31,2011-12-02,55,20273.35546875,False,False
31,2011-12-02,28,699.548095703125,False,False
31,2011-12-02,85,3205.313232421875,False,False
31,2011-12-09,18,59552.0546875,False,False
31,2011-12-09,83,5286.31201171875,False,False
31,2011-12-09,17,11854.779296875,False,False
31,2011-12-09,4,30938.833984375,False,False
31,2011-12-09,55,21126.099609375,False,False
31,2011-12-09,54,24.87689018249512,False,False
31,2011-12-09,82,28373.552734375,False,False
31,2011-12-09,3,11990.2265625,False,False
31,2011-12-09,35,2804.286376953125,False,False
31,2011-12-09,42,4615.7802734375,False,False
31,2011-12-09,94,42462.5625,False,False
31,2011-12-09,26,12005.2314453125,False,False
31,2011-12-09,3,15537.2216796875,False,False
31,2011-12-09,98,53592.0703125,False,False
31,2011-12-09,71,2476.515869140625,False,False
31,2011-12-09,26,7488.154296875,False,False
31,2011-12-09,90,48499.8828125,False,False
31,2011-12-09,79,16844.955078125,False,False
31,2011-12-09,16,3533.860595703125,False,False
31,2011-12-09,36,2213.7890625,False,False
31,2011-12-09,37,3165.484619140625,False,False
31,2011-12-09,4,46785.08203125,False,False
31,2011-12-09,1,27696.28125,False,False
31,2011-12-09,5,50729.93359375,False,False
31,2011-12-09,26,12760.0634765625,False,False
31,2011-12-09,93,2381.2568359375,False,False
31,2011-12-09,33,8912.5556640625,False,False
31,2011-12-09,67,12362.2783203125,False,False
31,2011-12-09,31,4494.9208984375,False,False
31,2011-12-09,16,3979.54541015625,False,False
31,2011-12-09,27,5311.67529296875,False,False
31,2011-12-09,36,3506.07080078125,False,False
31,2011-12-09,3,12749.1669921875,False,False
31,2011-12-09,42,5708.91748046875,False,False
31,2011-12-09,13,27645.642578125,False,False
31,2011-12-09,1,33156.21484375,False,False
31,2011-12-09,27,2613.934814453125,False,False
31,2011-12-09,37,2356.261474609375,False,False
31,2011-12-09,20,5060.82666015625,False,False
31,2011-12-09,96,5520.87158203125,False,False
31,2011-12-09,47,20.909912109375,False,False
31,2011-12-09,67,10555.5693359375,False,False
31,2011-12-09,2,53362.48046875,False,False
31,2011-12-09,91,52378.859375,False,False
31,2011-12-09,49,6336.84912109375,False,False
31,2011-12-09,4,31164.794921875,False,False
31,2011-12-09,2,45351.7421875,False,False
31,2011-12-09,46,29949.880859375,False,False
31,2011-12-09,30,2795.052001953125,False,False
31,2011-12-09,90,39823.12109375,False,False
31,2011-12-09,11,39436.984375,False,False
31,2011-12-09,7,61229.1875,False,False
31,2011-12-09,83,8347.4794921875,False,False
31,2011-12-09,96,18685.853515625,False,False
31,2011-12-09,87,22844.9296875,False,False
31,2011-12-09,42,4841.5859375,False,False
31,2011-12-09,8,40434.05859375,False,False
31,2011-12-09,22,17792.021484375,False,False
31,2011-12-09,24,9764.4365234375,False,False
31,2011-12-09,6,2883.690185546875,False,False
31,2011-12-09,2,52296.6015625,False,False
31,2011-12-09,96,10716.111328125,False,False
31,2011-12-09,18,72238.140625,False,False
31,2011-12-09,22,12282.9150390625,False,False
31,2011-12-09,11,42159.203125,False,False
31,2011-12-09,18,20347.654296875,False,False
31,2011-12-09,13,26534.162109375,False,False
31,2011-12-09,98,9560.48828125,False,False
31,2011-12-09,87,11332.1689453125,False,False
31,2011-12-09,13,27642.22265625,False,False
31,2011-12-09,23,45264.21875,False,False
31,2011-12-09,42,4196.24267578125,False,False
31,2011-12-09,49,7458.92529296875,False,False
31,2011-12-16,49,8148.9169921875,False,False
31,2011-12-16,44,4914.72265625,False,False
31,2011-12-16,23,52733.78125,False,False
31,2011-12-16,82,81138.0234375,False,False
31,2011-12-16,82,48151.734375,False,False
31,2011-12-16,27,3102.84716796875,False,False
31,2011-12-16,13,23133.244140625,False,False
31,2011-12-16,60,705.4483032226562,False,False
31,2011-12-16,9,26974.08203125,False,False
31,2011-12-16,9,17281.833984375,False,False
31,2011-12-16,55,25637.2734375,False,False
31,2011-12-16,71,7746.81494140625,False,False
31,2011-12-16,96,27368.138671875,False,False
31,2011-12-16,67,12331.42578125,False,False
31,2011-12-16,7,118497.28125,False,False
31,2011-12-16,21,7421.37109375,False,False
31,2011-12-16,54,120.6512451171875,False,False
31,2011-12-16,95,51583.5703125,False,False
31,2011-12-16,60,813.3361206054688,False,False
31,2011-12-16,29,13752.3916015625,False,False
31,2011-12-16,7,96224.6328125,False,False
31,2011-12-16,44,7584.4921875,False,False
31,2011-12-16,93,74103.015625,False,False
31,2011-12-16,99,2242.201416015625,False,False
31,2011-12-16,13,32045.595703125,False,False
31,2011-12-16,37,3380.668701171875,False,False
31,2011-12-16,56,2519.688232421875,False,False
31,2011-12-16,21,7538.478515625,False,False
31,2011-12-16,94,51701.87890625,False,False
31,2011-12-16,35,3753.718505859375,False,False
31,2011-12-16,97,14578.9697265625,False,False
31,2011-12-16,3,16981.5390625,False,False
31,2011-12-16,79,31973.83203125,False,False
31,2011-12-16,30,3166.640380859375,False,False
31,2011-12-16,56,2289.925048828125,False,False
31,2011-12-16,42,6929.7802734375,False,False
31,2011-12-16,80,15470.8388671875,False,False
31,2011-12-16,60,427.8683166503906,False,False
31,2011-12-16,97,18636.830078125,False,False
31,2011-12-16,98,12855.7998046875,False,False
31,2011-12-16,97,39106.5546875,False,False
31,2011-12-16,71,4136.43212890625,False,False
31,2011-12-16,10,33761.9921875,False,False
31,2011-12-16,49,191.5958709716797,False,False
31,2011-12-16,25,11222.6396484375,False,False
31,2011-12-16,55,15125.837890625,False,False
31,2011-12-16,1,36707.32421875,False,False
31,2011-12-16,87,9327.26171875,False,False
31,2011-12-16,40,49527.9140625,False,False
31,2011-12-16,60,1365.6148681640625,False,False
31,2011-12-16,96,17397.048828125,False,False
31,2011-12-16,30,3756.35400390625,False,False
31,2011-12-16,37,3857.929931640625,False,False
31,2011-12-16,35,3053.935302734375,False,False
31,2011-12-16,45,15.53053379058838,False,False
31,2011-12-16,10,20979.197265625,False,False
31,2011-12-16,87,21300.962890625,False,False
31,2011-12-16,79,17459.59765625,False,False
31,2011-12-16,41,6899.97607421875,False,False
31,2011-12-16,50,2889.916015625,False,False
31,2011-12-16,8,33417.58203125,False,False
31,2011-12-16,11,25840.47265625,False,False
31,2011-12-16,96,23004.611328125,False,False
31,2011-12-16,1,53768.94140625,False,False
31,2011-12-16,96,28953.078125,False,False
31,2011-12-16,60,273.5908203125,False,False
31,2011-12-16,85,3160.301513671875,False,False
31,2011-12-16,12,3562.917724609375,False,False
31,2011-12-16,54,88.79740905761719,False,False
31,2011-12-16,1,32393.189453125,False,False
31,2011-12-16,23,49949.4296875,False,False
31,2011-12-16,54,38.33258438110352,False,False
31,2011-12-16,87,18987.21875,False,False
31,2011-12-16,27,5133.04052734375,False,False
31,2011-12-16,13,34764.42578125,False,False
31,2011-12-16,10,21826.30078125,False,False
31,2011-12-16,31,4544.07177734375,False,False
31,2011-12-16,4,37377.61328125,False,False
31,2011-12-16,94,62171.640625,False,False
31,2011-12-16,93,41468.8984375,False,False
31,2011-12-16,95,80360.640625,False,False
31,2011-12-16,71,8801.6650390625,False,False
31,2011-12-16,31,4232.03955078125,False,False
31,2011-12-16,7,161362.84375,False,False
31,2011-12-16,60,681.0374145507812,False,False
31,2011-12-23,82,39276.62890625,False,False
31,2011-12-23,2,105848.5234375,False,False
31,2011-12-23,4,36931.63671875,False,False
31,2011-12-23,96,12483.587890625,False,False
31,2011-12-23,16,4049.787353515625,False,False
31,2011-12-23,60,1543.30078125,False,False
31,2011-12-23,30,4258.912109375,False,False
31,2011-12-23,16,3942.718994140625,False,False
31,2011-12-23,9,8175.4833984375,False,False
31,2011-12-23,95,143093.828125,False,False
31,2011-12-23,24,18283.390625,False,False
31,2011-12-23,30,3781.486572265625,False,False
31,2011-12-23,11,29076.328125,False,False
31,2011-12-23,92,170957.671875,False,False
31,2011-12-23,6,7706.0966796875,False,False
31,2011-12-23,59,3115.61376953125,False,False
31,2011-12-23,17,14229.4423828125,False,False
31,2011-12-23,54,271.3883972167969,False,False
31,2011-12-23,19,2040.03466796875,False,False
31,2011-12-23,6,20720.234375,False,False
31,2011-12-23,37,2549.053466796875,False,False
31,2011-12-23,14,32118.19921875,False,False
31,2011-12-23,82,98312.4375,False,False
31,2011-12-23,98,19072.451171875,False,False
31,2011-12-23,96,35841.9140625,False,False
31,2011-12-23,72,82596.3046875,False,False
31,2011-12-23,38,61429.94140625,False,False
31,2011-12-23,44,9720.30859375,False,False
31,2011-12-23,94,86508.890625,False,False
31,2011-12-23,1,64394.89453125,False,False
31,2011-12-23,38,85053.8046875,False,False
31,2011-12-23,54,86.21318054199219,False,False
31,2011-12-23,54,25.17298126220703,False,False
31,2011-12-23,33,10693.3896484375,False,False
31,2011-12-23,16,2454.791748046875,False,False
31,2011-12-23,21,14387.2353515625,False,False
31,2011-12-23,56,400.99615478515625,False,False
31,2011-12-23,38,55133.390625,False,False
31,2011-12-23,11,23492.564453125,False,False
31,2011-12-23,44,6446.4462890625,False,False
31,2011-12-23,29,9731.1259765625,False,False
31,2011-12-23,98,12629.8154296875,False,False
31,2011-12-23,49,4758.23828125,False,False
31,2011-12-23,74,22507.34375,False,False
31,2011-12-23,4,57079.96875,False,False
31,2011-12-23,42,4904.919921875,False,False
31,2011-12-23,55,50184.42578125,False,False
31,2011-12-23,20,14824.59765625,False,False
31,2011-12-23,54,147.98793029785156,False,False
31,2011-12-23,21,17999.90625,False,False
31,2011-12-23,28,1312.6807861328125,False,False
31,2011-12-23,72,125439.0234375,False,False
31,2011-12-23,38,95240.4453125,False,False
31,2011-12-23,46,37388.9375,False,False
31,2011-12-23,37,2396.552490234375,False,False
31,2011-12-23,59,5378.76953125,False,False
31,2011-12-23,97,26381.111328125,False,False
31,2011-12-23,38,81754.609375,False,False
31,2011-12-23,32,25064.150390625,False,False
31,2011-12-23,28,1102.6424560546875,False,False
31,2011-12-23,30,4187.408203125,False,False
31,2011-12-23,22,31847.99609375,False,False
31,2011-12-23,21,13541.3271484375,False,False
31,2011-12-23,32,29978.9375,False,False
31,2011-12-23,79,17986.564453125,False,False
31,2011-12-23,36,2852.701171875,False,False
31,2011-12-23,42,5949.7177734375,False,False
31,2011-12-23,33,9830.400390625,False,False
31,2011-12-23,44,6270.5029296875,False,False
31,2011-12-23,9,29237.080078125,False,False
31,2011-12-30,91,17161.455078125,True,False
31,2011-12-30,16,5099.478515625,True,False
31,2011-12-30,23,35291.1171875,True,False
31,2011-12-30,29,9579.4501953125,True,False
31,2011-12-30,29,7050.349609375,True,False
31,2011-12-30,38,48151.81640625,True,False
31,2011-12-30,31,3843.908447265625,True,False
31,2011-12-30,24,3571.2939453125,True,False
31,2011-12-30,71,5687.0419921875,True,False
31,2011-12-30,12,6646.158203125,True,False
31,2011-12-30,46,29019.29296875,True,False
31,2011-12-30,74,20561.173828125,True,False
31,2011-12-30,23,39998.63671875,True,False
31,2011-12-30,10,14929.892578125,True,False
31,2011-12-30,52,1830.5345458984373,True,False
31,2011-12-30,10,19423.666015625,True,False
31,2011-12-30,9,19240.42578125,True,False
31,2011-12-30,3,10212.0439453125,True,False
31,2011-12-30,6,11892.5458984375,True,False
31,2011-12-30,72,72394.9765625,True,False
31,2011-12-30,9,29777.365234375,True,False
31,2011-12-30,27,3490.6220703125,True,False
31,2011-12-30,30,2037.6048583984373,True,False
31,2011-12-30,94,32697.2265625,True,False
31,2011-12-30,20,4864.83154296875,True,False
31,2011-12-30,67,8874.119140625,True,False
31,2011-12-30,74,16643.337890625,True,False
31,2011-12-30,58,3224.574462890625,True,False
31,2011-12-30,28,659.1154174804688,True,False
31,2011-12-30,44,4390.91650390625,True,False
31,2011-12-30,92,52804.40625,True,False
31,2011-12-30,52,1740.431884765625,True,False
31,2011-12-30,2,70993.015625,True,False
31,2011-12-30,6,8203.6240234375,True,False
31,2011-12-30,26,7606.388671875,True,False
31,2011-12-30,20,4734.85009765625,True,False
31,2011-12-30,38,81824.09375,True,False
31,2011-12-30,19,860.9161987304688,True,False
31,2011-12-30,10,17639.31640625,True,False
31,2011-12-30,79,29921.9765625,True,False
31,2011-12-30,3,5862.69384765625,True,False
31,2011-12-30,92,112850.4140625,True,False
31,2011-12-30,87,9687.57421875,True,False
31,2011-12-30,9,36911.33984375,True,False
31,2011-12-30,29,9337.6904296875,True,False
31,2011-12-30,6,9674.3310546875,True,False
31,2011-12-30,44,5790.46484375,True,False
31,2011-12-30,74,24333.27734375,True,False
31,2011-12-30,96,20086.498046875,True,False
31,2011-12-30,12,5296.85107421875,True,False
31,2011-12-30,98,8111.93896484375,True,False
31,2011-12-30,94,43409.17578125,True,False
31,2011-12-30,72,74999.9609375,True,False
31,2011-12-30,26,5989.6337890625,True,False
31,2011-12-30,97,19717.115234375,True,False
31,2011-12-30,22,9820.7392578125,True,False
31,2011-12-30,11,10326.51171875,True,False
31,2011-12-30,44,3660.592529296875,True,False
31,2011-12-30,94,40550.765625,True,False
31,2011-12-30,91,61412.7421875,True,False
31,2011-12-30,5,34362.7734375,True,False
31,2011-12-30,33,5099.10400390625,True,False
31,2011-12-30,12,2999.27587890625,True,False
31,2011-12-30,42,4967.4794921875,True,False
31,2011-12-30,95,48887.07421875,True,False
31,2011-12-30,42,6102.67578125,True,False
31,2011-12-30,26,4799.3076171875,True,False
31,2011-12-30,37,1636.2574462890625,True,False
31,2011-12-30,9,35850.5703125,True,False
32,2011-12-02,40,21001.455078125,False,False
32,2011-12-02,28,58.04735565185547,False,False
32,2011-12-02,79,22441.61328125,False,False
32,2011-12-02,59,66.86270904541016,False,False
32,2011-12-02,1,8096.46728515625,False,False
32,2011-12-02,56,130.08140563964844,False,False
32,2011-12-02,7,586.63232421875,False,False
32,2011-12-02,56,368.41748046875,False,False
32,2011-12-02,12,92.32077026367188,False,False
32,2011-12-02,2,11993.98828125,False,False
32,2011-12-02,40,17069.546875,False,False
32,2011-12-02,97,9012.265625,False,False
32,2011-12-02,56,270.3602600097656,False,False
32,2011-12-02,81,12320.7255859375,False,False
32,2011-12-02,93,17476.03125,False,False
32,2011-12-02,10,871.4685668945312,False,False
32,2011-12-02,7,288.8977355957031,False,False
32,2011-12-02,90,247.64410400390625,False,False
32,2011-12-02,31,46.03997421264648,False,False
32,2011-12-02,83,2194.216552734375,False,False
32,2011-12-02,80,3212.09814453125,False,False
32,2011-12-02,13,12241.712890625,False,False
32,2011-12-02,18,497.6184387207031,False,False
32,2011-12-02,10,320.98394775390625,False,False
32,2011-12-02,11,869.0965576171875,False,False
32,2011-12-02,8,10067.9189453125,False,False
32,2011-12-02,27,17.191354751586914,False,False
32,2011-12-02,5,1373.88623046875,False,False
32,2011-12-02,27,22.018253326416016,False,False
32,2011-12-02,38,66208.8046875,False,False
32,2011-12-02,87,191.5508270263672,False,False
32,2011-12-02,81,10507.83984375,False,False
32,2011-12-02,23,332.9100646972656,False,False
32,2011-12-02,7,618.608154296875,False,False
32,2011-12-02,18,16568.982421875,False,False
32,2011-12-02,25,50.12569427490234,False,False
32,2011-12-02,1,9388.9384765625,False,False
32,2011-12-02,46,4287.89404296875,False,False
32,2011-12-02,87,912.9450073242188,False,False
32,2011-12-02,80,8390.1201171875,False,False
32,2011-12-02,59,25.85775756835937,False,False
32,2011-12-02,22,105.93172454833984,False,False
32,2011-12-02,33,2135.91357421875,False,False
32,2011-12-02,14,1151.69091796875,False,False
32,2011-12-02,82,7034.16845703125,False,False
32,2011-12-02,52,20.110475540161133,False,False
32,2011-12-09,10,150.24559020996094,False,False
32,2011-12-09,11,1203.1636962890625,False,False
32,2011-12-09,99,4.704151153564453,False,False
32,2011-12-09,56,2156.517333984375,False,False
32,2011-12-09,23,83.0270767211914,False,False
32,2011-12-09,14,908.9072875976562,False,False
32,2011-12-09,87,411.8390808105469,False,False
32,2011-12-09,3,834.7388305664062,False,False
32,2011-12-09,49,17.378015518188477,False,False
32,2011-12-09,72,697.93603515625,False,False
32,2011-12-09,7,301.8818054199219,False,False
32,2011-12-09,26,114.90450286865234,False,False
32,2011-12-09,87,162.02552795410156,False,False
32,2011-12-09,52,27.6791934967041,False,False
32,2011-12-09,7,525.03857421875,False,False
32,2011-12-09,97,12428.86328125,False,False
32,2011-12-09,31,6.68566370010376,False,False
32,2011-12-09,94,16572.765625,False,False
32,2011-12-09,16,588.5805053710938,False,False
32,2011-12-09,31,56.54000854492188,False,False
32,2011-12-09,10,284.38006591796875,False,False
32,2011-12-09,6,55.52213287353516,False,False
32,2011-12-09,79,5566.625,False,False
32,2011-12-09,42,131.7751007080078,False,False
32,2011-12-09,46,3514.28857421875,False,False
32,2011-12-09,72,79.55708312988281,False,False
32,2011-12-09,18,724.4656372070312,False,False
32,2011-12-09,17,47.41951751708984,False,False
32,2011-12-09,21,875.86767578125,False,False
32,2011-12-09,92,70908.28125,False,False
32,2011-12-09,9,95.83941650390624,False,False
32,2011-12-09,74,502.3150329589844,False,False
32,2011-12-09,9,41.88066482543945,False,False
32,2011-12-09,3,595.1436157226562,False,False
32,2011-12-09,11,1146.330322265625,False,False
32,2011-12-09,16,1242.5814208984375,False,False
32,2011-12-09,17,131.77914428710938,False,False
32,2011-12-09,21,510.39691162109375,False,False
32,2011-12-09,9,49.51568984985352,False,False
32,2011-12-09,97,4798.59228515625,False,False
32,2011-12-09,60,881.2734375,False,False
32,2011-12-09,8,7390.7119140625,False,False
32,2011-12-09,49,25.80083656311035,False,False
32,2011-12-09,12,54.09465789794922,False,False
32,2011-12-09,56,660.043701171875,False,False
32,2011-12-09,98,4915.5087890625,False,False
32,2011-12-09,52,32.32918167114258,False,False
32,2011-12-09,92,82074.484375,False,False
32,2011-12-09,96,11250.0888671875,False,False
32,2011-12-09,91,27234.6484375,False,False
32,2011-12-09,2,11164.48046875,False,False
32,2011-12-09,92,55445.4921875,False,False
32,2011-12-09,93,19063.5,False,False
32,2011-12-09,42,280.986572265625,False,False
32,2011-12-09,5,952.4535522460938,False,False
32,2011-12-09,79,4027.422119140625,False,False
32,2011-12-16,80,6394.73779296875,False,False
32,2011-12-16,81,15712.513671875,False,False
32,2011-12-16,42,59.57380676269531,False,False
32,2011-12-16,26,42.25148391723633,False,False
32,2011-12-16,23,43.508888244628906,False,False
32,2011-12-16,91,20714.216796875,False,False
32,2011-12-16,4,17365.26171875,False,False
32,2011-12-16,52,12.614168167114258,False,False
32,2011-12-16,93,23399.142578125,False,False
32,2011-12-16,7,668.1656494140625,False,False
32,2011-12-16,87,1129.9339599609375,False,False
32,2011-12-16,83,3169.393310546875,False,False
32,2011-12-16,25,35.2884521484375,False,False
32,2011-12-16,26,47.79408264160156,False,False
32,2011-12-16,11,1535.7294921875,False,False
32,2011-12-16,28,101.78526306152344,False,False
32,2011-12-16,5,506.6815185546875,False,False
32,2011-12-16,16,637.6240234375,False,False
32,2011-12-16,67,1618.5263671875,False,False
32,2011-12-16,4,12332.18359375,False,False
32,2011-12-16,97,7973.20361328125,False,False
32,2011-12-16,67,1758.0084228515625,False,False
32,2011-12-16,91,13807.921875,False,False
32,2011-12-16,4,13032.2880859375,False,False
32,2011-12-16,12,152.5076904296875,False,False
32,2011-12-16,17,235.47515869140625,False,False
32,2011-12-16,7,979.385009765625,False,False
32,2011-12-16,46,236.94808959960935,False,False
32,2011-12-16,87,903.930419921875,False,False
32,2011-12-16,79,7529.064453125,False,False
32,2011-12-16,83,9837.9814453125,False,False
32,2011-12-16,83,1470.69970703125,False,False
32,2011-12-16,10,389.5362243652344,False,False
32,2011-12-16,27,2.510209321975708,False,False
32,2011-12-16,25,12.403826713562012,False,False
32,2011-12-16,93,36127.59375,False,False
32,2011-12-16,74,693.9158935546875,False,False
32,2011-12-16,12,12.683599472045898,False,False
32,2011-12-16,93,31861.55078125,False,False
32,2011-12-16,87,584.917236328125,False,False
32,2011-12-16,81,10280.25390625,False,False
32,2011-12-16,83,1145.844482421875,False,False
32,2011-12-16,74,406.02349853515625,False,False
32,2011-12-16,46,4667.89208984375,False,False
32,2011-12-16,20,42.05582046508789,False,False
32,2011-12-16,91,21387.029296875,False,False
32,2011-12-16,13,6013.98681640625,False,False
32,2011-12-16,72,90.67774200439452,False,False
32,2011-12-16,1,10353.3037109375,False,False
32,2011-12-16,25,11.381007194519045,False,False
32,2011-12-16,3,831.4800415039062,False,False
32,2011-12-23,1,9761.6943359375,False,False
32,2011-12-23,83,5723.6982421875,False,False
32,2011-12-23,3,1112.471435546875,False,False
32,2011-12-23,2,11486.9951171875,False,False
32,2011-12-23,9,11.499677658081056,False,False
32,2011-12-23,11,3237.9560546875,False,False
32,2011-12-23,10,1502.281494140625,False,False
32,2011-12-23,14,2000.23779296875,False,False
32,2011-12-23,16,829.7525634765625,False,False
32,2011-12-23,87,528.2214965820312,False,False
32,2011-12-23,11,2646.8525390625,False,False
32,2011-12-23,4,14890.4638671875,False,False
32,2011-12-23,38,68.17578887939453,False,False
32,2011-12-23,23,21.639970779418945,False,False
32,2011-12-23,52,11.480186462402344,False,False
32,2011-12-23,2,13555.5703125,False,False
32,2011-12-23,94,39381.7890625,False,False
32,2011-12-23,14,1934.7850341796875,False,False
32,2011-12-23,92,37020.25,False,False
32,2011-12-23,6,68.97821044921875,False,False
32,2011-12-23,82,11789.90234375,False,False
32,2011-12-23,25,30.119096755981445,False,False
32,2011-12-23,67,1405.8319091796875,False,False
32,2011-12-23,96,8193.1435546875,False,False
32,2011-12-23,12,102.35472869873048,False,False
32,2011-12-23,21,967.1670532226562,False,False
32,2011-12-23,94,22109.826171875,False,False
32,2011-12-23,96,16592.27734375,False,False
32,2011-12-23,6,59.08168411254883,False,False
32,2011-12-23,18,859.4588623046875,False,False
32,2011-12-23,91,30051.96875,False,False
32,2011-12-23,71,82.17118072509766,False,False
32,2011-12-23,18,1498.08447265625,False,False
32,2011-12-23,92,54881.25390625,False,False
32,2011-12-23,18,1340.07177734375,False,False
32,2011-12-23,23,151.1455535888672,False,False
32,2011-12-23,94,33783.90625,False,False
32,2011-12-23,7,1060.66064453125,False,False
32,2011-12-23,10,226.2553558349609,False,False
32,2011-12-23,92,61460.9765625,False,False
32,2011-12-23,87,67.55033874511719,False,False
32,2011-12-23,91,30162.794921875,False,False
32,2011-12-23,90,48642.9453125,False,False
32,2011-12-23,72,680.403564453125,False,False
32,2011-12-23,28,36.32075119018555,False,False
32,2011-12-23,7,779.740478515625,False,False
32,2011-12-23,72,85.2447738647461,False,False
32,2011-12-23,82,12212.0498046875,False,False
32,2011-12-23,10,3207.439208984375,False,False
32,2011-12-23,92,56767.29296875,False,False
32,2011-12-23,80,11078.1787109375,False,False
32,2011-12-23,8,25546.822265625,False,False
32,2011-12-23,31,29.596376419067383,False,False
32,2011-12-23,81,13471.373046875,False,False
32,2011-12-23,42,109.0246810913086,False,False
32,2011-12-23,23,6.259381771087647,False,False
32,2011-12-23,72,92.5534210205078,False,False
32,2011-12-23,74,420.9504089355469,False,False
32,2011-12-23,2,16992.77734375,False,False
32,2011-12-23,10,231.0238800048828,False,False
32,2011-12-23,80,7032.5009765625,False,False
32,2011-12-23,28,7.451750755310059,False,False
32,2011-12-23,92,58567.47265625,False,False
32,2011-12-23,87,216.0854034423828,False,False
32,2011-12-23,17,449.8271484375,False,False
32,2011-12-30,21,1192.0836181640625,True,False
32,2011-12-30,87,108.77896881103516,True,False
32,2011-12-30,5,1170.7210693359375,True,False
32,2011-12-30,98,6665.62744140625,True,False
32,2011-12-30,49,24.652069091796875,True,False
32,2011-12-30,17,1753.26953125,True,False
32,2011-12-30,1,8700.615234375,True,False
32,2011-12-30,96,12918.3935546875,True,False
32,2011-12-30,2,4261.158203125,True,False
32,2011-12-30,42,19.295412063598636,True,False
32,2011-12-30,90,46893.078125,True,False
32,2011-12-30,18,171.62757873535156,True,False
32,2011-12-30,18,721.3466796875,True,False
32,2011-12-30,59,284.5243530273437,True,False
32,2011-12-30,24,-261.60614013671875,True,False
32,2011-12-30,3,430.7662048339844,True,False
32,2011-12-30,14,1383.799072265625,True,False
32,2011-12-30,83,3825.554443359375,True,False
32,2011-12-30,14,1517.0281982421875,True,False
32,2011-12-30,9,57.98885726928711,True,False
32,2011-12-30,46,4785.27197265625,True,False
32,2011-12-30,40,18820.271484375,True,False
32,2011-12-30,27,19.0072078704834,True,False
32,2011-12-30,7,158.1836395263672,True,False
32,2011-12-30,27,34.33753967285156,True,False
32,2011-12-30,87,188.8673248291016,True,False
32,2011-12-30,81,8158.27099609375,True,False
32,2011-12-30,5,1163.834716796875,True,False
32,2011-12-30,42,46.81113052368164,True,False
32,2011-12-30,83,924.7884521484376,True,False
32,2011-12-30,42,92.50540924072266,True,False
32,2011-12-30,46,4375.17724609375,True,False
32,2011-12-30,21,980.7874145507812,True,False
32,2011-12-30,98,3496.67431640625,True,False
32,2011-12-30,1,5165.26611328125,True,False
32,2011-12-30,10,480.8515930175781,True,False
32,2011-12-30,92,48251.7109375,True,False
32,2011-12-30,1,6756.57177734375,True,False
32,2011-12-30,30,1445.41064453125,True,False
32,2011-12-30,52,48.189208984375,True,False
32,2011-12-30,92,43575.1953125,True,False
32,2011-12-30,4,10524.6181640625,True,False
32,2011-12-30,12,301.5498962402344,True,False
32,2011-12-30,5,685.6587524414062,True,False
32,2011-12-30,13,13387.55078125,True,False
32,2011-12-30,52,15.01070785522461,True,False
33,2011-12-02,6,2445.052734375,False,False
33,2011-12-02,5,23192.16015625,False,False
33,2011-12-02,18,52067.87890625,False,False
33,2011-12-02,49,64.25225830078125,False,False
33,2011-12-02,94,29417.458984375,False,False
33,2011-12-02,28,191.69723510742188,False,False
33,2011-12-02,58,2328.5166015625,False,False
33,2011-12-02,22,6796.8310546875,False,False
33,2011-12-02,55,11616.517578125,False,False
33,2011-12-02,46,10812.0234375,False,False
33,2011-12-02,8,39803.7734375,False,False
33,2011-12-02,7,39891.58203125,False,False
33,2011-12-02,18,24677.96484375,False,False
33,2011-12-02,25,6750.0478515625,False,False
33,2011-12-02,22,6745.2587890625,False,False
33,2011-12-02,91,27614.439453125,False,False
33,2011-12-02,58,2544.9609375,False,False
33,2011-12-02,23,20339.5234375,False,False
33,2011-12-02,13,21106.923828125,False,False
33,2011-12-02,13,19279.0703125,False,False
33,2011-12-02,74,8068.06005859375,False,False
33,2011-12-02,59,733.2584228515625,False,False
33,2011-12-02,40,38598.75,False,False
33,2011-12-02,35,2254.927734375,False,False
33,2011-12-02,3,6498.89453125,False,False
33,2011-12-02,79,18374.9765625,False,False
33,2011-12-02,31,1488.0069580078125,False,False
33,2011-12-02,34,5703.75732421875,False,False
33,2011-12-02,13,17980.80859375,False,False
33,2011-12-02,97,9791.203125,False,False
33,2011-12-02,38,49786.51171875,False,False
33,2011-12-02,17,14428.939453125,False,False
33,2011-12-02,29,3556.540771484375,False,False
33,2011-12-02,13,19911.44921875,False,False
33,2011-12-02,11,20897.20703125,False,False
33,2011-12-02,98,7389.8857421875,False,False
33,2011-12-02,10,17359.84765625,False,False
33,2011-12-02,80,14127.5498046875,False,False
33,2011-12-02,40,39328.93359375,False,False
33,2011-12-02,16,1783.6466064453125,False,False
33,2011-12-02,2,31901.591796875,False,False
33,2011-12-02,3,7981.15771484375,False,False
33,2011-12-02,97,18574.09765625,False,False
33,2011-12-02,30,1437.9725341796875,False,False
33,2011-12-02,17,13066.13671875,False,False
33,2011-12-02,5,23671.0234375,False,False
33,2011-12-02,31,1428.7088623046875,False,False
33,2011-12-02,27,1521.548583984375,False,False
33,2011-12-02,80,14009.5439453125,False,False
33,2011-12-02,82,17266.662109375,False,False
33,2011-12-02,8,22299.982421875,False,False
33,2011-12-02,87,3447.724609375,False,False
33,2011-12-02,58,4273.6572265625,False,False
33,2011-12-02,48,1199.66748046875,False,False
33,2011-12-02,83,2529.0439453125,False,False
33,2011-12-02,4,20275.16796875,False,False
33,2011-12-02,72,41435.875,False,False
33,2011-12-02,28,280.302490234375,False,False
33,2011-12-02,19,1815.4263916015625,False,False
33,2011-12-02,25,5541.06982421875,False,False
33,2011-12-02,32,5249.17529296875,False,False
33,2011-12-09,87,7105.35888671875,False,False
33,2011-12-09,10,20893.11328125,False,False
33,2011-12-09,24,5408.03369140625,False,False
33,2011-12-09,96,6621.7333984375,False,False
33,2011-12-09,36,1466.9068603515625,False,False
33,2011-12-09,5,25059.234375,False,False
33,2011-12-09,19,2192.667724609375,False,False
33,2011-12-09,54,27.28769874572754,False,False
33,2011-12-09,25,5736.037109375,False,False
33,2011-12-09,40,47937.1015625,False,False
33,2011-12-09,12,3786.813232421875,False,False
33,2011-12-09,60,308.3622741699219,False,False
33,2011-12-09,41,3096.322265625,False,False
33,2011-12-09,36,7105.81494140625,False,False
33,2011-12-09,10,15662.8984375,False,False
33,2011-12-09,67,13217.560546875,False,False
33,2011-12-09,5,6897.90087890625,False,False
33,2011-12-09,2,28800.869140625,False,False
33,2011-12-09,93,36715.92578125,False,False
33,2011-12-09,18,15794.1025390625,False,False
33,2011-12-09,7,48458.3984375,False,False
33,2011-12-09,36,1137.1851806640625,False,False
33,2011-12-09,24,5411.51904296875,False,False
33,2011-12-09,49,210.31382751464844,False,False
33,2011-12-09,33,166.70230102539062,False,False
33,2011-12-09,97,14244.298828125,False,False
33,2011-12-09,56,3170.498046875,False,False
33,2011-12-09,97,17568.296875,False,False
33,2011-12-09,74,8120.67236328125,False,False
33,2011-12-09,81,12887.013671875,False,False
33,2011-12-09,21,4699.4892578125,False,False
33,2011-12-09,25,5826.9462890625,False,False
33,2011-12-09,90,42872.41796875,False,False
33,2011-12-09,41,1799.5379638671875,False,False
33,2011-12-09,9,21757.689453125,False,False
33,2011-12-09,98,8056.9765625,False,False
33,2011-12-09,6,3830.4716796875,False,False
33,2011-12-09,7,20859.318359375,False,False
33,2011-12-09,96,832.8176879882812,False,False
33,2011-12-09,59,1630.7835693359375,False,False
33,2011-12-09,49,3155.1669921875,False,False
33,2011-12-09,80,13297.0205078125,False,False
33,2011-12-09,29,3972.077880859375,False,False
33,2011-12-09,77,394.4382019042969,False,False
33,2011-12-09,3,8187.01123046875,False,False
33,2011-12-09,28,208.26077270507807,False,False
33,2011-12-09,60,135.17152404785156,False,False
33,2011-12-09,27,886.3861083984375,False,False
33,2011-12-09,95,50192.91796875,False,False
33,2011-12-09,67,8537.91796875,False,False
33,2011-12-09,79,13071.169921875,False,False
33,2011-12-09,32,38746.32421875,False,False
33,2011-12-09,49,3501.553955078125,False,False
33,2011-12-09,14,20725.79296875,False,False
33,2011-12-09,27,1500.4942626953125,False,False
33,2011-12-09,34,11673.939453125,False,False
33,2011-12-09,3,6724.41015625,False,False
33,2011-12-09,79,11917.6103515625,False,False
33,2011-12-09,96,29899.748046875,False,False
33,2011-12-09,58,1900.87939453125,False,False
33,2011-12-09,83,2432.78857421875,False,False
33,2011-12-09,82,20399.4453125,False,False
33,2011-12-09,60,190.1493988037109,False,False
33,2011-12-09,20,3169.084228515625,False,False
33,2011-12-09,8,34762.84375,False,False
33,2011-12-09,85,4917.568359375,False,False
33,2011-12-09,98,10753.96875,False,False
33,2011-12-09,7,32626.67578125,False,False
33,2011-12-09,42,3688.968994140625,False,False
33,2011-12-09,54,37.50865173339844,False,False
33,2011-12-16,59,1226.1497802734375,False,False
33,2011-12-16,93,28814.298828125,False,False
33,2011-12-16,34,8827.302734375,False,False
33,2011-12-16,24,5748.85595703125,False,False
33,2011-12-16,72,46084.03125,False,False
33,2011-12-16,80,14570.0439453125,False,False
33,2011-12-16,49,153.83668518066406,False,False
33,2011-12-16,11,15289.2978515625,False,False
33,2011-12-16,1,17549.76953125,False,False
33,2011-12-16,24,4954.23876953125,False,False
33,2011-12-16,2,10164.7353515625,False,False
33,2011-12-16,30,1754.1607666015625,False,False
33,2011-12-16,9,13294.2431640625,False,False
33,2011-12-16,82,38966.140625,False,False
33,2011-12-16,23,43113.21484375,False,False
33,2011-12-16,35,2022.7181396484373,False,False
33,2011-12-16,8,30743.537109375,False,False
33,2011-12-16,87,19667.669921875,False,False
33,2011-12-16,10,24470.431640625,False,False
33,2011-12-16,40,67124.7890625,False,False
33,2011-12-16,46,11163.6015625,False,False
33,2011-12-16,96,22991.26171875,False,False
33,2011-12-16,50,546.7716064453125,False,False
33,2011-12-16,93,37640.69921875,False,False
33,2011-12-16,35,1898.8172607421875,False,False
33,2011-12-16,30,1844.2138671875,False,False
33,2011-12-16,92,93575.890625,False,False
33,2011-12-16,41,249.2142333984375,False,False
33,2011-12-16,18,39517.421875,False,False
33,2011-12-16,5,34474.34765625,False,False
33,2011-12-16,8,31959.0234375,False,False
33,2011-12-16,52,3097.662841796875,False,False
33,2011-12-16,16,2572.13525390625,False,False
33,2011-12-16,2,12939.0166015625,False,False
33,2011-12-16,59,2111.919921875,False,False
33,2011-12-16,20,3890.697998046875,False,False
33,2011-12-16,81,16893.291015625,False,False
33,2011-12-16,11,14942.91015625,False,False
33,2011-12-16,49,6549.7041015625,False,False
33,2011-12-16,90,57498.890625,False,False
33,2011-12-16,14,14666.5126953125,False,False
33,2011-12-16,35,2508.448486328125,False,False
33,2011-12-16,52,2196.7392578125,False,False
33,2011-12-16,60,143.67103576660156,False,False
33,2011-12-16,25,10213.8828125,False,False
33,2011-12-16,91,43810.296875,False,False
33,2011-12-16,82,30369.78515625,False,False
33,2011-12-16,55,13292.021484375,False,False
33,2011-12-16,99,3180.325927734375,False,False
33,2011-12-16,5,29618.068359375,False,False
33,2011-12-16,48,701.0572509765625,False,False
33,2011-12-16,82,30728.78125,False,False
33,2011-12-16,17,10483.5732421875,False,False
33,2011-12-16,4,25988.59765625,False,False
33,2011-12-16,83,2061.415771484375,False,False
33,2011-12-16,90,39699.30859375,False,False
33,2011-12-16,58,6909.337890625,False,False
33,2011-12-16,4,19357.681640625,False,False
33,2011-12-16,87,11729.14453125,False,False
33,2011-12-16,56,775.892578125,False,False
33,2011-12-16,59,1933.8785400390625,False,False
33,2011-12-16,9,11638.234375,False,False
33,2011-12-16,55,12780.6142578125,False,False
33,2011-12-16,10,8904.3916015625,False,False
33,2011-12-16,11,14552.5341796875,False,False
33,2011-12-16,87,9353.4052734375,False,False
33,2011-12-23,35,2623.86328125,False,False
33,2011-12-23,95,111053.359375,False,False
33,2011-12-23,59,2565.146484375,False,False
33,2011-12-23,33,8604.9130859375,False,False
33,2011-12-23,80,20688.666015625,False,False
33,2011-12-23,23,13650.4755859375,False,False
33,2011-12-23,32,27099.0625,False,False
33,2011-12-23,96,12641.4765625,False,False
33,2011-12-23,9,20062.015625,False,False
33,2011-12-23,74,9023.6162109375,False,False
33,2011-12-23,12,3635.5146484375,False,False
33,2011-12-23,94,39317.69921875,False,False
33,2011-12-23,13,32040.54296875,False,False
33,2011-12-23,35,3404.2548828125,False,False
33,2011-12-23,96,6225.357421875,False,False
33,2011-12-23,55,40282.15234375,False,False
33,2011-12-23,34,12669.8583984375,False,False
33,2011-12-23,81,22155.98828125,False,False
33,2011-12-23,38,48138.8984375,False,False
33,2011-12-23,36,1521.2244873046875,False,False
33,2011-12-23,97,13421.94921875,False,False
33,2011-12-23,87,22547.1484375,False,False
33,2011-12-23,54,93.92511749267578,False,False
33,2011-12-23,59,2668.213134765625,False,False
33,2011-12-23,80,30795.798828125,False,False
33,2011-12-23,80,16725.78515625,False,False
33,2011-12-23,46,24916.63671875,False,False
33,2011-12-23,67,11016.640625,False,False
33,2011-12-23,2,24876.759765625,False,False
33,2011-12-23,32,15986.873046875,False,False
33,2011-12-23,10,15354.2041015625,False,False
33,2011-12-23,56,688.599609375,False,False
33,2011-12-23,74,9784.35546875,False,False
33,2011-12-23,16,3131.561767578125,False,False
33,2011-12-23,25,11632.611328125,False,False
33,2011-12-23,2,70591.140625,False,False
33,2011-12-23,83,5224.9443359375,False,False
33,2011-12-23,50,1221.581298828125,False,False
33,2011-12-23,71,3036.0791015625,False,False
33,2011-12-23,10,13842.8583984375,False,False
33,2011-12-23,52,3136.234130859375,False,False
33,2011-12-23,24,7701.82275390625,False,False
33,2011-12-23,83,3222.151123046875,False,False
33,2011-12-23,31,3549.0341796875,False,False
33,2011-12-23,38,29185.236328125,False,False
33,2011-12-23,17,10021.75390625,False,False
33,2011-12-23,71,5971.3408203125,False,False
33,2011-12-23,37,4646.3466796875,False,False
33,2011-12-23,6,9196.017578125,False,False
33,2011-12-23,83,2795.949462890625,False,False
33,2011-12-23,56,1063.949462890625,False,False
33,2011-12-23,46,23200.09765625,False,False
33,2011-12-23,93,52602.34375,False,False
33,2011-12-23,35,2532.785400390625,False,False
33,2011-12-23,85,2667.198974609375,False,False
33,2011-12-23,7,59048.84375,False,False
33,2011-12-23,33,5426.923828125,False,False
33,2011-12-23,97,20606.697265625,False,False
33,2011-12-23,60,291.1949768066406,False,False
33,2011-12-23,21,7195.12939453125,False,False
33,2011-12-23,94,34494.7109375,False,False
33,2011-12-23,5,50842.23046875,False,False
33,2011-12-23,30,1640.7513427734375,False,False
33,2011-12-23,1,25963.0390625,False,False
33,2011-12-23,9,38474.25,False,False
33,2011-12-23,11,37395.08984375,False,False
33,2011-12-23,27,2051.158447265625,False,False
33,2011-12-23,12,4248.51416015625,False,False
33,2011-12-23,19,5724.92138671875,False,False
33,2011-12-23,90,46252.078125,False,False
33,2011-12-23,59,2263.9306640625,False,False
33,2011-12-23,72,109998.2890625,False,False
33,2011-12-23,27,2593.268310546875,False,False
33,2011-12-23,33,6771.8271484375,False,False
33,2011-12-23,56,1308.8822021484375,False,False
33,2011-12-23,25,8522.265625,False,False
33,2011-12-23,81,18908.78125,False,False
33,2011-12-23,80,16930.470703125,False,False
33,2011-12-23,56,1190.3826904296875,False,False
33,2011-12-23,19,2760.743408203125,False,False
33,2011-12-23,29,4790.23388671875,False,False
33,2011-12-23,18,38942.54296875,False,False
33,2011-12-23,42,3721.33154296875,False,False
33,2011-12-23,34,7345.9052734375,False,False
33,2011-12-23,81,2854.037109375,False,False
33,2011-12-23,95,44057.484375,False,False
33,2011-12-23,32,12315.619140625,False,False
33,2011-12-23,26,5246.1083984375,False,False
33,2011-12-23,37,1654.3834228515625,False,False
33,2011-12-23,96,8368.544921875,False,False
33,2011-12-23,9,17342.298828125,False,False
33,2011-12-23,80,15968.48828125,False,False
33,2011-12-23,90,95313.4453125,False,False
33,2011-12-30,92,54622.78515625,True,False
33,2011-12-30,29,3138.532470703125,True,False
33,2011-12-30,59,1866.2412109375,True,False
33,2011-12-30,42,3502.7021484375,True,False
33,2011-12-30,71,2212.30126953125,True,False
33,2011-12-30,21,4211.65380859375,True,False
33,2011-12-30,21,4211.89404296875,True,False
33,2011-12-30,55,14762.79296875,True,False
33,2011-12-30,1,23215.32421875,True,False
33,2011-12-30,46,34170.609375,True,False
33,2011-12-30,55,18749.103515625,True,False
33,2011-12-30,80,10784.783203125,True,False
33,2011-12-30,52,2001.2906494140625,True,False
33,2011-12-30,40,50323.18359375,True,False
33,2011-12-30,29,3224.32421875,True,False
33,2011-12-30,17,10491.599609375,True,False
33,2011-12-30,60,124.50868225097656,True,False
33,2011-12-30,16,3862.718017578125,True,False
33,2011-12-30,2,43115.22265625,True,False
33,2011-12-30,94,27382.703125,True,False
33,2011-12-30,47,3.025336503982544,True,False
33,2011-12-30,12,3731.11083984375,True,False
33,2011-12-30,19,909.0703125,True,False
33,2011-12-30,31,1047.61474609375,True,False
33,2011-12-30,93,27810.544921875,True,False
33,2011-12-30,11,899.73876953125,True,False
33,2011-12-30,41,45.44212341308594,True,False
33,2011-12-30,42,4028.813720703125,True,False
33,2011-12-30,67,7842.724609375,True,False
33,2011-12-30,19,1139.2493896484375,True,False
33,2011-12-30,31,1119.1690673828125,True,False
33,2011-12-30,41,3836.74951171875,True,False
33,2011-12-30,90,61658.7421875,True,False
33,2011-12-30,46,13842.96484375,True,False
33,2011-12-30,90,57596.671875,True,False
33,2011-12-30,13,17716.681640625,True,False
33,2011-12-30,29,2860.1708984375,True,False
33,2011-12-30,30,2454.85595703125,True,False
33,2011-12-30,93,23232.7421875,True,False
33,2011-12-30,18,7241.046875,True,False
33,2011-12-30,25,3372.02783203125,True,False
33,2011-12-30,60,106.9495086669922,True,False
33,2011-12-30,40,50868.77734375,True,False
33,2011-12-30,83,5573.8525390625,True,False
33,2011-12-30,37,1822.6153564453125,True,False
33,2011-12-30,21,3506.126708984375,True,False
33,2011-12-30,7,38224.31640625,True,False
33,2011-12-30,71,2637.125244140625,True,False
33,2011-12-30,17,7127.76953125,True,False
33,2011-12-30,50,396.7951049804688,True,False
33,2011-12-30,52,816.5497436523438,True,False
33,2011-12-30,18,14912.314453125,True,False
33,2011-12-30,34,8887.689453125,True,False
33,2011-12-30,40,33059.41796875,True,False
33,2011-12-30,99,138.6984405517578,True,False
33,2011-12-30,87,5776.19091796875,True,False
33,2011-12-30,50,2272.134521484375,True,False
33,2011-12-30,98,9956.708984375,True,False
33,2011-12-30,72,46293.66015625,True,False
33,2011-12-30,21,3854.67041015625,True,False
33,2011-12-30,28,286.47637939453125,True,False
33,2011-12-30,52,437.9489440917969,True,False
33,2011-12-30,82,27630.845703125,True,False
33,2011-12-30,95,41804.36328125,True,False
33,2011-12-30,85,2240.932373046875,True,False
33,2011-12-30,87,4945.330078125,True,False
33,2011-12-30,55,11385.751953125,True,False
33,2011-12-30,56,316.65155029296875,True,False
33,2011-12-30,21,5675.30029296875,True,False
33,2011-12-30,14,18260.34765625,True,False
34,2011-12-02,4,28130.373046875,False,False
34,2011-12-02,32,12100.50390625,False,False
34,2011-12-02,8,33872.56640625,False,False
34,2011-12-02,28,900.7952270507812,False,False
34,2011-12-02,79,14174.501953125,False,False
34,2011-12-02,60,39.71891021728516,False,False
34,2011-12-02,99,514.2987670898438,False,False
34,2011-12-02,79,26206.294921875,False,False
34,2011-12-02,79,21884.904296875,False,False
34,2011-12-02,50,1249.9342041015625,False,False
34,2011-12-02,93,17518.369140625,False,False
34,2011-12-02,8,25741.76953125,False,False
34,2011-12-02,59,623.7857666015625,False,False
34,2011-12-02,79,34607.48828125,False,False
34,2011-12-02,40,59207.91796875,False,False
34,2011-12-02,26,7261.443359375,False,False
34,2011-12-02,17,10073.2333984375,False,False
34,2011-12-02,19,654.2840576171875,False,False
34,2011-12-02,21,5618.81591796875,False,False
34,2011-12-02,97,13145.8974609375,False,False
34,2011-12-02,12,2987.4013671875,False,False
34,2011-12-02,31,2856.635986328125,False,False
34,2011-12-02,41,1607.4940185546875,False,False
34,2011-12-02,9,17764.451171875,False,False
34,2011-12-02,41,5090.494140625,False,False
34,2011-12-02,8,26969.740234375,False,False
34,2011-12-02,28,356.23297119140625,False,False
34,2011-12-02,87,6101.14208984375,False,False
34,2011-12-02,5,38627.30859375,False,False
34,2011-12-02,83,3153.5205078125,False,False
34,2011-12-02,74,10486.32421875,False,False
34,2011-12-02,91,49952.1484375,False,False
34,2011-12-02,44,5804.80029296875,False,False
34,2011-12-02,14,14684.173828125,False,False
34,2011-12-02,35,818.193603515625,False,False
34,2011-12-02,8,30345.642578125,False,False
34,2011-12-02,16,4267.01806640625,False,False
34,2011-12-02,16,3080.296630859375,False,False
34,2011-12-02,96,1776.9176025390625,False,False
34,2011-12-02,7,24464.416015625,False,False
34,2011-12-02,49,8254.91796875,False,False
34,2011-12-02,71,2748.355712890625,False,False
34,2011-12-02,74,10155.6982421875,False,False
34,2011-12-02,74,13163.037109375,False,False
34,2011-12-02,31,3002.52001953125,False,False
34,2011-12-02,58,1621.5863037109375,False,False
34,2011-12-02,37,2278.802490234375,False,False
34,2011-12-02,35,1798.9403076171875,False,False
34,2011-12-02,94,30767.099609375,False,False
34,2011-12-02,17,11151.0029296875,False,False
34,2011-12-02,22,7176.3720703125,False,False
34,2011-12-02,31,2668.35302734375,False,False
34,2011-12-02,33,6046.904296875,False,False
34,2011-12-02,59,1470.9102783203125,False,False
34,2011-12-02,25,6738.40673828125,False,False
34,2011-12-02,1,43910.984375,False,False
34,2011-12-02,80,7756.0380859375,False,False
34,2011-12-02,52,1117.1641845703125,False,False
34,2011-12-02,5,32873.6171875,False,False
34,2011-12-02,46,12793.9423828125,False,False
34,2011-12-02,11,31702.1875,False,False
34,2011-12-02,77,111.29388427734376,False,False
34,2011-12-02,49,5111.97607421875,False,False
34,2011-12-02,59,1502.6732177734375,False,False
34,2011-12-02,25,13678.91796875,False,False
34,2011-12-02,5,44715.20703125,False,False
34,2011-12-02,7,55209.99609375,False,False
34,2011-12-02,5,20628.775390625,False,False
34,2011-12-02,4,23261.75390625,False,False
34,2011-12-02,83,2925.4482421875,False,False
34,2011-12-02,38,52532.9609375,False,False
34,2011-12-02,28,456.877197265625,False,False
34,2011-12-02,95,32323.552734375,False,False
34,2011-12-02,33,9985.5234375,False,False
34,2011-12-02,7,33355.68359375,False,False
34,2011-12-02,29,8654.1875,False,False
34,2011-12-02,21,6249.9111328125,False,False
34,2011-12-02,28,717.17919921875,False,False
34,2011-12-02,13,34049.58203125,False,False
34,2011-12-02,32,10965.3583984375,False,False
34,2011-12-09,40,59776.52734375,False,False
34,2011-12-09,44,6557.94140625,False,False
34,2011-12-09,52,3786.025146484375,False,False
34,2011-12-09,12,2332.97265625,False,False
34,2011-12-09,41,2160.004638671875,False,False
34,2011-12-09,33,6901.27880859375,False,False
34,2011-12-09,30,2557.505126953125,False,False
34,2011-12-09,85,1778.16455078125,False,False
34,2011-12-09,5,40972.33984375,False,False
34,2011-12-09,9,14405.169921875,False,False
34,2011-12-09,2,47130.9765625,False,False
34,2011-12-09,10,22975.029296875,False,False
34,2011-12-09,10,10389.783203125,False,False
34,2011-12-09,42,4037.860107421875,False,False
34,2011-12-09,21,8638.1025390625,False,False
34,2011-12-09,41,3573.7236328125,False,False
34,2011-12-09,1,39792.19140625,False,False
34,2011-12-09,16,2523.262451171875,False,False
34,2011-12-09,7,46717.41015625,False,False
34,2011-12-09,24,10051.587890625,False,False
34,2011-12-09,10,18546.576171875,False,False
34,2011-12-09,14,17689.591796875,False,False
34,2011-12-09,34,18830.9453125,False,False
34,2011-12-09,12,2285.766357421875,False,False
34,2011-12-09,25,11544.8583984375,False,False
34,2011-12-09,36,1596.72119140625,False,False
34,2011-12-09,99,585.6539306640625,False,False
34,2011-12-09,4,24262.12109375,False,False
34,2011-12-09,48,1499.6123046875,False,False
34,2011-12-09,32,10309.1845703125,False,False
34,2011-12-09,14,14048.51953125,False,False
34,2011-12-09,7,54078.65625,False,False
34,2011-12-09,71,2474.033203125,False,False
34,2011-12-09,33,4835.52197265625,False,False
34,2011-12-09,96,30585.302734375,False,False
34,2011-12-09,97,24448.3125,False,False
34,2011-12-09,20,7950.7724609375,False,False
34,2011-12-09,42,2896.093505859375,False,False
34,2011-12-09,80,16686.2421875,False,False
34,2011-12-09,79,19862.73828125,False,False
34,2011-12-09,13,37103.94921875,False,False
34,2011-12-09,36,1612.3262939453125,False,False
34,2011-12-09,72,48263.5625,False,False
34,2011-12-09,20,4482.44189453125,False,False
34,2011-12-09,71,4215.2587890625,False,False
34,2011-12-09,42,4929.9111328125,False,False
34,2011-12-09,25,10834.85546875,False,False
34,2011-12-09,56,1590.931640625,False,False
34,2011-12-09,79,7729.4189453125,False,False
34,2011-12-09,11,16738.267578125,False,False
34,2011-12-09,37,2335.18505859375,False,False
34,2011-12-09,30,2535.569580078125,False,False
34,2011-12-09,20,3001.0634765625,False,False
34,2011-12-09,55,12259.4267578125,False,False
34,2011-12-09,24,9385.7119140625,False,False
34,2011-12-09,19,736.8091430664062,False,False
34,2011-12-09,9,7850.0703125,False,False
34,2011-12-09,17,11037.2109375,False,False
34,2011-12-09,54,97.95248413085938,False,False
34,2011-12-09,36,3156.59033203125,False,False
34,2011-12-09,7,49138.21484375,False,False
34,2011-12-09,35,2714.266357421875,False,False
34,2011-12-09,93,61959.52734375,False,False
34,2011-12-09,23,31201.85546875,False,False
34,2011-12-09,9,11635.259765625,False,False
34,2011-12-09,37,3109.45263671875,False,False
34,2011-12-09,10,13509.80859375,False,False
34,2011-12-09,42,4917.11279296875,False,False
34,2011-12-16,35,3319.121337890625,False,False
34,2011-12-16,11,24127.689453125,False,False
34,2011-12-16,72,78403.0625,False,False
34,2011-12-16,26,9137.7998046875,False,False
34,2011-12-16,80,19473.525390625,False,False
34,2011-12-16,13,26964.12109375,False,False
34,2011-12-16,18,27225.220703125,False,False
34,2011-12-16,33,10378.8349609375,False,False
34,2011-12-16,29,8507.3505859375,False,False
34,2011-12-16,37,2515.208984375,False,False
34,2011-12-16,17,10205.0712890625,False,False
34,2011-12-16,48,2027.7769775390625,False,False
34,2011-12-16,29,7290.41796875,False,False
34,2011-12-16,92,183841.25,False,False
34,2011-12-16,11,18065.09375,False,False
34,2011-12-16,67,15690.1953125,False,False
34,2011-12-16,6,9682.3515625,False,False
34,2011-12-16,12,3935.56298828125,False,False
34,2011-12-16,56,1195.6651611328125,False,False
34,2011-12-16,96,6488.798828125,False,False
34,2011-12-16,49,5683.87744140625,False,False
34,2011-12-16,29,9885.275390625,False,False
34,2011-12-16,4,39651.83203125,False,False
34,2011-12-16,6,4883.71728515625,False,False
34,2011-12-16,59,2223.26953125,False,False
34,2011-12-16,99,1083.475830078125,False,False
34,2011-12-16,11,17598.359375,False,False
34,2011-12-16,82,32161.162109375,False,False
34,2011-12-16,71,3306.339599609375,False,False
34,2011-12-16,4,23216.876953125,False,False
34,2011-12-16,67,15214.5146484375,False,False
34,2011-12-16,52,2844.68896484375,False,False
34,2011-12-16,83,8584.1640625,False,False
34,2011-12-16,5,41149.0546875,False,False
34,2011-12-16,74,8242.470703125,False,False
34,2011-12-16,49,6231.47119140625,False,False
34,2011-12-16,38,60769.9453125,False,False
34,2011-12-16,17,18988.46875,False,False
34,2011-12-16,80,12306.6318359375,False,False
34,2011-12-16,31,4759.193359375,False,False
34,2011-12-16,1,32042.353515625,False,False
34,2011-12-16,29,8605.7939453125,False,False
34,2011-12-16,24,16451.705078125,False,False
34,2011-12-16,37,2225.967529296875,False,False
34,2011-12-16,36,1909.44921875,False,False
34,2011-12-16,44,3877.47802734375,False,False
34,2011-12-16,18,18935.96484375,False,False
34,2011-12-16,3,11652.41015625,False,False
34,2011-12-16,13,20671.814453125,False,False
34,2011-12-16,49,1140.67919921875,False,False
34,2011-12-16,2,50123.03515625,False,False
34,2011-12-16,80,14675.9970703125,False,False
34,2011-12-16,5,64474.796875,False,False
34,2011-12-16,25,12604.091796875,False,False
34,2011-12-16,19,607.3847045898438,False,False
34,2011-12-16,94,31217.234375,False,False
34,2011-12-16,12,14764.78125,False,False
34,2011-12-16,2,74523.5859375,False,False
34,2011-12-16,12,2747.41015625,False,False
34,2011-12-16,11,18732.37890625,False,False
34,2011-12-16,34,17778.23828125,False,False
34,2011-12-16,35,1442.709228515625,False,False
34,2011-12-16,93,58680.5859375,False,False
34,2011-12-16,81,13694.568359375,False,False
34,2011-12-16,11,25034.33203125,False,False
34,2011-12-16,17,15243.8173828125,False,False
34,2011-12-16,14,16482.685546875,False,False
34,2011-12-16,27,3935.61279296875,False,False
34,2011-12-16,79,18757.96875,False,False
34,2011-12-16,56,1919.43408203125,False,False
34,2011-12-16,4,24428.376953125,False,False
34,2011-12-16,56,3221.380859375,False,False
34,2011-12-16,87,12889.9892578125,False,False
34,2011-12-23,91,66089.5859375,False,False
34,2011-12-23,13,53385.89453125,False,False
34,2011-12-23,34,16469.970703125,False,False
34,2011-12-23,34,14827.2314453125,False,False
34,2011-12-23,14,38970.8359375,False,False
34,2011-12-23,7,136382.21875,False,False
34,2011-12-23,72,148748.34375,False,False
34,2011-12-23,2,54291.90234375,False,False
34,2011-12-23,2,52817.5625,False,False
34,2011-12-23,59,2998.307373046875,False,False
34,2011-12-23,91,49581.6796875,False,False
34,2011-12-23,36,3986.73486328125,False,False
34,2011-12-23,28,838.85205078125,False,False
34,2011-12-23,14,17643.51953125,False,False
34,2011-12-23,19,944.293212890625,False,False
34,2011-12-23,72,88633.328125,False,False
34,2011-12-23,67,14782.69921875,False,False
34,2011-12-23,37,5351.5458984375,False,False
34,2011-12-23,55,41993.66796875,False,False
34,2011-12-23,17,19424.26953125,False,False
34,2011-12-23,20,3850.33447265625,False,False
34,2011-12-23,80,16942.08984375,False,False
34,2011-12-23,20,5495.5771484375,False,False
34,2011-12-23,82,27829.240234375,False,False
34,2011-12-23,23,43397.546875,False,False
34,2011-12-23,56,1600.1549072265625,False,False
34,2011-12-23,41,3426.3330078125,False,False
34,2011-12-23,47,-259.4401550292969,False,False
34,2011-12-23,18,60963.91015625,False,False
34,2011-12-23,17,20779.443359375,False,False
34,2011-12-23,38,66834.1640625,False,False
34,2011-12-23,27,3300.60693359375,False,False
34,2011-12-23,1,31902.814453125,False,False
34,2011-12-23,41,2008.930908203125,False,False
34,2011-12-23,21,10551.244140625,False,False
34,2011-12-23,22,19482.541015625,False,False
34,2011-12-23,59,2868.581787109375,False,False
34,2011-12-23,40,44659.4453125,False,False
34,2011-12-23,49,10394.291015625,False,False
34,2011-12-23,9,21691.572265625,False,False
34,2011-12-23,21,27585.56640625,False,False
34,2011-12-23,5,77899.765625,False,False
34,2011-12-23,24,8199.564453125,False,False
34,2011-12-23,71,5576.05224609375,False,False
34,2011-12-23,27,3644.08154296875,False,False
34,2011-12-23,91,52739.62890625,False,False
34,2011-12-23,74,12110.0048828125,False,False
34,2011-12-23,79,17450.423828125,False,False
34,2011-12-23,49,4801.85888671875,False,False
34,2011-12-23,16,4219.36279296875,False,False
34,2011-12-23,85,2904.846923828125,False,False
34,2011-12-23,79,10974.1787109375,False,False
34,2011-12-23,4,32501.375,False,False
34,2011-12-23,83,4513.1865234375,False,False
34,2011-12-23,97,12844.138671875,False,False
34,2011-12-23,34,14271.58203125,False,False
34,2011-12-23,93,48667.30859375,False,False
34,2011-12-23,25,15015.64453125,False,False
34,2011-12-23,85,5044.96484375,False,False
34,2011-12-23,92,153684.421875,False,False
34,2011-12-23,18,39026.78515625,False,False
34,2011-12-30,16,2414.574462890625,True,False
34,2011-12-30,1,36015.76171875,True,False
34,2011-12-30,48,1935.677490234375,True,False
34,2011-12-30,99,90.11317443847656,True,False
34,2011-12-30,29,5498.24853515625,True,False
34,2011-12-30,42,3076.423583984375,True,False
34,2011-12-30,2,42838.2734375,True,False
34,2011-12-30,55,17518.576171875,True,False
34,2011-12-30,44,2520.777587890625,True,False
34,2011-12-30,87,10035.86328125,True,False
34,2011-12-30,7,34753.60546875,True,False
34,2011-12-30,5,39858.47265625,True,False
34,2011-12-30,71,5864.6396484375,True,False
34,2011-12-30,81,13621.9033203125,True,False
34,2011-12-30,7,52079.37109375,True,False
34,2011-12-30,99,134.23593139648438,True,False
34,2011-12-30,13,37518.68359375,True,False
34,2011-12-30,29,5421.4013671875,True,False
34,2011-12-30,20,3363.62255859375,True,False
34,2011-12-30,19,1738.707275390625,True,False
34,2011-12-30,30,2652.40380859375,True,False
34,2011-12-30,9,7656.7646484375,True,False
34,2011-12-30,56,89.36788177490234,True,False
34,2011-12-30,81,13553.19140625,True,False
34,2011-12-30,30,2709.424560546875,True,False
34,2011-12-30,35,1889.4840087890625,True,False
34,2011-12-30,99,2299.758544921875,True,False
34,2011-12-30,92,23291.24609375,True,False
34,2011-12-30,44,3298.51806640625,True,False
34,2011-12-30,1,28460.4140625,True,False
34,2011-12-30,87,13774.6103515625,True,False
34,2011-12-30,2,54665.01171875,True,False
34,2011-12-30,6,3910.06103515625,True,False
34,2011-12-30,94,31868.451171875,True,False
34,2011-12-30,37,1991.0731201171875,True,False
34,2011-12-30,59,1589.890625,True,False
34,2011-12-30,41,2468.38818359375,True,False
34,2011-12-30,55,17086.443359375,True,False
34,2011-12-30,47,3.4480509757995605,True,False
34,2011-12-30,38,33814.96484375,True,False
34,2011-12-30,74,19225.251953125,True,False
34,2011-12-30,10,14632.0986328125,True,False
34,2011-12-30,31,477.90435791015625,True,False
34,2011-12-30,92,80438.5625,True,False
34,2011-12-30,30,2480.498046875,True,False
34,2011-12-30,14,26959.5234375,True,False
34,2011-12-30,97,15802.93359375,True,False
34,2011-12-30,35,2074.389892578125,True,False
34,2011-12-30,14,27438.623046875,True,False
34,2011-12-30,83,2132.233154296875,True,False
34,2011-12-30,18,46890.375,True,False
34,2011-12-30,7,57216.234375,True,False
34,2011-12-30,1,20227.798828125,True,False
34,2011-12-30,4,50085.76953125,True,False
34,2011-12-30,60,145.55715942382812,True,False
34,2011-12-30,24,3358.242919921875,True,False
34,2011-12-30,2,55951.92578125,True,False
34,2011-12-30,13,20569.287109375,True,False
34,2011-12-30,72,41913.91796875,True,False
34,2011-12-30,71,15687.7109375,True,False
34,2011-12-30,6,5016.47509765625,True,False
34,2011-12-30,20,3264.379638671875,True,False
34,2011-12-30,38,69324.015625,True,False
34,2011-12-30,26,5776.46630859375,True,False
34,2011-12-30,28,608.9201049804688,True,False
34,2011-12-30,79,26699.59375,True,False
34,2011-12-30,42,7390.21875,True,False
34,2011-12-30,14,25506.41015625,True,False
34,2011-12-30,46,13964.8388671875,True,False
34,2011-12-30,20,3853.129150390625,True,False
34,2011-12-30,4,39167.44921875,True,False
34,2011-12-30,80,16975.642578125,True,False
35,2011-12-02,21,4329.0283203125,False,False
35,2011-12-02,26,14671.59375,False,False
35,2011-12-02,29,11451.1875,False,False
35,2011-12-02,95,43195.74609375,False,False
35,2011-12-02,18,33906.22265625,False,False
35,2011-12-02,92,30331.650390625,False,False
35,2011-12-02,41,6773.61474609375,False,False
35,2011-12-02,13,35275.30859375,False,False
35,2011-12-02,8,19890.6640625,False,False
35,2011-12-02,34,13775.7470703125,False,False
35,2011-12-02,52,867.3870849609375,False,False
35,2011-12-02,24,7874.22900390625,False,False
35,2011-12-02,34,16984.27734375,False,False
35,2011-12-02,42,6973.81689453125,False,False
35,2011-12-02,45,17.66820526123047,False,False
35,2011-12-02,79,33299.296875,False,False
35,2011-12-02,7,78672.9375,False,False
35,2011-12-02,40,33780.23046875,False,False
35,2011-12-02,38,56383.921875,False,False
35,2011-12-02,2,50776.046875,False,False
35,2011-12-02,3,12968.81640625,False,False
35,2011-12-02,94,418.4384765625,False,False
35,2011-12-02,46,16929.41796875,False,False
35,2011-12-02,32,10490.845703125,False,False
35,2011-12-02,35,3351.092041015625,False,False
35,2011-12-02,56,1278.5513916015625,False,False
35,2011-12-02,11,15022.978515625,False,False
35,2011-12-02,94,203.2339630126953,False,False
35,2011-12-02,93,1740.373291015625,False,False
35,2011-12-02,11,15960.4580078125,False,False
35,2011-12-02,34,13840.0283203125,False,False
35,2011-12-02,77,117.77145385742188,False,False
35,2011-12-02,59,1257.850341796875,False,False
35,2011-12-02,3,13729.666015625,False,False
35,2011-12-02,67,9078.494140625,False,False
35,2011-12-02,80,2154.533447265625,False,False
35,2011-12-02,33,11263.28125,False,False
35,2011-12-02,5,46229.51171875,False,False
35,2011-12-02,8,22704.109375,False,False
35,2011-12-02,29,5943.74560546875,False,False
35,2011-12-02,7,61875.29296875,False,False
35,2011-12-02,56,869.2704467773438,False,False
35,2011-12-02,71,7589.60595703125,False,False
35,2011-12-02,14,15265.8740234375,False,False
35,2011-12-02,71,5808.921875,False,False
35,2011-12-02,40,49637.796875,False,False
35,2011-12-02,33,16581.5234375,False,False
35,2011-12-02,74,11551.6083984375,False,False
35,2011-12-02,67,10099.8037109375,False,False
35,2011-12-02,71,4945.16748046875,False,False
35,2011-12-02,32,34503.34375,False,False
35,2011-12-02,80,67.7448959350586,False,False
35,2011-12-02,40,33512.1875,False,False
35,2011-12-02,5,33036.58203125,False,False
35,2011-12-02,83,849.2386474609375,False,False
35,2011-12-02,8,20164.54296875,False,False
35,2011-12-02,97,4655.81884765625,False,False
35,2011-12-09,5,43405.33203125,False,False
35,2011-12-09,21,6551.2607421875,False,False
35,2011-12-09,45,11.06968879699707,False,False
35,2011-12-09,29,9644.357421875,False,False
35,2011-12-09,42,7014.55126953125,False,False
35,2011-12-09,5,60396.4140625,False,False
35,2011-12-09,97,2525.67919921875,False,False
35,2011-12-09,34,17719.9375,False,False
35,2011-12-09,42,5176.4521484375,False,False
35,2011-12-09,34,14914.6279296875,False,False
35,2011-12-09,34,12465.0859375,False,False
35,2011-12-09,82,28024.759765625,False,False
35,2011-12-09,49,-7.381283283233643,False,False
35,2011-12-09,17,17115.970703125,False,False
35,2011-12-09,32,10184.50390625,False,False
35,2011-12-09,58,477.8781433105469,False,False
35,2011-12-09,58,1558.9300537109375,False,False
35,2011-12-09,31,4346.4951171875,False,False
35,2011-12-09,41,12954.5439453125,False,False
35,2011-12-09,60,419.3871154785156,False,False
35,2011-12-09,17,15649.5634765625,False,False
35,2011-12-09,60,791.2669677734375,False,False
35,2011-12-09,36,4916.5322265625,False,False
35,2011-12-09,2,58277.40234375,False,False
35,2011-12-09,4,45616.6484375,False,False
35,2011-12-09,26,6859.93359375,False,False
35,2011-12-09,14,31163.65234375,False,False
35,2011-12-09,72,90120.6796875,False,False
35,2011-12-09,3,13694.427734375,False,False
35,2011-12-09,29,8121.27099609375,False,False
35,2011-12-09,44,5264.42626953125,False,False
35,2011-12-09,44,8848.306640625,False,False
35,2011-12-09,32,21417.32421875,False,False
35,2011-12-09,42,6829.5732421875,False,False
35,2011-12-09,50,3912.44580078125,False,False
35,2011-12-09,42,4855.787109375,False,False
35,2011-12-09,32,6876.0947265625,False,False
35,2011-12-09,93,2544.90478515625,False,False
35,2011-12-09,79,24642.7421875,False,False
35,2011-12-09,67,12106.0009765625,False,False
35,2011-12-09,22,18043.4765625,False,False
35,2011-12-09,59,4951.943359375,False,False
35,2011-12-09,24,11244.9482421875,False,False
35,2011-12-09,31,8781.126953125,False,False
35,2011-12-09,23,57870.3515625,False,False
35,2011-12-09,44,7112.32958984375,False,False
35,2011-12-09,95,59519.625,False,False
35,2011-12-09,16,1353.0419921875,False,False
35,2011-12-09,56,2356.679443359375,False,False
35,2011-12-09,2,59406.5546875,False,False
35,2011-12-09,24,15421.3876953125,False,False
35,2011-12-09,81,5384.3291015625,False,False
35,2011-12-09,80,447.74652099609375,False,False
35,2011-12-09,81,11728.177734375,False,False
35,2011-12-09,29,12155.0263671875,False,False
35,2011-12-09,41,1281.748779296875,False,False
35,2011-12-09,44,11499.392578125,False,False
35,2011-12-09,91,22800.03515625,False,False
35,2011-12-09,30,4011.1796875,False,False
35,2011-12-09,6,4824.02685546875,False,False
35,2011-12-09,85,8124.37158203125,False,False
35,2011-12-09,35,3352.68212890625,False,False
35,2011-12-09,18,34293.83203125,False,False
35,2011-12-09,34,17788.453125,False,False
35,2011-12-09,51,-7.62881326675415,False,False
35,2011-12-09,32,23904.9609375,False,False
35,2011-12-09,12,3680.50341796875,False,False
35,2011-12-09,31,6300.49658203125,False,False
35,2011-12-09,41,4212.99267578125,False,False
35,2011-12-09,19,5190.43798828125,False,False
35,2011-12-09,22,10072.7197265625,False,False
35,2011-12-16,83,739.2969360351562,False,False
35,2011-12-16,30,3508.739501953125,False,False
35,2011-12-16,42,3711.330322265625,False,False
35,2011-12-16,98,1850.461669921875,False,False
35,2011-12-16,44,7799.7138671875,False,False
35,2011-12-16,33,24496.830078125,False,False
35,2011-12-16,94,1191.9739990234375,False,False
35,2011-12-16,55,24983.75390625,False,False
35,2011-12-16,96,2008.91748046875,False,False
35,2011-12-16,7,112228.375,False,False
35,2011-12-16,93,811.1068115234375,False,False
35,2011-12-16,58,516.1458740234375,False,False
35,2011-12-16,7,50393.21484375,False,False
35,2011-12-16,98,208.8177490234375,False,False
35,2011-12-16,92,34485.01953125,False,False
35,2011-12-16,97,25388.734375,False,False
35,2011-12-16,6,12199.396484375,False,False
35,2011-12-16,7,88043.0703125,False,False
35,2011-12-16,14,28982.158203125,False,False
35,2011-12-16,41,1316.440185546875,False,False
35,2011-12-16,16,1946.757568359375,False,False
35,2011-12-16,81,4599.47705078125,False,False
35,2011-12-16,91,10857.244140625,False,False
35,2011-12-16,67,15213.2939453125,False,False
35,2011-12-16,12,3736.730224609375,False,False
35,2011-12-16,33,23924.484375,False,False
35,2011-12-16,59,2439.734375,False,False
35,2011-12-16,12,2481.181640625,False,False
35,2011-12-16,96,1932.4501953125,False,False
35,2011-12-16,23,44551.23046875,False,False
35,2011-12-16,21,7138.27392578125,False,False
35,2011-12-16,35,5131.0546875,False,False
35,2011-12-16,92,66270.359375,False,False
35,2011-12-16,8,37212.6171875,False,False
35,2011-12-16,12,2275.13037109375,False,False
35,2011-12-16,21,5101.181640625,False,False
35,2011-12-16,24,16367.568359375,False,False
35,2011-12-16,87,32876.83984375,False,False
35,2011-12-16,18,23102.193359375,False,False
35,2011-12-16,56,2503.19873046875,False,False
35,2011-12-16,42,8617.0234375,False,False
35,2011-12-16,26,20064.369140625,False,False
35,2011-12-16,83,4119.7041015625,False,False
35,2011-12-16,34,15638.595703125,False,False
35,2011-12-16,50,1664.0927734375,False,False
35,2011-12-16,9,14601.521484375,False,False
35,2011-12-16,95,35848.08984375,False,False
35,2011-12-16,14,26542.666015625,False,False
35,2011-12-16,81,4843.2587890625,False,False
35,2011-12-16,93,2237.760009765625,False,False
35,2011-12-16,98,409.1979064941406,False,False
35,2011-12-16,29,9434.7431640625,False,False
35,2011-12-16,83,2324.1728515625,False,False
35,2011-12-16,52,2291.038818359375,False,False
35,2011-12-16,20,6445.88671875,False,False
35,2011-12-16,97,6576.16845703125,False,False
35,2011-12-16,41,189.10891723632807,False,False
35,2011-12-16,36,2181.64990234375,False,False
35,2011-12-16,9,10390.7158203125,False,False
35,2011-12-16,3,23214.08203125,False,False
35,2011-12-16,49,22935.779296875,False,False
35,2011-12-16,58,1797.5614013671875,False,False
35,2011-12-16,27,2853.322509765625,False,False
35,2011-12-16,23,67989.65625,False,False
35,2011-12-16,29,4368.56640625,False,False
35,2011-12-23,41,3838.233154296875,False,False
35,2011-12-23,31,10376.431640625,False,False
35,2011-12-23,30,5988.61474609375,False,False
35,2011-12-23,44,9630.1591796875,False,False
35,2011-12-23,40,62531.796875,False,False
35,2011-12-23,95,30858.517578125,False,False
35,2011-12-23,44,10618.5537109375,False,False
35,2011-12-23,50,4034.529296875,False,False
35,2011-12-23,24,15222.73828125,False,False
35,2011-12-23,38,39962.3984375,False,False
35,2011-12-23,36,1995.10693359375,False,False
35,2011-12-23,4,31574.3046875,False,False
35,2011-12-23,82,33438.2109375,False,False
35,2011-12-23,29,17011.740234375,False,False
35,2011-12-23,85,3765.30322265625,False,False
35,2011-12-23,9,37661.27734375,False,False
35,2011-12-23,97,5387.89599609375,False,False
35,2011-12-23,72,111137.828125,False,False
35,2011-12-23,13,54145.13671875,False,False
35,2011-12-23,25,14189.85546875,False,False
35,2011-12-23,16,1944.0333251953125,False,False
35,2011-12-23,49,15668.775390625,False,False
35,2011-12-23,35,5102.84814453125,False,False
35,2011-12-23,12,2204.65478515625,False,False
35,2011-12-23,5,70847.0234375,False,False
35,2011-12-23,1,47620.9921875,False,False
35,2011-12-23,46,21254.865234375,False,False
35,2011-12-23,42,5374.6484375,False,False
35,2011-12-23,19,30.303903579711918,False,False
35,2011-12-23,19,3991.58056640625,False,False
35,2011-12-23,35,5402.61279296875,False,False
35,2011-12-23,41,2954.064208984375,False,False
35,2011-12-23,97,4770.08984375,False,False
35,2011-12-23,36,6600.57421875,False,False
35,2011-12-23,54,118.3970718383789,False,False
35,2011-12-23,24,9685.55078125,False,False
35,2011-12-23,30,4504.1015625,False,False
35,2011-12-23,50,1181.215087890625,False,False
35,2011-12-23,6,18587.9296875,False,False
35,2011-12-23,31,10959.0888671875,False,False
35,2011-12-23,82,32365.625,False,False
35,2011-12-23,98,338.7416381835937,False,False
35,2011-12-23,90,7789.4833984375,False,False
35,2011-12-23,14,28872.02734375,False,False
35,2011-12-23,49,8766.703125,False,False
35,2011-12-23,49,18.851465225219727,False,False
35,2011-12-23,5,56141.03515625,False,False
35,2011-12-23,10,33221.3203125,False,False
35,2011-12-23,30,4894.50927734375,False,False
35,2011-12-23,54,105.91770935058594,False,False
35,2011-12-23,58,1829.5955810546875,False,False
35,2011-12-23,82,56221.05078125,False,False
35,2011-12-23,3,20906.568359375,False,False
35,2011-12-23,71,11305.412109375,False,False
35,2011-12-23,29,17666.541015625,False,False
35,2011-12-23,14,50574.96875,False,False
35,2011-12-23,71,14588.04296875,False,False
35,2011-12-23,6,9099.23046875,False,False
35,2011-12-23,87,21146.232421875,False,False
35,2011-12-23,18,78789.609375,False,False
35,2011-12-23,34,27236.52734375,False,False
35,2011-12-23,34,45323.8828125,False,False
35,2011-12-23,46,36546.62109375,False,False
35,2011-12-23,54,69.04995727539062,False,False
35,2011-12-23,40,54867.515625,False,False
35,2011-12-30,44,1834.90087890625,True,False
35,2011-12-30,14,28088.81640625,True,False
35,2011-12-30,29,11396.701171875,True,False
35,2011-12-30,28,662.7813720703125,True,False
35,2011-12-30,5,25885.556640625,True,False
35,2011-12-30,29,7837.8046875,True,False
35,2011-12-30,41,1815.52294921875,True,False
35,2011-12-30,4,36498.51171875,True,False
35,2011-12-30,79,22296.146484375,True,False
35,2011-12-30,26,4588.03759765625,True,False
35,2011-12-30,16,1154.9285888671875,True,False
35,2011-12-30,31,4872.904296875,True,False
35,2011-12-30,87,8063.44091796875,True,False
35,2011-12-30,27,4872.5947265625,True,False
35,2011-12-30,11,17825.1015625,True,False
35,2011-12-30,35,3132.616943359375,True,False
35,2011-12-30,4,17771.560546875,True,False
35,2011-12-30,26,1825.9188232421875,True,False
35,2011-12-30,9,17517.359375,True,False
35,2011-12-30,12,3243.91259765625,True,False
35,2011-12-30,34,9948.9462890625,True,False
35,2011-12-30,29,5049.6728515625,True,False
35,2011-12-30,4,17160.236328125,True,False
35,2011-12-30,18,16230.3330078125,True,False
35,2011-12-30,87,17871.015625,True,False
35,2011-12-30,14,49348.13671875,True,False
35,2011-12-30,14,24838.591796875,True,False
35,2011-12-30,36,1610.6636962890625,True,False
35,2011-12-30,3,8296.71484375,True,False
35,2011-12-30,97,4555.6689453125,True,False
35,2011-12-30,4,32887.19140625,True,False
35,2011-12-30,60,115.66976928710938,True,False
35,2011-12-30,83,72.69577026367188,True,False
35,2011-12-30,60,408.3821716308594,True,False
35,2011-12-30,2,53693.65625,True,False
35,2011-12-30,27,2272.501708984375,True,False
35,2011-12-30,4,19445.92578125,True,False
35,2011-12-30,5,21369.048828125,True,False
35,2011-12-30,67,20999.57421875,True,False
35,2011-12-30,56,12.081482887268066,True,False
35,2011-12-30,85,3424.53759765625,True,False
35,2011-12-30,26,10013.2568359375,True,False
35,2011-12-30,33,4675.28173828125,True,False
35,2011-12-30,10,20462.794921875,True,False
35,2011-12-30,56,1619.19287109375,True,False
35,2011-12-30,12,5436.19677734375,True,False
35,2011-12-30,93,1406.1005859375,True,False
35,2011-12-30,56,485.5427856445313,True,False
35,2011-12-30,33,2755.6826171875,True,False
35,2011-12-30,9,13341.451171875,True,False
35,2011-12-30,27,2963.602783203125,True,False
35,2011-12-30,23,41910.5390625,True,False
35,2011-12-30,44,2257.565673828125,True,False
35,2011-12-30,72,58418.46484375,True,False
35,2011-12-30,24,6858.62060546875,True,False
35,2011-12-30,35,2319.695068359375,True,False
35,2011-12-30,8,27794.41796875,True,False
35,2011-12-30,11,13160.5,True,False
35,2011-12-30,5,41149.65234375,True,False
35,2011-12-30,7,46440.8359375,True,False
35,2011-12-30,59,2350.777587890625,True,False
35,2011-12-30,27,2527.716552734375,True,False
35,2011-12-30,19,741.6951293945312,True,False
35,2011-12-30,92,27179.501953125,True,False
35,2011-12-30,1,22003.33984375,True,False
35,2011-12-30,59,4642.6572265625,True,False
35,2011-12-30,95,42963.48828125,True,False
36,2011-12-02,28,2274.46240234375,False,False
36,2011-12-02,92,93438.4375,False,False
36,2011-12-02,92,74646.109375,False,False
36,2011-12-02,98,962.3358154296876,False,False
36,2011-12-02,80,1176.6090087890625,False,False
36,2011-12-02,24,14362.2998046875,False,False
36,2011-12-02,42,6539.2451171875,False,False
36,2011-12-02,45,12.844454765319824,False,False
36,2011-12-02,56,511.0055541992188,False,False
36,2011-12-02,10,29759.505859375,False,False
36,2011-12-02,58,2525.7333984375,False,False
36,2011-12-02,56,3070.624755859375,False,False
36,2011-12-02,74,19321.91796875,False,False
36,2011-12-02,74,19492.16015625,False,False
36,2011-12-02,85,2024.280517578125,False,False
36,2011-12-02,44,7268.74462890625,False,False
36,2011-12-02,83,559.0135498046875,False,False
36,2011-12-02,98,1055.8848876953125,False,False
36,2011-12-02,18,68124.265625,False,False
36,2011-12-02,79,33170.51953125,False,False
36,2011-12-02,87,4930.4794921875,False,False
36,2011-12-02,11,16579.142578125,False,False
36,2011-12-02,11,16128.0400390625,False,False
36,2011-12-02,60,1604.982421875,False,False
36,2011-12-02,33,11189.048828125,False,False
36,2011-12-02,33,14543.013671875,False,False
36,2011-12-02,10,35217.06640625,False,False
36,2011-12-02,81,10696.2490234375,False,False
36,2011-12-02,27,911.0306396484376,False,False
36,2011-12-02,71,7052.35400390625,False,False
36,2011-12-02,79,14187.63671875,False,False
36,2011-12-02,30,3695.692138671875,False,False
36,2011-12-02,3,13249.6953125,False,False
36,2011-12-02,79,30720.7734375,False,False
36,2011-12-02,24,9904.6103515625,False,False
36,2011-12-02,45,386.95025634765625,False,False
36,2011-12-02,79,26752.884765625,False,False
36,2011-12-02,4,41160.9765625,False,False
36,2011-12-02,28,1491.416748046875,False,False
36,2011-12-02,32,9905.451171875,False,False
36,2011-12-02,4,26809.00390625,False,False
36,2011-12-02,50,2596.336669921875,False,False
36,2011-12-02,38,50024.4765625,False,False
36,2011-12-02,6,7126.20947265625,False,False
36,2011-12-02,21,6743.404296875,False,False
36,2011-12-02,72,64151.94140625,False,False
36,2011-12-02,5,33688.87890625,False,False
36,2011-12-02,9,15294.1279296875,False,False
36,2011-12-02,32,12249.1533203125,False,False
36,2011-12-02,81,7800.5166015625,False,False
36,2011-12-02,25,15254.62109375,False,False
36,2011-12-02,11,24834.50390625,False,False
36,2011-12-02,25,11299.3037109375,False,False
36,2011-12-02,7,50590.08984375,False,False
36,2011-12-02,58,5162.53515625,False,False
36,2011-12-02,17,30438.6015625,False,False
36,2011-12-02,22,13897.0947265625,False,False
36,2011-12-02,60,793.6058959960938,False,False
36,2011-12-02,2,77547.53125,False,False
36,2011-12-02,95,39699.84765625,False,False
36,2011-12-02,82,37468.5,False,False
36,2011-12-02,13,30870.99609375,False,False
36,2011-12-02,20,6346.8212890625,False,False
36,2011-12-02,40,55045.4765625,False,False
36,2011-12-02,49,19529.705078125,False,False
36,2011-12-02,34,10049.6240234375,False,False
36,2011-12-09,33,31720.994140625,False,False
36,2011-12-09,40,48208.04296875,False,False
36,2011-12-09,33,4077.432861328125,False,False
36,2011-12-09,52,5466.02490234375,False,False
36,2011-12-09,42,4510.83837890625,False,False
36,2011-12-09,79,20210.35546875,False,False
36,2011-12-09,18,56346.09765625,False,False
36,2011-12-09,31,5846.06103515625,False,False
36,2011-12-09,42,10981.89453125,False,False
36,2011-12-09,30,3041.54443359375,False,False
36,2011-12-09,38,66112.109375,False,False
36,2011-12-09,56,1555.0662841796875,False,False
36,2011-12-09,77,149.6282196044922,False,False
36,2011-12-09,14,89101.5703125,False,False
36,2011-12-09,72,61385.48828125,False,False
36,2011-12-09,20,7381.435546875,False,False
36,2011-12-09,7,59908.5234375,False,False
36,2011-12-09,91,3782.146728515625,False,False
36,2011-12-09,55,21005.759765625,False,False
36,2011-12-09,36,4954.7236328125,False,False
36,2011-12-09,32,12174.8203125,False,False
36,2011-12-09,74,14657.26953125,False,False
36,2011-12-09,92,49395.40234375,False,False
36,2011-12-09,25,41334.18359375,False,False
36,2011-12-09,87,15565.921875,False,False
36,2011-12-09,56,4800.3505859375,False,False
36,2011-12-09,91,4267.94482421875,False,False
36,2011-12-09,1,31952.388671875,False,False
36,2011-12-09,33,11495.6826171875,False,False
36,2011-12-09,1,33011.35546875,False,False
36,2011-12-09,20,7089.859375,False,False
36,2011-12-09,17,16650.06640625,False,False
36,2011-12-09,67,11867.2177734375,False,False
36,2011-12-09,55,23117.326171875,False,False
36,2011-12-09,23,54377.76953125,False,False
36,2011-12-09,82,25005.552734375,False,False
36,2011-12-09,87,10966.322265625,False,False
36,2011-12-09,90,21420.671875,False,False
36,2011-12-09,33,12587.1328125,False,False
36,2011-12-09,19,4432.79833984375,False,False
36,2011-12-09,79,21936.169921875,False,False
36,2011-12-09,3,15599.5419921875,False,False
36,2011-12-09,90,39927.5078125,False,False
36,2011-12-09,94,510.67572021484375,False,False
36,2011-12-09,31,5782.5966796875,False,False
36,2011-12-09,38,64199.796875,False,False
36,2011-12-09,95,49079.5703125,False,False
36,2011-12-09,94,25.02069854736328,False,False
36,2011-12-09,7,34709.6328125,False,False
36,2011-12-09,91,48106.62109375,False,False
36,2011-12-09,44,9655.2890625,False,False
36,2011-12-09,94,266.7801818847656,False,False
36,2011-12-09,4,44637.23046875,False,False
36,2011-12-09,71,8257.7578125,False,False
36,2011-12-09,17,21124.6015625,False,False
36,2011-12-09,5,41642.05078125,False,False
36,2011-12-09,95,58403.66015625,False,False
36,2011-12-09,10,28386.8671875,False,False
36,2011-12-09,52,7348.291015625,False,False
36,2011-12-09,17,23245.28125,False,False
36,2011-12-09,48,3365.158203125,False,False
36,2011-12-09,25,19489.09765625,False,False
36,2011-12-09,91,10765.1650390625,False,False
36,2011-12-09,25,22300.970703125,False,False
36,2011-12-09,82,29711.6953125,False,False
36,2011-12-09,85,7197.54443359375,False,False
36,2011-12-09,29,19601.43359375,False,False
36,2011-12-09,80,264.0060119628906,False,False
36,2011-12-09,83,389.9311218261719,False,False
36,2011-12-09,34,20494.609375,False,False
36,2011-12-09,2,62179.59375,False,False
36,2011-12-16,32,13756.87109375,False,False
36,2011-12-16,28,1688.679931640625,False,False
36,2011-12-16,34,28314.048828125,False,False
36,2011-12-16,13,37636.74609375,False,False
36,2011-12-16,72,64654.671875,False,False
36,2011-12-16,59,7723.65185546875,False,False
36,2011-12-16,44,6057.98779296875,False,False
36,2011-12-16,4,31229.38671875,False,False
36,2011-12-16,10,23502.5546875,False,False
36,2011-12-16,3,15511.6982421875,False,False
36,2011-12-16,13,49709.61328125,False,False
36,2011-12-16,93,1778.707763671875,False,False
36,2011-12-16,95,38141.08203125,False,False
36,2011-12-16,97,6158.3662109375,False,False
36,2011-12-16,22,17312.4140625,False,False
36,2011-12-16,95,46903.453125,False,False
36,2011-12-16,41,5498.44970703125,False,False
36,2011-12-16,71,7832.0478515625,False,False
36,2011-12-16,79,30133.25390625,False,False
36,2011-12-16,26,8080.935546875,False,False
36,2011-12-16,34,18342.044921875,False,False
36,2011-12-16,36,2646.189453125,False,False
36,2011-12-16,44,12968.9208984375,False,False
36,2011-12-16,42,7564.0126953125,False,False
36,2011-12-16,1,23671.4375,False,False
36,2011-12-16,83,1887.3389892578125,False,False
36,2011-12-16,24,17383.330078125,False,False
36,2011-12-16,3,18278.005859375,False,False
36,2011-12-16,30,5589.5810546875,False,False
36,2011-12-16,56,390.5146179199219,False,False
36,2011-12-16,5,61030.9375,False,False
36,2011-12-16,11,25318.392578125,False,False
36,2011-12-16,10,20727.033203125,False,False
36,2011-12-16,20,7264.55712890625,False,False
36,2011-12-16,6,13182.7841796875,False,False
36,2011-12-16,60,826.6532592773438,False,False
36,2011-12-16,67,17181.38671875,False,False
36,2011-12-16,29,19363.513671875,False,False
36,2011-12-16,21,9098.2109375,False,False
36,2011-12-16,4,29823.83203125,False,False
36,2011-12-16,59,3094.653076171875,False,False
36,2011-12-16,54,38.55260467529297,False,False
36,2011-12-16,32,14452.345703125,False,False
36,2011-12-16,44,11195.05078125,False,False
36,2011-12-16,26,10985.9697265625,False,False
36,2011-12-16,24,15631.3857421875,False,False
36,2011-12-16,25,29634.46875,False,False
36,2011-12-16,58,5497.15380859375,False,False
36,2011-12-16,60,373.2259521484375,False,False
36,2011-12-16,30,8160.95703125,False,False
36,2011-12-16,49,16103.66015625,False,False
36,2011-12-16,2,31865.158203125,False,False
36,2011-12-16,94,235.81265258789065,False,False
36,2011-12-16,50,3521.81689453125,False,False
36,2011-12-16,22,26940.361328125,False,False
36,2011-12-16,27,4471.5869140625,False,False
36,2011-12-16,17,12298.8173828125,False,False
36,2011-12-16,72,81855.53125,False,False
36,2011-12-16,28,2396.238037109375,False,False
36,2011-12-16,3,10137.9765625,False,False
36,2011-12-16,44,13092.123046875,False,False
36,2011-12-16,9,25349.693359375,False,False
36,2011-12-16,8,19298.150390625,False,False
36,2011-12-16,83,2358.30810546875,False,False
36,2011-12-16,87,24881.646484375,False,False
36,2011-12-16,9,25965.947265625,False,False
36,2011-12-16,33,16186.5478515625,False,False
36,2011-12-16,33,14466.0966796875,False,False
36,2011-12-16,59,10824.0126953125,False,False
36,2011-12-16,54,21.297740936279297,False,False
36,2011-12-16,20,7834.31982421875,False,False
36,2011-12-16,71,11306.4462890625,False,False
36,2011-12-16,94,88.83241271972656,False,False
36,2011-12-16,81,7772.79150390625,False,False
36,2011-12-16,4,21196.4140625,False,False
36,2011-12-16,74,22700.60546875,False,False
36,2011-12-16,97,2632.693603515625,False,False
36,2011-12-16,55,26089.798828125,False,False
36,2011-12-23,24,14676.142578125,False,False
36,2011-12-23,8,20694.25,False,False
36,2011-12-23,91,6824.5458984375,False,False
36,2011-12-23,13,33506.16015625,False,False
36,2011-12-23,46,29814.333984375,False,False
36,2011-12-23,47,-717.0836791992188,False,False
36,2011-12-23,7,147107.71875,False,False
36,2011-12-23,90,19495.416015625,False,False
36,2011-12-23,6,8863.728515625,False,False
36,2011-12-23,46,40231.76171875,False,False
36,2011-12-23,93,1643.1314697265625,False,False
36,2011-12-23,94,506.0916442871094,False,False
36,2011-12-23,90,52673.81640625,False,False
36,2011-12-23,87,19499.986328125,False,False
36,2011-12-23,33,30672.19921875,False,False
36,2011-12-23,27,6386.94091796875,False,False
36,2011-12-23,82,43325.42578125,False,False
36,2011-12-23,90,14387.9765625,False,False
36,2011-12-23,35,3935.57958984375,False,False
36,2011-12-23,22,28760.560546875,False,False
36,2011-12-23,11,11959.1962890625,False,False
36,2011-12-23,94,188.9163360595703,False,False
36,2011-12-23,36,5074.43017578125,False,False
36,2011-12-23,10,22203.25390625,False,False
36,2011-12-23,55,37156.5234375,False,False
36,2011-12-23,94,285.4090576171875,False,False
36,2011-12-23,95,55788.328125,False,False
36,2011-12-23,12,2904.568115234375,False,False
36,2011-12-23,60,296.19158935546875,False,False
36,2011-12-23,6,12053.9599609375,False,False
36,2011-12-23,91,21121.609375,False,False
36,2011-12-23,87,19876.8359375,False,False
36,2011-12-23,40,54545.3125,False,False
36,2011-12-23,42,8856.0947265625,False,False
36,2011-12-23,29,12405.5615234375,False,False
36,2011-12-23,90,12326.4462890625,False,False
36,2011-12-23,19,2779.828857421875,False,False
36,2011-12-23,59,9809.728515625,False,False
36,2011-12-23,34,23703.724609375,False,False
36,2011-12-23,46,52746.75,False,False
36,2011-12-23,91,47975.77734375,False,False
36,2011-12-23,74,25314.009765625,False,False
36,2011-12-23,23,48235.46484375,False,False
36,2011-12-23,94,734.7461547851562,False,False
36,2011-12-23,97,22902.642578125,False,False
36,2011-12-23,6,18027.283203125,False,False
36,2011-12-23,19,13.617159843444824,False,False
36,2011-12-23,33,27538.01171875,False,False
36,2011-12-23,67,28350.916015625,False,False
36,2011-12-23,10,27245.044921875,False,False
36,2011-12-23,13,34387.63671875,False,False
36,2011-12-23,72,1286.4644775390625,False,False
36,2011-12-23,3,16897.763671875,False,False
36,2011-12-23,59,5608.923828125,False,False
36,2011-12-23,83,505.8522338867188,False,False
36,2011-12-23,2,86553.21875,False,False
36,2011-12-23,13,39343.36328125,False,False
36,2011-12-23,67,24357.86328125,False,False
36,2011-12-23,59,10675.669921875,False,False
36,2011-12-23,5,16453.923828125,False,False
36,2011-12-23,7,120573.59375,False,False
36,2011-12-23,31,10213.8349609375,False,False
36,2011-12-23,34,20909.607421875,False,False
36,2011-12-23,4,29163.46875,False,False
36,2011-12-23,48,2153.309326171875,False,False
36,2011-12-23,9,28865.587890625,False,False
36,2011-12-23,91,8751.5791015625,False,False
36,2011-12-23,1,26256.732421875,False,False
36,2011-12-23,52,2437.070556640625,False,False
36,2011-12-23,6,9812.1220703125,False,False
36,2011-12-23,72,94159.7109375,False,False
36,2011-12-23,93,1556.4163818359375,False,False
36,2011-12-23,10,20235.46875,False,False
36,2011-12-23,97,4988.32177734375,False,False
36,2011-12-23,74,22049.14453125,False,False
36,2011-12-23,29,18408.921875,False,False
36,2011-12-23,81,31967.345703125,False,False
36,2011-12-23,80,675.6624755859375,False,False
36,2011-12-30,59,3797.779052734375,True,False
36,2011-12-30,41,11783.474609375,True,False
36,2011-12-30,71,6576.11328125,True,False
36,2011-12-30,81,2048.206787109375,True,False
36,2011-12-30,31,2938.7607421875,True,False
36,2011-12-30,52,5233.76318359375,True,False
36,2011-12-30,46,34861.05859375,True,False
36,2011-12-30,22,16343.931640625,True,False
36,2011-12-30,9,21163.306640625,True,False
36,2011-12-30,42,5779.53125,True,False
36,2011-12-30,55,28985.80078125,True,False
36,2011-12-30,60,235.8623504638672,True,False
36,2011-12-30,12,2113.743408203125,True,False
36,2011-12-30,83,172.4914093017578,True,False
36,2011-12-30,98,141.53041076660156,True,False
36,2011-12-30,6,7410.2080078125,True,False
36,2011-12-30,10,16861.583984375,True,False
36,2011-12-30,80,19.60917282104492,True,False
36,2011-12-30,27,5199.380859375,True,False
36,2011-12-30,41,-735.5927124023438,True,False
36,2011-12-30,87,11152.7109375,True,False
36,2011-12-30,6,3960.22412109375,True,False
36,2011-12-30,27,3603.34130859375,True,False
36,2011-12-30,48,1752.521240234375,True,False
36,2011-12-30,46,43803.828125,True,False
36,2011-12-30,42,5861.361328125,True,False
36,2011-12-30,87,3826.895263671875,True,False
36,2011-12-30,7,41005.6015625,True,False
36,2011-12-30,30,1450.96337890625,True,False
36,2011-12-30,56,4.90922212600708,True,False
36,2011-12-30,10,16561.478515625,True,False
36,2011-12-30,34,16672.669921875,True,False
36,2011-12-30,6,6260.5087890625,True,False
36,2011-12-30,12,1822.6419677734373,True,False
36,2011-12-30,33,5939.66796875,True,False
36,2011-12-30,79,18735.109375,True,False
36,2011-12-30,87,11856.8076171875,True,False
36,2011-12-30,49,19192.13671875,True,False
36,2011-12-30,91,7108.24462890625,True,False
36,2011-12-30,85,4196.76953125,True,False
36,2011-12-30,20,3124.073974609375,True,False
36,2011-12-30,40,45446.87890625,True,False
36,2011-12-30,5,37066.4375,True,False
36,2011-12-30,1,33977.65625,True,False
36,2011-12-30,23,35829.12109375,True,False
36,2011-12-30,5,22935.583984375,True,False
36,2011-12-30,90,22709.490234375,True,False
36,2011-12-30,92,21583.19140625,True,False
36,2011-12-30,32,31193.08984375,True,False
36,2011-12-30,36,4506.2841796875,True,False
36,2011-12-30,17,15932.900390625,True,False
36,2011-12-30,3,21492.974609375,True,False
36,2011-12-30,20,5798.6005859375,True,False
36,2011-12-30,28,1978.752197265625,True,False
36,2011-12-30,41,12325.8681640625,True,False
36,2011-12-30,41,385.1631774902344,True,False
36,2011-12-30,85,1919.33935546875,True,False
36,2011-12-30,98,246.39178466796875,True,False
36,2011-12-30,30,7012.13134765625,True,False
36,2011-12-30,40,40244.94921875,True,False
36,2011-12-30,85,1662.0211181640625,True,False
36,2011-12-30,34,6993.49072265625,True,False
36,2011-12-30,36,1040.420166015625,True,False
36,2011-12-30,14,20399.126953125,True,False
36,2011-12-30,97,21170.59765625,True,False
37,2011-12-02,96,2101.887451171875,False,False
37,2011-12-02,5,1466.7393798828125,False,False
37,2011-12-02,97,13562.13671875,False,False
37,2011-12-02,92,60537.00390625,False,False
37,2011-12-02,96,18097.708984375,False,False
37,2011-12-02,25,1004.8538818359376,False,False
37,2011-12-02,96,20203.09765625,False,False
37,2011-12-02,11,1044.824951171875,False,False
37,2011-12-02,79,16054.1376953125,False,False
37,2011-12-02,67,1328.952392578125,False,False
37,2011-12-02,12,63.037376403808594,False,False
37,2011-12-02,26,401.2864074707031,False,False
37,2011-12-02,10,1179.5174560546875,False,False
37,2011-12-02,31,116.33087158203124,False,False
37,2011-12-02,91,27765.291015625,False,False
37,2011-12-02,56,1360.5872802734375,False,False
37,2011-12-02,94,40908.9765625,False,False
37,2011-12-02,42,88.37767028808594,False,False
37,2011-12-02,6,20.23896026611328,False,False
37,2011-12-02,10,358.16802978515625,False,False
37,2011-12-02,3,1251.2591552734375,False,False
37,2011-12-02,97,15779.9873046875,False,False
37,2011-12-02,49,14494.3349609375,False,False
37,2011-12-02,94,30020.2578125,False,False
37,2011-12-02,16,904.7627563476562,False,False
37,2011-12-02,95,50082.67578125,False,False
37,2011-12-02,87,309.26568603515625,False,False
37,2011-12-02,97,20045.30078125,False,False
37,2011-12-02,28,4.63806676864624,False,False
37,2011-12-02,46,3419.561279296875,False,False
37,2011-12-02,1,12463.595703125,False,False
37,2011-12-02,2,15429.0205078125,False,False
37,2011-12-02,74,151.45175170898438,False,False
37,2011-12-02,1,10519.3818359375,False,False
37,2011-12-02,72,22.09827041625977,False,False
37,2011-12-02,3,1075.9228515625,False,False
37,2011-12-02,56,698.8551635742188,False,False
37,2011-12-02,46,9065.0791015625,False,False
37,2011-12-02,12,83.79472351074219,False,False
37,2011-12-02,92,69447.0,False,False
37,2011-12-02,67,1585.864501953125,False,False
37,2011-12-02,41,7764.912109375,False,False
37,2011-12-02,10,4527.32958984375,False,False
37,2011-12-02,81,134.02381896972656,False,False
37,2011-12-02,59,96.82127380371094,False,False
37,2011-12-02,13,8501.75390625,False,False
37,2011-12-02,46,4732.20703125,False,False
37,2011-12-02,59,233.486328125,False,False
37,2011-12-09,71,162.71730041503906,False,False
37,2011-12-09,12,153.998779296875,False,False
37,2011-12-09,97,18937.478515625,False,False
37,2011-12-09,96,15889.6796875,False,False
37,2011-12-09,82,8845.4599609375,False,False
37,2011-12-09,14,1735.242919921875,False,False
37,2011-12-09,46,8420.21484375,False,False
37,2011-12-09,16,665.7447509765625,False,False
37,2011-12-09,42,246.69403076171875,False,False
37,2011-12-09,40,31774.015625,False,False
37,2011-12-09,6,27.77109718322754,False,False
37,2011-12-09,8,1467.37060546875,False,False
37,2011-12-09,85,646.9309692382812,False,False
37,2011-12-09,16,962.3675537109376,False,False
37,2011-12-09,18,36997.06640625,False,False
37,2011-12-09,97,17682.302734375,False,False
37,2011-12-09,91,22841.974609375,False,False
37,2011-12-09,95,78861.484375,False,False
37,2011-12-09,92,56877.71875,False,False
37,2011-12-09,82,12215.77734375,False,False
37,2011-12-09,1,8582.4365234375,False,False
37,2011-12-09,81,19578.046875,False,False
37,2011-12-09,16,1160.32666015625,False,False
37,2011-12-09,7,1435.4737548828125,False,False
37,2011-12-09,93,23774.771484375,False,False
37,2011-12-09,59,65.03282165527344,False,False
37,2011-12-09,28,75.26334381103516,False,False
37,2011-12-09,81,9441.8642578125,False,False
37,2011-12-09,94,36899.4765625,False,False
37,2011-12-09,97,12081.3759765625,False,False
37,2011-12-09,16,1412.0430908203125,False,False
37,2011-12-09,25,37.467994689941406,False,False
37,2011-12-09,97,13953.462890625,False,False
37,2011-12-09,97,18948.1796875,False,False
37,2011-12-09,52,17.557891845703125,False,False
37,2011-12-09,82,10110.9287109375,False,False
37,2011-12-09,79,10385.197265625,False,False
37,2011-12-09,16,1414.3646240234375,False,False
37,2011-12-09,10,167.29859924316406,False,False
37,2011-12-09,23,14.20766830444336,False,False
37,2011-12-09,4,18777.365234375,False,False
37,2011-12-09,17,384.737060546875,False,False
37,2011-12-09,2,15517.4052734375,False,False
37,2011-12-09,82,11876.2275390625,False,False
37,2011-12-09,12,144.69509887695312,False,False
37,2011-12-09,99,59.374122619628906,False,False
37,2011-12-09,67,2078.923095703125,False,False
37,2011-12-09,46,6133.7314453125,False,False
37,2011-12-09,80,14575.2216796875,False,False
37,2011-12-09,42,175.64488220214844,False,False
37,2011-12-09,6,61.18036651611328,False,False
37,2011-12-09,6,11.418959617614746,False,False
37,2011-12-16,93,30830.638671875,False,False
37,2011-12-16,85,236.51678466796875,False,False
37,2011-12-16,6,58.62534713745117,False,False
37,2011-12-16,94,26446.88671875,False,False
37,2011-12-16,18,1271.2044677734375,False,False
37,2011-12-16,25,86.79742431640625,False,False
37,2011-12-16,91,34407.921875,False,False
37,2011-12-16,80,5826.712890625,False,False
37,2011-12-16,93,46262.5390625,False,False
37,2011-12-16,11,1944.0760498046875,False,False
37,2011-12-16,25,81.8895492553711,False,False
37,2011-12-16,17,230.11468505859372,False,False
37,2011-12-16,10,1239.462890625,False,False
37,2011-12-16,98,2511.333251953125,False,False
37,2011-12-16,21,1621.275634765625,False,False
37,2011-12-16,14,1973.7344970703125,False,False
37,2011-12-16,4,19888.05078125,False,False
37,2011-12-16,40,17715.615234375,False,False
37,2011-12-16,85,95.68412017822266,False,False
37,2011-12-16,93,29616.94140625,False,False
37,2011-12-16,90,39185.3046875,False,False
37,2011-12-16,11,3051.04248046875,False,False
37,2011-12-16,91,28854.6640625,False,False
37,2011-12-16,12,12.203970909118652,False,False
37,2011-12-16,79,4827.1201171875,False,False
37,2011-12-16,42,191.44598388671875,False,False
37,2011-12-16,32,313.8768310546875,False,False
37,2011-12-16,2,7807.09228515625,False,False
37,2011-12-16,74,176.832763671875,False,False
37,2011-12-16,31,82.38333129882812,False,False
37,2011-12-16,92,63287.546875,False,False
37,2011-12-16,82,12955.1064453125,False,False
37,2011-12-16,83,3488.061767578125,False,False
37,2011-12-16,97,14004.8369140625,False,False
37,2011-12-16,72,29.124834060668945,False,False
37,2011-12-16,56,18.743879318237305,False,False
37,2011-12-16,12,162.9449920654297,False,False
37,2011-12-16,91,18830.53125,False,False
37,2011-12-16,22,178.03668212890625,False,False
37,2011-12-16,2,18477.166015625,False,False
37,2011-12-16,72,56.63684844970703,False,False
37,2011-12-16,67,3588.380859375,False,False
37,2011-12-16,12,151.8831787109375,False,False
37,2011-12-16,82,8178.603515625,False,False
37,2011-12-16,87,1603.7911376953125,False,False
37,2011-12-16,22,216.5313720703125,False,False
37,2011-12-16,92,112673.1875,False,False
37,2011-12-16,28,51.37046051025391,False,False
37,2011-12-16,96,10638.0537109375,False,False
37,2011-12-16,81,16174.701171875,False,False
37,2011-12-23,1,18976.21875,False,False
37,2011-12-23,92,50626.80859375,False,False
37,2011-12-23,6,347.3705749511719,False,False
37,2011-12-23,52,9.68582820892334,False,False
37,2011-12-23,2,18018.0703125,False,False
37,2011-12-23,6,48.31014633178711,False,False
37,2011-12-23,98,4674.88671875,False,False
37,2011-12-23,4,20649.896484375,False,False
37,2011-12-23,94,36427.6796875,False,False
37,2011-12-23,12,3.6758124828338623,False,False
37,2011-12-23,8,7068.70068359375,False,False
37,2011-12-23,90,49044.44921875,False,False
37,2011-12-23,67,2815.15771484375,False,False
37,2011-12-23,42,195.37109375,False,False
37,2011-12-23,7,1094.185546875,False,False
37,2011-12-23,56,58.85005187988281,False,False
37,2011-12-23,94,38237.6796875,False,False
37,2011-12-23,16,250.2674102783203,False,False
37,2011-12-23,94,27186.513671875,False,False
37,2011-12-23,6,99.55215454101562,False,False
37,2011-12-23,59,1029.3233642578125,False,False
37,2011-12-23,60,905.2249755859376,False,False
37,2011-12-23,25,41.04665756225586,False,False
37,2011-12-23,60,1101.4527587890625,False,False
37,2011-12-23,16,358.6654663085937,False,False
37,2011-12-23,87,499.6446838378906,False,False
37,2011-12-23,10,385.13427734375,False,False
37,2011-12-23,27,25.57187271118164,False,False
37,2011-12-23,93,51562.9921875,False,False
37,2011-12-23,9,49.67972946166992,False,False
37,2011-12-23,31,48.40647506713867,False,False
37,2011-12-23,91,39812.11328125,False,False
37,2011-12-23,92,56621.01953125,False,False
37,2011-12-23,97,9345.9150390625,False,False
37,2011-12-23,42,79.51039123535156,False,False
37,2011-12-23,2,19789.111328125,False,False
37,2011-12-23,31,174.76116943359375,False,False
37,2011-12-23,56,69.34519958496094,False,False
37,2011-12-23,38,58984.50390625,False,False
37,2011-12-23,20,156.91444396972656,False,False
37,2011-12-23,56,217.73545837402344,False,False
37,2011-12-23,23,13.956610679626465,False,False
37,2011-12-23,95,50583.640625,False,False
37,2011-12-23,96,23741.458984375,False,False
37,2011-12-23,17,2525.0625,False,False
37,2011-12-23,46,5260.86865234375,False,False
37,2011-12-23,12,96.26800537109376,False,False
37,2011-12-23,91,35723.421875,False,False
37,2011-12-23,22,125.0632553100586,False,False
37,2011-12-23,93,47140.4296875,False,False
37,2011-12-23,17,692.9790649414062,False,False
37,2011-12-23,97,14107.94921875,False,False
37,2011-12-23,9,13.68216323852539,False,False
37,2011-12-23,11,2221.838623046875,False,False
37,2011-12-23,56,162.2507781982422,False,False
37,2011-12-23,74,386.4603576660156,False,False
37,2011-12-23,91,50605.71484375,False,False
37,2011-12-30,72,111.67108154296876,True,False
37,2011-12-30,8,12249.78515625,True,False
37,2011-12-30,82,8783.6103515625,True,False
37,2011-12-30,67,1247.4830322265625,True,False
37,2011-12-30,24,9.26071548461914,True,False
37,2011-12-30,79,8243.021484375,True,False
37,2011-12-30,40,22741.2890625,True,False
37,2011-12-30,9,15.173065185546877,True,False
37,2011-12-30,16,1634.193115234375,True,False
37,2011-12-30,11,1023.3042602539062,True,False
37,2011-12-30,74,323.7320556640625,True,False
37,2011-12-30,10,525.0719604492188,True,False
37,2011-12-30,83,670.5484619140625,True,False
37,2011-12-30,98,4525.927734375,True,False
37,2011-12-30,97,12425.732421875,True,False
37,2011-12-30,10,3475.778564453125,True,False
37,2011-12-30,82,8708.025390625,True,False
37,2011-12-30,27,12.123303413391112,True,False
37,2011-12-30,74,336.18878173828125,True,False
37,2011-12-30,81,8278.5,True,False
37,2011-12-30,40,20077.236328125,True,False
37,2011-12-30,91,12839.07421875,True,False
37,2011-12-30,46,5720.505859375,True,False
37,2011-12-30,32,9.937789916992188,True,False
37,2011-12-30,5,1915.135986328125,True,False
37,2011-12-30,93,11166.7470703125,True,False
37,2011-12-30,3,585.75244140625,True,False
37,2011-12-30,40,27160.9296875,True,False
37,2011-12-30,25,34.26702117919922,True,False
37,2011-12-30,60,668.6873168945312,True,False
37,2011-12-30,97,9388.63671875,True,False
37,2011-12-30,9,48.76573181152344,True,False
37,2011-12-30,98,5680.3974609375,True,False
37,2011-12-30,92,55060.328125,True,False
37,2011-12-30,92,36605.828125,True,False
37,2011-12-30,81,9244.1796875,True,False
37,2011-12-30,9,176.72198486328125,True,False
37,2011-12-30,2,12807.5771484375,True,False
37,2011-12-30,56,95.1748275756836,True,False
37,2011-12-30,25,224.6696929931641,True,False
37,2011-12-30,17,245.69520568847656,True,False
37,2011-12-30,95,36246.76953125,True,False
37,2011-12-30,18,1107.276123046875,True,False
37,2011-12-30,7,76.4680404663086,True,False
37,2011-12-30,83,4485.7529296875,True,False
37,2011-12-30,83,3244.914306640625,True,False
37,2011-12-30,96,19885.25390625,True,False
37,2011-12-30,82,10341.73828125,True,False
38,2011-12-02,5,42790.1796875,False,False
38,2011-12-02,37,5857.5185546875,False,False
38,2011-12-02,13,27142.533203125,False,False
38,2011-12-02,97,5932.62158203125,False,False
38,2011-12-02,22,21028.0078125,False,False
38,2011-12-02,95,51141.484375,False,False
38,2011-12-02,1,41376.37890625,False,False
38,2011-12-02,34,20844.607421875,False,False
38,2011-12-02,54,56.35161590576172,False,False
38,2011-12-02,54,98.99087524414062,False,False
38,2011-12-02,40,48333.609375,False,False
38,2011-12-02,96,6970.3291015625,False,False
38,2011-12-02,83,1955.543212890625,False,False
38,2011-12-02,38,69959.390625,False,False
38,2011-12-02,16,9068.4296875,False,False
38,2011-12-02,46,43902.7734375,False,False
38,2011-12-02,40,68254.6796875,False,False
38,2011-12-02,38,75652.421875,False,False
38,2011-12-02,94,239.4704742431641,False,False
38,2011-12-02,8,36379.484375,False,False
38,2011-12-02,33,12424.17578125,False,False
38,2011-12-02,80,2289.662841796875,False,False
38,2011-12-02,11,19630.966796875,False,False
38,2011-12-02,74,15127.1181640625,False,False
38,2011-12-02,98,81.76384735107422,False,False
38,2011-12-02,16,2876.408203125,False,False
38,2011-12-02,41,5229.05224609375,False,False
38,2011-12-02,34,14881.0908203125,False,False
38,2011-12-02,23,31129.1796875,False,False
38,2011-12-02,32,11827.033203125,False,False
38,2011-12-02,25,33439.8671875,False,False
38,2011-12-02,4,61484.4140625,False,False
38,2011-12-02,81,9486.990234375,False,False
38,2011-12-02,25,11229.501953125,False,False
38,2011-12-02,42,8490.3408203125,False,False
38,2011-12-02,55,19583.19921875,False,False
38,2011-12-02,26,12127.3193359375,False,False
38,2011-12-02,7,51688.0390625,False,False
38,2011-12-02,49,23028.375,False,False
38,2011-12-02,12,3028.449462890625,False,False
38,2011-12-02,22,14442.0380859375,False,False
38,2011-12-02,82,23056.736328125,False,False
38,2011-12-02,36,4566.01806640625,False,False
38,2011-12-02,8,48608.5234375,False,False
38,2011-12-02,23,59117.43359375,False,False
38,2011-12-02,97,4049.248291015625,False,False
38,2011-12-02,87,19410.943359375,False,False
38,2011-12-02,81,15488.453125,False,False
38,2011-12-02,98,1022.8236083984376,False,False
38,2011-12-02,13,39747.671875,False,False
38,2011-12-02,1,24329.08984375,False,False
38,2011-12-02,9,15476.2265625,False,False
38,2011-12-02,93,1545.699462890625,False,False
38,2011-12-02,80,78.67643737792969,False,False
38,2011-12-02,30,4951.4619140625,False,False
38,2011-12-02,14,28254.845703125,False,False
38,2011-12-02,79,23220.0546875,False,False
38,2011-12-02,19,1497.00537109375,False,False
38,2011-12-02,83,1880.456787109375,False,False
38,2011-12-02,30,4242.12744140625,False,False
38,2011-12-02,9,31542.572265625,False,False
38,2011-12-02,12,3943.905029296875,False,False
38,2011-12-02,82,42116.296875,False,False
38,2011-12-02,26,13462.2861328125,False,False
38,2011-12-02,60,338.5576171875,False,False
38,2011-12-02,79,17156.26953125,False,False
38,2011-12-02,37,2058.724609375,False,False
38,2011-12-02,19,251.4392852783203,False,False
38,2011-12-02,97,5988.3193359375,False,False
38,2011-12-02,74,13575.982421875,False,False
38,2011-12-02,91,4510.279296875,False,False
38,2011-12-02,8,46032.90234375,False,False
38,2011-12-02,98,673.0704345703125,False,False
38,2011-12-02,21,6794.0146484375,False,False
38,2011-12-02,30,5629.43017578125,False,False
38,2011-12-09,35,5559.2890625,False,False
38,2011-12-09,10,32498.125,False,False
38,2011-12-09,7,91108.3359375,False,False
38,2011-12-09,49,16771.599609375,False,False
38,2011-12-09,87,17833.98828125,False,False
38,2011-12-09,12,3497.976318359375,False,False
38,2011-12-09,19,2613.229736328125,False,False
38,2011-12-09,36,3886.074951171875,False,False
38,2011-12-09,18,40668.75390625,False,False
38,2011-12-09,25,15507.8876953125,False,False
38,2011-12-09,85,5322.11474609375,False,False
38,2011-12-09,9,11962.5458984375,False,False
38,2011-12-09,95,58551.984375,False,False
38,2011-12-09,6,9010.6748046875,False,False
38,2011-12-09,52,3345.699462890625,False,False
38,2011-12-09,80,3.0230395793914795,False,False
38,2011-12-09,94,112.61219024658205,False,False
38,2011-12-09,13,52103.74609375,False,False
38,2011-12-09,7,118334.5859375,False,False
38,2011-12-09,22,16987.43359375,False,False
38,2011-12-09,18,54118.17578125,False,False
38,2011-12-09,34,21504.609375,False,False
38,2011-12-09,87,13797.888671875,False,False
38,2011-12-09,24,18745.88671875,False,False
38,2011-12-09,24,23330.55078125,False,False
38,2011-12-09,33,14189.4384765625,False,False
38,2011-12-09,52,3709.96923828125,False,False
38,2011-12-09,8,42527.2265625,False,False
38,2011-12-09,1,29836.921875,False,False
38,2011-12-09,23,1488.2989501953125,False,False
38,2011-12-09,32,11350.52734375,False,False
38,2011-12-09,36,2932.995849609375,False,False
38,2011-12-09,91,5218.54541015625,False,False
38,2011-12-09,58,1795.5050048828125,False,False
38,2011-12-09,44,11620.8154296875,False,False
38,2011-12-09,90,15455.541015625,False,False
38,2011-12-09,34,14454.048828125,False,False
38,2011-12-09,77,120.19009399414062,False,False
38,2011-12-09,55,29095.412109375,False,False
38,2011-12-09,26,17604.40625,False,False
38,2011-12-09,40,74501.0859375,False,False
38,2011-12-09,90,12900.79296875,False,False
38,2011-12-09,32,15233.83203125,False,False
38,2011-12-09,42,12840.96484375,False,False
38,2011-12-09,59,8921.3828125,False,False
38,2011-12-09,31,7816.8115234375,False,False
38,2011-12-09,18,68731.6015625,False,False
38,2011-12-09,8,30442.029296875,False,False
38,2011-12-09,30,5214.3466796875,False,False
38,2011-12-09,85,6452.4248046875,False,False
38,2011-12-09,12,4329.55810546875,False,False
38,2011-12-09,38,61521.078125,False,False
38,2011-12-09,10,27273.05078125,False,False
38,2011-12-09,81,15203.810546875,False,False
38,2011-12-09,67,17946.30078125,False,False
38,2011-12-09,38,37621.6640625,False,False
38,2011-12-09,85,9565.98046875,False,False
38,2011-12-09,32,22008.849609375,False,False
38,2011-12-09,9,29992.150390625,False,False
38,2011-12-09,30,6829.80419921875,False,False
38,2011-12-09,67,11795.2587890625,False,False
38,2011-12-09,67,12834.4736328125,False,False
38,2011-12-09,72,106122.984375,False,False
38,2011-12-16,4,34498.6171875,False,False
38,2011-12-16,74,25069.990234375,False,False
38,2011-12-16,38,87125.1484375,False,False
38,2011-12-16,35,5175.54443359375,False,False
38,2011-12-16,72,124612.7734375,False,False
38,2011-12-16,47,5.987788200378418,False,False
38,2011-12-16,55,37977.2109375,False,False
38,2011-12-16,94,836.280517578125,False,False
38,2011-12-16,14,40217.77734375,False,False
38,2011-12-16,30,4211.3359375,False,False
38,2011-12-16,55,36366.8515625,False,False
38,2011-12-16,7,73946.1796875,False,False
38,2011-12-16,7,183557.875,False,False
38,2011-12-16,8,53498.1875,False,False
38,2011-12-16,10,24753.75390625,False,False
38,2011-12-16,97,3006.74072265625,False,False
38,2011-12-16,93,40520.8359375,False,False
38,2011-12-16,71,15904.517578125,False,False
38,2011-12-16,25,44011.19140625,False,False
38,2011-12-16,23,107696.2265625,False,False
38,2011-12-16,82,42503.67578125,False,False
38,2011-12-16,95,61059.9453125,False,False
38,2011-12-16,16,1441.53857421875,False,False
38,2011-12-16,18,42196.74609375,False,False
38,2011-12-16,25,10419.5830078125,False,False
38,2011-12-16,80,84.66744232177734,False,False
38,2011-12-16,34,22448.19921875,False,False
38,2011-12-16,74,22188.302734375,False,False
38,2011-12-16,35,7608.36962890625,False,False
38,2011-12-16,74,24214.03515625,False,False
38,2011-12-16,13,44995.9609375,False,False
38,2011-12-16,31,6018.8466796875,False,False
38,2011-12-16,12,4480.61572265625,False,False
38,2011-12-16,22,20860.4453125,False,False
38,2011-12-16,71,6513.29248046875,False,False
38,2011-12-16,52,4582.09130859375,False,False
38,2011-12-16,31,6672.64453125,False,False
38,2011-12-16,23,48409.515625,False,False
38,2011-12-16,5,69236.6796875,False,False
38,2011-12-16,36,4388.580078125,False,False
38,2011-12-16,1,53353.203125,False,False
38,2011-12-16,72,109975.8671875,False,False
38,2011-12-16,28,2423.737060546875,False,False
38,2011-12-16,21,9639.115234375,False,False
38,2011-12-16,60,558.6358032226562,False,False
38,2011-12-16,26,20607.94140625,False,False
38,2011-12-16,6,20335.755859375,False,False
38,2011-12-16,93,336.9504699707031,False,False
38,2011-12-16,3,25624.337890625,False,False
38,2011-12-16,58,1689.2283935546875,False,False
38,2011-12-16,14,35255.9375,False,False
38,2011-12-16,12,3075.742919921875,False,False
38,2011-12-16,59,4934.02734375,False,False
38,2011-12-16,41,1487.80224609375,False,False
38,2011-12-16,77,97.00969696044922,False,False
38,2011-12-16,32,27256.896484375,False,False
38,2011-12-16,32,36529.5,False,False
38,2011-12-16,50,2637.634521484375,False,False
38,2011-12-16,41,9.38705825805664,False,False
38,2011-12-16,49,10650.9951171875,False,False
38,2011-12-16,92,80376.15625,False,False
38,2011-12-16,6,9968.318359375,False,False
38,2011-12-16,38,90001.6953125,False,False
38,2011-12-16,19,2618.449951171875,False,False
38,2011-12-16,34,24603.84375,False,False
38,2011-12-16,4,36169.49609375,False,False
38,2011-12-16,92,62280.84765625,False,False
38,2011-12-16,4,30862.23828125,False,False
38,2011-12-16,3,16845.560546875,False,False
38,2011-12-16,80,1623.5166015625,False,False
38,2011-12-16,22,23395.220703125,False,False
38,2011-12-16,24,18242.845703125,False,False
38,2011-12-16,18,32149.720703125,False,False
38,2011-12-16,3,22297.953125,False,False
38,2011-12-16,16,4501.40771484375,False,False
38,2011-12-23,19,2528.8515625,False,False
38,2011-12-23,16,5182.57470703125,False,False
38,2011-12-23,26,5020.36865234375,False,False
38,2011-12-23,34,29434.77734375,False,False
38,2011-12-23,26,33257.015625,False,False
38,2011-12-23,44,30666.60546875,False,False
38,2011-12-23,12,4551.685546875,False,False
38,2011-12-23,41,12433.5322265625,False,False
38,2011-12-23,60,148.12588500976562,False,False
38,2011-12-23,23,92441.1328125,False,False
38,2011-12-23,38,73526.8671875,False,False
38,2011-12-23,30,5741.16845703125,False,False
38,2011-12-23,18,44575.96484375,False,False
38,2011-12-23,9,43239.76171875,False,False
38,2011-12-23,40,69797.703125,False,False
38,2011-12-23,1,48633.9609375,False,False
38,2011-12-23,67,30609.458984375,False,False
38,2011-12-23,98,815.0006103515625,False,False
38,2011-12-23,97,4451.71533203125,False,False
38,2011-12-23,33,34592.79296875,False,False
38,2011-12-23,20,13165.9794921875,False,False
38,2011-12-23,42,7013.74072265625,False,False
38,2011-12-23,91,12370.556640625,False,False
38,2011-12-23,23,179.6754913330078,False,False
38,2011-12-23,32,19680.58984375,False,False
38,2011-12-23,96,4715.3642578125,False,False
38,2011-12-23,10,26106.740234375,False,False
38,2011-12-23,87,21794.61328125,False,False
38,2011-12-23,13,33418.3046875,False,False
38,2011-12-23,50,4011.4775390625,False,False
38,2011-12-23,7,198040.984375,False,False
38,2011-12-23,50,8111.693359375,False,False
38,2011-12-23,60,564.2598876953125,False,False
38,2011-12-23,98,70.87480163574219,False,False
38,2011-12-23,19,1924.5738525390625,False,False
38,2011-12-23,32,26151.314453125,False,False
38,2011-12-23,19,1749.975830078125,False,False
38,2011-12-23,25,19068.080078125,False,False
38,2011-12-23,47,1637.794677734375,False,False
38,2011-12-23,45,22.750253677368164,False,False
38,2011-12-23,21,13073.6640625,False,False
38,2011-12-23,23,710.8141479492188,False,False
38,2011-12-23,71,15244.6337890625,False,False
38,2011-12-23,38,77939.5703125,False,False
38,2011-12-23,4,57764.94921875,False,False
38,2011-12-23,36,4303.990234375,False,False
38,2011-12-23,74,25712.9921875,False,False
38,2011-12-23,94,4033.112548828125,False,False
38,2011-12-23,72,199406.71875,False,False
38,2011-12-23,72,109549.3671875,False,False
38,2011-12-23,98,241.17645263671875,False,False
38,2011-12-23,60,452.6329040527344,False,False
38,2011-12-23,41,5712.271484375,False,False
38,2011-12-23,82,99720.28125,False,False
38,2011-12-23,42,9972.08984375,False,False
38,2011-12-23,48,7200.81640625,False,False
38,2011-12-23,31,15782.40625,False,False
38,2011-12-23,92,46267.30078125,False,False
38,2011-12-23,35,4160.06787109375,False,False
38,2011-12-23,56,1126.4578857421875,False,False
38,2011-12-23,34,20345.802734375,False,False
38,2011-12-23,83,1687.192626953125,False,False
38,2011-12-23,49,31948.4765625,False,False
38,2011-12-23,52,861.10595703125,False,False
38,2011-12-23,32,29622.4765625,False,False
38,2011-12-23,29,20072.189453125,False,False
38,2011-12-23,58,9689.7919921875,False,False
38,2011-12-23,21,7039.98291015625,False,False
38,2011-12-23,52,5662.55908203125,False,False
38,2011-12-23,50,1799.8028564453125,False,False
38,2011-12-23,74,33886.5703125,False,False
38,2011-12-23,21,14876.796875,False,False
38,2011-12-30,46,48880.10546875,True,False
38,2011-12-30,54,35.107357025146484,True,False
38,2011-12-30,20,6735.79150390625,True,False
38,2011-12-30,7,55885.94140625,True,False
38,2011-12-30,85,4319.96044921875,True,False
38,2011-12-30,67,12959.0927734375,True,False
38,2011-12-30,96,32463.021484375,True,False
38,2011-12-30,59,10140.4482421875,True,False
38,2011-12-30,32,24043.9765625,True,False
38,2011-12-30,47,-8.640493392944336,True,False
38,2011-12-30,91,12480.4990234375,True,False
38,2011-12-30,85,6674.3857421875,True,False
38,2011-12-30,81,7816.708984375,True,False
38,2011-12-30,83,1001.4832763671876,True,False
38,2011-12-30,49,29564.1484375,True,False
38,2011-12-30,87,19025.767578125,True,False
38,2011-12-30,91,22356.8359375,True,False
38,2011-12-30,41,9882.0888671875,True,False
38,2011-12-30,24,7115.89501953125,True,False
38,2011-12-30,91,4802.30712890625,True,False
38,2011-12-30,55,24942.06640625,True,False
38,2011-12-30,97,4318.150390625,True,False
38,2011-12-30,60,257.03765869140625,True,False
38,2011-12-30,98,88.74703979492188,True,False
38,2011-12-30,16,2931.905029296875,True,False
38,2011-12-30,8,29820.033203125,True,False
38,2011-12-30,8,46369.23828125,True,False
38,2011-12-30,91,12474.537109375,True,False
38,2011-12-30,90,36024.22265625,True,False
38,2011-12-30,49,47.74020385742188,True,False
38,2011-12-30,81,5280.259765625,True,False
38,2011-12-30,34,11341.6669921875,True,False
38,2011-12-30,32,15005.4638671875,True,False
38,2011-12-30,35,3802.62939453125,True,False
38,2011-12-30,14,38023.62890625,True,False
38,2011-12-30,95,53204.42578125,True,False
38,2011-12-30,94,523.6680908203125,True,False
38,2011-12-30,90,28917.21484375,True,False
38,2011-12-30,5,32001.91015625,True,False
38,2011-12-30,3,9067.8359375,True,False
38,2011-12-30,19,2532.820068359375,True,False
38,2011-12-30,90,16679.71484375,True,False
38,2011-12-30,82,22437.990234375,True,False
38,2011-12-30,16,3793.547119140625,True,False
38,2011-12-30,41,9871.9423828125,True,False
38,2011-12-30,59,6947.408203125,True,False
38,2011-12-30,67,11358.275390625,True,False
38,2011-12-30,40,54405.40234375,True,False
38,2011-12-30,83,1004.3397216796876,True,False
38,2011-12-30,40,53399.92578125,True,False
38,2011-12-30,98,151.68069458007812,True,False
38,2011-12-30,2,55331.13671875,True,False
38,2011-12-30,32,25935.26171875,True,False
38,2011-12-30,72,134478.421875,True,False
38,2011-12-30,50,5651.22314453125,True,False
38,2011-12-30,95,43116.10546875,True,False
38,2011-12-30,55,39086.51171875,True,False
38,2011-12-30,38,61581.34765625,True,False
38,2011-12-30,80,951.2061767578124,True,False
38,2011-12-30,17,20597.513671875,True,False
38,2011-12-30,96,35543.859375,True,False
38,2011-12-30,32,36178.96875,True,False
38,2011-12-30,7,40683.51953125,True,False
38,2011-12-30,96,21911.23046875,True,False
38,2011-12-30,60,137.53860473632812,True,False
38,2011-12-30,52,2738.794677734375,True,False
38,2011-12-30,26,11768.64453125,True,False
38,2011-12-30,80,281.8970947265625,True,False
38,2011-12-30,67,12569.01171875,True,False
38,2011-12-30,36,1646.96728515625,True,False
38,2011-12-30,55,31084.375,True,False
38,2011-12-30,41,1582.2884521484375,True,False
39,2011-12-02,94,363.0887756347656,False,False
39,2011-12-02,25,13755.4912109375,False,False
39,2011-12-02,26,13679.23828125,False,False
39,2011-12-02,14,19080.41796875,False,False
39,2011-12-02,23,27845.849609375,False,False
39,2011-12-02,59,4166.42724609375,False,False
39,2011-12-02,6,8859.7509765625,False,False
39,2011-12-02,23,33503.52734375,False,False
39,2011-12-02,90,7359.25537109375,False,False
39,2011-12-02,23,38208.546875,False,False
39,2011-12-02,38,45103.4765625,False,False
39,2011-12-02,26,10354.5107421875,False,False
39,2011-12-02,58,2341.104736328125,False,False
39,2011-12-02,6,5226.9775390625,False,False
39,2011-12-02,32,17619.65625,False,False
39,2011-12-02,4,24283.794921875,False,False
39,2011-12-02,60,104.87594604492188,False,False
39,2011-12-02,45,48.51809310913086,False,False
39,2011-12-02,46,21678.36328125,False,False
39,2011-12-02,87,12571.58984375,False,False
39,2011-12-02,18,66467.59375,False,False
39,2011-12-02,74,14758.2841796875,False,False
39,2011-12-02,17,14901.87890625,False,False
39,2011-12-02,38,51963.3359375,False,False
39,2011-12-02,3,11992.603515625,False,False
39,2011-12-02,67,9407.7265625,False,False
39,2011-12-02,17,16325.33203125,False,False
39,2011-12-02,93,2103.90283203125,False,False
39,2011-12-02,56,1027.781982421875,False,False
39,2011-12-02,33,14483.89453125,False,False
39,2011-12-02,9,12180.001953125,False,False
39,2011-12-02,46,28826.927734375,False,False
39,2011-12-02,11,22981.49609375,False,False
39,2011-12-02,67,7958.6181640625,False,False
39,2011-12-02,44,8762.7802734375,False,False
39,2011-12-02,44,7343.2021484375,False,False
39,2011-12-02,98,280.7311706542969,False,False
39,2011-12-02,59,3309.369384765625,False,False
39,2011-12-02,94,2375.702880859375,False,False
39,2011-12-02,79,21556.443359375,False,False
39,2011-12-02,85,3006.822021484375,False,False
39,2011-12-02,31,4709.09228515625,False,False
39,2011-12-02,38,62615.55078125,False,False
39,2011-12-02,92,20602.345703125,False,False
39,2011-12-02,96,6924.14501953125,False,False
39,2011-12-02,6,6113.16845703125,False,False
39,2011-12-02,44,12047.685546875,False,False
39,2011-12-02,13,23046.328125,False,False
39,2011-12-02,58,3147.517578125,False,False
39,2011-12-02,60,440.5621948242188,False,False
39,2011-12-02,28,1174.0531005859375,False,False
39,2011-12-02,55,22955.013671875,False,False
39,2011-12-02,2,74430.8046875,False,False
39,2011-12-02,17,11821.0908203125,False,False
39,2011-12-02,56,643.3564453125,False,False
39,2011-12-02,8,25942.365234375,False,False
39,2011-12-02,67,9817.8671875,False,False
39,2011-12-02,20,7402.74267578125,False,False
39,2011-12-02,42,7179.41015625,False,False
39,2011-12-02,13,32848.390625,False,False
39,2011-12-02,46,24761.115234375,False,False
39,2011-12-02,98,359.9896545410156,False,False
39,2011-12-02,97,8936.0712890625,False,False
39,2011-12-02,56,158.6763153076172,False,False
39,2011-12-02,12,3740.16845703125,False,False
39,2011-12-02,16,8993.443359375,False,False
39,2011-12-02,28,2083.004638671875,False,False
39,2011-12-02,38,25829.439453125,False,False
39,2011-12-02,67,12247.5458984375,False,False
39,2011-12-02,9,50991.25,False,False
39,2011-12-02,93,559.2687377929688,False,False
39,2011-12-02,16,1153.2188720703125,False,False
39,2011-12-09,36,11110.3564453125,False,False
39,2011-12-09,33,31285.119140625,False,False
39,2011-12-09,79,16711.859375,False,False
39,2011-12-09,4,68175.2890625,False,False
39,2011-12-09,55,27197.576171875,False,False
39,2011-12-09,44,5976.640625,False,False
39,2011-12-09,55,32099.275390625,False,False
39,2011-12-09,91,54420.0078125,False,False
39,2011-12-09,3,14714.21484375,False,False
39,2011-12-09,17,18393.5390625,False,False
39,2011-12-09,71,12594.5439453125,False,False
39,2011-12-09,13,29645.611328125,False,False
39,2011-12-09,49,12645.8291015625,False,False
39,2011-12-09,46,39768.546875,False,False
39,2011-12-09,79,28857.951171875,False,False
39,2011-12-09,55,25523.505859375,False,False
39,2011-12-09,25,15446.314453125,False,False
39,2011-12-09,27,4976.45361328125,False,False
39,2011-12-09,7,55738.84375,False,False
39,2011-12-09,80,54.843868255615234,False,False
39,2011-12-09,60,552.451171875,False,False
39,2011-12-09,50,2450.9130859375,False,False
39,2011-12-09,98,385.9471435546875,False,False
39,2011-12-09,16,4920.5830078125,False,False
39,2011-12-09,23,52476.1875,False,False
39,2011-12-09,93,1148.0682373046875,False,False
39,2011-12-09,77,17.403606414794922,False,False
39,2011-12-09,71,6808.36572265625,False,False
39,2011-12-09,9,26853.384765625,False,False
39,2011-12-09,20,7015.51220703125,False,False
39,2011-12-09,99,2267.40869140625,False,False
39,2011-12-09,34,20443.400390625,False,False
39,2011-12-09,91,13986.078125,False,False
39,2011-12-09,41,6007.177734375,False,False
39,2011-12-09,71,4985.69970703125,False,False
39,2011-12-09,11,27475.4140625,False,False
39,2011-12-09,98,1094.900146484375,False,False
39,2011-12-09,26,28624.056640625,False,False
39,2011-12-09,34,21604.607421875,False,False
39,2011-12-09,72,114895.1640625,False,False
39,2011-12-09,20,9885.9794921875,False,False
39,2011-12-09,80,-3.489184617996216,False,False
39,2011-12-09,95,47875.91796875,False,False
39,2011-12-09,46,20668.45703125,False,False
39,2011-12-09,9,51769.734375,False,False
39,2011-12-09,25,14477.7236328125,False,False
39,2011-12-09,91,23365.716796875,False,False
39,2011-12-09,74,16426.904296875,False,False
39,2011-12-09,34,17919.544921875,False,False
39,2011-12-09,30,4729.4365234375,False,False
39,2011-12-09,4,36684.875,False,False
39,2011-12-09,7,96513.6796875,False,False
39,2011-12-09,9,7678.44189453125,False,False
39,2011-12-09,46,31168.66015625,False,False
39,2011-12-09,23,75868.125,False,False
39,2011-12-09,9,21856.4375,False,False
39,2011-12-09,23,53818.38671875,False,False
39,2011-12-09,38,54120.00390625,False,False
39,2011-12-09,30,3031.766357421875,False,False
39,2011-12-09,52,4658.37451171875,False,False
39,2011-12-09,71,9196.865234375,False,False
39,2011-12-09,11,25786.146484375,False,False
39,2011-12-16,60,305.6921691894531,False,False
39,2011-12-16,33,14705.2666015625,False,False
39,2011-12-16,22,20433.072265625,False,False
39,2011-12-16,22,23217.689453125,False,False
39,2011-12-16,10,18521.134765625,False,False
39,2011-12-16,29,19204.4453125,False,False
39,2011-12-16,34,38212.58984375,False,False
39,2011-12-16,2,77583.03125,False,False
39,2011-12-16,58,1250.585693359375,False,False
39,2011-12-16,21,14773.359375,False,False
39,2011-12-16,79,33037.703125,False,False
39,2011-12-16,35,5725.76513671875,False,False
39,2011-12-16,54,120.73958587646484,False,False
39,2011-12-16,42,8912.65234375,False,False
39,2011-12-16,8,54112.31640625,False,False
39,2011-12-16,10,13148.9755859375,False,False
39,2011-12-16,72,132699.640625,False,False
39,2011-12-16,97,3241.36572265625,False,False
39,2011-12-16,24,20320.595703125,False,False
39,2011-12-16,77,506.6474914550781,False,False
39,2011-12-16,12,2736.8759765625,False,False
39,2011-12-16,79,29081.52734375,False,False
39,2011-12-16,8,22856.873046875,False,False
39,2011-12-16,87,16788.23046875,False,False
39,2011-12-16,29,16992.4609375,False,False
39,2011-12-16,22,14024.259765625,False,False
39,2011-12-16,54,88.93318939208984,False,False
39,2011-12-16,97,4070.903564453125,False,False
39,2011-12-16,7,88036.6171875,False,False
39,2011-12-16,42,7540.0888671875,False,False
39,2011-12-16,34,18683.1953125,False,False
39,2011-12-16,26,13916.2958984375,False,False
39,2011-12-16,85,7419.0078125,False,False
39,2011-12-16,94,141.5290985107422,False,False
39,2011-12-16,54,38.95185470581055,False,False
39,2011-12-16,3,11017.451171875,False,False
39,2011-12-16,98,19561.69921875,False,False
39,2011-12-16,17,22340.552734375,False,False
39,2011-12-16,60,765.4268188476562,False,False
39,2011-12-16,9,67944.5078125,False,False
39,2011-12-16,71,10492.6357421875,False,False
39,2011-12-16,46,39600.3828125,False,False
39,2011-12-16,42,6189.98388671875,False,False
39,2011-12-16,36,2018.42578125,False,False
39,2011-12-16,52,899.5946044921875,False,False
39,2011-12-16,56,4055.54833984375,False,False
39,2011-12-16,59,3462.734375,False,False
39,2011-12-16,22,20816.02734375,False,False
39,2011-12-16,27,6193.2578125,False,False
39,2011-12-16,27,5445.17822265625,False,False
39,2011-12-16,33,17474.53125,False,False
39,2011-12-16,29,19255.36328125,False,False
39,2011-12-16,6,12880.79296875,False,False
39,2011-12-16,94,1633.8646240234375,False,False
39,2011-12-16,40,76122.1953125,False,False
39,2011-12-16,4,17602.111328125,False,False
39,2011-12-16,4,21736.453125,False,False
39,2011-12-16,93,1155.26416015625,False,False
39,2011-12-16,44,2426.565673828125,False,False
39,2011-12-16,13,26571.341796875,False,False
39,2011-12-16,26,12041.0234375,False,False
39,2011-12-16,6,11621.1591796875,False,False
39,2011-12-16,49,10958.279296875,False,False
39,2011-12-16,21,8856.359375,False,False
39,2011-12-16,26,20319.552734375,False,False
39,2011-12-16,18,15084.458984375,False,False
39,2011-12-16,93,1437.2523193359375,False,False
39,2011-12-16,54,49.92142868041992,False,False
39,2011-12-16,58,4175.78662109375,False,False
39,2011-12-16,51,-329.3024597167969,False,False
39,2011-12-16,58,4022.52001953125,False,False
39,2011-12-16,72,137871.234375,False,False
39,2011-12-16,32,16409.09375,False,False
39,2011-12-23,93,2038.1727294921875,False,False
39,2011-12-23,8,53087.67578125,False,False
39,2011-12-23,72,81393.1328125,False,False
39,2011-12-23,25,18168.505859375,False,False
39,2011-12-23,20,8124.294921875,False,False
39,2011-12-23,2,84657.9921875,False,False
39,2011-12-23,31,9113.556640625,False,False
39,2011-12-23,12,5381.31787109375,False,False
39,2011-12-23,38,74309.171875,False,False
39,2011-12-23,6,12024.865234375,False,False
39,2011-12-23,72,179871.953125,False,False
39,2011-12-23,6,13786.4599609375,False,False
39,2011-12-23,32,34896.9296875,False,False
39,2011-12-23,96,-8.274382591247559,False,False
39,2011-12-23,54,222.12744140625,False,False
39,2011-12-23,56,1466.7738037109375,False,False
39,2011-12-23,79,12984.505859375,False,False
39,2011-12-23,41,22731.345703125,False,False
39,2011-12-23,79,29004.4375,False,False
39,2011-12-23,3,14637.544921875,False,False
39,2011-12-23,90,13228.71484375,False,False
39,2011-12-23,3,36325.71484375,False,False
39,2011-12-23,59,10336.09765625,False,False
39,2011-12-23,67,13029.4453125,False,False
39,2011-12-23,8,37659.0703125,False,False
39,2011-12-23,20,13511.025390625,False,False
39,2011-12-23,48,417.1606750488281,False,False
39,2011-12-23,46,23156.34765625,False,False
39,2011-12-23,85,3116.192138671875,False,False
39,2011-12-23,56,1175.71533203125,False,False
39,2011-12-23,1,29800.7734375,False,False
39,2011-12-23,95,64144.5234375,False,False
39,2011-12-23,17,31667.9921875,False,False
39,2011-12-23,36,2910.569580078125,False,False
39,2011-12-23,17,18558.875,False,False
39,2011-12-23,96,36718.9140625,False,False
39,2011-12-23,55,41302.1640625,False,False
39,2011-12-23,91,31162.10546875,False,False
39,2011-12-23,6,29179.1796875,False,False
39,2011-12-23,54,94.67554473876952,False,False
39,2011-12-23,67,24832.857421875,False,False
39,2011-12-23,19,4388.58642578125,False,False
39,2011-12-23,94,671.4387817382812,False,False
39,2011-12-23,80,723.5120849609375,False,False
39,2011-12-23,5,109172.640625,False,False
39,2011-12-23,42,6815.10986328125,False,False
39,2011-12-23,90,19491.103515625,False,False
39,2011-12-23,74,25497.505859375,False,False
39,2011-12-23,16,1633.201171875,False,False
39,2011-12-23,92,67028.0703125,False,False
39,2011-12-23,4,22644.28515625,False,False
39,2011-12-23,38,66645.6171875,False,False
39,2011-12-23,20,6705.6416015625,False,False
39,2011-12-23,31,9361.2119140625,False,False
39,2011-12-23,40,51143.5859375,False,False
39,2011-12-23,7,121021.9296875,False,False
39,2011-12-23,36,9171.7138671875,False,False
39,2011-12-23,44,15000.560546875,False,False
39,2011-12-23,29,20349.419921875,False,False
39,2011-12-23,58,2140.246337890625,False,False
39,2011-12-23,90,25002.037109375,False,False
39,2011-12-23,49,13076.1806640625,False,False
39,2011-12-23,2,68717.546875,False,False
39,2011-12-23,36,4111.4716796875,False,False
39,2011-12-23,3,20530.13671875,False,False
39,2011-12-23,23,85.95870208740234,False,False
39,2011-12-23,97,6740.0400390625,False,False
39,2011-12-23,56,2868.078369140625,False,False
39,2011-12-23,35,6821.32763671875,False,False
39,2011-12-23,25,19452.076171875,False,False
39,2011-12-23,49,20224.986328125,False,False
39,2011-12-23,87,15125.24609375,False,False
39,2011-12-23,67,19951.34375,False,False
39,2011-12-23,21,4730.1591796875,False,False
39,2011-12-23,52,5909.86083984375,False,False
39,2011-12-23,80,181.12863159179688,False,False
39,2011-12-23,9,43182.6953125,False,False
39,2011-12-30,71,6202.421875,True,False
39,2011-12-30,60,212.4594573974609,True,False
39,2011-12-30,10,13923.1796875,True,False
39,2011-12-30,31,2963.805908203125,True,False
39,2011-12-30,8,32991.9609375,True,False
39,2011-12-30,18,28141.25,True,False
39,2011-12-30,17,19751.796875,True,False
39,2011-12-30,50,1860.6353759765625,True,False
39,2011-12-30,6,6927.1865234375,True,False
39,2011-12-30,91,11425.1875,True,False
39,2011-12-30,80,385.6092834472656,True,False
39,2011-12-30,54,76.63780975341797,True,False
39,2011-12-30,30,5676.8466796875,True,False
39,2011-12-30,24,6995.05859375,True,False
39,2011-12-30,67,9737.1220703125,True,False
39,2011-12-30,67,6835.78955078125,True,False
39,2011-12-30,30,6557.404296875,True,False
39,2011-12-30,55,27430.65625,True,False
39,2011-12-30,4,18880.78515625,True,False
39,2011-12-30,92,26636.0234375,True,False
39,2011-12-30,47,23.998371124267575,True,False
39,2011-12-30,10,19458.140625,True,False
39,2011-12-30,5,43417.34765625,True,False
39,2011-12-30,30,3149.083251953125,True,False
39,2011-12-30,42,6813.29833984375,True,False
39,2011-12-30,25,25658.478515625,True,False
39,2011-12-30,56,20.94753646850586,True,False
39,2011-12-30,54,79.98747253417969,True,False
39,2011-12-30,41,2877.12060546875,True,False
39,2011-12-30,46,17777.6328125,True,False
39,2011-12-30,4,31082.994140625,True,False
39,2011-12-30,29,8175.74853515625,True,False
39,2011-12-30,74,15859.94140625,True,False
39,2011-12-30,13,41701.765625,True,False
39,2011-12-30,79,11198.7705078125,True,False
39,2011-12-30,54,66.63488006591797,True,False
39,2011-12-30,16,2672.781005859375,True,False
39,2011-12-30,28,1553.247314453125,True,False
39,2011-12-30,60,78.84673309326172,True,False
39,2011-12-30,72,74705.2890625,True,False
39,2011-12-30,54,170.18289184570312,True,False
39,2011-12-30,59,8517.646484375,True,False
39,2011-12-30,85,3075.1201171875,True,False
39,2011-12-30,14,19136.904296875,True,False
39,2011-12-30,35,5168.4990234375,True,False
39,2011-12-30,93,752.27783203125,True,False
39,2011-12-30,26,7753.68505859375,True,False
39,2011-12-30,42,4364.85546875,True,False
39,2011-12-30,9,8710.185546875,True,False
39,2011-12-30,36,2229.087158203125,True,False
39,2011-12-30,21,6330.62646484375,True,False
39,2011-12-30,32,4871.248046875,True,False
39,2011-12-30,82,48662.83984375,True,False
39,2011-12-30,23,30874.984375,True,False
39,2011-12-30,44,7736.73193359375,True,False
39,2011-12-30,98,279.1776733398437,True,False
40,2011-12-02,98,17026.640625,False,False
40,2011-12-02,81,32082.408203125,False,False
40,2011-12-02,87,33121.45703125,False,False
40,2011-12-02,56,2877.392822265625,False,False
40,2011-12-02,13,54091.85546875,False,False
40,2011-12-02,81,54418.765625,False,False
40,2011-12-02,25,14045.9619140625,False,False
40,2011-12-02,48,1597.52392578125,False,False
40,2011-12-02,50,985.8423461914062,False,False
40,2011-12-02,72,66836.2890625,False,False
40,2011-12-02,10,40035.30078125,False,False
40,2011-12-02,79,47773.96875,False,False
40,2011-12-02,79,40123.47265625,False,False
40,2011-12-02,4,52347.0546875,False,False
40,2011-12-02,10,45747.61328125,False,False
40,2011-12-02,27,3466.035888671875,False,False
40,2011-12-02,1,27802.349609375,False,False
40,2011-12-02,52,1205.284912109375,False,False
40,2011-12-02,25,36523.078125,False,False
40,2011-12-02,82,30017.076171875,False,False
40,2011-12-02,83,3009.073486328125,False,False
40,2011-12-02,35,4394.60205078125,False,False
40,2011-12-02,87,11618.55859375,False,False
40,2011-12-02,58,3935.654052734375,False,False
40,2011-12-02,36,2447.984375,False,False
40,2011-12-02,41,282.02197265625,False,False
40,2011-12-02,80,26471.458984375,False,False
40,2011-12-02,13,48978.703125,False,False
40,2011-12-02,21,8696.8056640625,False,False
40,2011-12-02,90,109092.3125,False,False
40,2011-12-02,87,23303.95703125,False,False
40,2011-12-02,23,32057.6484375,False,False
40,2011-12-02,9,50616.05859375,False,False
40,2011-12-02,33,4437.35791015625,False,False
40,2011-12-02,34,17936.8984375,False,False
40,2011-12-02,13,34577.5859375,False,False
40,2011-12-02,24,16962.328125,False,False
40,2011-12-02,92,118786.5703125,False,False
40,2011-12-02,22,20919.818359375,False,False
40,2011-12-02,55,37.42156982421875,False,False
40,2011-12-02,93,97844.5859375,False,False
40,2011-12-02,99,2362.477783203125,False,False
40,2011-12-02,54,50.173927307128906,False,False
40,2011-12-02,77,894.0944213867188,False,False
40,2011-12-02,99,2110.44677734375,False,False
40,2011-12-02,58,7321.74658203125,False,False
40,2011-12-02,25,17778.583984375,False,False
40,2011-12-02,98,22333.19921875,False,False
40,2011-12-02,27,2970.642333984375,False,False
40,2011-12-02,35,4977.9638671875,False,False
40,2011-12-02,35,4527.50048828125,False,False
40,2011-12-02,52,3566.080078125,False,False
40,2011-12-02,46,43623.1640625,False,False
40,2011-12-02,58,9518.6884765625,False,False
40,2011-12-02,93,52540.58984375,False,False
40,2011-12-02,85,3732.078125,False,False
40,2011-12-02,98,12434.8017578125,False,False
40,2011-12-02,85,4664.234375,False,False
40,2011-12-02,11,27776.103515625,False,False
40,2011-12-02,24,8841.4404296875,False,False
40,2011-12-02,1,35621.640625,False,False
40,2011-12-02,94,68686.09375,False,False
40,2011-12-02,35,4212.4345703125,False,False
40,2011-12-02,97,20969.408203125,False,False
40,2011-12-02,94,36328.33203125,False,False
40,2011-12-02,52,5406.4931640625,False,False
40,2011-12-02,74,20303.662109375,False,False
40,2011-12-02,41,1409.5325927734375,False,False
40,2011-12-09,54,203.657470703125,False,False
40,2011-12-09,9,46901.62890625,False,False
40,2011-12-09,16,5039.21044921875,False,False
40,2011-12-09,44,10820.15625,False,False
40,2011-12-09,71,9222.35546875,False,False
40,2011-12-09,25,20338.4375,False,False
40,2011-12-09,13,41366.3515625,False,False
40,2011-12-09,79,23313.921875,False,False
40,2011-12-09,46,47729.45703125,False,False
40,2011-12-09,26,18754.71484375,False,False
40,2011-12-09,92,153111.75,False,False
40,2011-12-09,11,51636.08984375,False,False
40,2011-12-09,30,3212.27734375,False,False
40,2011-12-09,28,517.2384643554688,False,False
40,2011-12-09,25,16697.10546875,False,False
40,2011-12-09,81,14876.8662109375,False,False
40,2011-12-09,8,56848.171875,False,False
40,2011-12-09,58,5648.28955078125,False,False
40,2011-12-09,12,6097.51171875,False,False
40,2011-12-09,3,16347.966796875,False,False
40,2011-12-09,38,97289.3515625,False,False
40,2011-12-09,80,23092.400390625,False,False
40,2011-12-09,9,22774.9140625,False,False
40,2011-12-09,28,1309.452392578125,False,False
40,2011-12-09,37,2988.275390625,False,False
40,2011-12-09,71,7216.25830078125,False,False
40,2011-12-09,81,30969.978515625,False,False
40,2011-12-09,7,108424.5390625,False,False
40,2011-12-09,85,14546.3681640625,False,False
40,2011-12-09,60,519.5629272460938,False,False
40,2011-12-09,50,4173.70556640625,False,False
40,2011-12-09,77,1938.189208984375,False,False
40,2011-12-09,22,14857.4453125,False,False
40,2011-12-09,18,55014.171875,False,False
40,2011-12-09,82,47963.5625,False,False
40,2011-12-09,24,17164.33203125,False,False
40,2011-12-09,59,5467.21240234375,False,False
40,2011-12-09,9,20733.5078125,False,False
40,2011-12-09,9,25651.05078125,False,False
40,2011-12-09,1,35759.17578125,False,False
40,2011-12-09,71,7201.1435546875,False,False
40,2011-12-09,9,58157.6484375,False,False
40,2011-12-09,59,3211.4189453125,False,False
40,2011-12-09,18,32259.875,False,False
40,2011-12-09,31,7082.9013671875,False,False
40,2011-12-09,1,48129.30859375,False,False
40,2011-12-09,14,41144.75,False,False
40,2011-12-09,18,56293.22265625,False,False
40,2011-12-09,40,77457.0078125,False,False
40,2011-12-09,97,22759.267578125,False,False
40,2011-12-09,41,2411.967529296875,False,False
40,2011-12-09,58,16489.390625,False,False
40,2011-12-09,30,4936.201171875,False,False
40,2011-12-09,74,17368.19921875,False,False
40,2011-12-09,6,7589.54931640625,False,False
40,2011-12-09,91,79958.875,False,False
40,2011-12-09,46,23657.400390625,False,False
40,2011-12-09,24,14999.2158203125,False,False
40,2011-12-09,92,235781.515625,False,False
40,2011-12-09,34,29753.966796875,False,False
40,2011-12-09,58,33010.296875,False,False
40,2011-12-09,87,7306.95263671875,False,False
40,2011-12-09,67,24507.84765625,False,False
40,2011-12-09,79,35276.9453125,False,False
40,2011-12-09,25,14937.171875,False,False
40,2011-12-09,27,3850.181396484375,False,False
40,2011-12-09,85,8221.830078125,False,False
40,2011-12-09,79,37010.1640625,False,False
40,2011-12-09,27,4499.1201171875,False,False
40,2011-12-09,19,7266.9130859375,False,False
40,2011-12-09,91,73546.203125,False,False
40,2011-12-16,27,4762.85107421875,False,False
40,2011-12-16,24,12063.37109375,False,False
40,2011-12-16,8,79563.375,False,False
40,2011-12-16,85,5223.0537109375,False,False
40,2011-12-16,1,64317.37890625,False,False
40,2011-12-16,4,39872.55859375,False,False
40,2011-12-16,16,5348.52685546875,False,False
40,2011-12-16,59,6092.2412109375,False,False
40,2011-12-16,41,4651.3837890625,False,False
40,2011-12-16,48,1631.4765625,False,False
40,2011-12-16,42,10024.7255859375,False,False
40,2011-12-16,30,5422.80322265625,False,False
40,2011-12-16,98,21272.1640625,False,False
40,2011-12-16,21,10298.6513671875,False,False
40,2011-12-16,14,49524.25,False,False
40,2011-12-16,96,7916.830078125,False,False
40,2011-12-16,91,73222.3671875,False,False
40,2011-12-16,9,63987.203125,False,False
40,2011-12-16,94,34769.51953125,False,False
40,2011-12-16,36,2935.718505859375,False,False
40,2011-12-16,9,47824.9140625,False,False
40,2011-12-16,91,56531.1640625,False,False
40,2011-12-16,14,33364.33203125,False,False
40,2011-12-16,49,11660.3330078125,False,False
40,2011-12-16,54,2.2259647846221924,False,False
40,2011-12-16,10,21016.765625,False,False
40,2011-12-16,93,46847.7890625,False,False
40,2011-12-16,24,16273.25390625,False,False
40,2011-12-16,44,9913.916015625,False,False
40,2011-12-16,49,13539.9501953125,False,False
40,2011-12-16,67,14943.3203125,False,False
40,2011-12-16,38,59953.37109375,False,False
40,2011-12-16,90,140981.609375,False,False
40,2011-12-16,91,50316.875,False,False
40,2011-12-16,46,70842.046875,False,False
40,2011-12-16,21,24529.189453125,False,False
40,2011-12-16,79,40753.91796875,False,False
40,2011-12-16,19,4730.37060546875,False,False
40,2011-12-16,37,4267.06494140625,False,False
40,2011-12-16,85,6151.58984375,False,False
40,2011-12-16,48,1423.5640869140625,False,False
40,2011-12-16,94,39971.90625,False,False
40,2011-12-16,19,10728.890625,False,False
40,2011-12-16,20,10246.80859375,False,False
40,2011-12-16,23,37517.67578125,False,False
40,2011-12-16,19,6253.39697265625,False,False
40,2011-12-16,20,4475.3212890625,False,False
40,2011-12-16,83,5437.21875,False,False
40,2011-12-16,56,2052.73779296875,False,False
40,2011-12-16,50,2674.873291015625,False,False
40,2011-12-16,18,58924.6171875,False,False
40,2011-12-16,29,20082.25390625,False,False
40,2011-12-16,31,8385.5478515625,False,False
40,2011-12-16,54,47.60554885864258,False,False
40,2011-12-16,81,41687.9453125,False,False
40,2011-12-16,6,18960.765625,False,False
40,2011-12-16,33,12033.4609375,False,False
40,2011-12-16,83,6922.24365234375,False,False
40,2011-12-16,93,117116.1171875,False,False
40,2011-12-16,93,57938.890625,False,False
40,2011-12-16,12,5365.55859375,False,False
40,2011-12-16,41,2946.295166015625,False,False
40,2011-12-16,2,90435.71875,False,False
40,2011-12-16,87,50247.48828125,False,False
40,2011-12-16,37,4022.2880859375,False,False
40,2011-12-16,59,5020.80712890625,False,False
40,2011-12-16,87,43271.734375,False,False
40,2011-12-16,72,176964.53125,False,False
40,2011-12-16,85,12268.2919921875,False,False
40,2011-12-16,8,90291.390625,False,False
40,2011-12-16,74,41581.203125,False,False
40,2011-12-16,54,224.8462829589844,False,False
40,2011-12-16,94,63451.1171875,False,False
40,2011-12-16,97,19537.4375,False,False
40,2011-12-16,26,31147.546875,False,False
40,2011-12-16,31,7556.17529296875,False,False
40,2011-12-16,20,4962.05517578125,False,False
40,2011-12-16,20,3048.072021484375,False,False
40,2011-12-23,67,30439.28125,False,False
40,2011-12-23,10,53632.140625,False,False
40,2011-12-23,83,10461.88671875,False,False
40,2011-12-23,44,17357.345703125,False,False
40,2011-12-23,11,33339.15234375,False,False
40,2011-12-23,36,3774.854248046875,False,False
40,2011-12-23,24,14805.48828125,False,False
40,2011-12-23,27,6206.447265625,False,False
40,2011-12-23,48,2300.324462890625,False,False
40,2011-12-23,4,81513.46875,False,False
40,2011-12-23,42,9345.78515625,False,False
40,2011-12-23,1,51025.30078125,False,False
40,2011-12-23,31,9640.421875,False,False
40,2011-12-23,43,11312.7138671875,False,False
40,2011-12-23,67,34035.46484375,False,False
40,2011-12-23,99,3347.04736328125,False,False
40,2011-12-23,99,1836.3226318359373,False,False
40,2011-12-23,44,10267.5380859375,False,False
40,2011-12-23,87,23852.44140625,False,False
40,2011-12-23,38,81077.4921875,False,False
40,2011-12-23,22,27831.453125,False,False
40,2011-12-23,94,71099.8828125,False,False
40,2011-12-23,58,39850.07421875,False,False
40,2011-12-23,2,82089.265625,False,False
40,2011-12-23,13,124581.359375,False,False
40,2011-12-23,24,17664.458984375,False,False
40,2011-12-23,96,49415.2109375,False,False
40,2011-12-23,23,172645.265625,False,False
40,2011-12-23,14,95692.828125,False,False
40,2011-12-23,54,167.89773559570312,False,False
40,2011-12-23,9,60515.21484375,False,False
40,2011-12-23,28,2052.80615234375,False,False
40,2011-12-23,28,879.76513671875,False,False
40,2011-12-23,16,7522.46240234375,False,False
40,2011-12-23,87,21419.595703125,False,False
40,2011-12-23,33,22100.259765625,False,False
40,2011-12-23,82,112282.3671875,False,False
40,2011-12-23,92,143000.59375,False,False
40,2011-12-23,97,30246.685546875,False,False
40,2011-12-23,27,6884.20849609375,False,False
40,2011-12-23,80,24524.904296875,False,False
40,2011-12-23,2,75007.1328125,False,False
40,2011-12-23,92,282480.90625,False,False
40,2011-12-23,58,3479.47998046875,False,False
40,2011-12-23,36,6076.6005859375,False,False
40,2011-12-23,45,115.56946563720705,False,False
40,2011-12-23,11,37528.83203125,False,False
40,2011-12-23,1,46293.36328125,False,False
40,2011-12-23,72,166867.234375,False,False
40,2011-12-23,81,50668.09765625,False,False
40,2011-12-23,87,25788.361328125,False,False
40,2011-12-23,10,49570.80859375,False,False
40,2011-12-23,12,9213.8818359375,False,False
40,2011-12-23,30,6530.9677734375,False,False
40,2011-12-23,17,25477.453125,False,False
40,2011-12-23,81,26019.212890625,False,False
40,2011-12-23,95,119780.2734375,False,False
40,2011-12-23,16,5145.69580078125,False,False
40,2011-12-23,17,27910.240234375,False,False
40,2011-12-23,33,16817.958984375,False,False
40,2011-12-23,56,1365.5650634765625,False,False
40,2011-12-23,46,45050.3984375,False,False
40,2011-12-23,55,39963.49609375,False,False
40,2011-12-23,5,107033.234375,False,False
40,2011-12-23,6,20386.19921875,False,False
40,2011-12-23,5,149806.96875,False,False
40,2011-12-23,97,60310.03125,False,False
40,2011-12-23,25,20113.830078125,False,False
40,2011-12-23,20,6653.666015625,False,False
40,2011-12-23,38,100617.5390625,False,False
40,2011-12-30,20,4289.474609375,True,False
40,2011-12-30,82,53549.05078125,True,False
40,2011-12-30,46,43869.16015625,True,False
40,2011-12-30,13,40886.84375,True,False
40,2011-12-30,20,4448.234375,True,False
40,2011-12-30,16,7319.92626953125,True,False
40,2011-12-30,12,9408.076171875,True,False
40,2011-12-30,41,7614.8642578125,True,False
40,2011-12-30,37,3388.089599609375,True,False
40,2011-12-30,74,35671.48828125,True,False
40,2011-12-30,67,21099.814453125,True,False
40,2011-12-30,3,19034.4140625,True,False
40,2011-12-30,33,5576.8720703125,True,False
40,2011-12-30,4,5713.6669921875,True,False
40,2011-12-30,18,60254.71484375,True,False
40,2011-12-30,16,4238.4921875,True,False
40,2011-12-30,56,1506.6689453125,True,False
40,2011-12-30,27,3807.03125,True,False
40,2011-12-30,9,50581.90625,True,False
40,2011-12-30,9,29722.2734375,True,False
40,2011-12-30,3,14833.515625,True,False
40,2011-12-30,30,3569.4736328125,True,False
40,2011-12-30,18,46384.8125,True,False
40,2011-12-30,16,2133.14892578125,True,False
40,2011-12-30,24,6526.37646484375,True,False
40,2011-12-30,42,10178.986328125,True,False
40,2011-12-30,23,45398.64453125,True,False
40,2011-12-30,40,74346.5546875,True,False
40,2011-12-30,98,19303.73046875,True,False
40,2011-12-30,17,19929.513671875,True,False
40,2011-12-30,58,1513.951904296875,True,False
40,2011-12-30,10,39465.72265625,True,False
40,2011-12-30,10,32253.458984375,True,False
40,2011-12-30,9,34978.01171875,True,False
40,2011-12-30,91,42497.49609375,True,False
40,2011-12-30,38,61709.71875,True,False
40,2011-12-30,7,61873.2109375,True,False
40,2011-12-30,23,2.514674186706543,True,False
40,2011-12-30,25,15015.94140625,True,False
40,2011-12-30,3,15068.7978515625,True,False
40,2011-12-30,29,13789.666015625,True,False
40,2011-12-30,45,19.778806686401367,True,False
40,2011-12-30,4,39174.0234375,True,False
40,2011-12-30,34,904.111572265625,True,False
40,2011-12-30,99,2218.626220703125,True,False
40,2011-12-30,90,58019.52734375,True,False
40,2011-12-30,6,7284.52685546875,True,False
40,2011-12-30,87,31454.03515625,True,False
40,2011-12-30,74,25650.78125,True,False
40,2011-12-30,97,24913.64453125,True,False
40,2011-12-30,71,10004.5341796875,True,False
40,2011-12-30,59,6746.7080078125,True,False
40,2011-12-30,41,7014.64404296875,True,False
40,2011-12-30,31,3383.308837890625,True,False
40,2011-12-30,32,36063.3984375,True,False
40,2011-12-30,16,2231.467529296875,True,False
40,2011-12-30,36,1904.5169677734373,True,False
40,2011-12-30,46,52813.55078125,True,False
40,2011-12-30,42,12486.0048828125,True,False
40,2011-12-30,80,31186.50390625,True,False
40,2011-12-30,40,55381.07421875,True,False
40,2011-12-30,85,4188.1982421875,True,False
40,2011-12-30,30,6916.42236328125,True,False
40,2011-12-30,16,5811.0205078125,True,False
40,2011-12-30,42,9208.8310546875,True,False
40,2011-12-30,17,17949.8984375,True,False
40,2011-12-30,83,2092.468017578125,True,False
40,2011-12-30,92,143819.671875,True,False
40,2011-12-30,46,49533.4296875,True,False
40,2011-12-30,28,832.471923828125,True,False
40,2011-12-30,18,49948.51171875,True,False
40,2011-12-30,34,21720.58203125,True,False
40,2011-12-30,92,115604.234375,True,False
40,2011-12-30,92,131578.359375,True,False
40,2011-12-30,10,33128.8984375,True,False
41,2011-12-02,94,61960.07421875,False,False
41,2011-12-02,52,4699.4892578125,False,False
41,2011-12-02,20,5445.16943359375,False,False
41,2011-12-02,27,2963.483154296875,False,False
41,2011-12-02,33,12701.9150390625,False,False
41,2011-12-02,92,145964.875,False,False
41,2011-12-02,41,13592.8291015625,False,False
41,2011-12-02,14,25344.041015625,False,False
41,2011-12-02,26,20206.919921875,False,False
41,2011-12-02,56,2449.0087890625,False,False
41,2011-12-02,95,69599.0078125,False,False
41,2011-12-02,19,362.60595703125,False,False
41,2011-12-02,17,22345.48828125,False,False
41,2011-12-02,38,81382.953125,False,False
41,2011-12-02,93,50084.57421875,False,False
41,2011-12-02,38,122536.578125,False,False
41,2011-12-02,21,8399.119140625,False,False
41,2011-12-02,12,1919.0552978515625,False,False
41,2011-12-02,28,842.7021484375,False,False
41,2011-12-02,36,2541.249267578125,False,False
41,2011-12-02,46,30701.970703125,False,False
41,2011-12-02,71,9606.6025390625,False,False
41,2011-12-02,85,2700.00390625,False,False
41,2011-12-02,33,12121.173828125,False,False
41,2011-12-02,95,68406.109375,False,False
41,2011-12-02,77,1093.8114013671875,False,False
41,2011-12-02,7,64394.89453125,False,False
41,2011-12-02,41,11873.2294921875,False,False
41,2011-12-02,22,21185.234375,False,False
41,2011-12-02,71,7510.380859375,False,False
41,2011-12-02,49,8103.61962890625,False,False
41,2011-12-02,23,33230.10546875,False,False
41,2011-12-02,8,44655.17578125,False,False
41,2011-12-02,3,13788.001953125,False,False
41,2011-12-02,7,58346.00390625,False,False
41,2011-12-02,4,50537.82421875,False,False
41,2011-12-02,8,50763.3046875,False,False
41,2011-12-02,80,19793.630859375,False,False
41,2011-12-02,28,2458.621337890625,False,False
41,2011-12-02,32,38225.72265625,False,False
41,2011-12-02,16,4103.23095703125,False,False
41,2011-12-02,94,32832.83203125,False,False
41,2011-12-02,80,15540.2841796875,False,False
41,2011-12-02,31,3750.13330078125,False,False
41,2011-12-02,42,8573.7900390625,False,False
41,2011-12-02,10,29431.681640625,False,False
41,2011-12-02,67,12505.5205078125,False,False
41,2011-12-02,17,12897.0830078125,False,False
41,2011-12-02,87,17849.513671875,False,False
41,2011-12-02,37,3660.47021484375,False,False
41,2011-12-02,33,12567.1943359375,False,False
41,2011-12-02,3,12763.3916015625,False,False
41,2011-12-02,80,19110.361328125,False,False
41,2011-12-02,16,1713.731689453125,False,False
41,2011-12-02,4,62590.83984375,False,False
41,2011-12-02,17,18204.66015625,False,False
41,2011-12-02,80,17967.81640625,False,False
41,2011-12-02,18,82055.1015625,False,False
41,2011-12-02,74,13740.7099609375,False,False
41,2011-12-02,71,9757.8203125,False,False
41,2011-12-02,81,21740.59375,False,False
41,2011-12-02,7,64029.03125,False,False
41,2011-12-02,27,3567.07763671875,False,False
41,2011-12-02,34,16164.91796875,False,False
41,2011-12-02,82,20758.318359375,False,False
41,2011-12-02,55,24679.51953125,False,False
41,2011-12-02,36,2768.00927734375,False,False
41,2011-12-02,31,3254.259765625,False,False
41,2011-12-02,77,73.31451416015625,False,False
41,2011-12-02,8,59243.0234375,False,False
41,2011-12-02,9,23418.310546875,False,False
41,2011-12-02,25,8380.8486328125,False,False
41,2011-12-09,27,3839.4052734375,False,False
41,2011-12-09,52,4584.47314453125,False,False
41,2011-12-09,55,26073.947265625,False,False
41,2011-12-09,16,4725.783203125,False,False
41,2011-12-09,52,2973.789794921875,False,False
41,2011-12-09,37,3641.045654296875,False,False
41,2011-12-09,54,-2.550900220870972,False,False
41,2011-12-09,2,73976.03125,False,False
41,2011-12-09,74,20181.79296875,False,False
41,2011-12-09,20,7549.0244140625,False,False
41,2011-12-09,18,40200.95703125,False,False
41,2011-12-09,16,2929.124267578125,False,False
41,2011-12-09,91,79568.9765625,False,False
41,2011-12-09,92,247079.125,False,False
41,2011-12-09,17,18812.337890625,False,False
41,2011-12-09,28,2273.319091796875,False,False
41,2011-12-09,59,2756.074951171875,False,False
41,2011-12-09,34,17606.69921875,False,False
41,2011-12-09,56,3584.2392578125,False,False
41,2011-12-09,72,99008.5,False,False
41,2011-12-09,34,28886.3984375,False,False
41,2011-12-09,81,28115.857421875,False,False
41,2011-12-09,97,25803.330078125,False,False
41,2011-12-09,67,19772.744140625,False,False
41,2011-12-09,91,28486.599609375,False,False
41,2011-12-09,32,22240.90234375,False,False
41,2011-12-09,44,3291.537841796875,False,False
41,2011-12-09,48,4762.2314453125,False,False
41,2011-12-09,7,69105.8828125,False,False
41,2011-12-09,34,17720.916015625,False,False
41,2011-12-09,7,60492.859375,False,False
41,2011-12-09,94,39492.234375,False,False
41,2011-12-09,10,27507.876953125,False,False
41,2011-12-09,21,12488.8037109375,False,False
41,2011-12-09,36,4811.5986328125,False,False
41,2011-12-09,23,48491.77734375,False,False
41,2011-12-09,23,51825.42578125,False,False
41,2011-12-09,83,9336.0048828125,False,False
41,2011-12-09,21,11080.8349609375,False,False
41,2011-12-09,97,16410.48828125,False,False
41,2011-12-09,2,82668.359375,False,False
41,2011-12-09,71,5930.837890625,False,False
41,2011-12-09,6,11634.6142578125,False,False
41,2011-12-09,9,13811.234375,False,False
41,2011-12-09,30,3621.13916015625,False,False
41,2011-12-09,29,5451.06884765625,False,False
41,2011-12-09,13,72658.9140625,False,False
41,2011-12-09,46,33600.3828125,False,False
41,2011-12-09,1,33900.6171875,False,False
41,2011-12-09,41,4747.78955078125,False,False
41,2011-12-09,1,33158.765625,False,False
41,2011-12-09,28,1607.6842041015625,False,False
41,2011-12-09,30,5220.90380859375,False,False
41,2011-12-09,23,31457.888671875,False,False
41,2011-12-09,31,5888.349609375,False,False
41,2011-12-09,82,32510.310546875,False,False
41,2011-12-09,36,5162.27587890625,False,False
41,2011-12-09,20,10503.9443359375,False,False
41,2011-12-09,90,98600.9453125,False,False
41,2011-12-09,28,1512.6180419921875,False,False
41,2011-12-09,80,37327.83984375,False,False
41,2011-12-09,21,12497.3447265625,False,False
41,2011-12-09,14,38671.84765625,False,False
41,2011-12-09,90,70567.3203125,False,False
41,2011-12-09,12,1851.523681640625,False,False
41,2011-12-16,30,4781.96435546875,False,False
41,2011-12-16,19,2854.7919921875,False,False
41,2011-12-16,16,3955.810302734375,False,False
41,2011-12-16,74,23755.748046875,False,False
41,2011-12-16,3,20362.5703125,False,False
41,2011-12-16,2,88579.609375,False,False
41,2011-12-16,97,29559.224609375,False,False
41,2011-12-16,10,28352.892578125,False,False
41,2011-12-16,8,42212.66015625,False,False
41,2011-12-16,91,64758.1796875,False,False
41,2011-12-16,14,61300.57421875,False,False
41,2011-12-16,87,11940.587890625,False,False
41,2011-12-16,20,8920.6796875,False,False
41,2011-12-16,10,46849.05078125,False,False
41,2011-12-16,44,11197.3671875,False,False
41,2011-12-16,16,5249.93701171875,False,False
41,2011-12-16,24,18997.888671875,False,False
41,2011-12-16,31,10293.19140625,False,False
41,2011-12-16,74,16413.12109375,False,False
41,2011-12-16,35,4562.12353515625,False,False
41,2011-12-16,97,59748.4140625,False,False
41,2011-12-16,29,15229.2099609375,False,False
41,2011-12-16,2,54344.96484375,False,False
41,2011-12-16,44,9358.9365234375,False,False
41,2011-12-16,82,58363.30078125,False,False
41,2011-12-16,72,70237.421875,False,False
41,2011-12-16,13,37462.54296875,False,False
41,2011-12-16,90,53626.9453125,False,False
41,2011-12-16,35,3646.822265625,False,False
41,2011-12-16,58,477.9256591796875,False,False
41,2011-12-16,28,1430.772705078125,False,False
41,2011-12-16,32,66860.6953125,False,False
41,2011-12-16,28,1348.8724365234375,False,False
41,2011-12-16,14,46372.40234375,False,False
41,2011-12-16,3,15634.470703125,False,False
41,2011-12-16,21,12041.416015625,False,False
41,2011-12-16,55,40512.60546875,False,False
41,2011-12-16,95,146776.0625,False,False
41,2011-12-16,23,29696.203125,False,False
41,2011-12-16,41,7097.81591796875,False,False
41,2011-12-16,95,145230.234375,False,False
41,2011-12-16,10,33280.1875,False,False
41,2011-12-16,34,17179.33984375,False,False
41,2011-12-16,29,12265.27734375,False,False
41,2011-12-16,96,2703.323974609375,False,False
41,2011-12-16,12,4317.47900390625,False,False
41,2011-12-16,32,19373.85546875,False,False
41,2011-12-16,31,5102.4267578125,False,False
41,2011-12-16,29,17345.6171875,False,False
41,2011-12-16,17,40911.62890625,False,False
41,2011-12-16,74,22396.8125,False,False
41,2011-12-16,26,17737.33203125,False,False
41,2011-12-16,81,21134.015625,False,False
41,2011-12-16,10,22963.25390625,False,False
41,2011-12-16,91,78473.390625,False,False
41,2011-12-16,59,6951.60009765625,False,False
41,2011-12-16,27,7379.72509765625,False,False
41,2011-12-16,96,39467.3984375,False,False
41,2011-12-16,1,58616.10546875,False,False
41,2011-12-16,79,26006.31640625,False,False
41,2011-12-16,93,40545.52734375,False,False
41,2011-12-16,26,15399.4814453125,False,False
41,2011-12-16,12,4675.0322265625,False,False
41,2011-12-16,54,114.66434478759766,False,False
41,2011-12-16,6,7142.1982421875,False,False
41,2011-12-16,81,12725.5869140625,False,False
41,2011-12-16,30,5505.1787109375,False,False
41,2011-12-16,40,63670.75390625,False,False
41,2011-12-16,13,60289.43359375,False,False
41,2011-12-16,41,7311.4609375,False,False
41,2011-12-16,27,9230.626953125,False,False
41,2011-12-16,81,31912.935546875,False,False
41,2011-12-16,58,1205.9842529296875,False,False
41,2011-12-16,18,68574.359375,False,False
41,2011-12-16,85,5300.96728515625,False,False
41,2011-12-16,83,5909.93798828125,False,False
41,2011-12-16,13,34069.04296875,False,False
41,2011-12-16,12,3544.09814453125,False,False
41,2011-12-16,37,2209.047607421875,False,False
41,2011-12-16,12,2917.3994140625,False,False
41,2011-12-16,13,69550.15625,False,False
41,2011-12-16,4,55059.078125,False,False
41,2011-12-16,67,23140.166015625,False,False
41,2011-12-16,94,55643.54296875,False,False
41,2011-12-16,16,5388.74560546875,False,False
41,2011-12-16,24,20292.048828125,False,False
41,2011-12-16,4,25810.951171875,False,False
41,2011-12-16,59,5405.18017578125,False,False
41,2011-12-16,22,28779.25390625,False,False
41,2011-12-16,59,8039.47265625,False,False
41,2011-12-16,71,12573.5078125,False,False
41,2011-12-16,30,3478.41162109375,False,False
41,2011-12-16,9,53611.26953125,False,False
41,2011-12-23,54,257.3500366210937,False,False
41,2011-12-23,36,3545.66845703125,False,False
41,2011-12-23,16,7116.21337890625,False,False
41,2011-12-23,7,194855.796875,False,False
41,2011-12-23,67,23939.390625,False,False
41,2011-12-23,36,9467.5126953125,False,False
41,2011-12-23,94,38725.63671875,False,False
41,2011-12-23,20,14309.2666015625,False,False
41,2011-12-23,91,74616.234375,False,False
41,2011-12-23,98,12905.7001953125,False,False
41,2011-12-23,90,138940.3125,False,False
41,2011-12-23,31,7757.4091796875,False,False
41,2011-12-23,71,18498.314453125,False,False
41,2011-12-23,40,61226.56640625,False,False
41,2011-12-23,1,59628.46484375,False,False
41,2011-12-23,34,29648.86328125,False,False
41,2011-12-23,42,10384.232421875,False,False
41,2011-12-23,29,13487.9052734375,False,False
41,2011-12-23,98,17391.162109375,False,False
41,2011-12-23,44,22931.283203125,False,False
41,2011-12-23,28,1526.474609375,False,False
41,2011-12-23,49,6131.99169921875,False,False
41,2011-12-23,52,8293.548828125,False,False
41,2011-12-23,5,118265.734375,False,False
41,2011-12-23,19,1767.9971923828125,False,False
41,2011-12-23,48,3347.330078125,False,False
41,2011-12-23,26,21280.9765625,False,False
41,2011-12-23,6,12782.310546875,False,False
41,2011-12-23,83,3298.0244140625,False,False
41,2011-12-23,59,6224.55517578125,False,False
41,2011-12-23,1,66529.5078125,False,False
41,2011-12-23,79,54038.74609375,False,False
41,2011-12-23,29,30530.138671875,False,False
41,2011-12-23,52,4532.86669921875,False,False
41,2011-12-23,87,21088.3046875,False,False
41,2011-12-23,33,18410.6015625,False,False
41,2011-12-23,67,29918.87109375,False,False
41,2011-12-23,36,3953.417236328125,False,False
41,2011-12-23,33,21406.169921875,False,False
41,2011-12-23,30,9537.4052734375,False,False
41,2011-12-23,32,44338.60546875,False,False
41,2011-12-23,20,11541.525390625,False,False
41,2011-12-23,36,4256.82958984375,False,False
41,2011-12-23,90,106545.25,False,False
41,2011-12-23,5,98676.65625,False,False
41,2011-12-23,29,20213.671875,False,False
41,2011-12-23,46,94363.4921875,False,False
41,2011-12-23,37,4681.0302734375,False,False
41,2011-12-23,25,30496.830078125,False,False
41,2011-12-23,26,17495.515625,False,False
41,2011-12-23,4,56768.47265625,False,False
41,2011-12-23,34,21662.07421875,False,False
41,2011-12-23,83,8675.3193359375,False,False
41,2011-12-23,32,56463.10546875,False,False
41,2011-12-23,19,4232.66650390625,False,False
41,2011-12-23,7,137917.65625,False,False
41,2011-12-23,14,56892.07421875,False,False
41,2011-12-23,74,32218.439453125,False,False
41,2011-12-23,5,56410.1484375,False,False
41,2011-12-23,35,7873.81787109375,False,False
41,2011-12-23,5,158136.625,False,False
41,2011-12-23,34,29573.9609375,False,False
41,2011-12-23,11,19099.29296875,False,False
41,2011-12-23,49,10075.818359375,False,False
41,2011-12-30,13,64344.703125,True,False
41,2011-12-30,44,10069.8291015625,True,False
41,2011-12-30,11,24676.974609375,True,False
41,2011-12-30,28,914.0463256835938,True,False
41,2011-12-30,20,5463.83203125,True,False
41,2011-12-30,17,16379.77734375,True,False
41,2011-12-30,55,31019.623046875,True,False
41,2011-12-30,5,41836.796875,True,False
41,2011-12-30,31,2878.111083984375,True,False
41,2011-12-30,80,13860.40234375,True,False
41,2011-12-30,95,118745.0390625,True,False
41,2011-12-30,38,46792.26171875,True,False
41,2011-12-30,38,55092.15625,True,False
41,2011-12-30,49,15125.0693359375,True,False
41,2011-12-30,49,10056.294921875,True,False
41,2011-12-30,23,36286.10546875,True,False
41,2011-12-30,93,85643.1484375,True,False
41,2011-12-30,97,29050.470703125,True,False
41,2011-12-30,59,5123.373046875,True,False
41,2011-12-30,5,56010.86328125,True,False
41,2011-12-30,16,2410.982177734375,True,False
41,2011-12-30,14,34790.9765625,True,False
41,2011-12-30,36,3126.550048828125,True,False
41,2011-12-30,17,17567.39453125,True,False
41,2011-12-30,20,8174.66455078125,True,False
41,2011-12-30,56,154.72259521484375,True,False
41,2011-12-30,9,17435.48046875,True,False
41,2011-12-30,67,16118.666015625,True,False
41,2011-12-30,41,4582.4609375,True,False
41,2011-12-30,99,2032.7696533203125,True,False
41,2011-12-30,40,60968.46484375,True,False
41,2011-12-30,42,6309.6708984375,True,False
41,2011-12-30,41,5595.21240234375,True,False
41,2011-12-30,80,20837.19921875,True,False
41,2011-12-30,59,3214.683349609375,True,False
41,2011-12-30,35,3976.919921875,True,False
41,2011-12-30,17,13655.1259765625,True,False
41,2011-12-30,83,11461.2509765625,True,False
41,2011-12-30,9,34377.01953125,True,False
41,2011-12-30,67,33363.39453125,True,False
41,2011-12-30,56,207.3829040527344,True,False
41,2011-12-30,59,4505.41943359375,True,False
41,2011-12-30,71,7753.64453125,True,False
41,2011-12-30,30,5558.66064453125,True,False
41,2011-12-30,19,2509.245849609375,True,False
41,2011-12-30,33,4726.4931640625,True,False
41,2011-12-30,24,7816.9306640625,True,False
41,2011-12-30,33,9811.0927734375,True,False
41,2011-12-30,94,39191.421875,True,False
41,2011-12-30,81,24179.994140625,True,False
41,2011-12-30,33,10141.9091796875,True,False
41,2011-12-30,93,27342.1640625,True,False
41,2011-12-30,87,13761.3232421875,True,False
41,2011-12-30,81,19801.826171875,True,False
41,2011-12-30,10,13960.947265625,True,False
41,2011-12-30,13,54097.31640625,True,False
41,2011-12-30,23,62873.48828125,True,False
41,2011-12-30,71,9944.3916015625,True,False
41,2011-12-30,5,40249.80859375,True,False
41,2011-12-30,79,24025.365234375,True,False
41,2011-12-30,21,8496.873046875,True,False
41,2011-12-30,34,15150.6376953125,True,False
41,2011-12-30,45,19.706249237060547,True,False
41,2011-12-30,27,3205.62890625,True,False
42,2011-12-02,54,8.900219917297363,False,False
42,2011-12-02,87,19675.830078125,False,False
42,2011-12-02,95,92263.890625,False,False
42,2011-12-02,60,249.79086303710935,False,False
42,2011-12-02,20,6207.3251953125,False,False
42,2011-12-02,49,8534.78515625,False,False
42,2011-12-02,5,53407.03515625,False,False
42,2011-12-02,85,5027.82421875,False,False
42,2011-12-02,37,3671.9228515625,False,False
42,2011-12-02,97,5280.0966796875,False,False
42,2011-12-02,82,19009.51953125,False,False
42,2011-12-02,10,36797.6640625,False,False
42,2011-12-02,40,67582.765625,False,False
42,2011-12-02,33,11326.1416015625,False,False
42,2011-12-02,29,15084.59765625,False,False
42,2011-12-02,95,49408.07421875,False,False
42,2011-12-02,45,8.826004028320312,False,False
42,2011-12-02,11,24357.90234375,False,False
42,2011-12-02,91,16496.04296875,False,False
42,2011-12-02,17,26089.171875,False,False
42,2011-12-02,85,3929.138671875,False,False
42,2011-12-02,58,4673.18212890625,False,False
42,2011-12-02,27,4009.01171875,False,False
42,2011-12-02,22,34658.9375,False,False
42,2011-12-02,20,4925.8212890625,False,False
42,2011-12-02,12,3221.357177734375,False,False
42,2011-12-02,55,23990.5234375,False,False
42,2011-12-02,26,9423.2861328125,False,False
42,2011-12-02,59,1337.9481201171875,False,False
42,2011-12-02,10,21559.470703125,False,False
42,2011-12-02,2,45801.01953125,False,False
42,2011-12-02,19,1465.537353515625,False,False
42,2011-12-02,95,53301.70703125,False,False
42,2011-12-02,49,-6.875925540924072,False,False
42,2011-12-02,29,6833.59912109375,False,False
42,2011-12-02,26,21160.56640625,False,False
42,2011-12-02,56,5466.77880859375,False,False
42,2011-12-02,93,722.326904296875,False,False
42,2011-12-02,74,18834.150390625,False,False
42,2011-12-02,23,50007.28515625,False,False
42,2011-12-02,44,9252.0068359375,False,False
42,2011-12-02,56,785.6218872070312,False,False
42,2011-12-02,12,4754.06494140625,False,False
42,2011-12-02,85,2781.61767578125,False,False
42,2011-12-02,10,22952.927734375,False,False
42,2011-12-02,41,6797.4384765625,False,False
42,2011-12-02,36,4639.60498046875,False,False
42,2011-12-02,71,15586.83203125,False,False
42,2011-12-02,8,41009.0390625,False,False
42,2011-12-02,81,9386.4609375,False,False
42,2011-12-02,74,21867.4375,False,False
42,2011-12-02,55,21226.5234375,False,False
42,2011-12-02,59,6273.55322265625,False,False
42,2011-12-02,33,9524.0302734375,False,False
42,2011-12-02,35,4725.7255859375,False,False
42,2011-12-02,29,11214.1201171875,False,False
42,2011-12-02,49,50.40253829956055,False,False
42,2011-12-02,97,2765.854736328125,False,False
42,2011-12-02,91,19021.322265625,False,False
42,2011-12-02,58,3061.687744140625,False,False
42,2011-12-02,6,13942.9599609375,False,False
42,2011-12-02,4,27660.6953125,False,False
42,2011-12-02,13,37636.046875,False,False
42,2011-12-09,38,109204.6015625,False,False
42,2011-12-09,20,3337.8740234375,False,False
42,2011-12-09,29,16871.029296875,False,False
42,2011-12-09,9,37861.859375,False,False
42,2011-12-09,85,9437.294921875,False,False
42,2011-12-09,25,15285.884765625,False,False
42,2011-12-09,22,13761.025390625,False,False
42,2011-12-09,82,37145.82421875,False,False
42,2011-12-09,32,30272.080078125,False,False
42,2011-12-09,55,34968.03515625,False,False
42,2011-12-09,82,29090.578125,False,False
42,2011-12-09,37,2567.337158203125,False,False
42,2011-12-09,97,4814.96142578125,False,False
42,2011-12-09,46,33273.703125,False,False
42,2011-12-09,71,8360.8779296875,False,False
42,2011-12-09,13,24526.029296875,False,False
42,2011-12-09,92,60565.73828125,False,False
42,2011-12-09,27,7183.39794921875,False,False
42,2011-12-09,41,1880.0006103515625,False,False
42,2011-12-09,50,2456.253173828125,False,False
42,2011-12-09,93,1285.89697265625,False,False
42,2011-12-09,22,35174.890625,False,False
42,2011-12-09,31,10733.3955078125,False,False
42,2011-12-09,55,25735.005859375,False,False
42,2011-12-09,55,27821.544921875,False,False
42,2011-12-09,93,1897.318115234375,False,False
42,2011-12-09,3,14004.5576171875,False,False
42,2011-12-09,38,110903.7890625,False,False
42,2011-12-09,19,1890.428466796875,False,False
42,2011-12-09,79,68285.3046875,False,False
42,2011-12-09,38,82008.5859375,False,False
42,2011-12-09,58,3934.3857421875,False,False
42,2011-12-09,18,54482.0703125,False,False
42,2011-12-09,74,32612.73046875,False,False
42,2011-12-09,12,6689.208984375,False,False
42,2011-12-09,85,5504.62646484375,False,False
42,2011-12-09,26,12969.796875,False,False
42,2011-12-09,79,33077.8125,False,False
42,2011-12-09,94,12.438713073730469,False,False
42,2011-12-09,79,49311.29296875,False,False
42,2011-12-09,22,17019.400390625,False,False
42,2011-12-09,74,4657.2314453125,False,False
42,2011-12-09,17,32136.96875,False,False
42,2011-12-09,7,62681.2578125,False,False
42,2011-12-09,55,28200.080078125,False,False
42,2011-12-09,14,39522.80859375,False,False
42,2011-12-09,60,444.93463134765625,False,False
42,2011-12-09,2,77392.9609375,False,False
42,2011-12-09,6,11401.8369140625,False,False
42,2011-12-09,92,121205.421875,False,False
42,2011-12-09,48,4163.087890625,False,False
42,2011-12-09,9,45483.6328125,False,False
42,2011-12-09,45,39.039207458496094,False,False
42,2011-12-09,87,3779.181640625,False,False
42,2011-12-09,59,1445.2353515625,False,False
42,2011-12-09,72,115595.28125,False,False
42,2011-12-09,59,9087.56640625,False,False
42,2011-12-09,55,41371.01171875,False,False
42,2011-12-09,54,157.0758056640625,False,False
42,2011-12-09,85,4230.6904296875,False,False
42,2011-12-09,42,12348.10546875,False,False
42,2011-12-09,81,23478.6953125,False,False
42,2011-12-09,3,22790.07421875,False,False
42,2011-12-09,4,865.001220703125,False,False
42,2011-12-09,8,34807.79296875,False,False
42,2011-12-09,41,14200.8349609375,False,False
42,2011-12-09,49,28880.126953125,False,False
42,2011-12-09,27,4556.3720703125,False,False
42,2011-12-09,59,3553.780517578125,False,False
42,2011-12-09,24,15538.0419921875,False,False
42,2011-12-09,99,3713.6494140625,False,False
42,2011-12-09,23,85330.75,False,False
42,2011-12-09,96,21342.53125,False,False
42,2011-12-09,49,17909.740234375,False,False
42,2011-12-09,42,8485.5205078125,False,False
42,2011-12-09,74,13217.39453125,False,False
42,2011-12-09,85,6020.07275390625,False,False
42,2011-12-16,72,75133.234375,False,False
42,2011-12-16,81,23670.576171875,False,False
42,2011-12-16,6,22554.791015625,False,False
42,2011-12-16,29,35141.23046875,False,False
42,2011-12-16,13,40053.40625,False,False
42,2011-12-16,20,12162.646484375,False,False
42,2011-12-16,60,463.30267333984375,False,False
42,2011-12-16,8,65939.5703125,False,False
42,2011-12-16,25,20310.478515625,False,False
42,2011-12-16,59,2973.185546875,False,False
42,2011-12-16,8,65050.99609375,False,False
42,2011-12-16,58,4499.390625,False,False
42,2011-12-16,28,703.8883666992188,False,False
42,2011-12-16,36,16886.115234375,False,False
42,2011-12-16,19,234.322998046875,False,False
42,2011-12-16,67,15496.48828125,False,False
42,2011-12-16,19,2259.072998046875,False,False
42,2011-12-16,32,44747.07421875,False,False
42,2011-12-16,60,1108.8128662109375,False,False
42,2011-12-16,48,1853.4454345703125,False,False
42,2011-12-16,25,23120.45703125,False,False
42,2011-12-16,72,174423.71875,False,False
42,2011-12-16,41,21.663990020751957,False,False
42,2011-12-16,28,1879.570556640625,False,False
42,2011-12-16,1,47456.83984375,False,False
42,2011-12-16,7,158060.703125,False,False
42,2011-12-16,18,57461.09765625,False,False
42,2011-12-16,36,5464.21337890625,False,False
42,2011-12-16,79,48618.65625,False,False
42,2011-12-16,9,43067.1484375,False,False
42,2011-12-16,14,68158.2265625,False,False
42,2011-12-16,17,26669.556640625,False,False
42,2011-12-16,94,3835.413330078125,False,False
42,2011-12-16,19,3006.021484375,False,False
42,2011-12-16,55,29461.59765625,False,False
42,2011-12-16,54,83.64751434326172,False,False
42,2011-12-16,67,44252.05859375,False,False
42,2011-12-16,58,5473.5703125,False,False
42,2011-12-16,71,10416.3984375,False,False
42,2011-12-16,11,20253.556640625,False,False
42,2011-12-16,42,12843.3544921875,False,False
42,2011-12-16,33,18129.064453125,False,False
42,2011-12-16,56,896.5208740234375,False,False
42,2011-12-16,79,55267.59375,False,False
42,2011-12-16,18,30827.931640625,False,False
42,2011-12-16,85,1549.7738037109375,False,False
42,2011-12-16,26,18882.419921875,False,False
42,2011-12-16,85,3682.779296875,False,False
42,2011-12-16,79,19836.80859375,False,False
42,2011-12-16,10,28101.1875,False,False
42,2011-12-16,97,4652.712890625,False,False
42,2011-12-16,32,18923.525390625,False,False
42,2011-12-16,55,35420.64453125,False,False
42,2011-12-16,83,2731.44482421875,False,False
42,2011-12-16,40,81647.84375,False,False
42,2011-12-16,12,4350.357421875,False,False
42,2011-12-16,26,22060.25390625,False,False
42,2011-12-16,67,20745.33203125,False,False
42,2011-12-16,16,3868.326416015625,False,False
42,2011-12-16,52,2772.989990234375,False,False
42,2011-12-16,52,6618.57666015625,False,False
42,2011-12-16,14,51156.47265625,False,False
42,2011-12-16,38,58504.50390625,False,False
42,2011-12-16,2,53770.59765625,False,False
42,2011-12-16,56,263.4642639160156,False,False
42,2011-12-16,4,67998.09375,False,False
42,2011-12-16,35,7835.8232421875,False,False
42,2011-12-16,18,30692.447265625,False,False
42,2011-12-16,20,8569.27734375,False,False
42,2011-12-16,3,30140.623046875,False,False
42,2011-12-16,24,22313.205078125,False,False
42,2011-12-16,24,20872.658203125,False,False
42,2011-12-16,80,1121.4957275390625,False,False
42,2011-12-16,16,1326.7510986328125,False,False
42,2011-12-16,30,4505.7900390625,False,False
42,2011-12-23,26,19349.591796875,False,False
42,2011-12-23,26,19131.81640625,False,False
42,2011-12-23,31,8061.4609375,False,False
42,2011-12-23,11,23019.251953125,False,False
42,2011-12-23,58,10581.6005859375,False,False
42,2011-12-23,4,48346.2109375,False,False
42,2011-12-23,34,23823.87890625,False,False
42,2011-12-23,83,2540.293701171875,False,False
42,2011-12-23,10,24889.39453125,False,False
42,2011-12-23,54,193.9061737060547,False,False
42,2011-12-23,45,25.47298812866211,False,False
42,2011-12-23,36,4989.7783203125,False,False
42,2011-12-23,30,9529.4677734375,False,False
42,2011-12-23,17,26515.53125,False,False
42,2011-12-23,1,61316.42578125,False,False
42,2011-12-23,1,40677.9765625,False,False
42,2011-12-23,9,60378.58984375,False,False
42,2011-12-23,56,746.7810668945312,False,False
42,2011-12-23,32,59197.53515625,False,False
42,2011-12-23,42,16242.2841796875,False,False
42,2011-12-23,85,19558.619140625,False,False
42,2011-12-23,93,3940.056884765625,False,False
42,2011-12-23,82,34893.8046875,False,False
42,2011-12-23,30,4857.5869140625,False,False
42,2011-12-23,79,37225.55078125,False,False
42,2011-12-23,13,49722.13671875,False,False
42,2011-12-23,2,162804.359375,False,False
42,2011-12-23,49,12804.5263671875,False,False
42,2011-12-23,74,25281.767578125,False,False
42,2011-12-23,26,20887.4375,False,False
42,2011-12-23,55,56097.90625,False,False
42,2011-12-23,94,162.87840270996094,False,False
42,2011-12-23,56,5626.78369140625,False,False
42,2011-12-23,77,498.28076171875,False,False
42,2011-12-23,2,105841.328125,False,False
42,2011-12-23,22,34504.7890625,False,False
42,2011-12-23,13,37357.9609375,False,False
42,2011-12-23,67,25647.26953125,False,False
42,2011-12-23,80,313.9921875,False,False
42,2011-12-23,90,34566.0390625,False,False
42,2011-12-23,91,4097.625,False,False
42,2011-12-23,56,1310.5152587890625,False,False
42,2011-12-23,98,15.910600662231444,False,False
42,2011-12-23,4,36931.5546875,False,False
42,2011-12-23,1,87258.8359375,False,False
42,2011-12-23,31,9400.5478515625,False,False
42,2011-12-23,67,31893.568359375,False,False
42,2011-12-23,79,38331.83984375,False,False
42,2011-12-23,52,4436.90673828125,False,False
42,2011-12-23,59,14144.5908203125,False,False
42,2011-12-23,47,63.16566848754883,False,False
42,2011-12-23,49,19097.705078125,False,False
42,2011-12-23,87,37632.90625,False,False
42,2011-12-23,71,6499.34130859375,False,False
42,2011-12-23,23,109230.1953125,False,False
42,2011-12-23,56,272.0387878417969,False,False
42,2011-12-23,92,88939.1015625,False,False
42,2011-12-23,90,82754.671875,False,False
42,2011-12-23,58,6927.6591796875,False,False
42,2011-12-23,93,2210.44189453125,False,False
42,2011-12-23,85,13796.7529296875,False,False
42,2011-12-23,44,5704.30908203125,False,False
42,2011-12-23,33,23953.45703125,False,False
42,2011-12-23,74,31652.46484375,False,False
42,2011-12-30,60,146.31576538085938,True,False
42,2011-12-30,97,2919.10888671875,True,False
42,2011-12-30,92,60621.09765625,True,False
42,2011-12-30,85,11722.9453125,True,False
42,2011-12-30,71,9790.0283203125,True,False
42,2011-12-30,26,13659.576171875,True,False
42,2011-12-30,2,63072.76171875,True,False
42,2011-12-30,71,11311.90234375,True,False
42,2011-12-30,90,18448.263671875,True,False
42,2011-12-30,32,17009.720703125,True,False
42,2011-12-30,83,3741.453125,True,False
42,2011-12-30,23,54341.84375,True,False
42,2011-12-30,9,19784.03515625,True,False
42,2011-12-30,11,23121.509765625,True,False
42,2011-12-30,32,17825.96484375,True,False
42,2011-12-30,6,11447.88671875,True,False
42,2011-12-30,28,865.0797729492188,True,False
42,2011-12-30,30,6626.4794921875,True,False
42,2011-12-30,18,53769.6171875,True,False
42,2011-12-30,97,2868.9638671875,True,False
42,2011-12-30,54,201.6035614013672,True,False
42,2011-12-30,98,202.4314727783203,True,False
42,2011-12-30,10,20945.572265625,True,False
42,2011-12-30,24,7897.53759765625,True,False
42,2011-12-30,42,9163.7314453125,True,False
42,2011-12-30,79,13221.7685546875,True,False
42,2011-12-30,80,6790.98828125,True,False
42,2011-12-30,98,120.87293243408205,True,False
42,2011-12-30,71,18000.2578125,True,False
42,2011-12-30,12,3744.08642578125,True,False
42,2011-12-30,13,32676.509765625,True,False
42,2011-12-30,98,166.21697998046875,True,False
42,2011-12-30,90,33597.83984375,True,False
42,2011-12-30,12,4689.2236328125,True,False
42,2011-12-30,18,27237.951171875,True,False
42,2011-12-30,16,2349.711669921875,True,False
42,2011-12-30,6,14520.44140625,True,False
42,2011-12-30,81,6906.04638671875,True,False
42,2011-12-30,94,356.67138671875,True,False
42,2011-12-30,12,2045.9189453125,True,False
42,2011-12-30,35,4527.2529296875,True,False
42,2011-12-30,97,3214.9287109375,True,False
42,2011-12-30,10,22327.869140625,True,False
42,2011-12-30,13,28998.51171875,True,False
42,2011-12-30,23,50490.9375,True,False
42,2011-12-30,30,10147.5087890625,True,False
42,2011-12-30,25,16395.564453125,True,False
42,2011-12-30,19,2399.172119140625,True,False
42,2011-12-30,37,2167.755615234375,True,False
42,2011-12-30,7,34043.4375,True,False
42,2011-12-30,34,22600.091796875,True,False
42,2011-12-30,30,8365.2587890625,True,False
42,2011-12-30,32,20037.646484375,True,False
42,2011-12-30,40,51585.23828125,True,False
42,2011-12-30,36,5446.4169921875,True,False
42,2011-12-30,22,4896.10009765625,True,False
42,2011-12-30,34,16909.537109375,True,False
42,2011-12-30,6,12837.4521484375,True,False
42,2011-12-30,81,4924.70947265625,True,False
42,2011-12-30,47,194.12327575683597,True,False
42,2011-12-30,58,4655.93310546875,True,False
42,2011-12-30,1,53241.82421875,True,False
42,2011-12-30,2,87675.296875,True,False
42,2011-12-30,26,6808.564453125,True,False
42,2011-12-30,28,1995.39013671875,True,False
42,2011-12-30,41,3697.287353515625,True,False
42,2011-12-30,91,12007.380859375,True,False
42,2011-12-30,5,30968.83203125,True,False
42,2011-12-30,3,13845.7587890625,True,False
42,2011-12-30,35,5254.66796875,True,False
42,2011-12-30,23,63508.27734375,True,False
42,2011-12-30,54,39.02870178222656,True,False
42,2011-12-30,41,3706.046142578125,True,False
43,2011-12-02,17,4762.67041015625,False,False
43,2011-12-02,14,10296.025390625,False,False
43,2011-12-02,32,6676.7421875,False,False
43,2011-12-02,91,6577.6015625,False,False
43,2011-12-02,22,5472.92822265625,False,False
43,2011-12-02,34,4793.96484375,False,False
43,2011-12-02,1,12913.591796875,False,False
43,2011-12-02,2,22485.65234375,False,False
43,2011-12-02,28,174.2373046875,False,False
43,2011-12-02,52,2066.439208984375,False,False
43,2011-12-02,40,25468.23828125,False,False
43,2011-12-02,67,3862.736083984375,False,False
43,2011-12-02,96,96.50469970703124,False,False
43,2011-12-02,79,4977.18701171875,False,False
43,2011-12-02,55,9559.0185546875,False,False
43,2011-12-02,59,1097.5699462890625,False,False
43,2011-12-02,14,8042.7978515625,False,False
43,2011-12-02,21,2870.25439453125,False,False
43,2011-12-02,27,686.6142578125,False,False
43,2011-12-02,27,665.9100952148438,False,False
43,2011-12-02,93,438.313720703125,False,False
43,2011-12-02,6,2942.025390625,False,False
43,2011-12-02,3,7719.3232421875,False,False
43,2011-12-02,77,773.5286865234375,False,False
43,2011-12-02,71,2307.761962890625,False,False
43,2011-12-02,27,913.2769775390624,False,False
43,2011-12-02,42,4275.22119140625,False,False
43,2011-12-02,24,2945.925048828125,False,False
43,2011-12-02,27,797.9727783203125,False,False
43,2011-12-02,38,33075.56640625,False,False
43,2011-12-02,35,262.82000732421875,False,False
43,2011-12-02,45,6.703778266906738,False,False
43,2011-12-02,2,22807.701171875,False,False
43,2011-12-02,18,19227.927734375,False,False
43,2011-12-02,19,1143.72607421875,False,False
43,2011-12-02,4,15654.6513671875,False,False
43,2011-12-02,82,11015.80078125,False,False
43,2011-12-02,18,18845.189453125,False,False
43,2011-12-02,28,490.2116088867188,False,False
43,2011-12-02,3,8515.330078125,False,False
43,2011-12-02,25,4403.888671875,False,False
43,2011-12-02,87,17235.572265625,False,False
43,2011-12-02,13,14369.5048828125,False,False
43,2011-12-02,81,3299.39697265625,False,False
43,2011-12-02,17,2617.803955078125,False,False
43,2011-12-02,25,5313.9658203125,False,False
43,2011-12-02,59,69.314697265625,False,False
43,2011-12-02,6,2198.845947265625,False,False
43,2011-12-02,18,33147.1328125,False,False
43,2011-12-02,72,38018.69140625,False,False
43,2011-12-02,41,900.645751953125,False,False
43,2011-12-02,23,18920.30078125,False,False
43,2011-12-02,18,27834.259765625,False,False
43,2011-12-02,46,8822.041015625,False,False
43,2011-12-02,24,2598.220947265625,False,False
43,2011-12-02,46,20851.22265625,False,False
43,2011-12-02,11,14015.38671875,False,False
43,2011-12-02,77,29.459800720214844,False,False
43,2011-12-02,52,2006.4986572265625,False,False
43,2011-12-02,22,8832.396484375,False,False
43,2011-12-02,36,937.3636474609376,False,False
43,2011-12-02,92,29810.169921875,False,False
43,2011-12-09,60,328.67706298828125,False,False
43,2011-12-09,8,26065.953125,False,False
43,2011-12-09,98,201.53890991210935,False,False
43,2011-12-09,19,1032.1568603515625,False,False
43,2011-12-09,96,7898.349609375,False,False
43,2011-12-09,31,2268.154541015625,False,False
43,2011-12-09,21,3504.060791015625,False,False
43,2011-12-09,20,3424.525146484375,False,False
43,2011-12-09,71,2788.505615234375,False,False
43,2011-12-09,14,13200.0087890625,False,False
43,2011-12-09,2,20405.630859375,False,False
43,2011-12-09,20,2606.960693359375,False,False
43,2011-12-09,1,15180.60546875,False,False
43,2011-12-09,82,11294.9130859375,False,False
43,2011-12-09,54,71.28433227539062,False,False
43,2011-12-09,97,3131.928466796875,False,False
43,2011-12-09,10,14205.873046875,False,False
43,2011-12-09,87,11673.7158203125,False,False
43,2011-12-09,24,5100.22705078125,False,False
43,2011-12-09,55,13613.439453125,False,False
43,2011-12-09,58,496.9887390136719,False,False
43,2011-12-09,81,4939.76220703125,False,False
43,2011-12-09,7,42203.87109375,False,False
43,2011-12-09,30,1707.1300048828125,False,False
43,2011-12-09,95,15000.580078125,False,False
43,2011-12-09,45,11.727622985839844,False,False
43,2011-12-09,31,1985.123291015625,False,False
43,2011-12-09,16,2081.59423828125,False,False
43,2011-12-09,20,3300.55859375,False,False
43,2011-12-09,93,361.0589294433594,False,False
43,2011-12-09,52,2225.05224609375,False,False
43,2011-12-09,95,26670.228515625,False,False
43,2011-12-09,90,12002.5244140625,False,False
43,2011-12-09,56,978.6641845703124,False,False
43,2011-12-09,80,79.08480072021484,False,False
43,2011-12-09,96,607.938720703125,False,False
43,2011-12-09,90,13414.6416015625,False,False
43,2011-12-09,49,15.666452407836914,False,False
43,2011-12-09,17,6247.30908203125,False,False
43,2011-12-09,21,1142.0462646484375,False,False
43,2011-12-09,10,18294.98828125,False,False
43,2011-12-09,1,23132.744140625,False,False
43,2011-12-09,16,3928.475830078125,False,False
43,2011-12-09,29,3680.768798828125,False,False
43,2011-12-09,42,8385.1669921875,False,False
43,2011-12-09,55,8543.916015625,False,False
43,2011-12-09,42,3984.669677734375,False,False
43,2011-12-09,18,5903.09521484375,False,False
43,2011-12-09,92,35805.39453125,False,False
43,2011-12-09,80,44.80189514160156,False,False
43,2011-12-09,13,14604.693359375,False,False
43,2011-12-09,81,7092.24658203125,False,False
43,2011-12-09,95,40291.63671875,False,False
43,2011-12-09,72,48086.6015625,False,False
43,2011-12-09,83,345.4720458984375,False,False
43,2011-12-09,50,-8.138404846191406,False,False
43,2011-12-09,30,1010.8944091796876,False,False
43,2011-12-09,92,53738.046875,False,False
43,2011-12-09,1,21245.958984375,False,False
43,2011-12-09,85,5839.3515625,False,False
43,2011-12-09,35,586.2384033203125,False,False
43,2011-12-09,35,2445.12939453125,False,False
43,2011-12-09,32,17850.26171875,False,False
43,2011-12-09,33,2981.758544921875,False,False
43,2011-12-09,23,36916.6015625,False,False
43,2011-12-09,52,1934.196533203125,False,False
43,2011-12-09,81,8733.0615234375,False,False
43,2011-12-09,93,1327.37451171875,False,False
43,2011-12-09,21,1970.8641357421875,False,False
43,2011-12-09,17,6506.697265625,False,False
43,2011-12-09,46,11306.923828125,False,False
43,2011-12-09,60,769.241943359375,False,False
43,2011-12-09,8,16946.169921875,False,False
43,2011-12-16,46,16515.767578125,False,False
43,2011-12-16,14,13464.693359375,False,False
43,2011-12-16,25,6409.828125,False,False
43,2011-12-16,49,13.605186462402344,False,False
43,2011-12-16,87,17859.259765625,False,False
43,2011-12-16,59,108.60456848144533,False,False
43,2011-12-16,60,487.7894287109375,False,False
43,2011-12-16,36,1364.3555908203125,False,False
43,2011-12-16,77,161.17623901367188,False,False
43,2011-12-16,24,4094.439697265625,False,False
43,2011-12-16,23,16406.125,False,False
43,2011-12-16,92,25637.138671875,False,False
43,2011-12-16,92,44958.55859375,False,False
43,2011-12-16,58,1248.9351806640625,False,False
43,2011-12-16,95,14233.9775390625,False,False
43,2011-12-16,35,601.2650756835938,False,False
43,2011-12-16,90,8527.9296875,False,False
43,2011-12-16,30,1247.545166015625,False,False
43,2011-12-16,54,121.99845123291016,False,False
43,2011-12-16,33,4545.369140625,False,False
43,2011-12-16,96,3462.60205078125,False,False
43,2011-12-16,93,3210.885986328125,False,False
43,2011-12-16,17,8821.0361328125,False,False
43,2011-12-16,91,5907.22509765625,False,False
43,2011-12-16,41,1020.0438842773438,False,False
43,2011-12-16,5,32643.16015625,False,False
43,2011-12-16,67,9345.9150390625,False,False
43,2011-12-16,24,4740.240234375,False,False
43,2011-12-16,30,1077.3533935546875,False,False
43,2011-12-16,82,17267.015625,False,False
43,2011-12-16,27,983.5579223632812,False,False
43,2011-12-16,25,8775.251953125,False,False
43,2011-12-16,14,11852.3369140625,False,False
43,2011-12-16,93,3421.989501953125,False,False
43,2011-12-16,20,2797.514404296875,False,False
43,2011-12-16,9,19408.955078125,False,False
43,2011-12-16,55,10577.5625,False,False
43,2011-12-16,12,3606.294189453125,False,False
43,2011-12-16,33,2631.519287109375,False,False
43,2011-12-16,49,4929.88623046875,False,False
43,2011-12-16,81,2888.698486328125,False,False
43,2011-12-16,20,3728.03271484375,False,False
43,2011-12-16,22,5949.46728515625,False,False
43,2011-12-16,22,6624.421875,False,False
43,2011-12-16,38,48319.19921875,False,False
43,2011-12-16,34,3817.24072265625,False,False
43,2011-12-16,13,15924.7880859375,False,False
43,2011-12-16,46,16470.51171875,False,False
43,2011-12-16,92,35690.34765625,False,False
43,2011-12-16,36,4255.72021484375,False,False
43,2011-12-16,7,21006.587890625,False,False
43,2011-12-16,4,17306.560546875,False,False
43,2011-12-16,80,5823.09716796875,False,False
43,2011-12-16,31,2302.163818359375,False,False
43,2011-12-16,41,2507.3017578125,False,False
43,2011-12-16,26,2601.546875,False,False
43,2011-12-16,33,3490.199462890625,False,False
43,2011-12-16,34,3801.84033203125,False,False
43,2011-12-16,34,3839.64892578125,False,False
43,2011-12-16,79,12171.0380859375,False,False
43,2011-12-16,47,33.18743896484375,False,False
43,2011-12-16,29,2414.144775390625,False,False
43,2011-12-16,21,2927.488525390625,False,False
43,2011-12-16,41,474.5184631347656,False,False
43,2011-12-16,25,7857.79248046875,False,False
43,2011-12-16,14,15836.658203125,False,False
43,2011-12-23,83,1015.6859130859376,False,False
43,2011-12-23,4,19448.3203125,False,False
43,2011-12-23,11,15378.978515625,False,False
43,2011-12-23,28,687.0977172851562,False,False
43,2011-12-23,41,2513.416259765625,False,False
43,2011-12-23,22,9131.755859375,False,False
43,2011-12-23,34,5461.69140625,False,False
43,2011-12-23,33,4183.14794921875,False,False
43,2011-12-23,60,694.3656616210938,False,False
43,2011-12-23,18,83629.8984375,False,False
43,2011-12-23,60,209.4828643798828,False,False
43,2011-12-23,74,13557.1982421875,False,False
43,2011-12-23,34,8538.748046875,False,False
43,2011-12-23,79,9238.845703125,False,False
43,2011-12-23,13,15940.1708984375,False,False
43,2011-12-23,90,12948.2412109375,False,False
43,2011-12-23,93,741.4566650390625,False,False
43,2011-12-23,24,4272.486328125,False,False
43,2011-12-23,58,361.7471618652344,False,False
43,2011-12-23,55,21281.275390625,False,False
43,2011-12-23,12,3354.808349609375,False,False
43,2011-12-23,26,4410.08837890625,False,False
43,2011-12-23,38,54974.97265625,False,False
43,2011-12-23,79,18966.662109375,False,False
43,2011-12-23,58,650.6241455078125,False,False
43,2011-12-23,24,3742.940673828125,False,False
43,2011-12-23,1,30393.072265625,False,False
43,2011-12-23,96,2878.018310546875,False,False
43,2011-12-23,32,7390.29150390625,False,False
43,2011-12-23,31,4527.2939453125,False,False
43,2011-12-23,31,5165.568359375,False,False
43,2011-12-23,13,14451.77734375,False,False
43,2011-12-23,29,2771.674560546875,False,False
43,2011-12-23,41,2030.6796875,False,False
43,2011-12-23,74,10144.75,False,False
43,2011-12-23,60,1061.0028076171875,False,False
43,2011-12-23,92,42274.78125,False,False
43,2011-12-23,21,2626.55224609375,False,False
43,2011-12-23,23,42273.12109375,False,False
43,2011-12-23,32,27656.94921875,False,False
43,2011-12-23,36,2810.4931640625,False,False
43,2011-12-23,41,1884.1077880859373,False,False
43,2011-12-23,97,10858.125,False,False
43,2011-12-23,54,101.01786041259766,False,False
43,2011-12-23,55,22937.353515625,False,False
43,2011-12-23,80,1146.1214599609375,False,False
43,2011-12-23,81,4978.11474609375,False,False
43,2011-12-23,17,10237.421875,False,False
43,2011-12-23,9,21930.537109375,False,False
43,2011-12-23,60,208.16429138183597,False,False
43,2011-12-23,52,4342.15869140625,False,False
43,2011-12-23,60,551.0684204101562,False,False
43,2011-12-23,18,10953.0986328125,False,False
43,2011-12-23,14,27133.259765625,False,False
43,2011-12-23,34,13607.02734375,False,False
43,2011-12-23,95,59540.01171875,False,False
43,2011-12-23,56,668.7803344726562,False,False
43,2011-12-23,33,9099.6171875,False,False
43,2011-12-23,13,15723.2353515625,False,False
43,2011-12-23,31,3593.492919921875,False,False
43,2011-12-23,67,13026.927734375,False,False
43,2011-12-23,80,1256.9703369140625,False,False
43,2011-12-23,82,30212.181640625,False,False
43,2011-12-23,40,50297.67578125,False,False
43,2011-12-23,35,619.6612548828125,False,False
43,2011-12-23,32,20658.66015625,False,False
43,2011-12-23,97,7645.2890625,False,False
43,2011-12-23,93,824.6810302734375,False,False
43,2011-12-23,72,65383.4140625,False,False
43,2011-12-23,21,4876.10107421875,False,False
43,2011-12-23,95,47592.54296875,False,False
43,2011-12-23,20,3679.921875,False,False
43,2011-12-23,42,4377.1142578125,False,False
43,2011-12-23,11,21109.98046875,False,False
43,2011-12-23,30,1310.688720703125,False,False
43,2011-12-23,58,1810.529541015625,False,False
43,2011-12-30,35,399.9689636230469,True,False
43,2011-12-30,38,68386.9453125,True,False
43,2011-12-30,26,3304.141357421875,True,False
43,2011-12-30,46,14641.3935546875,True,False
43,2011-12-30,10,10979.9970703125,True,False
43,2011-12-30,82,14423.0126953125,True,False
43,2011-12-30,18,17273.744140625,True,False
43,2011-12-30,52,1206.997802734375,True,False
43,2011-12-30,92,356.3691711425781,True,False
43,2011-12-30,56,64.26944732666016,True,False
43,2011-12-30,71,3953.43408203125,True,False
43,2011-12-30,48,2671.57763671875,True,False
43,2011-12-30,22,9264.0029296875,True,False
43,2011-12-30,12,8161.87255859375,True,False
43,2011-12-30,80,238.87127685546875,True,False
43,2011-12-30,6,4082.66845703125,True,False
43,2011-12-30,93,3319.265869140625,True,False
43,2011-12-30,1,11256.263671875,True,False
43,2011-12-30,38,61114.48046875,True,False
43,2011-12-30,82,15421.927734375,True,False
43,2011-12-30,35,1157.955078125,True,False
43,2011-12-30,45,14.702926635742188,True,False
43,2011-12-30,23,13851.61328125,True,False
43,2011-12-30,3,7105.65625,True,False
43,2011-12-30,32,14262.7529296875,True,False
43,2011-12-30,19,1782.4376220703125,True,False
43,2011-12-30,54,57.76391220092773,True,False
43,2011-12-30,18,14632.3896484375,True,False
43,2011-12-30,14,15541.376953125,True,False
43,2011-12-30,97,1575.676513671875,True,False
43,2011-12-30,92,10816.14453125,True,False
43,2011-12-30,93,688.2969360351562,True,False
43,2011-12-30,74,11475.970703125,True,False
43,2011-12-30,36,1181.513427734375,True,False
43,2011-12-30,32,4923.79833984375,True,False
43,2011-12-30,23,13962.064453125,True,False
43,2011-12-30,5,25756.390625,True,False
43,2011-12-30,13,11294.7373046875,True,False
43,2011-12-30,34,5169.08642578125,True,False
43,2011-12-30,11,14162.1845703125,True,False
43,2011-12-30,91,12283.9619140625,True,False
43,2011-12-30,1,19858.14453125,True,False
43,2011-12-30,40,39695.84375,True,False
43,2011-12-30,67,5082.56982421875,True,False
43,2011-12-30,95,41342.7578125,True,False
43,2011-12-30,67,7140.95263671875,True,False
43,2011-12-30,87,14718.78515625,True,False
43,2011-12-30,60,142.62371826171875,True,False
43,2011-12-30,25,4746.86083984375,True,False
43,2011-12-30,80,569.7652587890625,True,False
43,2011-12-30,6,18299.015625,True,False
43,2011-12-30,33,4306.86279296875,True,False
43,2011-12-30,8,22640.75,True,False
43,2011-12-30,4,14912.1435546875,True,False
43,2011-12-30,79,5002.87060546875,True,False
43,2011-12-30,32,13760.0107421875,True,False
43,2011-12-30,90,16777.8359375,True,False
43,2011-12-30,35,2379.666748046875,True,False
43,2011-12-30,33,2847.53271484375,True,False
43,2011-12-30,29,3383.167236328125,True,False
43,2011-12-30,93,709.1761474609375,True,False
43,2011-12-30,14,14103.9931640625,True,False
43,2011-12-30,59,270.7208557128906,True,False
44,2011-12-02,87,152.55923461914062,False,False
44,2011-12-02,9,23.44903945922852,False,False
44,2011-12-02,5,832.1633911132812,False,False
44,2011-12-02,92,51065.78515625,False,False
44,2011-12-02,98,6017.35498046875,False,False
44,2011-12-02,23,46.83010482788086,False,False
44,2011-12-02,56,762.5821533203125,False,False
44,2011-12-02,31,44.40180969238281,False,False
44,2011-12-02,9,19.32788848876953,False,False
44,2011-12-02,22,122.74767303466795,False,False
44,2011-12-02,14,1201.1734619140625,False,False
44,2011-12-02,98,4184.001953125,False,False
44,2011-12-02,97,14525.9931640625,False,False
44,2011-12-02,79,12973.552734375,False,False
44,2011-12-02,79,11674.0576171875,False,False
44,2011-12-02,67,1121.5792236328125,False,False
44,2011-12-02,25,43.82534790039063,False,False
44,2011-12-02,79,9877.4560546875,False,False
44,2011-12-02,49,4.337960720062256,False,False
44,2011-12-02,42,90.68418884277344,False,False
44,2011-12-02,60,667.6644287109375,False,False
44,2011-12-02,38,35616.3515625,False,False
44,2011-12-02,79,12980.958984375,False,False
44,2011-12-02,23,49.25911331176758,False,False
44,2011-12-02,92,65196.06640625,False,False
44,2011-12-02,31,78.98870849609375,False,False
44,2011-12-02,92,37873.4765625,False,False
44,2011-12-02,4,12945.548828125,False,False
44,2011-12-02,17,285.1001281738281,False,False
44,2011-12-02,22,151.50851440429688,False,False
44,2011-12-02,7,43.57347106933594,False,False
44,2011-12-02,27,18.85191535949707,False,False
44,2011-12-02,59,157.6219024658203,False,False
44,2011-12-02,52,16.88042449951172,False,False
44,2011-12-02,21,849.442138671875,False,False
44,2011-12-02,7,673.604736328125,False,False
44,2011-12-02,52,29.964563369750977,False,False
44,2011-12-02,94,16064.029296875,False,False
44,2011-12-02,21,1586.7652587890625,False,False
44,2011-12-02,79,5851.30322265625,False,False
44,2011-12-02,18,515.1370239257812,False,False
44,2011-12-02,25,79.68932342529297,False,False
44,2011-12-02,12,134.05551147460938,False,False
44,2011-12-02,4,15865.51171875,False,False
44,2011-12-02,4,9942.84765625,False,False
44,2011-12-02,5,919.6654663085938,False,False
44,2011-12-02,52,22.766162872314453,False,False
44,2011-12-02,60,134.71005249023438,False,False
44,2011-12-02,91,27713.40234375,False,False
44,2011-12-02,21,1338.314697265625,False,False
44,2011-12-02,83,944.893310546875,False,False
44,2011-12-02,90,43871.859375,False,False
44,2011-12-02,46,12197.06640625,False,False
44,2011-12-02,26,-6.561083793640137,False,False
44,2011-12-09,2,13577.0732421875,False,False
44,2011-12-09,27,21.043306350708008,False,False
44,2011-12-09,60,907.4821166992188,False,False
44,2011-12-09,85,49.885501861572266,False,False
44,2011-12-09,16,1207.2255859375,False,False
44,2011-12-09,26,-302.64910888671875,False,False
44,2011-12-09,40,17765.19921875,False,False
44,2011-12-09,41,463.30267333984375,False,False
44,2011-12-09,16,805.4390258789062,False,False
44,2011-12-09,90,50986.54296875,False,False
44,2011-12-09,18,758.7982177734375,False,False
44,2011-12-09,38,58947.70703125,False,False
44,2011-12-09,96,6141.7900390625,False,False
44,2011-12-09,92,54508.984375,False,False
44,2011-12-09,52,49.53936004638672,False,False
44,2011-12-09,4,14678.828125,False,False
44,2011-12-09,22,204.43649291992188,False,False
44,2011-12-09,67,1552.7750244140625,False,False
44,2011-12-09,20,20.959115982055664,False,False
44,2011-12-09,67,1461.5638427734375,False,False
44,2011-12-09,5,1648.7716064453125,False,False
44,2011-12-09,25,62.37489700317383,False,False
44,2011-12-09,90,48253.3515625,False,False
44,2011-12-09,18,701.4806518554688,False,False
44,2011-12-09,59,91.16292572021484,False,False
44,2011-12-09,81,11707.7626953125,False,False
44,2011-12-09,95,46310.15234375,False,False
44,2011-12-09,38,37275.26171875,False,False
44,2011-12-09,59,48.78295516967773,False,False
44,2011-12-09,11,1179.723876953125,False,False
44,2011-12-09,59,78.33837890625,False,False
44,2011-12-09,92,61754.4921875,False,False
44,2011-12-09,4,13468.7041015625,False,False
44,2011-12-09,98,8478.5283203125,False,False
44,2011-12-09,8,15610.908203125,False,False
44,2011-12-09,67,1337.7315673828125,False,False
44,2011-12-09,94,31224.888671875,False,False
44,2011-12-09,72,25.446081161499023,False,False
44,2011-12-09,33,830.0527954101562,False,False
44,2011-12-09,21,873.8786010742188,False,False
44,2011-12-09,8,11271.4287109375,False,False
44,2011-12-09,13,11771.1025390625,False,False
44,2011-12-09,5,2003.1356201171875,False,False
44,2011-12-09,94,17479.30078125,False,False
44,2011-12-09,83,4195.69970703125,False,False
44,2011-12-09,60,280.1279602050781,False,False
44,2011-12-09,3,650.1452026367188,False,False
44,2011-12-09,98,7434.73876953125,False,False
44,2011-12-09,22,204.7425079345703,False,False
44,2011-12-09,40,21650.419921875,False,False
44,2011-12-09,92,53808.65625,False,False
44,2011-12-16,8,5156.37353515625,False,False
44,2011-12-16,40,18916.123046875,False,False
44,2011-12-16,96,2103.85791015625,False,False
44,2011-12-16,38,61001.87890625,False,False
44,2011-12-16,7,525.0761108398438,False,False
44,2011-12-16,97,17326.486328125,False,False
44,2011-12-16,14,1092.6065673828125,False,False
44,2011-12-16,91,20582.12109375,False,False
44,2011-12-16,8,6628.33203125,False,False
44,2011-12-16,11,1248.869384765625,False,False
44,2011-12-16,8,15338.375,False,False
44,2011-12-16,67,1920.85009765625,False,False
44,2011-12-16,17,1094.124267578125,False,False
44,2011-12-16,95,43814.99609375,False,False
44,2011-12-16,27,20.887039184570312,False,False
44,2011-12-16,90,67586.984375,False,False
44,2011-12-16,5,651.7781372070312,False,False
44,2011-12-16,11,888.4342041015625,False,False
44,2011-12-16,74,894.6565551757812,False,False
44,2011-12-16,23,9.043900489807127,False,False
44,2011-12-16,52,18.643156051635746,False,False
44,2011-12-16,83,1922.7164306640625,False,False
44,2011-12-16,67,4059.3623046875,False,False
44,2011-12-16,7,860.6130981445312,False,False
44,2011-12-16,96,18977.97265625,False,False
44,2011-12-16,91,46285.140625,False,False
44,2011-12-16,80,12409.521484375,False,False
44,2011-12-16,72,98.07928466796876,False,False
44,2011-12-16,96,16748.810546875,False,False
44,2011-12-16,3,823.6752319335938,False,False
44,2011-12-16,14,2179.81005859375,False,False
44,2011-12-16,83,1520.9185791015625,False,False
44,2011-12-16,14,2092.787109375,False,False
44,2011-12-16,8,2026.941162109375,False,False
44,2011-12-16,67,1744.03125,False,False
44,2011-12-16,67,1046.1029052734375,False,False
44,2011-12-16,46,4719.1884765625,False,False
44,2011-12-16,27,13.093586921691896,False,False
44,2011-12-16,56,1026.217041015625,False,False
44,2011-12-16,16,35.464725494384766,False,False
44,2011-12-16,38,68988.0390625,False,False
44,2011-12-16,17,147.97532653808594,False,False
44,2011-12-16,85,255.7564239501953,False,False
44,2011-12-16,52,10.74662971496582,False,False
44,2011-12-16,52,13.606486320495604,False,False
44,2011-12-16,87,184.16131591796875,False,False
44,2011-12-16,97,11852.8369140625,False,False
44,2011-12-16,8,13811.4375,False,False
44,2011-12-16,82,6817.82177734375,False,False
44,2011-12-16,8,15312.28515625,False,False
44,2011-12-16,49,5.444058418273926,False,False
44,2011-12-16,52,12.179770469665527,False,False
44,2011-12-16,74,543.6593627929688,False,False
44,2011-12-16,31,34.00397109985352,False,False
44,2011-12-16,72,197.33091735839844,False,False
44,2011-12-16,32,22.37183380126953,False,False
44,2011-12-16,56,621.1294555664062,False,False
44,2011-12-23,85,55.2122688293457,False,False
44,2011-12-23,67,2407.608642578125,False,False
44,2011-12-23,6,239.0862274169922,False,False
44,2011-12-23,11,1438.2899169921875,False,False
44,2011-12-23,26,14.316128730773926,False,False
44,2011-12-23,90,48692.3125,False,False
44,2011-12-23,56,298.6023864746094,False,False
44,2011-12-23,4,21981.966796875,False,False
44,2011-12-23,56,4.934390544891357,False,False
44,2011-12-23,24,24.864259719848636,False,False
44,2011-12-23,92,61817.37890625,False,False
44,2011-12-23,28,32.18528366088867,False,False
44,2011-12-23,4,13932.474609375,False,False
44,2011-12-23,90,39054.98046875,False,False
44,2011-12-23,52,6.753226280212402,False,False
44,2011-12-23,9,7.968185424804687,False,False
44,2011-12-23,8,18815.359375,False,False
44,2011-12-23,7,841.9706420898438,False,False
44,2011-12-23,98,5518.54052734375,False,False
44,2011-12-23,44,40.20717239379883,False,False
44,2011-12-23,25,21.19185256958008,False,False
44,2011-12-23,5,1838.6688232421875,False,False
44,2011-12-23,8,22745.462890625,False,False
44,2011-12-23,79,15384.8310546875,False,False
44,2011-12-23,82,14280.455078125,False,False
44,2011-12-23,27,10.903517723083496,False,False
44,2011-12-23,23,13.649696350097656,False,False
44,2011-12-23,67,1920.684326171875,False,False
44,2011-12-23,5,1815.66943359375,False,False
44,2011-12-23,85,2.796175241470337,False,False
44,2011-12-23,92,76501.1484375,False,False
44,2011-12-23,87,503.38092041015625,False,False
44,2011-12-23,85,199.2274475097656,False,False
44,2011-12-23,52,41.79387283325195,False,False
44,2011-12-23,13,10514.193359375,False,False
44,2011-12-30,25,41.00325775146485,True,False
44,2011-12-30,80,4906.85546875,True,False
44,2011-12-30,9,33.308799743652344,True,False
44,2011-12-30,13,10455.9140625,True,False
44,2011-12-30,96,18542.86328125,True,False
44,2011-12-30,85,110.31356811523438,True,False
44,2011-12-30,80,16511.48828125,True,False
44,2011-12-30,56,26.46214866638184,True,False
44,2011-12-30,92,31287.501953125,True,False
44,2011-12-30,60,409.1816711425781,True,False
44,2011-12-30,82,8213.0087890625,True,False
44,2011-12-30,14,122.2301025390625,True,False
44,2011-12-30,94,53545.62890625,True,False
44,2011-12-30,14,6252.00634765625,True,False
44,2011-12-30,93,16247.6376953125,True,False
44,2011-12-30,33,246.0849456787109,True,False
44,2011-12-30,9,36.78849792480469,True,False
44,2011-12-30,22,60.57799530029297,True,False
44,2011-12-30,40,16256.169921875,True,False
44,2011-12-30,14,1630.24658203125,True,False
44,2011-12-30,16,2370.97900390625,True,False
44,2011-12-30,56,36.39637756347656,True,False
44,2011-12-30,46,5185.1865234375,True,False
44,2011-12-30,46,8938.84375,True,False
44,2011-12-30,91,28101.744140625,True,False
44,2011-12-30,25,47.43931579589844,True,False
44,2011-12-30,1,9096.9423828125,True,False
44,2011-12-30,1,7129.1494140625,True,False
44,2011-12-30,14,1548.2288818359375,True,False
44,2011-12-30,81,12263.0927734375,True,False
44,2011-12-30,52,15.416298866271973,True,False
44,2011-12-30,2,9500.478515625,True,False
44,2011-12-30,85,416.7499084472656,True,False
44,2011-12-30,25,9.963770866394045,True,False
44,2011-12-30,83,2588.97900390625,True,False
44,2011-12-30,23,13.528756141662598,True,False
44,2011-12-30,92,34737.9140625,True,False
44,2011-12-30,9,35.562049865722656,True,False
44,2011-12-30,10,168.845947265625,True,False
44,2011-12-30,91,19204.119140625,True,False
44,2011-12-30,92,51625.9140625,True,False
44,2011-12-30,67,997.3118286132812,True,False
44,2011-12-30,67,1407.1175537109375,True,False
44,2011-12-30,6,69.05075073242188,True,False
44,2011-12-30,81,16894.54296875,True,False
44,2011-12-30,90,42646.72265625,True,False
44,2011-12-30,93,20117.806640625,True,False
44,2011-12-30,67,1551.91455078125,True,False
44,2011-12-30,8,5952.10888671875,True,False
44,2011-12-30,87,306.7822265625,True,False
44,2011-12-30,97,10242.7275390625,True,False
44,2011-12-30,28,103.79753875732422,True,False
44,2011-12-30,20,15.556852340698242,True,False
44,2011-12-30,8,10633.169921875,True,False
