Store,Dept,Date,Weekly_Sales,IsHoliday
1,1,2011-12-02,25293.49,False
1,1,2011-12-09,33305.92,False
1,1,2011-12-16,45773.03,False
1,1,2011-12-23,46788.75,False
1,1,2011-12-30,23350.88,True
1,2,2011-12-02,45928.14,False
1,2,2011-12-09,49357.43,False
1,2,2011-12-16,51137.42,False
1,2,2011-12-23,65615.36,False
1,2,2011-12-30,43539.94,True
1,3,2011-12-02,10146.54,False
1,3,2011-12-09,12955.55,False
1,3,2011-12-16,13180.05,False
1,3,2011-12-23,13667.88,False
1,3,2011-12-30,8848.44,True
1,4,2011-12-02,38489.63,False
1,4,2011-12-09,38729.31,False
1,4,2011-12-16,38266.47,False
1,4,2011-12-23,47785.93,False
1,4,2011-12-30,37371.22,True
1,5,2011-12-02,32572.27,False
1,5,2011-12-09,41782.13,False
1,5,2011-12-16,43479.7,False
1,5,2011-12-23,61483.82,False
1,5,2011-12-30,34981.76,True
1,6,2011-12-02,5240.63,False
1,6,2011-12-09,6714.41,False
1,6,2011-12-16,10022.4,False
1,6,2011-12-23,18931.11,False
1,6,2011-12-30,6629.6,True
1,7,2011-12-02,33118.33,False
1,7,2011-12-09,47751.41,False
1,7,2011-12-16,69511.06,False
1,7,2011-12-23,119302.15,False
1,7,2011-12-30,38216.01,True
1,8,2011-12-02,35886.92,False
1,8,2011-12-09,38226.32,False
1,8,2011-12-16,37149.3,False
1,8,2011-12-23,41062.58,False
1,8,2011-12-30,32419.78,True
1,9,2011-12-02,23042.52,False
1,9,2011-12-09,27724.56,False
1,9,2011-12-16,31948.63,False
1,9,2011-12-23,45445.25,False
1,9,2011-12-30,27192.39,True
1,10,2011-12-02,32006.18,False
1,10,2011-12-09,31747.07,False
1,10,2011-12-16,30816.81,False
1,10,2011-12-23,30434.19,False
1,10,2011-12-30,26147.46,True
1,11,2011-12-02,33129.25,False
1,11,2011-12-09,38807.31,False
1,11,2011-12-16,27918.08,False
1,11,2011-12-23,31435.36,False
1,11,2011-12-30,24030.39,True
1,12,2011-12-02,7587.6,False
1,12,2011-12-09,8014.5,False
1,12,2011-12-16,7784.82,False
1,12,2011-12-23,8311.17,False
1,12,2011-12-30,7699.0,True
1,13,2011-12-02,37507.93,False
1,13,2011-12-09,36404.7,False
1,13,2011-12-16,32782.17,False
1,13,2011-12-23,36950.91,False
1,13,2011-12-30,32871.95,True
1,14,2011-12-02,18110.97,False
1,14,2011-12-09,23852.42,False
1,14,2011-12-16,28845.68,False
1,14,2011-12-23,46096.24,False
1,14,2011-12-30,25846.86,True
1,16,2011-12-02,5715.31,False
1,16,2011-12-09,5024.36,False
1,16,2011-12-16,4613.92,False
1,16,2011-12-23,6233.78,False
1,16,2011-12-30,5052.77,True
1,17,2011-12-02,9490.05,False
1,17,2011-12-09,10484.57,False
1,17,2011-12-16,11642.24,False
1,17,2011-12-23,18463.27,False
1,17,2011-12-30,10619.45,True
1,18,2011-12-02,47731.67,False
1,18,2011-12-09,41114.36,False
1,18,2011-12-16,33932.27,False
1,18,2011-12-23,22602.34,False
1,18,2011-12-30,21444.65,True
1,19,2011-12-02,1414.06,False
1,19,2011-12-09,1749.04,False
1,19,2011-12-16,1381.01,False
1,19,2011-12-23,1904.53,False
1,19,2011-12-30,878.8,True
1,20,2011-12-02,3117.17,False
1,20,2011-12-09,2944.45,False
1,20,2011-12-16,3619.16,False
1,20,2011-12-23,5524.27,False
1,20,2011-12-30,4009.01,True
1,21,2011-12-02,7854.17,False
1,21,2011-12-09,9686.83,False
1,21,2011-12-16,10855.44,False
1,21,2011-12-23,13551.98,False
1,21,2011-12-30,7329.41,True
1,22,2011-12-02,7882.59,False
1,22,2011-12-09,10035.25,False
1,22,2011-12-16,9596.7,False
1,22,2011-12-23,16590.12,False
1,22,2011-12-30,10671.89,True
1,23,2011-12-02,24682.22,False
1,23,2011-12-09,33303.15,False
1,23,2011-12-16,32907.32,False
1,23,2011-12-23,51911.82,False
1,23,2011-12-30,23757.52,True
1,24,2011-12-02,6760.41,False
1,24,2011-12-09,9842.25,False
1,24,2011-12-16,11274.48,False
1,24,2011-12-23,12694.74,False
1,24,2011-12-30,4818.81,True
1,25,2011-12-02,10721.09,False
1,25,2011-12-09,11802.37,False
1,25,2011-12-16,11820.17,False
1,25,2011-12-23,15195.72,False
1,25,2011-12-30,9327.8,True
1,26,2011-12-02,7107.23,False
1,26,2011-12-09,8443.46,False
1,26,2011-12-16,9502.94,False
1,26,2011-12-23,12517.98,False
1,26,2011-12-30,5036.62,True
1,27,2011-12-02,1752.13,False
1,27,2011-12-09,2606.7,False
1,27,2011-12-16,4225.6,False
1,27,2011-12-23,5131.93,False
1,27,2011-12-30,2882.08,True
1,28,2011-12-02,685.52,False
1,28,2011-12-09,820.59,False
1,28,2011-12-16,853.19,False
1,28,2011-12-23,903.97,False
1,28,2011-12-30,714.86,True
1,29,2011-12-02,5466.91,False
1,29,2011-12-09,6750.53,False
1,29,2011-12-16,8445.01,False
1,29,2011-12-23,12848.12,False
1,29,2011-12-30,6951.19,True
1,30,2011-12-02,2334.96,False
1,30,2011-12-09,2343.4,False
1,30,2011-12-16,2395.98,False
1,30,2011-12-23,2829.74,False
1,30,2011-12-30,2155.22,True
1,31,2011-12-02,1921.19,False
1,31,2011-12-09,3432.08,False
1,31,2011-12-16,3245.04,False
1,31,2011-12-23,4743.7,False
1,31,2011-12-30,2247.9,True
1,32,2011-12-02,7939.32,False
1,32,2011-12-09,13979.39,False
1,32,2011-12-16,17251.57,False
1,32,2011-12-23,35301.3,False
1,32,2011-12-30,14581.39,True
1,33,2011-12-02,7049.78,False
1,33,2011-12-09,9505.36,False
1,33,2011-12-16,10083.01,False
1,33,2011-12-23,13657.4,False
1,33,2011-12-30,4914.09,True
1,34,2011-12-02,10172.39,False
1,34,2011-12-09,15044.32,False
1,34,2011-12-16,14714.73,False
1,34,2011-12-23,16180.84,False
1,34,2011-12-30,10554.13,True
1,35,2011-12-02,2450.12,False
1,35,2011-12-09,3023.41,False
1,35,2011-12-16,3045.08,False
1,35,2011-12-23,3532.72,False
1,35,2011-12-30,2631.24,True
1,36,2011-12-02,1710.05,False
1,36,2011-12-09,3169.24,False
1,36,2011-12-16,2523.53,False
1,36,2011-12-23,4298.54,False
1,36,2011-12-30,2656.78,True
1,37,2011-12-02,2496.33,False
1,37,2011-12-09,2695.24,False
1,37,2011-12-16,2401.0,False
1,37,2011-12-23,2348.56,False
1,37,2011-12-30,2203.49,True
1,38,2011-12-02,98037.09,False
1,38,2011-12-09,83237.41,False
1,38,2011-12-16,77567.96,False
1,38,2011-12-23,65636.08,False
1,38,2011-12-30,63659.49,True
1,40,2011-12-02,63497.31,False
1,40,2011-12-09,61261.65,False
1,40,2011-12-16,59020.69,False
1,40,2011-12-23,63663.51,False
1,40,2011-12-30,55520.06,True
1,41,2011-12-02,1852.54,False
1,41,2011-12-09,1423.91,False
1,41,2011-12-16,2237.47,False
1,41,2011-12-23,4164.38,False
1,41,2011-12-30,1573.0,True
1,42,2011-12-02,6181.99,False
1,42,2011-12-09,6824.05,False
1,42,2011-12-16,7123.1,False
1,42,2011-12-23,7486.65,False
1,42,2011-12-30,6924.5,True
1,44,2011-12-02,6846.36,False
1,44,2011-12-09,9623.65,False
1,44,2011-12-16,9212.12,False
1,44,2011-12-23,8587.31,False
1,44,2011-12-30,3802.42,True
1,45,2011-12-02,11.97,False
1,45,2011-12-09,33.91,False
1,45,2011-12-23,11.97,False
1,45,2011-12-30,11.97,True
1,46,2011-12-02,20061.91,False
1,46,2011-12-09,24204.73,False
1,46,2011-12-16,33643.26,False
1,46,2011-12-23,43637.95,False
1,46,2011-12-30,26431.67,True
1,47,2011-12-23,-498.0,False
1,48,2011-12-02,3306.0,False
1,48,2011-12-09,1951.0,False
1,48,2011-12-16,2672.0,False
1,48,2011-12-23,6445.0,False
1,48,2011-12-30,1744.0,True
1,49,2011-12-02,9186.33,False
1,49,2011-12-09,10631.16,False
1,49,2011-12-16,9266.02,False
1,49,2011-12-23,9082.15,False
1,49,2011-12-30,12877.44,True
1,52,2011-12-02,3409.71,False
1,52,2011-12-09,3175.44,False
1,52,2011-12-16,2654.13,False
1,52,2011-12-23,4013.93,False
1,52,2011-12-30,1879.45,True
1,54,2011-12-02,59.8,False
1,54,2011-12-09,74.88,False
1,54,2011-12-16,48.42,False
1,54,2011-12-23,197.44,False
1,54,2011-12-30,120.18,True
1,55,2011-12-02,15958.05,False
1,55,2011-12-09,17699.32,False
1,55,2011-12-16,25261.76,False
1,55,2011-12-23,45369.2,False
1,55,2011-12-30,29051.72,True
1,56,2011-12-02,1157.9,False
1,56,2011-12-09,1708.9,False
1,56,2011-12-16,1227.56,False
1,56,2011-12-23,405.84,False
1,56,2011-12-30,283.82,True
1,58,2011-12-02,3732.0,False
1,58,2011-12-09,5815.0,False
1,58,2011-12-16,3735.0,False
1,58,2011-12-23,6950.0,False
1,58,2011-12-30,3420.0,True
1,59,2011-12-02,1450.52,False
1,59,2011-12-09,2044.76,False
1,59,2011-12-16,4400.06,False
1,59,2011-12-23,6483.26,False
1,59,2011-12-30,3903.44,True
1,60,2011-12-02,1584.0,False
1,60,2011-12-09,1372.8,False
1,60,2011-12-16,1443.2,False
1,60,2011-12-23,1293.6,False
1,60,2011-12-30,589.6,True
1,67,2011-12-02,5920.02,False
1,67,2011-12-09,8250.17,False
1,67,2011-12-16,11859.38,False
1,67,2011-12-23,13785.93,False
1,67,2011-12-30,6644.45,True
1,71,2011-12-02,2711.84,False
1,71,2011-12-09,3096.8,False
1,71,2011-12-16,2892.04,False
1,71,2011-12-23,5137.59,False
1,71,2011-12-30,4031.65,True
1,72,2011-12-02,55188.08,False
1,72,2011-12-09,60494.84,False
1,72,2011-12-16,62424.9,False
1,72,2011-12-23,94243.47,False
1,72,2011-12-30,59732.61,True
1,74,2011-12-02,10148.65,False
1,74,2011-12-09,9569.52,False
1,74,2011-12-16,10228.59,False
1,74,2011-12-23,13264.44,False
1,74,2011-12-30,13382.99,True
1,77,2011-12-02,204.0,False
1,79,2011-12-02,38806.56,False
1,79,2011-12-09,37340.34,False
1,79,2011-12-16,33041.49,False
1,79,2011-12-23,34196.74,False
1,79,2011-12-30,27676.43,True
1,80,2011-12-02,16633.66,False
1,80,2011-12-09,19046.33,False
1,80,2011-12-16,20943.81,False
1,80,2011-12-23,22350.09,False
1,80,2011-12-30,15722.33,True
1,81,2011-12-02,26715.24,False
1,81,2011-12-09,29622.19,False
1,81,2011-12-16,30033.48,False
1,81,2011-12-23,31972.69,False
1,81,2011-12-30,24167.38,True
1,82,2011-12-02,21205.01,False
1,82,2011-12-09,28826.71,False
1,82,2011-12-16,36636.58,False
1,82,2011-12-23,58789.91,False
1,82,2011-12-30,30132.4,True
1,83,2011-12-02,4241.39,False
1,83,2011-12-09,4927.3,False
1,83,2011-12-16,4859.65,False
1,83,2011-12-23,5941.8,False
1,83,2011-12-30,4504.03,True
1,85,2011-12-02,3702.52,False
1,85,2011-12-09,6436.15,False
1,85,2011-12-16,6994.4,False
1,85,2011-12-23,9020.76,False
1,85,2011-12-30,3545.8,True
1,87,2011-12-02,54537.22,False
1,87,2011-12-09,49818.68,False
1,87,2011-12-16,46663.62,False
1,87,2011-12-23,49707.56,False
1,87,2011-12-30,48035.97,True
1,90,2011-12-02,83052.32,False
1,90,2011-12-09,94666.69,False
1,90,2011-12-16,97444.15,False
1,90,2011-12-23,116538.94,False
1,90,2011-12-30,77988.13,True
1,91,2011-12-02,55855.06,False
1,91,2011-12-09,69381.12,False
1,91,2011-12-16,65913.64,False
1,91,2011-12-23,67740.71,False
1,91,2011-12-30,48263.59,True
1,92,2011-12-02,128135.6,False
1,92,2011-12-09,165633.02,False
1,92,2011-12-16,173805.71,False
1,92,2011-12-23,194839.6,False
1,92,2011-12-30,120037.4,True
1,93,2011-12-02,62296.23,False
1,93,2011-12-09,83931.76,False
1,93,2011-12-16,85789.38,False
1,93,2011-12-23,90573.65,False
1,93,2011-12-30,59286.64,True
1,94,2011-12-02,48815.7,False
1,94,2011-12-09,52715.57,False
1,94,2011-12-16,57060.85,False
1,94,2011-12-23,70155.23,False
1,94,2011-12-30,48990.5,True
1,95,2011-12-02,102798.99,False
1,95,2011-12-09,119053.8,False
1,95,2011-12-16,120721.07,False
1,95,2011-12-23,125041.39,False
1,95,2011-12-30,93358.91,True
1,96,2011-12-02,30734.52,False
1,96,2011-12-09,30613.91,False
1,96,2011-12-16,35724.82,False
1,96,2011-12-23,40787.89,False
1,96,2011-12-30,35210.98,True
1,97,2011-12-02,30023.13,False
1,97,2011-12-09,36644.98,False
1,97,2011-12-16,37639.31,False
1,97,2011-12-23,40044.91,False
1,97,2011-12-30,29166.73,True
1,98,2011-12-02,11509.66,False
1,98,2011-12-09,14921.54,False
1,98,2011-12-16,20732.04,False
1,98,2011-12-23,18987.35,False
1,98,2011-12-30,10806.26,True
1,99,2011-12-09,435.0,False
1,99,2011-12-16,1310.0,False
1,99,2011-12-23,1860.0,False
1,99,2011-12-30,400.0,True
2,1,2011-12-02,29959.08,False
2,1,2011-12-09,43639.97,False
2,1,2011-12-16,63109.72,False
2,1,2011-12-23,75779.45,False
2,1,2011-12-30,31246.27,True
2,2,2011-12-02,60333.21,False
2,2,2011-12-09,66160.47,False
2,2,2011-12-16,73364.19,False
2,2,2011-12-23,93511.03,False
2,2,2011-12-30,57846.27,True
2,3,2011-12-02,15569.24,False
2,3,2011-12-09,16138.7,False
2,3,2011-12-16,18683.18,False
2,3,2011-12-23,21480.34,False
2,3,2011-12-30,11918.71,True
2,4,2011-12-02,44295.08,False
2,4,2011-12-09,44697.01,False
2,4,2011-12-16,47834.96,False
2,4,2011-12-23,59678.11,False
2,4,2011-12-30,45254.3,True
2,5,2011-12-02,34868.24,False
2,5,2011-12-09,51509.07,False
2,5,2011-12-16,65588.98,False
2,5,2011-12-23,106536.9,False
2,5,2011-12-30,39314.47,True
2,6,2011-12-02,7411.0,False
2,6,2011-12-09,10249.8,False
2,6,2011-12-16,10377.16,False
2,6,2011-12-23,22902.42,False
2,6,2011-12-30,9467.77,True
2,7,2011-12-02,75221.22,False
2,7,2011-12-09,105859.41,False
2,7,2011-12-16,138188.63,False
2,7,2011-12-23,214118.51,False
2,7,2011-12-30,56063.19,True
2,8,2011-12-02,56405.4,False
2,8,2011-12-09,60262.21,False
2,8,2011-12-16,61554.57,False
2,8,2011-12-23,72976.78,False
2,8,2011-12-30,54508.17,True
2,9,2011-12-02,28887.97,False
2,9,2011-12-09,34065.44,False
2,9,2011-12-16,40147.55,False
2,9,2011-12-23,66512.61,False
2,9,2011-12-30,34616.08,True
2,10,2011-12-02,39676.61,False
2,10,2011-12-09,40384.43,False
2,10,2011-12-16,34525.95,False
2,10,2011-12-23,46614.89,False
2,10,2011-12-30,35351.73,True
2,11,2011-12-02,32380.26,False
2,11,2011-12-09,37622.16,False
2,11,2011-12-16,27445.32,False
2,11,2011-12-23,33074.28,False
2,11,2011-12-30,22700.47,True
2,12,2011-12-02,7490.07,False
2,12,2011-12-09,5987.98,False
2,12,2011-12-16,6106.27,False
2,12,2011-12-23,6163.95,False
2,12,2011-12-30,5327.95,True
2,13,2011-12-02,41985.3,False
2,13,2011-12-09,41300.96,False
2,13,2011-12-16,39745.11,False
2,13,2011-12-23,45358.28,False
2,13,2011-12-30,38064.22,True
2,14,2011-12-02,26538.9,False
2,14,2011-12-09,33026.41,False
2,14,2011-12-16,40104.81,False
2,14,2011-12-23,67053.47,False
2,14,2011-12-30,30419.21,True
2,16,2011-12-02,5247.3,False
2,16,2011-12-09,5540.47,False
2,16,2011-12-16,4877.02,False
2,16,2011-12-23,6874.56,False
2,16,2011-12-30,6120.69,True
2,17,2011-12-02,15765.36,False
2,17,2011-12-09,18441.24,False
2,17,2011-12-16,21383.78,False
2,17,2011-12-23,32817.23,False
2,17,2011-12-30,18756.69,True
2,18,2011-12-02,71401.56,False
2,18,2011-12-09,56172.54,False
2,18,2011-12-16,50865.48,False
2,18,2011-12-23,38458.19,False
2,18,2011-12-30,36279.02,True
2,19,2011-12-02,4815.72,False
2,19,2011-12-09,5389.93,False
2,19,2011-12-16,4518.92,False
2,19,2011-12-23,4960.59,False
2,19,2011-12-30,3118.72,True
2,20,2011-12-02,4496.79,False
2,20,2011-12-09,4681.06,False
2,20,2011-12-16,4858.32,False
2,20,2011-12-23,7703.23,False
2,20,2011-12-30,4632.03,True
2,21,2011-12-02,9695.55,False
2,21,2011-12-09,11415.99,False
2,21,2011-12-16,14811.89,False
2,21,2011-12-23,15774.84,False
2,21,2011-12-30,7873.65,True
2,22,2011-12-02,16016.91,False
2,22,2011-12-09,18218.17,False
2,22,2011-12-16,20351.91,False
2,22,2011-12-23,29263.28,False
2,22,2011-12-30,14628.24,True
2,23,2011-12-02,35300.5,False
2,23,2011-12-09,55473.53,False
2,23,2011-12-16,49105.99,False
2,23,2011-12-23,82601.72,False
2,23,2011-12-30,32348.78,True
2,24,2011-12-02,10526.0,False
2,24,2011-12-09,26097.66,False
2,24,2011-12-16,14642.07,False
2,24,2011-12-23,17986.73,False
2,24,2011-12-30,5483.91,True
2,25,2011-12-02,15445.98,False
2,25,2011-12-09,24058.76,False
2,25,2011-12-16,21668.16,False
2,25,2011-12-23,26814.72,False
2,25,2011-12-30,12141.41,True
2,26,2011-12-02,11870.34,False
2,26,2011-12-09,17785.07,False
2,26,2011-12-16,14195.06,False
2,26,2011-12-23,18128.64,False
2,26,2011-12-30,6066.69,True
2,27,2011-12-02,3143.63,False
2,27,2011-12-09,4701.74,False
2,27,2011-12-16,5402.85,False
2,27,2011-12-23,6765.2,False
2,27,2011-12-30,2841.71,True
2,28,2011-12-02,951.32,False
2,28,2011-12-09,1195.99,False
2,28,2011-12-16,1432.18,False
2,28,2011-12-23,1277.99,False
2,28,2011-12-30,741.66,True
2,29,2011-12-02,8355.44,False
2,29,2011-12-09,12149.61,False
2,29,2011-12-16,12831.95,False
2,29,2011-12-23,20028.07,False
2,29,2011-12-30,10734.87,True
2,30,2011-12-02,2954.18,False
2,30,2011-12-09,3510.07,False
2,30,2011-12-16,3625.52,False
2,30,2011-12-23,4617.33,False
2,30,2011-12-30,3698.96,True
2,31,2011-12-02,5391.39,False
2,31,2011-12-09,8858.68,False
2,31,2011-12-16,7662.56,False
2,31,2011-12-23,9667.63,False
2,31,2011-12-30,3223.88,True
2,32,2011-12-02,12792.24,False
2,32,2011-12-09,15556.68,False
2,32,2011-12-16,23953.0,False
2,32,2011-12-23,48392.45,False
2,32,2011-12-30,16506.96,True
2,33,2011-12-02,11130.44,False
2,33,2011-12-09,23854.41,False
2,33,2011-12-16,15695.93,False
2,33,2011-12-23,17889.67,False
2,33,2011-12-30,6236.91,True
2,34,2011-12-02,18398.11,False
2,34,2011-12-09,23311.84,False
2,34,2011-12-16,19144.66,False
2,34,2011-12-23,25751.23,False
2,34,2011-12-30,13940.4,True
2,35,2011-12-02,4557.05,False
2,35,2011-12-09,4560.19,False
2,35,2011-12-16,4935.75,False
2,35,2011-12-23,6178.09,False
2,35,2011-12-30,3798.83,True
2,36,2011-12-02,2085.69,False
2,36,2011-12-09,5192.28,False
2,36,2011-12-16,2931.14,False
2,36,2011-12-23,4793.86,False
2,36,2011-12-30,2060.86,True
2,37,2011-12-02,4257.85,False
2,37,2011-12-09,4040.06,False
2,37,2011-12-16,3744.56,False
2,37,2011-12-23,4597.77,False
2,37,2011-12-30,3888.75,True
2,38,2011-12-02,94483.66,False
2,38,2011-12-09,90443.37,False
2,38,2011-12-16,82400.1,False
2,38,2011-12-23,77123.72,False
2,38,2011-12-30,87536.09,True
2,40,2011-12-02,77967.74,False
2,40,2011-12-09,77914.16,False
2,40,2011-12-16,79194.43,False
2,40,2011-12-23,84750.87,False
2,40,2011-12-30,74489.03,True
2,41,2011-12-02,2595.41,False
2,41,2011-12-09,3090.91,False
2,41,2011-12-16,4544.5,False
2,41,2011-12-23,8515.0,False
2,41,2011-12-30,3872.5,True
2,42,2011-12-02,8739.05,False
2,42,2011-12-09,7328.16,False
2,42,2011-12-16,7872.75,False
2,42,2011-12-23,8624.23,False
2,42,2011-12-30,7594.23,True
2,44,2011-12-02,10762.27,False
2,44,2011-12-09,11667.52,False
2,44,2011-12-16,12318.47,False
2,44,2011-12-23,12999.51,False
2,44,2011-12-30,6750.1,True
2,45,2011-12-16,23.94,False
2,45,2011-12-23,69.82,False
2,46,2011-12-02,31002.47,False
2,46,2011-12-09,38013.58,False
2,46,2011-12-16,51210.54,False
2,46,2011-12-23,77799.17,False
2,46,2011-12-30,48358.29,True
2,47,2011-12-23,425.0,False
2,47,2011-12-30,-88.0,True
2,48,2011-12-02,1446.0,False
2,48,2011-12-09,524.0,False
2,48,2011-12-16,3866.0,False
2,48,2011-12-23,4121.0,False
2,48,2011-12-30,1424.0,True
2,49,2011-12-02,12562.69,False
2,49,2011-12-09,12547.73,False
2,49,2011-12-16,10125.82,False
2,49,2011-12-23,9282.35,False
2,49,2011-12-30,12412.39,True
2,52,2011-12-02,5412.65,False
2,52,2011-12-09,6088.37,False
2,52,2011-12-16,4951.63,False
2,52,2011-12-23,6901.64,False
2,52,2011-12-30,3744.22,True
2,54,2011-12-02,78.92,False
2,54,2011-12-09,-22.5,False
2,54,2011-12-16,74.24,False
2,54,2011-12-23,165.76,False
2,54,2011-12-30,58.8,True
2,55,2011-12-02,17465.27,False
2,55,2011-12-09,21435.01,False
2,55,2011-12-16,28348.53,False
2,55,2011-12-23,55920.25,False
2,55,2011-12-30,26079.11,True
2,56,2011-12-02,6070.26,False
2,56,2011-12-09,6252.29,False
2,56,2011-12-16,5263.06,False
2,56,2011-12-23,2454.2,False
2,56,2011-12-30,889.82,True
2,58,2011-12-02,34162.5,False
2,58,2011-12-09,33703.5,False
2,58,2011-12-16,33704.0,False
2,58,2011-12-23,43696.5,False
2,58,2011-12-30,23347.5,True
2,59,2011-12-02,2373.09,False
2,59,2011-12-09,3469.35,False
2,59,2011-12-16,6147.83,False
2,59,2011-12-23,9991.99,False
2,59,2011-12-30,9460.79,True
2,60,2011-12-02,360.8,False
2,60,2011-12-09,510.4,False
2,60,2011-12-16,396.0,False
2,60,2011-12-23,369.6,False
2,60,2011-12-30,184.8,True
2,67,2011-12-02,9381.95,False
2,67,2011-12-09,12368.29,False
2,67,2011-12-16,18860.77,False
2,67,2011-12-23,21715.35,False
2,67,2011-12-30,10399.93,True
2,71,2011-12-02,6097.84,False
2,71,2011-12-09,4359.88,False
2,71,2011-12-16,6797.66,False
2,71,2011-12-23,10342.82,False
2,71,2011-12-30,3907.59,True
2,72,2011-12-02,68870.18,False
2,72,2011-12-09,88936.7,False
2,72,2011-12-16,100242.46,False
2,72,2011-12-23,185383.54,False
2,72,2011-12-30,92483.16,True
2,74,2011-12-02,13406.63,False
2,74,2011-12-09,12765.68,False
2,74,2011-12-16,15329.42,False
2,74,2011-12-23,22031.62,False
2,74,2011-12-30,23277.71,True
2,77,2011-12-09,204.0,False
2,79,2011-12-02,34768.28,False
2,79,2011-12-09,34789.8,False
2,79,2011-12-16,28993.31,False
2,79,2011-12-23,34112.0,False
2,79,2011-12-30,25907.28,True
2,80,2011-12-02,22451.37,False
2,80,2011-12-09,25793.95,False
2,80,2011-12-16,28985.11,False
2,80,2011-12-23,33063.96,False
2,80,2011-12-30,22691.33,True
2,81,2011-12-02,27636.48,False
2,81,2011-12-09,30740.3,False
2,81,2011-12-16,30577.05,False
2,81,2011-12-23,35105.09,False
2,81,2011-12-30,23665.65,True
2,82,2011-12-02,30327.26,False
2,82,2011-12-09,39165.75,False
2,82,2011-12-16,60761.25,False
2,82,2011-12-23,106512.77,False
2,82,2011-12-30,45651.08,True
2,83,2011-12-02,3949.93,False
2,83,2011-12-09,5467.68,False
2,83,2011-12-16,4250.4,False
2,83,2011-12-23,6363.64,False
2,83,2011-12-30,4881.62,True
2,85,2011-12-02,3512.19,False
2,85,2011-12-09,4682.27,False
2,85,2011-12-16,6450.78,False
2,85,2011-12-23,9339.65,False
2,85,2011-12-30,4058.17,True
2,87,2011-12-02,29769.7,False
2,87,2011-12-09,28271.15,False
2,87,2011-12-16,28051.9,False
2,87,2011-12-23,43298.06,False
2,87,2011-12-30,28973.6,True
2,90,2011-12-02,93593.93,False
2,90,2011-12-09,108525.76,False
2,90,2011-12-16,114809.08,False
2,90,2011-12-23,148555.65,False
2,90,2011-12-30,89541.27,True
2,91,2011-12-02,67725.5,False
2,91,2011-12-09,84178.01,False
2,91,2011-12-16,81981.41,False
2,91,2011-12-23,90220.63,False
2,91,2011-12-30,58947.97,True
2,92,2011-12-02,154526.64,False
2,92,2011-12-09,195953.72,False
2,92,2011-12-16,204934.97,False
2,92,2011-12-23,257375.39,False
2,92,2011-12-30,142937.91,True
2,93,2011-12-02,57618.49,False
2,93,2011-12-09,76763.07,False
2,93,2011-12-16,77695.8,False
2,93,2011-12-23,97658.89,False
2,93,2011-12-30,56588.2,True
2,94,2011-12-02,53070.4,False
2,94,2011-12-09,57458.09,False
2,94,2011-12-16,62040.83,False
2,94,2011-12-23,78479.16,False
2,94,2011-12-30,52267.1,True
2,95,2011-12-02,123437.63,False
2,95,2011-12-09,137144.49,False
2,95,2011-12-16,144507.2,False
2,95,2011-12-23,159455.31,False
2,95,2011-12-30,111863.62,True
2,96,2011-12-02,26607.43,False
2,96,2011-12-09,28257.9,False
2,96,2011-12-16,31146.46,False
2,96,2011-12-23,42138.76,False
2,96,2011-12-30,37214.74,True
2,97,2011-12-02,34999.01,False
2,97,2011-12-09,42130.52,False
2,97,2011-12-16,41373.23,False
2,97,2011-12-23,49034.16,False
2,97,2011-12-30,33285.31,True
2,98,2011-12-02,12097.45,False
2,98,2011-12-09,17641.47,False
2,98,2011-12-16,21115.49,False
2,98,2011-12-23,22628.7,False
2,98,2011-12-30,12327.18,True
2,99,2011-12-09,875.0,False
2,99,2011-12-16,3975.0,False
2,99,2011-12-23,5240.0,False
2,99,2011-12-30,20.0,True
3,1,2011-12-02,9251.4,False
3,1,2011-12-09,10485.08,False
3,1,2011-12-16,15210.07,False
3,1,2011-12-23,12332.52,False
3,1,2011-12-30,7793.74,True
3,2,2011-12-02,17134.48,False
3,2,2011-12-09,17374.19,False
3,2,2011-12-16,19193.83,False
3,2,2011-12-23,20953.59,False
3,2,2011-12-30,16996.31,True
3,3,2011-12-02,4716.27,False
3,3,2011-12-09,5108.42,False
3,3,2011-12-16,5356.95,False
3,3,2011-12-23,5732.92,False
3,3,2011-12-30,3936.63,True
3,4,2011-12-02,8875.33,False
3,4,2011-12-09,8642.55,False
3,4,2011-12-16,8205.31,False
3,4,2011-12-23,9974.55,False
3,4,2011-12-30,9354.29,True
3,5,2011-12-02,14506.34,False
3,5,2011-12-09,19897.92,False
3,5,2011-12-16,21185.76,False
3,5,2011-12-23,25110.26,False
3,5,2011-12-30,17638.62,True
3,6,2011-12-02,2327.44,False
3,6,2011-12-09,2227.41,False
3,6,2011-12-16,2493.12,False
3,6,2011-12-23,4955.91,False
3,6,2011-12-30,3355.4,True
3,7,2011-12-02,15251.87,False
3,7,2011-12-09,16775.89,False
3,7,2011-12-16,31971.93,False
3,7,2011-12-23,39806.41,False
3,7,2011-12-30,17501.29,True
3,8,2011-12-02,7799.41,False
3,8,2011-12-09,9012.48,False
3,8,2011-12-16,8632.35,False
3,8,2011-12-23,9377.0,False
3,8,2011-12-30,8783.0,True
3,9,2011-12-02,11808.52,False
3,9,2011-12-09,12106.8,False
3,9,2011-12-16,11525.58,False
3,9,2011-12-23,13834.54,False
3,9,2011-12-30,11347.37,True
3,10,2011-12-02,12395.15,False
3,10,2011-12-09,12448.15,False
3,10,2011-12-16,9985.7,False
3,10,2011-12-23,11277.31,False
3,10,2011-12-30,9147.85,True
3,11,2011-12-02,12556.49,False
3,11,2011-12-09,15738.48,False
3,11,2011-12-16,8227.95,False
3,11,2011-12-23,8469.87,False
3,11,2011-12-30,8143.34,True
3,12,2011-12-02,2277.55,False
3,12,2011-12-09,2380.98,False
3,12,2011-12-16,1825.23,False
3,12,2011-12-23,1326.87,False
3,12,2011-12-30,1173.4,True
3,13,2011-12-02,10987.14,False
3,13,2011-12-09,10574.82,False
3,13,2011-12-16,10170.19,False
3,13,2011-12-23,9606.42,False
3,13,2011-12-30,10430.29,True
3,14,2011-12-02,5532.93,False
3,14,2011-12-09,5003.46,False
3,14,2011-12-16,6266.52,False
3,14,2011-12-23,10032.87,False
3,14,2011-12-30,4446.54,True
3,16,2011-12-02,1669.31,False
3,16,2011-12-09,3128.45,False
3,16,2011-12-16,1962.8,False
3,16,2011-12-23,1730.17,False
3,16,2011-12-30,2113.08,True
3,17,2011-12-02,3151.13,False
3,17,2011-12-09,3221.54,False
3,17,2011-12-16,3873.38,False
3,17,2011-12-23,3716.48,False
3,17,2011-12-30,4495.01,True
3,18,2011-12-02,24075.8,False
3,18,2011-12-09,16904.34,False
3,18,2011-12-16,11944.32,False
3,18,2011-12-23,8165.84,False
3,18,2011-12-30,6197.2,True
3,19,2011-12-02,727.94,False
3,19,2011-12-09,771.31,False
3,19,2011-12-16,1159.67,False
3,19,2011-12-23,899.67,False
3,19,2011-12-30,679.11,True
3,20,2011-12-02,1412.18,False
3,20,2011-12-09,1351.55,False
3,20,2011-12-16,1582.08,False
3,20,2011-12-23,1622.08,False
3,20,2011-12-30,1595.57,True
3,21,2011-12-02,1414.49,False
3,21,2011-12-09,1180.87,False
3,21,2011-12-16,1390.15,False
3,21,2011-12-23,1741.54,False
3,21,2011-12-30,1195.35,True
3,22,2011-12-02,3992.24,False
3,22,2011-12-09,3906.23,False
3,22,2011-12-16,4470.95,False
3,22,2011-12-23,4423.63,False
3,22,2011-12-30,3609.95,True
3,23,2011-12-02,13183.99,False
3,23,2011-12-09,18346.89,False
3,23,2011-12-16,19671.32,False
3,23,2011-12-23,22433.49,False
3,23,2011-12-30,12124.79,True
3,24,2011-12-02,4181.89,False
3,24,2011-12-09,4846.9,False
3,24,2011-12-16,6227.44,False
3,24,2011-12-23,6292.66,False
3,24,2011-12-30,2404.57,True
3,25,2011-12-02,5278.52,False
3,25,2011-12-09,5560.13,False
3,25,2011-12-16,7576.03,False
3,25,2011-12-23,6235.97,False
3,25,2011-12-30,3826.09,True
3,26,2011-12-02,4273.76,False
3,26,2011-12-09,4275.58,False
3,26,2011-12-16,4240.72,False
3,26,2011-12-23,5535.38,False
3,26,2011-12-30,2637.13,True
3,27,2011-12-02,607.38,False
3,27,2011-12-09,608.5,False
3,27,2011-12-16,681.69,False
3,27,2011-12-23,1038.79,False
3,27,2011-12-30,788.45,True
3,28,2011-12-02,251.46,False
3,28,2011-12-09,331.87,False
3,28,2011-12-16,245.85,False
3,28,2011-12-23,411.09,False
3,28,2011-12-30,200.59,True
3,29,2011-12-02,1967.37,False
3,29,2011-12-09,2280.95,False
3,29,2011-12-16,2809.9,False
3,29,2011-12-23,4555.81,False
3,29,2011-12-30,1789.3,True
3,30,2011-12-02,1054.96,False
3,30,2011-12-09,1160.78,False
3,30,2011-12-16,1058.84,False
3,30,2011-12-23,1091.14,False
3,30,2011-12-30,840.8,True
3,31,2011-12-02,1050.65,False
3,31,2011-12-09,1419.63,False
3,31,2011-12-16,1723.84,False
3,31,2011-12-23,1757.27,False
3,31,2011-12-30,1187.28,True
3,32,2011-12-02,5019.79,False
3,32,2011-12-09,5466.21,False
3,32,2011-12-16,11101.16,False
3,32,2011-12-23,20212.32,False
3,32,2011-12-30,12498.44,True
3,33,2011-12-02,4022.03,False
3,33,2011-12-09,5092.31,False
3,33,2011-12-16,6483.51,False
3,33,2011-12-23,6250.98,False
3,33,2011-12-30,2377.4,True
3,34,2011-12-02,6473.67,False
3,34,2011-12-09,6234.07,False
3,34,2011-12-16,6556.05,False
3,34,2011-12-23,8090.53,False
3,34,2011-12-30,4742.48,True
3,35,2011-12-02,1557.41,False
3,35,2011-12-09,2303.51,False
3,35,2011-12-16,1671.93,False
3,35,2011-12-23,2507.45,False
3,35,2011-12-30,1641.76,True
3,36,2011-12-02,775.04,False
3,36,2011-12-09,1239.74,False
3,36,2011-12-16,1350.26,False
3,36,2011-12-23,1427.14,False
3,36,2011-12-30,844.16,True
3,38,2011-12-02,124296.12,False
3,38,2011-12-09,98080.0,False
3,38,2011-12-16,102841.5,False
3,38,2011-12-23,86162.7,False
3,38,2011-12-30,84864.99,True
3,40,2011-12-02,20785.51,False
3,40,2011-12-09,19686.91,False
3,40,2011-12-16,18966.92,False
3,40,2011-12-23,18768.17,False
3,40,2011-12-30,18566.83,True
3,41,2011-12-02,763.85,False
3,41,2011-12-09,896.38,False
3,41,2011-12-16,1484.03,False
3,41,2011-12-23,2118.5,False
3,41,2011-12-30,1313.5,True
3,42,2011-12-02,4030.98,False
3,42,2011-12-09,2805.06,False
3,42,2011-12-16,5336.99,False
3,42,2011-12-23,2693.28,False
3,42,2011-12-30,4839.97,True
3,44,2011-12-02,3421.84,False
3,44,2011-12-09,3219.38,False
3,44,2011-12-16,3728.47,False
3,44,2011-12-23,2716.41,False
3,44,2011-12-30,1859.7,True
3,46,2011-12-02,9128.23,False
3,46,2011-12-09,9836.08,False
3,46,2011-12-16,12927.82,False
3,46,2011-12-23,19003.72,False
3,46,2011-12-30,10105.6,True
3,49,2011-12-02,29.7,False
3,49,2011-12-09,26.73,False
3,49,2011-12-16,26.73,False
3,49,2011-12-23,14.85,False
3,49,2011-12-30,17.82,True
3,51,2011-12-09,0.96,False
3,52,2011-12-02,1209.07,False
3,52,2011-12-09,1250.66,False
3,52,2011-12-16,1501.12,False
3,52,2011-12-23,1348.22,False
3,52,2011-12-30,747.44,True
3,54,2011-12-02,53.88,False
3,54,2011-12-16,132.92,False
3,54,2011-12-23,40.0,False
3,55,2011-12-02,6926.44,False
3,55,2011-12-09,9088.33,False
3,55,2011-12-16,11265.66,False
3,55,2011-12-23,16132.33,False
3,55,2011-12-30,13036.78,True
3,56,2011-12-02,1440.83,False
3,56,2011-12-09,1799.9,False
3,56,2011-12-16,1210.24,False
3,56,2011-12-23,788.62,False
3,56,2011-12-30,117.89,True
3,59,2011-12-02,392.44,False
3,59,2011-12-09,860.0,False
3,59,2011-12-16,1205.0,False
3,59,2011-12-23,1700.0,False
3,59,2011-12-30,509.19,True
3,60,2011-12-02,176.0,False
3,60,2011-12-09,202.4,False
3,60,2011-12-16,114.4,False
3,60,2011-12-23,167.2,False
3,60,2011-12-30,114.4,True
3,67,2011-12-02,1628.51,False
3,67,2011-12-09,2219.75,False
3,67,2011-12-16,3385.31,False
3,67,2011-12-23,4938.22,False
3,67,2011-12-30,3099.88,True
3,71,2011-12-02,942.77,False
3,71,2011-12-09,1383.85,False
3,71,2011-12-16,1155.12,False
3,71,2011-12-23,986.29,False
3,71,2011-12-30,1219.14,True
3,72,2011-12-02,26771.65,False
3,72,2011-12-09,32415.94,False
3,72,2011-12-16,34324.12,False
3,72,2011-12-23,39851.41,False
3,72,2011-12-30,21562.44,True
3,74,2011-12-02,3775.55,False
3,74,2011-12-09,2300.85,False
3,74,2011-12-16,2762.8,False
3,74,2011-12-23,3514.79,False
3,74,2011-12-30,3888.77,True
3,79,2011-12-02,7595.27,False
3,79,2011-12-09,5991.52,False
3,79,2011-12-16,6619.61,False
3,79,2011-12-23,7076.87,False
3,79,2011-12-30,7081.86,True
3,80,2011-12-02,76.34,False
3,80,2011-12-09,28.56,False
3,80,2011-12-16,11.04,False
3,80,2011-12-23,4.97,False
3,80,2011-12-30,1.76,True
3,81,2011-12-02,1705.5,False
3,81,2011-12-09,1359.62,False
3,81,2011-12-16,1372.15,False
3,81,2011-12-23,1273.13,False
3,81,2011-12-30,1301.47,True
3,82,2011-12-02,7021.86,False
3,82,2011-12-09,7768.59,False
3,82,2011-12-16,11347.41,False
3,82,2011-12-23,17360.4,False
3,82,2011-12-30,10398.24,True
3,85,2011-12-02,727.2,False
3,85,2011-12-09,326.27,False
3,85,2011-12-16,1009.44,False
3,85,2011-12-23,1266.7,False
3,85,2011-12-30,1014.28,True
3,87,2011-12-02,891.68,False
3,87,2011-12-09,1028.83,False
3,87,2011-12-16,1371.67,False
3,87,2011-12-23,1225.17,False
3,87,2011-12-30,823.35,True
3,90,2011-12-02,1956.2,False
3,90,2011-12-09,1784.26,False
3,90,2011-12-16,1878.19,False
3,90,2011-12-23,1878.39,False
3,90,2011-12-30,1810.31,True
3,91,2011-12-02,189.42,False
3,91,2011-12-09,175.42,False
3,91,2011-12-16,191.1,False
3,91,2011-12-23,291.76,False
3,91,2011-12-30,186.06,True
3,92,2011-12-02,8631.2,False
3,92,2011-12-09,9020.28,False
3,92,2011-12-16,8894.66,False
3,92,2011-12-23,9555.55,False
3,92,2011-12-30,7570.69,True
3,94,2011-12-02,105.0,False
3,94,2011-12-09,615.0,False
3,94,2011-12-16,483.0,False
3,94,2011-12-23,190.0,False
3,94,2011-12-30,264.0,True
3,95,2011-12-02,12365.17,False
3,95,2011-12-09,12997.82,False
3,95,2011-12-16,13516.43,False
3,95,2011-12-23,12140.75,False
3,95,2011-12-30,11743.22,True
3,96,2011-12-02,3421.83,False
3,96,2011-12-09,3691.16,False
3,96,2011-12-16,3151.54,False
3,96,2011-12-23,4668.02,False
3,96,2011-12-30,4307.45,True
3,97,2011-12-02,406.82,False
3,97,2011-12-09,438.36,False
3,97,2011-12-16,346.64,False
3,97,2011-12-23,364.07,False
3,97,2011-12-30,347.77,True
3,98,2011-12-02,83.13,False
3,98,2011-12-09,65.94,False
3,98,2011-12-16,153.21,False
3,98,2011-12-23,50.25,False
3,98,2011-12-30,2.5,True
4,1,2011-12-02,41861.0,False
4,1,2011-12-09,52520.88,False
4,1,2011-12-16,73671.92,False
4,1,2011-12-23,91965.85,False
4,1,2011-12-30,36490.94,True
4,2,2011-12-02,90896.84,False
4,2,2011-12-09,96307.24,False
4,2,2011-12-16,104945.49,False
4,2,2011-12-23,123735.98,False
4,2,2011-12-30,81744.17,True
4,3,2011-12-02,13923.27,False
4,3,2011-12-09,16193.25,False
4,3,2011-12-16,19065.25,False
4,3,2011-12-23,20869.58,False
4,3,2011-12-30,12107.32,True
4,4,2011-12-02,55582.51,False
4,4,2011-12-09,57074.29,False
4,4,2011-12-16,58822.75,False
4,4,2011-12-23,72048.55,False
4,4,2011-12-30,56145.68,True
4,5,2011-12-02,56474.65,False
4,5,2011-12-09,79275.42,False
4,5,2011-12-16,109399.55,False
4,5,2011-12-23,140165.76,False
4,5,2011-12-30,50821.94,True
4,6,2011-12-02,7950.12,False
4,6,2011-12-09,10687.17,False
4,6,2011-12-16,21645.9,False
4,6,2011-12-23,36094.15,False
4,6,2011-12-30,9758.79,True
4,7,2011-12-02,80692.79,False
4,7,2011-12-09,115006.75,False
4,7,2011-12-16,187664.88,False
4,7,2011-12-23,318422.01,False
4,7,2011-12-30,76234.73,True
4,8,2011-12-02,64584.56,False
4,8,2011-12-09,66574.47,False
4,8,2011-12-16,66708.87,False
4,8,2011-12-23,75216.3,False
4,8,2011-12-30,57135.68,True
4,9,2011-12-02,23982.48,False
4,9,2011-12-09,33285.64,False
4,9,2011-12-16,38602.13,False
4,9,2011-12-23,62726.39,False
4,9,2011-12-30,29762.73,True
4,10,2011-12-02,37181.23,False
4,10,2011-12-09,40538.06,False
4,10,2011-12-16,40196.75,False
4,10,2011-12-23,52560.25,False
4,10,2011-12-30,33197.72,True
4,11,2011-12-02,40121.99,False
4,11,2011-12-09,50718.34,False
4,11,2011-12-16,35858.6,False
4,11,2011-12-23,41032.95,False
4,11,2011-12-30,24372.85,True
4,12,2011-12-02,6466.91,False
4,12,2011-12-09,5396.27,False
4,12,2011-12-16,4348.63,False
4,12,2011-12-23,4965.25,False
4,12,2011-12-30,4209.23,True
4,13,2011-12-02,65282.35,False
4,13,2011-12-09,64887.8,False
4,13,2011-12-16,66546.83,False
4,13,2011-12-23,69614.97,False
4,13,2011-12-30,63642.93,True
4,14,2011-12-02,33675.28,False
4,14,2011-12-09,44751.28,False
4,14,2011-12-16,55296.74,False
4,14,2011-12-23,98900.14,False
4,14,2011-12-30,41531.39,True
4,16,2011-12-02,3387.64,False
4,16,2011-12-09,4891.0,False
4,16,2011-12-16,3036.88,False
4,16,2011-12-23,4489.41,False
4,16,2011-12-30,3692.65,True
4,17,2011-12-02,15933.51,False
4,17,2011-12-09,17586.51,False
4,17,2011-12-16,21596.98,False
4,17,2011-12-23,28096.91,False
4,17,2011-12-30,18059.75,True
4,18,2011-12-02,74807.64,False
4,18,2011-12-09,62344.11,False
4,18,2011-12-16,52490.24,False
4,18,2011-12-23,42524.48,False
4,18,2011-12-30,29824.94,True
4,19,2011-12-02,3827.66,False
4,19,2011-12-09,3844.49,False
4,19,2011-12-16,4264.52,False
4,19,2011-12-23,4268.91,False
4,19,2011-12-30,1856.28,True
4,20,2011-12-02,7334.61,False
4,20,2011-12-09,6856.04,False
4,20,2011-12-16,8060.48,False
4,20,2011-12-23,11127.66,False
4,20,2011-12-30,7875.22,True
4,21,2011-12-02,7475.07,False
4,21,2011-12-09,8861.19,False
4,21,2011-12-16,11854.11,False
4,21,2011-12-23,13784.36,False
4,21,2011-12-30,7540.26,True
4,22,2011-12-02,16762.6,False
4,22,2011-12-09,24040.54,False
4,22,2011-12-16,25021.05,False
4,22,2011-12-23,34767.77,False
4,22,2011-12-30,18988.1,True
4,23,2011-12-02,64436.89,False
4,23,2011-12-09,81116.26,False
4,23,2011-12-16,78186.35,False
4,23,2011-12-23,122666.23,False
4,23,2011-12-30,49170.65,True
4,24,2011-12-02,12353.97,False
4,24,2011-12-09,18298.6,False
4,24,2011-12-16,20402.03,False
4,24,2011-12-23,28687.79,False
4,24,2011-12-30,9641.13,True
4,25,2011-12-02,14314.74,False
4,25,2011-12-09,18935.72,False
4,25,2011-12-16,21049.53,False
4,25,2011-12-23,26565.55,False
4,25,2011-12-30,16083.27,True
4,26,2011-12-02,20278.35,False
4,26,2011-12-09,24330.57,False
4,26,2011-12-16,25479.2,False
4,26,2011-12-23,34566.7,False
4,26,2011-12-30,13196.11,True
4,27,2011-12-02,4069.56,False
4,27,2011-12-09,5002.14,False
4,27,2011-12-16,5862.43,False
4,27,2011-12-23,8154.85,False
4,27,2011-12-30,3498.41,True
4,28,2011-12-02,1388.36,False
4,28,2011-12-09,1223.9,False
4,28,2011-12-16,1460.6,False
4,28,2011-12-23,1643.21,False
4,28,2011-12-30,877.74,True
4,29,2011-12-02,12680.37,False
4,29,2011-12-09,14956.05,False
4,29,2011-12-16,18671.92,False
4,29,2011-12-23,30150.35,False
4,29,2011-12-30,13500.67,True
4,30,2011-12-02,5880.98,False
4,30,2011-12-09,4930.4,False
4,30,2011-12-16,6085.42,False
4,30,2011-12-23,7274.16,False
4,30,2011-12-30,6398.08,True
4,31,2011-12-02,5655.91,False
4,31,2011-12-09,7431.02,False
4,31,2011-12-16,6860.78,False
4,31,2011-12-23,8720.29,False
4,31,2011-12-30,3197.22,True
4,32,2011-12-02,13216.12,False
4,32,2011-12-09,21578.54,False
4,32,2011-12-16,27572.62,False
4,32,2011-12-23,59986.2,False
4,32,2011-12-30,21008.01,True
4,33,2011-12-02,14750.36,False
4,33,2011-12-09,20783.86,False
4,33,2011-12-16,22756.09,False
4,33,2011-12-23,35605.45,False
4,33,2011-12-30,11315.64,True
4,34,2011-12-02,22916.99,False
4,34,2011-12-09,28929.65,False
4,34,2011-12-16,30655.65,False
4,34,2011-12-23,43274.28,False
4,34,2011-12-30,24756.9,True
4,35,2011-12-02,4127.15,False
4,35,2011-12-09,4409.71,False
4,35,2011-12-16,4808.6,False
4,35,2011-12-23,6403.88,False
4,35,2011-12-30,3572.32,True
4,36,2011-12-02,4587.82,False
4,36,2011-12-09,6042.54,False
4,36,2011-12-16,5182.24,False
4,36,2011-12-23,8123.57,False
4,36,2011-12-30,3465.15,True
4,37,2011-12-02,3375.54,False
4,37,2011-12-09,3201.06,False
4,37,2011-12-16,3739.24,False
4,37,2011-12-23,4202.85,False
4,37,2011-12-30,3432.63,True
4,38,2011-12-02,86291.29,False
4,38,2011-12-09,88899.43,False
4,38,2011-12-16,78686.19,False
4,38,2011-12-23,74430.59,False
4,38,2011-12-30,68796.41,True
4,40,2011-12-02,75396.76,False
4,40,2011-12-09,80935.4,False
4,40,2011-12-16,78319.34,False
4,40,2011-12-23,87314.12,False
4,40,2011-12-30,69237.54,True
4,41,2011-12-02,1203.31,False
4,41,2011-12-09,931.01,False
4,41,2011-12-16,1935.11,False
4,41,2011-12-23,1499.05,False
4,41,2011-12-30,531.55,True
4,42,2011-12-02,8427.92,False
4,42,2011-12-09,8071.47,False
4,42,2011-12-16,9006.14,False
4,42,2011-12-23,10552.3,False
4,42,2011-12-30,7459.92,True
4,44,2011-12-02,7272.51,False
4,44,2011-12-09,9816.33,False
4,44,2011-12-16,9647.13,False
4,44,2011-12-23,11616.12,False
4,44,2011-12-30,4907.27,True
4,45,2011-12-02,43.88,False
4,45,2011-12-16,35.91,False
4,46,2011-12-02,39675.22,False
4,46,2011-12-09,49780.34,False
4,46,2011-12-16,72816.64,False
4,46,2011-12-23,92796.26,False
4,46,2011-12-30,44611.4,True
4,47,2011-12-02,24.0,False
4,48,2011-12-02,3578.0,False
4,48,2011-12-09,6878.0,False
4,48,2011-12-16,6772.0,False
4,48,2011-12-23,10360.06,False
4,48,2011-12-30,4336.12,True
4,49,2011-12-02,7636.66,False
4,49,2011-12-09,5465.88,False
4,49,2011-12-16,5197.9,False
4,49,2011-12-23,5865.74,False
4,49,2011-12-30,6555.14,True
4,52,2011-12-02,3124.44,False
4,52,2011-12-09,5291.13,False
4,52,2011-12-16,6121.04,False
4,52,2011-12-23,9284.42,False
4,52,2011-12-30,3100.81,True
4,54,2011-12-02,99.76,False
4,54,2011-12-09,89.84,False
4,54,2011-12-16,171.8,False
4,54,2011-12-23,93.16,False
4,54,2011-12-30,78.08,True
4,55,2011-12-02,24415.42,False
4,55,2011-12-09,29940.98,False
4,55,2011-12-16,41932.33,False
4,55,2011-12-23,70346.57,False
4,55,2011-12-30,31258.92,True
4,56,2011-12-02,1617.36,False
4,56,2011-12-09,3040.2,False
4,56,2011-12-16,2062.11,False
4,56,2011-12-23,981.13,False
4,56,2011-12-30,211.47,True
4,58,2011-12-02,6430.0,False
4,58,2011-12-09,4070.0,False
4,58,2011-12-16,5585.0,False
4,58,2011-12-23,6840.0,False
4,58,2011-12-30,3805.0,True
4,59,2011-12-02,2683.07,False
4,59,2011-12-09,4803.26,False
4,59,2011-12-16,10263.46,False
4,59,2011-12-23,15178.81,False
4,59,2011-12-30,5800.47,True
4,60,2011-12-02,554.4,False
4,60,2011-12-09,649.9,False
4,60,2011-12-16,668.8,False
4,60,2011-12-23,484.0,False
4,60,2011-12-30,237.6,True
4,67,2011-12-02,10287.92,False
4,67,2011-12-09,15218.23,False
4,67,2011-12-16,20505.58,False
4,67,2011-12-23,26958.41,False
4,67,2011-12-30,11401.41,True
4,71,2011-12-02,8515.15,False
4,71,2011-12-09,6749.27,False
4,71,2011-12-16,10076.38,False
4,71,2011-12-23,11987.04,False
4,71,2011-12-30,7989.15,True
4,72,2011-12-02,128956.42,False
4,72,2011-12-09,148076.15,False
4,72,2011-12-16,168889.61,False
4,72,2011-12-23,271320.74,False
4,72,2011-12-30,115268.56,True
4,74,2011-12-02,17496.87,False
4,74,2011-12-09,16904.28,False
4,74,2011-12-16,18769.57,False
4,74,2011-12-23,27515.87,False
4,74,2011-12-30,28650.05,True
4,77,2011-12-02,204.0,False
4,79,2011-12-02,49346.99,False
4,79,2011-12-09,51086.67,False
4,79,2011-12-16,54260.97,False
4,79,2011-12-23,63475.28,False
4,79,2011-12-30,47234.37,True
4,80,2011-12-02,20354.08,False
4,80,2011-12-09,23057.42,False
4,80,2011-12-16,23820.34,False
4,80,2011-12-23,28394.99,False
4,80,2011-12-30,18518.85,True
4,81,2011-12-02,28477.51,False
4,81,2011-12-09,30364.41,False
4,81,2011-12-16,29392.09,False
4,81,2011-12-23,33753.2,False
4,81,2011-12-30,24666.69,True
4,82,2011-12-02,37674.62,False
4,82,2011-12-09,46098.09,False
4,82,2011-12-16,64020.57,False
4,82,2011-12-23,114217.35,False
4,82,2011-12-30,46148.87,True
4,83,2011-12-02,5982.44,False
4,83,2011-12-09,7116.09,False
4,83,2011-12-16,5939.3,False
4,83,2011-12-23,8918.11,False
4,83,2011-12-30,6396.1,True
4,85,2011-12-02,2947.12,False
4,85,2011-12-09,4327.92,False
4,85,2011-12-16,5516.62,False
4,85,2011-12-23,5335.01,False
4,85,2011-12-30,3157.83,True
4,87,2011-12-02,13610.08,False
4,87,2011-12-09,13830.99,False
4,87,2011-12-16,14992.64,False
4,87,2011-12-23,17755.1,False
4,87,2011-12-30,13247.97,True
4,90,2011-12-02,92050.75,False
4,90,2011-12-09,102379.18,False
4,90,2011-12-16,98815.65,False
4,90,2011-12-23,125242.78,False
4,90,2011-12-30,81559.05,True
4,91,2011-12-02,58950.5,False
4,91,2011-12-09,67904.16,False
4,91,2011-12-16,64212.12,False
4,91,2011-12-23,69708.31,False
4,91,2011-12-30,48628.99,True
4,92,2011-12-02,159582.35,False
4,92,2011-12-09,186204.36,False
4,92,2011-12-16,195603.8,False
4,92,2011-12-23,239759.31,False
4,92,2011-12-30,140979.34,True
4,93,2011-12-02,60618.61,False
4,93,2011-12-09,74219.26,False
4,93,2011-12-16,72053.05,False
4,93,2011-12-23,91536.67,False
4,93,2011-12-30,57346.28,True
4,94,2011-12-02,55118.83,False
4,94,2011-12-09,56982.91,False
4,94,2011-12-16,58196.13,False
4,94,2011-12-23,75675.91,False
4,94,2011-12-30,52259.21,True
4,95,2011-12-02,126643.85,False
4,95,2011-12-09,140264.53,False
4,95,2011-12-16,140720.45,False
4,95,2011-12-23,156239.94,False
4,95,2011-12-30,110857.79,True
4,96,2011-12-02,33850.26,False
4,96,2011-12-09,37328.37,False
4,96,2011-12-16,38667.39,False
4,96,2011-12-23,62400.69,False
4,96,2011-12-30,50067.84,True
4,97,2011-12-02,35994.51,False
4,97,2011-12-09,40574.1,False
4,97,2011-12-16,37318.46,False
4,97,2011-12-23,42791.63,False
4,97,2011-12-30,30151.02,True
4,98,2011-12-02,13624.58,False
4,98,2011-12-09,17694.92,False
4,98,2011-12-16,23964.3,False
4,98,2011-12-23,27237.32,False
4,98,2011-12-30,13321.56,True
4,99,2011-12-09,1100.0,False
4,99,2011-12-16,8570.0,False
4,99,2011-12-23,5120.0,False
4,99,2011-12-30,220.0,True
5,1,2011-12-02,11761.28,False
5,1,2011-12-09,12086.87,False
5,1,2011-12-16,15344.65,False
5,1,2011-12-23,17702.22,False
5,1,2011-12-30,10107.45,True
5,2,2011-12-02,14037.12,False
5,2,2011-12-09,12178.82,False
5,2,2011-12-16,13528.87,False
5,2,2011-12-23,16430.32,False
5,2,2011-12-30,12352.45,True
5,3,2011-12-02,3637.95,False
5,3,2011-12-09,3614.45,False
5,3,2011-12-16,4308.77,False
5,3,2011-12-23,4662.28,False
5,3,2011-12-30,2872.36,True
5,4,2011-12-02,10865.82,False
5,4,2011-12-09,10056.55,False
5,4,2011-12-16,10502.53,False
5,4,2011-12-23,11922.26,False
5,4,2011-12-30,11081.52,True
5,5,2011-12-02,7602.93,False
5,5,2011-12-09,10576.01,False
5,5,2011-12-16,8605.8,False
5,5,2011-12-23,15941.12,False
5,5,2011-12-30,8898.32,True
5,6,2011-12-02,878.19,False
5,6,2011-12-09,722.58,False
5,6,2011-12-16,1164.38,False
5,6,2011-12-23,3848.93,False
5,6,2011-12-30,2817.37,True
5,7,2011-12-02,9212.52,False
5,7,2011-12-09,12599.44,False
5,7,2011-12-16,15801.32,False
5,7,2011-12-23,24632.3,False
5,7,2011-12-30,12574.38,True
5,8,2011-12-02,15202.49,False
5,8,2011-12-09,14805.59,False
5,8,2011-12-16,15496.17,False
5,8,2011-12-23,15688.66,False
5,8,2011-12-30,13497.82,True
5,9,2011-12-02,6850.52,False
5,9,2011-12-09,5738.23,False
5,9,2011-12-16,6363.72,False
5,9,2011-12-23,10079.77,False
5,9,2011-12-30,8004.71,True
5,10,2011-12-02,8925.54,False
5,10,2011-12-09,10458.27,False
5,10,2011-12-16,8890.94,False
5,10,2011-12-23,8472.6,False
5,10,2011-12-30,9224.28,True
5,11,2011-12-02,11215.05,False
5,11,2011-12-09,11703.26,False
5,11,2011-12-16,8116.19,False
5,11,2011-12-23,9992.99,False
5,11,2011-12-30,8520.24,True
5,12,2011-12-02,2294.42,False
5,12,2011-12-09,2136.1,False
5,12,2011-12-16,2015.38,False
5,12,2011-12-23,2248.97,False
5,12,2011-12-30,2000.7,True
5,13,2011-12-02,11158.5,False
5,13,2011-12-09,9503.51,False
5,13,2011-12-16,10992.63,False
5,13,2011-12-23,10931.78,False
5,13,2011-12-30,11321.38,True
5,14,2011-12-02,4764.06,False
5,14,2011-12-09,4995.75,False
5,14,2011-12-16,4355.95,False
5,14,2011-12-23,9399.15,False
5,14,2011-12-30,4767.07,True
5,16,2011-12-02,2109.55,False
5,16,2011-12-09,2146.45,False
5,16,2011-12-16,1882.63,False
5,16,2011-12-23,2412.58,False
5,16,2011-12-30,2758.38,True
5,17,2011-12-02,2905.22,False
5,17,2011-12-09,2935.73,False
5,17,2011-12-16,3563.59,False
5,17,2011-12-23,4938.15,False
5,17,2011-12-30,4030.54,True
5,18,2011-12-02,13456.22,False
5,18,2011-12-09,12050.15,False
5,18,2011-12-16,9677.07,False
5,18,2011-12-23,6833.85,False
5,18,2011-12-30,5503.66,True
5,19,2011-12-02,34.0,False
5,19,2011-12-09,51.0,False
5,19,2011-12-16,59.0,False
5,19,2011-12-23,51.0,False
5,19,2011-12-30,68.0,True
5,20,2011-12-02,932.31,False
5,20,2011-12-09,742.91,False
5,20,2011-12-16,1161.39,False
5,20,2011-12-23,1254.34,False
5,20,2011-12-30,833.63,True
5,21,2011-12-02,1264.99,False
5,21,2011-12-09,1529.95,False
5,21,2011-12-16,1670.2,False
5,21,2011-12-23,1958.61,False
5,21,2011-12-30,1565.39,True
5,22,2011-12-02,2997.39,False
5,22,2011-12-09,2774.05,False
5,22,2011-12-16,3257.44,False
5,22,2011-12-23,5249.89,False
5,22,2011-12-30,4590.16,True
5,23,2011-12-02,8543.28,False
5,23,2011-12-09,11428.08,False
5,23,2011-12-16,9260.02,False
5,23,2011-12-23,14096.87,False
5,23,2011-12-30,7598.74,True
5,24,2011-12-02,2232.98,False
5,24,2011-12-09,3228.91,False
5,24,2011-12-16,2786.87,False
5,24,2011-12-23,3761.52,False
5,24,2011-12-30,1507.2,True
5,25,2011-12-02,3839.39,False
5,25,2011-12-09,2945.7,False
5,25,2011-12-16,3746.43,False
5,25,2011-12-23,3334.63,False
5,25,2011-12-30,2702.59,True
5,26,2011-12-02,2680.86,False
5,26,2011-12-09,2994.84,False
5,26,2011-12-16,3186.26,False
5,26,2011-12-23,3992.25,False
5,26,2011-12-30,1824.4,True
5,27,2011-12-02,668.13,False
5,27,2011-12-09,800.82,False
5,27,2011-12-16,837.72,False
5,27,2011-12-23,1131.97,False
5,27,2011-12-30,719.93,True
5,28,2011-12-02,198.23,False
5,28,2011-12-09,237.45,False
5,28,2011-12-16,185.5,False
5,28,2011-12-23,262.65,False
5,28,2011-12-30,201.32,True
5,29,2011-12-02,2075.64,False
5,29,2011-12-09,1696.63,False
5,29,2011-12-16,1776.88,False
5,29,2011-12-23,2632.85,False
5,29,2011-12-30,2039.61,True
5,30,2011-12-02,803.84,False
5,30,2011-12-09,569.76,False
5,30,2011-12-16,494.4,False
5,30,2011-12-23,1005.14,False
5,30,2011-12-30,546.14,True
5,31,2011-12-02,859.63,False
5,31,2011-12-09,1332.51,False
5,31,2011-12-16,1084.71,False
5,31,2011-12-23,1387.79,False
5,31,2011-12-30,938.45,True
5,32,2011-12-02,2401.89,False
5,32,2011-12-09,3541.91,False
5,32,2011-12-16,5027.31,False
5,32,2011-12-23,10144.02,False
5,32,2011-12-30,5387.52,True
5,33,2011-12-02,2048.63,False
5,33,2011-12-09,3028.74,False
5,33,2011-12-16,2087.59,False
5,33,2011-12-23,3176.54,False
5,33,2011-12-30,1605.43,True
5,34,2011-12-02,4275.81,False
5,34,2011-12-09,4000.0,False
5,34,2011-12-16,3692.78,False
5,34,2011-12-23,4947.51,False
5,34,2011-12-30,3742.25,True
5,35,2011-12-02,1023.51,False
5,35,2011-12-09,1076.35,False
5,35,2011-12-16,1022.09,False
5,35,2011-12-23,1224.89,False
5,35,2011-12-30,1019.68,True
5,36,2011-12-02,831.1,False
5,36,2011-12-09,940.28,False
5,36,2011-12-16,570.19,False
5,36,2011-12-23,621.07,False
5,36,2011-12-30,549.4,True
5,38,2011-12-02,75041.78,False
5,38,2011-12-09,64606.53,False
5,38,2011-12-16,65607.76,False
5,38,2011-12-23,57307.31,False
5,38,2011-12-30,41489.5,True
5,40,2011-12-02,21784.74,False
5,40,2011-12-09,19784.32,False
5,40,2011-12-16,20920.18,False
5,40,2011-12-23,21724.24,False
5,40,2011-12-30,20639.2,True
5,41,2011-12-02,1050.91,False
5,41,2011-12-09,1139.5,False
5,41,2011-12-16,1615.47,False
5,41,2011-12-23,2030.0,False
5,41,2011-12-30,883.0,True
5,42,2011-12-02,2293.62,False
5,42,2011-12-09,2246.62,False
5,42,2011-12-16,2633.36,False
5,42,2011-12-23,2591.71,False
5,42,2011-12-30,2146.47,True
5,44,2011-12-02,1954.31,False
5,44,2011-12-09,2639.21,False
5,44,2011-12-16,2698.72,False
5,44,2011-12-23,2386.21,False
5,44,2011-12-30,1095.16,True
5,45,2011-12-09,23.94,False
5,45,2011-12-16,31.91,False
5,45,2011-12-23,23.94,False
5,46,2011-12-02,5144.07,False
5,46,2011-12-09,5533.8,False
5,46,2011-12-16,7010.37,False
5,46,2011-12-23,10640.26,False
5,46,2011-12-30,8675.33,True
5,47,2011-12-16,224.0,False
5,49,2011-12-02,26.73,False
5,49,2011-12-09,47.52,False
5,49,2011-12-16,26.73,False
5,49,2011-12-23,41.58,False
5,49,2011-12-30,29.7,True
5,52,2011-12-02,1796.98,False
5,52,2011-12-09,1085.07,False
5,52,2011-12-16,758.66,False
5,52,2011-12-23,1075.94,False
5,52,2011-12-30,272.69,True
5,54,2011-12-02,11.76,False
5,54,2011-12-09,78.0,False
5,54,2011-12-16,116.0,False
5,54,2011-12-23,15.0,False
5,54,2011-12-30,25.88,True
5,55,2011-12-02,4080.2,False
5,55,2011-12-09,5907.03,False
5,55,2011-12-16,5138.78,False
5,55,2011-12-23,8561.21,False
5,55,2011-12-30,7463.29,True
5,56,2011-12-02,698.75,False
5,56,2011-12-09,856.17,False
5,56,2011-12-16,829.85,False
5,56,2011-12-23,527.34,False
5,56,2011-12-30,59.23,True
5,58,2011-12-09,685.0,False
5,58,2011-12-23,355.0,False
5,58,2011-12-30,405.0,True
5,59,2011-12-02,80.0,False
5,59,2011-12-09,310.0,False
5,59,2011-12-16,267.48,False
5,59,2011-12-23,495.0,False
5,59,2011-12-30,480.73,True
5,60,2011-12-02,343.2,False
5,60,2011-12-09,325.6,False
5,60,2011-12-16,387.2,False
5,60,2011-12-23,369.6,False
5,60,2011-12-30,114.4,True
5,67,2011-12-02,2623.61,False
5,67,2011-12-09,3510.5,False
5,67,2011-12-16,5392.12,False
5,67,2011-12-23,8322.08,False
5,67,2011-12-30,3372.62,True
5,71,2011-12-02,386.18,False
5,71,2011-12-09,319.98,False
5,71,2011-12-16,230.89,False
5,71,2011-12-23,741.44,False
5,71,2011-12-30,724.45,True
5,72,2011-12-02,15807.99,False
5,72,2011-12-09,12431.23,False
5,72,2011-12-16,13771.47,False
5,72,2011-12-23,24937.59,False
5,72,2011-12-30,21656.11,True
5,74,2011-12-02,3920.17,False
5,74,2011-12-09,3039.01,False
5,74,2011-12-16,3323.88,False
5,74,2011-12-23,4520.32,False
5,74,2011-12-30,5719.7,True
5,77,2011-12-30,-23.85,True
5,79,2011-12-02,5205.14,False
5,79,2011-12-09,4417.49,False
5,79,2011-12-16,4745.52,False
5,79,2011-12-23,4955.76,False
5,79,2011-12-30,5225.74,True
5,81,2011-12-02,2740.93,False
5,81,2011-12-09,2547.13,False
5,81,2011-12-16,2669.7,False
5,81,2011-12-23,2634.81,False
5,81,2011-12-30,2404.13,True
5,82,2011-12-02,5879.7,False
5,82,2011-12-09,5077.41,False
5,82,2011-12-16,6178.57,False
5,82,2011-12-23,10544.76,False
5,82,2011-12-30,8671.45,True
5,85,2011-12-02,752.76,False
5,85,2011-12-09,1058.01,False
5,85,2011-12-16,1665.24,False
5,85,2011-12-23,2195.21,False
5,85,2011-12-30,1135.39,True
5,87,2011-12-02,12088.53,False
5,87,2011-12-09,9259.16,False
5,87,2011-12-16,10668.66,False
5,87,2011-12-23,13133.4,False
5,87,2011-12-30,11346.01,True
5,90,2011-12-02,3591.01,False
5,90,2011-12-09,3432.32,False
5,90,2011-12-16,3146.22,False
5,90,2011-12-23,3706.91,False
5,90,2011-12-30,3578.92,True
5,91,2011-12-02,1238.64,False
5,91,2011-12-09,986.08,False
5,91,2011-12-16,1440.83,False
5,91,2011-12-23,1401.67,False
5,91,2011-12-30,1324.16,True
5,92,2011-12-02,9325.45,False
5,92,2011-12-09,10267.91,False
5,92,2011-12-16,10516.95,False
5,92,2011-12-23,10183.34,False
5,92,2011-12-30,8389.27,True
5,94,2011-12-02,87.78,False
5,94,2011-12-09,318.82,False
5,94,2011-12-16,547.72,False
5,94,2011-12-23,249.64,False
5,94,2011-12-30,429.54,True
5,95,2011-12-02,17828.56,False
5,95,2011-12-09,17650.64,False
5,95,2011-12-16,18184.71,False
5,95,2011-12-23,18943.27,False
5,95,2011-12-30,16081.13,True
5,96,2011-12-02,5265.35,False
5,96,2011-12-09,5800.63,False
5,96,2011-12-16,5396.39,False
5,96,2011-12-23,6807.95,False
5,96,2011-12-30,7503.07,True
5,97,2011-12-02,587.77,False
5,97,2011-12-09,755.59,False
5,97,2011-12-16,728.33,False
5,97,2011-12-23,636.28,False
5,97,2011-12-30,522.99,True
5,98,2011-12-09,65.9,False
5,98,2011-12-16,139.26,False
5,98,2011-12-23,132.0,False
5,98,2011-12-30,12.0,True
6,1,2011-12-02,27567.47,False
6,1,2011-12-09,37087.04,False
6,1,2011-12-16,51781.32,False
6,1,2011-12-23,56898.87,False
6,1,2011-12-30,25542.84,True
6,2,2011-12-02,47608.81,False
6,2,2011-12-09,54018.67,False
6,2,2011-12-16,58374.09,False
6,2,2011-12-23,79930.02,False
6,2,2011-12-30,48340.76,True
6,3,2011-12-02,14173.85,False
6,3,2011-12-09,16810.37,False
6,3,2011-12-16,19171.65,False
6,3,2011-12-23,23246.2,False
6,3,2011-12-30,13911.96,True
6,4,2011-12-02,36354.49,False
6,4,2011-12-09,36292.6,False
6,4,2011-12-16,36009.58,False
6,4,2011-12-23,42656.27,False
6,4,2011-12-30,34267.49,True
6,5,2011-12-02,45725.81,False
6,5,2011-12-09,53712.04,False
6,5,2011-12-16,65153.24,False
6,5,2011-12-23,102176.04,False
6,5,2011-12-30,52444.7,True
6,6,2011-12-02,6983.26,False
6,6,2011-12-09,7530.06,False
6,6,2011-12-16,12921.25,False
6,6,2011-12-23,27337.66,False
6,6,2011-12-30,8848.14,True
6,7,2011-12-02,58226.56,False
6,7,2011-12-09,88189.79,False
6,7,2011-12-16,112946.57,False
6,7,2011-12-23,172483.15,False
6,7,2011-12-30,50853.83,True
6,8,2011-12-02,50302.8,False
6,8,2011-12-09,53817.61,False
6,8,2011-12-16,52324.1,False
6,8,2011-12-23,65341.41,False
6,8,2011-12-30,46351.63,True
6,9,2011-12-02,39751.79,False
6,9,2011-12-09,39765.78,False
6,9,2011-12-16,45092.76,False
6,9,2011-12-23,71827.73,False
6,9,2011-12-30,44010.24,True
6,10,2011-12-02,44792.18,False
6,10,2011-12-09,44763.1,False
6,10,2011-12-16,43112.34,False
6,10,2011-12-23,55265.92,False
6,10,2011-12-30,45235.06,True
6,11,2011-12-02,28214.66,False
6,11,2011-12-09,37506.79,False
6,11,2011-12-16,27027.87,False
6,11,2011-12-23,32009.39,False
6,11,2011-12-30,22591.58,True
6,12,2011-12-02,5397.12,False
6,12,2011-12-09,5379.72,False
6,12,2011-12-16,4603.06,False
6,12,2011-12-23,5032.28,False
6,12,2011-12-30,3779.17,True
6,13,2011-12-02,37094.37,False
6,13,2011-12-09,36000.36,False
6,13,2011-12-16,32176.69,False
6,13,2011-12-23,35970.81,False
6,13,2011-12-30,31476.56,True
6,14,2011-12-02,34530.95,False
6,14,2011-12-09,44013.28,False
6,14,2011-12-16,52451.35,False
6,14,2011-12-23,80299.91,False
6,14,2011-12-30,38717.94,True
6,16,2011-12-02,4750.01,False
6,16,2011-12-09,5038.94,False
6,16,2011-12-16,6237.73,False
6,16,2011-12-23,6595.19,False
6,16,2011-12-30,7157.24,True
6,17,2011-12-02,17225.18,False
6,17,2011-12-09,20782.42,False
6,17,2011-12-16,22732.94,False
6,17,2011-12-23,29690.25,False
6,17,2011-12-30,15387.81,True
6,18,2011-12-02,74307.13,False
6,18,2011-12-09,68525.7,False
6,18,2011-12-16,54694.25,False
6,18,2011-12-23,41327.02,False
6,18,2011-12-30,35975.69,True
6,19,2011-12-02,4550.2,False
6,19,2011-12-09,4308.9,False
6,19,2011-12-16,4093.28,False
6,19,2011-12-23,4339.26,False
6,19,2011-12-30,2188.3,True
6,20,2011-12-02,7426.25,False
6,20,2011-12-09,7041.82,False
6,20,2011-12-16,8820.07,False
6,20,2011-12-23,11742.08,False
6,20,2011-12-30,7273.36,True
6,21,2011-12-02,10404.58,False
6,21,2011-12-09,10142.22,False
6,21,2011-12-16,12054.94,False
6,21,2011-12-23,15149.15,False
6,21,2011-12-30,7562.11,True
6,22,2011-12-02,18721.37,False
6,22,2011-12-09,26582.54,False
6,22,2011-12-16,27689.34,False
6,22,2011-12-23,39498.73,False
6,22,2011-12-30,22766.49,True
6,23,2011-12-02,33748.28,False
6,23,2011-12-09,51274.0,False
6,23,2011-12-16,54146.6,False
6,23,2011-12-23,75567.01,False
6,23,2011-12-30,30682.06,True
6,24,2011-12-02,11309.89,False
6,24,2011-12-09,15689.14,False
6,24,2011-12-16,15002.69,False
6,24,2011-12-23,15966.8,False
6,24,2011-12-30,4718.48,True
6,25,2011-12-02,14383.08,False
6,25,2011-12-09,16775.64,False
6,25,2011-12-16,17017.56,False
6,25,2011-12-23,20777.71,False
6,25,2011-12-30,10330.37,True
6,26,2011-12-02,12738.3,False
6,26,2011-12-09,15481.09,False
6,26,2011-12-16,16165.81,False
6,26,2011-12-23,17199.14,False
6,26,2011-12-30,5936.02,True
6,27,2011-12-02,3300.27,False
6,27,2011-12-09,4690.52,False
6,27,2011-12-16,4746.79,False
6,27,2011-12-23,5861.08,False
6,27,2011-12-30,2964.32,True
6,28,2011-12-02,1021.47,False
6,28,2011-12-09,1110.19,False
6,28,2011-12-16,1019.04,False
6,28,2011-12-23,1179.82,False
6,28,2011-12-30,735.73,True
6,29,2011-12-02,7962.83,False
6,29,2011-12-09,11140.9,False
6,29,2011-12-16,13535.78,False
6,29,2011-12-23,18941.08,False
6,29,2011-12-30,9146.12,True
6,30,2011-12-02,3413.23,False
6,30,2011-12-09,4339.79,False
6,30,2011-12-16,3995.92,False
6,30,2011-12-23,5447.98,False
6,30,2011-12-30,3626.25,True
6,31,2011-12-02,4356.58,False
6,31,2011-12-09,6740.92,False
6,31,2011-12-16,6753.47,False
6,31,2011-12-23,7745.94,False
6,31,2011-12-30,3386.03,True
6,32,2011-12-02,12195.4,False
6,32,2011-12-09,19500.55,False
6,32,2011-12-16,20758.81,False
6,32,2011-12-23,48837.78,False
6,32,2011-12-30,19422.1,True
6,33,2011-12-02,11015.61,False
6,33,2011-12-09,15469.74,False
6,33,2011-12-16,15089.63,False
6,33,2011-12-23,18143.97,False
6,33,2011-12-30,5777.46,True
6,34,2011-12-02,19313.36,False
6,34,2011-12-09,22351.89,False
6,34,2011-12-16,20057.57,False
6,34,2011-12-23,23268.2,False
6,34,2011-12-30,12841.91,True
6,35,2011-12-02,3296.15,False
6,35,2011-12-09,4479.2,False
6,35,2011-12-16,3767.4,False
6,35,2011-12-23,4714.91,False
6,35,2011-12-30,2808.67,True
6,36,2011-12-02,2417.75,False
6,36,2011-12-09,2776.17,False
6,36,2011-12-16,3628.75,False
6,36,2011-12-23,5602.65,False
6,36,2011-12-30,2351.96,True
6,37,2011-12-02,3192.43,False
6,37,2011-12-09,3320.49,False
6,37,2011-12-16,3181.89,False
6,37,2011-12-23,4116.69,False
6,37,2011-12-30,3850.11,True
6,38,2011-12-02,88942.45,False
6,38,2011-12-09,77526.49,False
6,38,2011-12-16,86538.8,False
6,38,2011-12-23,72539.1,False
6,38,2011-12-30,64299.04,True
6,40,2011-12-02,68296.11,False
6,40,2011-12-09,67762.65,False
6,40,2011-12-16,70347.89,False
6,40,2011-12-23,78697.27,False
6,40,2011-12-30,64368.15,True
6,41,2011-12-02,2270.43,False
6,41,2011-12-09,3177.61,False
6,41,2011-12-16,3994.23,False
6,41,2011-12-23,8025.73,False
6,41,2011-12-30,3123.94,True
6,42,2011-12-02,8117.68,False
6,42,2011-12-09,7654.12,False
6,42,2011-12-16,11789.62,False
6,42,2011-12-23,9346.35,False
6,42,2011-12-30,8414.49,True
6,44,2011-12-02,10380.32,False
6,44,2011-12-09,11716.64,False
6,44,2011-12-16,14809.28,False
6,44,2011-12-23,15607.65,False
6,44,2011-12-30,6942.45,True
6,46,2011-12-02,27577.07,False
6,46,2011-12-09,33029.17,False
6,46,2011-12-16,38708.28,False
6,46,2011-12-23,59400.05,False
6,46,2011-12-30,36389.71,True
6,47,2011-12-16,198.0,False
6,47,2011-12-30,-197.0,True
6,48,2011-12-02,4034.0,False
6,48,2011-12-09,1227.0,False
6,48,2011-12-16,4524.98,False
6,48,2011-12-23,6658.0,False
6,48,2011-12-30,3351.99,True
6,49,2011-12-02,10233.41,False
6,49,2011-12-09,10566.33,False
6,49,2011-12-16,8191.72,False
6,49,2011-12-23,10859.31,False
6,49,2011-12-30,11949.14,True
6,52,2011-12-02,6000.72,False
6,52,2011-12-09,5330.13,False
6,52,2011-12-16,6135.56,False
6,52,2011-12-23,5921.7,False
6,52,2011-12-30,3421.86,True
6,54,2011-12-02,309.52,False
6,54,2011-12-09,208.24,False
6,54,2011-12-16,506.12,False
6,54,2011-12-23,474.34,False
6,54,2011-12-30,139.8,True
6,55,2011-12-02,20112.57,False
6,55,2011-12-09,25655.93,False
6,55,2011-12-16,28406.94,False
6,55,2011-12-23,60351.69,False
6,55,2011-12-30,30255.75,True
6,56,2011-12-02,8166.98,False
6,56,2011-12-09,6833.7,False
6,56,2011-12-16,4748.92,False
6,56,2011-12-23,2676.66,False
6,56,2011-12-30,431.35,True
6,58,2011-12-02,5370.0,False
6,58,2011-12-09,6075.0,False
6,58,2011-12-16,2555.0,False
6,58,2011-12-23,4370.0,False
6,58,2011-12-30,3910.0,True
6,59,2011-12-02,1718.16,False
6,59,2011-12-09,2527.6,False
6,59,2011-12-16,4538.35,False
6,59,2011-12-23,9147.08,False
6,59,2011-12-30,5575.53,True
6,60,2011-12-02,448.8,False
6,60,2011-12-09,554.4,False
6,60,2011-12-16,809.6,False
6,60,2011-12-23,598.4,False
6,60,2011-12-30,246.4,True
6,67,2011-12-02,11917.48,False
6,67,2011-12-09,16943.83,False
6,67,2011-12-16,21669.11,False
6,67,2011-12-23,24516.16,False
6,67,2011-12-30,12444.94,True
6,71,2011-12-02,5742.44,False
6,71,2011-12-09,5325.94,False
6,71,2011-12-16,7379.47,False
6,71,2011-12-23,9413.11,False
6,71,2011-12-30,5854.82,True
6,72,2011-12-02,103927.65,False
6,72,2011-12-09,107866.89,False
6,72,2011-12-16,110965.53,False
6,72,2011-12-23,175338.43,False
6,72,2011-12-30,105780.82,True
6,74,2011-12-02,23787.85,False
6,74,2011-12-09,18997.42,False
6,74,2011-12-16,20632.52,False
6,74,2011-12-23,28262.09,False
6,74,2011-12-30,26576.81,True
6,79,2011-12-02,23645.48,False
6,79,2011-12-09,23579.83,False
6,79,2011-12-16,25305.26,False
6,79,2011-12-23,30232.31,False
6,79,2011-12-30,20316.26,True
6,80,2011-12-02,11984.17,False
6,80,2011-12-09,13132.72,False
6,80,2011-12-16,14965.52,False
6,80,2011-12-23,17978.28,False
6,80,2011-12-30,12924.32,True
6,81,2011-12-02,13943.87,False
6,81,2011-12-09,14590.87,False
6,81,2011-12-16,14181.2,False
6,81,2011-12-23,16695.79,False
6,81,2011-12-30,12865.83,True
6,82,2011-12-02,25468.65,False
6,82,2011-12-09,36614.07,False
6,82,2011-12-16,44932.61,False
6,82,2011-12-23,76877.4,False
6,82,2011-12-30,33925.56,True
6,83,2011-12-02,3379.08,False
6,83,2011-12-09,3661.49,False
6,83,2011-12-16,3663.01,False
6,83,2011-12-23,4716.71,False
6,83,2011-12-30,3534.78,True
6,85,2011-12-02,3018.49,False
6,85,2011-12-09,3654.34,False
6,85,2011-12-16,5992.64,False
6,85,2011-12-23,6237.01,False
6,85,2011-12-30,3086.23,True
6,87,2011-12-02,43288.05,False
6,87,2011-12-09,44149.47,False
6,87,2011-12-16,44020.34,False
6,87,2011-12-23,55833.78,False
6,87,2011-12-30,41058.03,True
6,90,2011-12-02,55084.88,False
6,90,2011-12-09,62118.66,False
6,90,2011-12-16,64490.73,False
6,90,2011-12-23,82352.83,False
6,90,2011-12-30,54752.46,True
6,91,2011-12-02,40809.53,False
6,91,2011-12-09,47410.73,False
6,91,2011-12-16,47008.04,False
6,91,2011-12-23,51158.67,False
6,91,2011-12-30,35379.61,True
6,92,2011-12-02,104344.46,False
6,92,2011-12-09,125408.08,False
6,92,2011-12-16,132039.43,False
6,92,2011-12-23,155606.08,False
6,92,2011-12-30,94163.04,True
6,93,2011-12-02,36015.96,False
6,93,2011-12-09,46142.06,False
6,93,2011-12-16,47962.41,False
6,93,2011-12-23,60116.7,False
6,93,2011-12-30,36695.28,True
6,94,2011-12-02,34269.84,False
6,94,2011-12-09,36571.75,False
6,94,2011-12-16,37767.33,False
6,94,2011-12-23,49015.23,False
6,94,2011-12-30,36786.55,True
6,95,2011-12-02,73932.92,False
6,95,2011-12-09,81850.76,False
6,95,2011-12-16,88775.97,False
6,95,2011-12-23,99945.67,False
6,95,2011-12-30,74560.58,True
6,96,2011-12-02,26575.8,False
6,96,2011-12-09,27426.29,False
6,96,2011-12-16,28361.42,False
6,96,2011-12-23,37677.95,False
6,96,2011-12-30,33080.22,True
6,97,2011-12-02,18008.62,False
6,97,2011-12-09,21196.41,False
6,97,2011-12-16,20481.87,False
6,97,2011-12-23,24232.76,False
6,97,2011-12-30,17883.5,True
6,98,2011-12-02,9634.43,False
6,98,2011-12-09,13528.54,False
6,98,2011-12-16,16736.73,False
6,98,2011-12-23,18224.63,False
6,98,2011-12-30,9827.79,True
6,99,2011-12-09,920.0,False
6,99,2011-12-16,2225.0,False
6,99,2011-12-23,3340.0,False
6,99,2011-12-30,700.0,True
7,1,2011-12-02,9611.32,False
7,1,2011-12-09,11930.02,False
7,1,2011-12-16,15884.31,False
7,1,2011-12-23,24797.06,False
7,1,2011-12-30,14835.08,True
7,2,2011-12-02,21329.09,False
7,2,2011-12-09,23144.52,False
7,2,2011-12-16,25653.06,False
7,2,2011-12-23,39099.8,False
7,2,2011-12-30,33039.23,True
7,3,2011-12-02,8892.09,False
7,3,2011-12-09,9766.93,False
7,3,2011-12-16,11508.09,False
7,3,2011-12-23,14724.73,False
7,3,2011-12-30,10384.12,True
7,4,2011-12-02,14811.72,False
7,4,2011-12-09,15576.37,False
7,4,2011-12-16,16176.25,False
7,4,2011-12-23,19495.02,False
7,4,2011-12-30,18677.55,True
7,5,2011-12-02,16649.39,False
7,5,2011-12-09,20316.85,False
7,5,2011-12-16,23124.23,False
7,5,2011-12-23,49926.38,False
7,5,2011-12-30,28763.63,True
7,6,2011-12-02,5160.29,False
7,6,2011-12-09,4538.74,False
7,6,2011-12-16,10294.86,False
7,6,2011-12-23,16120.78,False
7,6,2011-12-30,13668.17,True
7,7,2011-12-02,16103.47,False
7,7,2011-12-09,13717.36,False
7,7,2011-12-16,23804.95,False
7,7,2011-12-23,39846.64,False
7,7,2011-12-30,22492.0,True
7,8,2011-12-02,13941.47,False
7,8,2011-12-09,14933.2,False
7,8,2011-12-16,14254.75,False
7,8,2011-12-23,20838.88,False
7,8,2011-12-30,13261.14,True
7,9,2011-12-02,16314.95,False
7,9,2011-12-09,16184.52,False
7,9,2011-12-16,18055.9,False
7,9,2011-12-23,33853.84,False
7,9,2011-12-30,24507.13,True
7,10,2011-12-02,21816.41,False
7,10,2011-12-09,25640.45,False
7,10,2011-12-16,22237.61,False
7,10,2011-12-23,29406.81,False
7,10,2011-12-30,21495.66,True
7,11,2011-12-02,21911.31,False
7,11,2011-12-09,26956.67,False
7,11,2011-12-16,20852.65,False
7,11,2011-12-23,29762.38,False
7,11,2011-12-30,22586.88,True
7,12,2011-12-02,4787.83,False
7,12,2011-12-09,4602.8,False
7,12,2011-12-16,5451.59,False
7,12,2011-12-23,4064.0,False
7,12,2011-12-30,3082.21,True
7,13,2011-12-02,15325.73,False
7,13,2011-12-09,14804.43,False
7,13,2011-12-16,15796.63,False
7,13,2011-12-23,17661.3,False
7,13,2011-12-30,16929.04,True
7,14,2011-12-02,11517.24,False
7,14,2011-12-09,12528.73,False
7,14,2011-12-16,15092.57,False
7,14,2011-12-23,24681.07,False
7,14,2011-12-30,16670.44,True
7,16,2011-12-02,5384.04,False
7,16,2011-12-09,4923.45,False
7,16,2011-12-16,3552.62,False
7,16,2011-12-23,4398.67,False
7,16,2011-12-30,3444.94,True
7,17,2011-12-02,8404.99,False
7,17,2011-12-09,8986.43,False
7,17,2011-12-16,8362.65,False
7,17,2011-12-23,12421.2,False
7,17,2011-12-30,7104.96,True
7,18,2011-12-02,22495.0,False
7,18,2011-12-09,27133.07,False
7,18,2011-12-16,21007.21,False
7,18,2011-12-23,23231.58,False
7,18,2011-12-30,10865.57,True
7,19,2011-12-02,-6.94,False
7,20,2011-12-02,3148.48,False
7,20,2011-12-09,2783.1,False
7,20,2011-12-16,3337.08,False
7,20,2011-12-23,4564.51,False
7,20,2011-12-30,4108.88,True
7,21,2011-12-02,1343.38,False
7,21,2011-12-09,1734.96,False
7,21,2011-12-16,1806.8,False
7,21,2011-12-23,3888.83,False
7,21,2011-12-30,2838.6,True
7,22,2011-12-02,9106.52,False
7,22,2011-12-09,7350.03,False
7,22,2011-12-16,10184.92,False
7,22,2011-12-23,13288.16,False
7,22,2011-12-30,11374.82,True
7,23,2011-12-02,14750.02,False
7,23,2011-12-09,19929.15,False
7,23,2011-12-16,20716.47,False
7,23,2011-12-23,37454.4,False
7,23,2011-12-30,25906.62,True
7,24,2011-12-02,2877.7,False
7,24,2011-12-09,4733.22,False
7,24,2011-12-16,4764.65,False
7,24,2011-12-23,8200.22,False
7,24,2011-12-30,5399.29,True
7,25,2011-12-02,4948.83,False
7,25,2011-12-09,6180.71,False
7,25,2011-12-16,7575.23,False
7,25,2011-12-23,11849.34,False
7,25,2011-12-30,8954.95,True
7,26,2011-12-02,2470.25,False
7,26,2011-12-09,2596.36,False
7,26,2011-12-16,2482.99,False
7,26,2011-12-23,3801.57,False
7,26,2011-12-30,3214.08,True
7,27,2011-12-02,553.58,False
7,27,2011-12-09,587.02,False
7,27,2011-12-16,707.43,False
7,27,2011-12-23,956.03,False
7,27,2011-12-30,911.67,True
7,28,2011-12-02,263.88,False
7,28,2011-12-09,283.17,False
7,28,2011-12-16,305.84,False
7,28,2011-12-23,338.28,False
7,28,2011-12-30,330.42,True
7,29,2011-12-02,1202.6,False
7,29,2011-12-09,1404.86,False
7,29,2011-12-16,1752.76,False
7,29,2011-12-23,2216.91,False
7,29,2011-12-30,1744.97,True
7,30,2011-12-02,695.32,False
7,30,2011-12-09,667.42,False
7,30,2011-12-16,707.6,False
7,30,2011-12-23,954.82,False
7,30,2011-12-30,1128.58,True
7,31,2011-12-02,1558.42,False
7,31,2011-12-09,2478.36,False
7,31,2011-12-16,3010.52,False
7,31,2011-12-23,5733.87,False
7,31,2011-12-30,4441.74,True
7,32,2011-12-02,5009.19,False
7,32,2011-12-09,7078.35,False
7,32,2011-12-16,9402.85,False
7,32,2011-12-23,19749.41,False
7,32,2011-12-30,14602.44,True
7,33,2011-12-02,2950.59,False
7,33,2011-12-09,3498.57,False
7,33,2011-12-16,4271.53,False
7,33,2011-12-23,7322.08,False
7,33,2011-12-30,4916.16,True
7,34,2011-12-02,3441.6,False
7,34,2011-12-09,3091.29,False
7,34,2011-12-16,3083.45,False
7,34,2011-12-23,4451.27,False
7,34,2011-12-30,4077.15,True
7,35,2011-12-02,250.73,False
7,35,2011-12-09,365.61,False
7,35,2011-12-16,289.88,False
7,35,2011-12-23,230.78,False
7,35,2011-12-30,290.85,True
7,36,2011-12-02,1962.72,False
7,36,2011-12-09,2054.25,False
7,36,2011-12-16,2681.37,False
7,36,2011-12-23,7943.62,False
7,36,2011-12-30,7294.69,True
7,38,2011-12-02,31158.76,False
7,38,2011-12-09,30732.26,False
7,38,2011-12-16,35953.77,False
7,38,2011-12-23,29516.07,False
7,38,2011-12-30,30842.19,True
7,40,2011-12-02,30986.98,False
7,40,2011-12-09,30385.84,False
7,40,2011-12-16,34031.01,False
7,40,2011-12-23,47038.13,False
7,40,2011-12-30,45163.88,True
7,41,2011-12-02,1311.77,False
7,41,2011-12-09,1888.23,False
7,41,2011-12-16,2551.96,False
7,41,2011-12-23,5855.28,False
7,41,2011-12-30,4504.38,True
7,42,2011-12-02,6277.1,False
7,42,2011-12-09,6004.39,False
7,42,2011-12-16,7013.83,False
7,42,2011-12-23,5937.24,False
7,42,2011-12-30,5416.59,True
7,44,2011-12-02,5519.66,False
7,44,2011-12-09,5597.92,False
7,44,2011-12-16,6909.72,False
7,44,2011-12-23,7886.82,False
7,44,2011-12-30,4772.44,True
7,45,2011-12-02,11.94,False
7,45,2011-12-09,11.94,False
7,45,2011-12-16,5.97,False
7,45,2011-12-23,17.91,False
7,45,2011-12-30,21.91,True
7,46,2011-12-02,13039.84,False
7,46,2011-12-09,11762.79,False
7,46,2011-12-16,16603.83,False
7,46,2011-12-23,25053.21,False
7,46,2011-12-30,20922.07,True
7,47,2011-12-02,75.0,False
7,47,2011-12-16,459.0,False
7,47,2011-12-23,15.0,False
7,47,2011-12-30,-459.0,True
7,48,2011-12-02,375.0,False
7,48,2011-12-09,1157.0,False
7,48,2011-12-16,980.0,False
7,48,2011-12-23,1889.0,False
7,48,2011-12-30,1222.0,True
7,49,2011-12-02,35.64,False
7,49,2011-12-09,35.64,False
7,49,2011-12-16,59.4,False
7,49,2011-12-23,56.43,False
7,49,2011-12-30,74.4,True
7,52,2011-12-02,2300.31,False
7,52,2011-12-09,1131.13,False
7,52,2011-12-16,1724.61,False
7,52,2011-12-23,1795.44,False
7,52,2011-12-30,1217.79,True
7,54,2011-12-09,55.8,False
7,54,2011-12-16,115.76,False
7,54,2011-12-23,77.0,False
7,54,2011-12-30,40.0,True
7,55,2011-12-02,8402.43,False
7,55,2011-12-09,9306.03,False
7,55,2011-12-16,11290.98,False
7,55,2011-12-23,26977.37,False
7,55,2011-12-30,15831.48,True
7,56,2011-12-02,3809.54,False
7,56,2011-12-09,4071.52,False
7,56,2011-12-16,1788.17,False
7,56,2011-12-23,391.04,False
7,56,2011-12-30,152.3,True
7,58,2011-12-02,1370.0,False
7,58,2011-12-09,385.0,False
7,58,2011-12-23,605.0,False
7,58,2011-12-30,485.0,True
7,59,2011-12-02,17.16,False
7,59,2011-12-09,38.05,False
7,59,2011-12-16,197.84,False
7,59,2011-12-23,508.96,False
7,59,2011-12-30,207.2,True
7,60,2011-12-02,44.0,False
7,60,2011-12-09,176.0,False
7,60,2011-12-16,158.4,False
7,60,2011-12-23,484.0,False
7,60,2011-12-30,176.0,True
7,67,2011-12-02,3927.84,False
7,67,2011-12-09,5450.76,False
7,67,2011-12-16,7289.77,False
7,67,2011-12-23,10845.88,False
7,67,2011-12-30,6934.45,True
7,71,2011-12-02,2409.71,False
7,71,2011-12-09,3152.1,False
7,71,2011-12-16,2361.64,False
7,71,2011-12-23,3367.67,False
7,71,2011-12-30,2986.23,True
7,72,2011-12-02,49587.52,False
7,72,2011-12-09,55794.67,False
7,72,2011-12-16,58891.21,False
7,72,2011-12-23,113974.64,False
7,72,2011-12-30,82424.2,True
7,74,2011-12-02,11023.96,False
7,74,2011-12-09,10591.36,False
7,74,2011-12-16,11712.07,False
7,74,2011-12-23,13197.58,False
7,74,2011-12-30,12751.7,True
7,77,2011-12-02,100.0,False
7,77,2011-12-23,198.0,False
7,79,2011-12-02,5425.69,False
7,79,2011-12-09,5093.82,False
7,79,2011-12-16,6980.17,False
7,79,2011-12-23,8510.23,False
7,79,2011-12-30,8019.07,True
7,80,2011-12-02,392.02,False
7,80,2011-12-09,538.73,False
7,80,2011-12-16,642.36,False
7,80,2011-12-23,803.19,False
7,80,2011-12-30,756.03,True
7,81,2011-12-02,6671.9,False
7,81,2011-12-09,7628.34,False
7,81,2011-12-16,8061.95,False
7,81,2011-12-23,9939.35,False
7,81,2011-12-30,9394.57,True
7,82,2011-12-02,9266.25,False
7,82,2011-12-09,12011.97,False
7,82,2011-12-16,14564.42,False
7,82,2011-12-23,24220.81,False
7,82,2011-12-30,15455.64,True
7,83,2011-12-02,671.42,False
7,83,2011-12-09,905.64,False
7,83,2011-12-16,766.62,False
7,83,2011-12-23,795.42,False
7,83,2011-12-30,1159.02,True
7,85,2011-12-02,2666.26,False
7,85,2011-12-09,4622.09,False
7,85,2011-12-16,5812.12,False
7,85,2011-12-23,7281.92,False
7,85,2011-12-30,2257.29,True
7,87,2011-12-02,11424.45,False
7,87,2011-12-09,14905.14,False
7,87,2011-12-16,16785.69,False
7,87,2011-12-23,17389.28,False
7,87,2011-12-30,14949.8,True
7,90,2011-12-02,15705.09,False
7,90,2011-12-09,18703.89,False
7,90,2011-12-16,20081.8,False
7,90,2011-12-23,28336.78,False
7,90,2011-12-30,26659.45,True
7,91,2011-12-02,10688.83,False
7,91,2011-12-09,13006.15,False
7,91,2011-12-16,14438.19,False
7,91,2011-12-23,16972.58,False
7,91,2011-12-30,15477.91,True
7,92,2011-12-02,28349.99,False
7,92,2011-12-09,32847.01,False
7,92,2011-12-16,35837.87,False
7,92,2011-12-23,44365.3,False
7,92,2011-12-30,37651.82,True
7,93,2011-12-02,1499.68,False
7,93,2011-12-09,1450.6,False
7,93,2011-12-16,1802.44,False
7,93,2011-12-23,2586.36,False
7,93,2011-12-30,2491.46,True
7,94,2011-12-23,58.94,False
7,94,2011-12-30,10.08,True
7,95,2011-12-02,31107.8,False
7,95,2011-12-09,35042.26,False
7,95,2011-12-16,38547.93,False
7,95,2011-12-23,53510.74,False
7,95,2011-12-30,49749.96,True
7,96,2011-12-02,832.83,False
7,96,2011-12-09,1279.89,False
7,96,2011-12-16,1640.59,False
7,96,2011-12-23,3259.58,False
7,96,2011-12-30,4425.94,True
7,97,2011-12-02,4290.05,False
7,97,2011-12-09,5387.78,False
7,97,2011-12-16,5804.78,False
7,97,2011-12-23,8293.28,False
7,97,2011-12-30,8209.26,True
7,98,2011-12-02,148.25,False
7,98,2011-12-09,192.74,False
7,98,2011-12-16,185.02,False
7,98,2011-12-23,429.6,False
7,98,2011-12-30,217.35,True
8,1,2011-12-02,15608.91,False
8,1,2011-12-09,20676.25,False
8,1,2011-12-16,29046.88,False
8,1,2011-12-23,36655.67,False
8,1,2011-12-30,15959.86,True
8,2,2011-12-02,34548.64,False
8,2,2011-12-09,34310.08,False
8,2,2011-12-16,37331.56,False
8,2,2011-12-23,49718.81,False
8,2,2011-12-30,31176.72,True
8,3,2011-12-02,7322.72,False
8,3,2011-12-09,9147.07,False
8,3,2011-12-16,10558.97,False
8,3,2011-12-23,12434.09,False
8,3,2011-12-30,6430.54,True
8,4,2011-12-02,21295.55,False
8,4,2011-12-09,20210.92,False
8,4,2011-12-16,22317.25,False
8,4,2011-12-23,27724.03,False
8,4,2011-12-30,20446.14,True
8,5,2011-12-02,23538.16,False
8,5,2011-12-09,28699.02,False
8,5,2011-12-16,36870.29,False
8,5,2011-12-23,50734.86,False
8,5,2011-12-30,24990.39,True
8,6,2011-12-02,2314.46,False
8,6,2011-12-09,4760.81,False
8,6,2011-12-16,6686.52,False
8,6,2011-12-23,9949.95,False
8,6,2011-12-30,7765.82,True
8,7,2011-12-02,32851.35,False
8,7,2011-12-09,41113.57,False
8,7,2011-12-16,61954.44,False
8,7,2011-12-23,106506.75,False
8,7,2011-12-30,30160.42,True
8,8,2011-12-02,27182.61,False
8,8,2011-12-09,25410.73,False
8,8,2011-12-16,26045.84,False
8,8,2011-12-23,31797.69,False
8,8,2011-12-30,23872.84,True
8,9,2011-12-02,7962.28,False
8,9,2011-12-09,9994.13,False
8,9,2011-12-16,12796.5,False
8,9,2011-12-23,21320.74,False
8,9,2011-12-30,12061.09,True
8,10,2011-12-02,22312.7,False
8,10,2011-12-09,23770.48,False
8,10,2011-12-16,18574.13,False
8,10,2011-12-23,22812.65,False
8,10,2011-12-30,17898.83,True
8,11,2011-12-02,27757.24,False
8,11,2011-12-09,30694.83,False
8,11,2011-12-16,19485.26,False
8,11,2011-12-23,27353.23,False
8,11,2011-12-30,18757.16,True
8,12,2011-12-02,5554.35,False
8,12,2011-12-09,5673.12,False
8,12,2011-12-16,4588.64,False
8,12,2011-12-23,5142.33,False
8,12,2011-12-30,5083.19,True
8,13,2011-12-02,24209.62,False
8,13,2011-12-09,22460.28,False
8,13,2011-12-16,22309.34,False
8,13,2011-12-23,25399.05,False
8,13,2011-12-30,20190.54,True
8,14,2011-12-02,14184.72,False
8,14,2011-12-09,16252.56,False
8,14,2011-12-16,20681.86,False
8,14,2011-12-23,34711.08,False
8,14,2011-12-30,16469.39,True
8,16,2011-12-02,2212.85,False
8,16,2011-12-09,2549.88,False
8,16,2011-12-16,2016.39,False
8,16,2011-12-23,4129.84,False
8,16,2011-12-30,2535.7,True
8,17,2011-12-02,8683.46,False
8,17,2011-12-09,8722.73,False
8,17,2011-12-16,10517.12,False
8,17,2011-12-23,14357.47,False
8,17,2011-12-30,9774.0,True
8,18,2011-12-02,43444.45,False
8,18,2011-12-09,31940.82,False
8,18,2011-12-16,26217.35,False
8,18,2011-12-23,26801.45,False
8,18,2011-12-30,16032.12,True
8,19,2011-12-02,820.77,False
8,19,2011-12-09,802.46,False
8,19,2011-12-16,809.02,False
8,19,2011-12-23,992.59,False
8,19,2011-12-30,457.89,True
8,20,2011-12-02,3171.4,False
8,20,2011-12-09,3935.87,False
8,20,2011-12-16,3231.4,False
8,20,2011-12-23,5107.41,False
8,20,2011-12-30,4388.32,True
8,21,2011-12-02,4821.97,False
8,21,2011-12-09,4355.46,False
8,21,2011-12-16,5548.38,False
8,21,2011-12-23,7249.09,False
8,21,2011-12-30,3620.92,True
8,22,2011-12-02,8154.61,False
8,22,2011-12-09,9107.88,False
8,22,2011-12-16,10538.3,False
8,22,2011-12-23,13464.67,False
8,22,2011-12-30,6287.0,True
8,23,2011-12-02,22225.37,False
8,23,2011-12-09,24325.27,False
8,23,2011-12-16,24582.5,False
8,23,2011-12-23,42152.16,False
8,23,2011-12-30,16340.98,True
8,24,2011-12-02,5681.37,False
8,24,2011-12-09,7544.91,False
8,24,2011-12-16,8848.57,False
8,24,2011-12-23,11138.16,False
8,24,2011-12-30,3295.41,True
8,25,2011-12-02,6888.71,False
8,25,2011-12-09,9251.97,False
8,25,2011-12-16,9136.3,False
8,25,2011-12-23,11354.67,False
8,25,2011-12-30,6659.92,True
8,26,2011-12-02,6837.98,False
8,26,2011-12-09,6783.27,False
8,26,2011-12-16,8523.29,False
8,26,2011-12-23,12938.49,False
8,26,2011-12-30,4089.6,True
8,27,2011-12-02,1553.98,False
8,27,2011-12-09,1568.22,False
8,27,2011-12-16,2141.24,False
8,27,2011-12-23,3235.8,False
8,27,2011-12-30,1266.4,True
8,28,2011-12-02,312.86,False
8,28,2011-12-09,370.07,False
8,28,2011-12-16,295.3,False
8,28,2011-12-23,408.02,False
8,28,2011-12-30,248.42,True
8,29,2011-12-02,2884.32,False
8,29,2011-12-09,3747.41,False
8,29,2011-12-16,3941.89,False
8,29,2011-12-23,5920.73,False
8,29,2011-12-30,2855.06,True
8,30,2011-12-02,1596.08,False
8,30,2011-12-09,2108.35,False
8,30,2011-12-16,1822.12,False
8,30,2011-12-23,2428.92,False
8,30,2011-12-30,1614.1,True
8,31,2011-12-02,2591.05,False
8,31,2011-12-09,3595.46,False
8,31,2011-12-16,2891.4,False
8,31,2011-12-23,4459.52,False
8,31,2011-12-30,1696.51,True
8,32,2011-12-02,6322.67,False
8,32,2011-12-09,8303.43,False
8,32,2011-12-16,13228.11,False
8,32,2011-12-23,24739.07,False
8,32,2011-12-30,10006.98,True
8,33,2011-12-02,5895.67,False
8,33,2011-12-09,8220.88,False
8,33,2011-12-16,8504.66,False
8,33,2011-12-23,12565.34,False
8,33,2011-12-30,3568.0,True
8,34,2011-12-02,7784.69,False
8,34,2011-12-09,8860.26,False
8,34,2011-12-16,7712.23,False
8,34,2011-12-23,11688.05,False
8,34,2011-12-30,6013.93,True
8,35,2011-12-02,1725.3,False
8,35,2011-12-09,1439.04,False
8,35,2011-12-16,1596.36,False
8,35,2011-12-23,3164.93,False
8,35,2011-12-30,1337.25,True
8,36,2011-12-02,1670.71,False
8,36,2011-12-09,2470.67,False
8,36,2011-12-16,1898.77,False
8,36,2011-12-23,2936.11,False
8,36,2011-12-30,909.98,True
8,37,2011-12-02,2352.33,False
8,37,2011-12-09,1913.79,False
8,37,2011-12-16,1812.48,False
8,37,2011-12-23,2486.87,False
8,37,2011-12-30,2004.02,True
8,38,2011-12-02,73651.15,False
8,38,2011-12-09,65423.13,False
8,38,2011-12-16,60880.06,False
8,38,2011-12-23,52696.01,False
8,38,2011-12-30,48522.45,True
8,40,2011-12-02,40298.9,False
8,40,2011-12-09,38454.5,False
8,40,2011-12-16,38921.46,False
8,40,2011-12-23,41653.53,False
8,40,2011-12-30,32682.85,True
8,41,2011-12-02,1735.4,False
8,41,2011-12-09,1633.17,False
8,41,2011-12-16,1861.61,False
8,41,2011-12-23,3606.03,False
8,41,2011-12-30,1094.7,True
8,42,2011-12-02,4367.04,False
8,42,2011-12-09,4421.87,False
8,42,2011-12-16,4733.36,False
8,42,2011-12-23,5526.32,False
8,42,2011-12-30,4451.72,True
8,44,2011-12-02,4772.44,False
8,44,2011-12-09,6540.96,False
8,44,2011-12-16,6645.15,False
8,44,2011-12-23,8549.59,False
8,44,2011-12-30,3288.31,True
8,45,2011-12-30,9.97,True
8,46,2011-12-02,19607.76,False
8,46,2011-12-09,21632.1,False
8,46,2011-12-16,25690.16,False
8,46,2011-12-23,39252.25,False
8,46,2011-12-30,24492.77,True
8,49,2011-12-02,1397.95,False
8,49,2011-12-09,1488.4,False
8,49,2011-12-16,1237.43,False
8,49,2011-12-23,1639.03,False
8,49,2011-12-30,1479.86,True
8,52,2011-12-02,2617.29,False
8,52,2011-12-09,3025.66,False
8,52,2011-12-16,2828.73,False
8,52,2011-12-23,2797.4,False
8,52,2011-12-30,1588.02,True
8,54,2011-12-02,24.24,False
8,54,2011-12-09,-26.0,False
8,54,2011-12-16,66.8,False
8,54,2011-12-23,137.92,False
8,55,2011-12-02,9232.06,False
8,55,2011-12-09,10430.07,False
8,55,2011-12-16,12607.99,False
8,55,2011-12-23,21490.51,False
8,55,2011-12-30,13526.47,True
8,56,2011-12-02,1506.35,False
8,56,2011-12-09,1059.04,False
8,56,2011-12-16,1318.09,False
8,56,2011-12-23,420.68,False
8,56,2011-12-30,370.89,True
8,58,2011-12-02,460.0,False
8,58,2011-12-09,2290.0,False
8,58,2011-12-16,925.0,False
8,58,2011-12-23,1370.0,False
8,58,2011-12-30,970.0,True
8,59,2011-12-02,897.75,False
8,59,2011-12-09,1394.98,False
8,59,2011-12-16,2256.88,False
8,59,2011-12-23,4272.61,False
8,59,2011-12-30,1522.32,True
8,60,2011-12-02,237.6,False
8,60,2011-12-09,220.0,False
8,60,2011-12-16,369.6,False
8,60,2011-12-23,413.6,False
8,60,2011-12-30,272.8,True
8,67,2011-12-02,3862.51,False
8,67,2011-12-09,5183.55,False
8,67,2011-12-16,8476.09,False
8,67,2011-12-23,13383.6,False
8,67,2011-12-30,5050.32,True
8,71,2011-12-02,963.14,False
8,71,2011-12-09,1600.97,False
8,71,2011-12-16,1596.12,False
8,71,2011-12-23,2624.63,False
8,71,2011-12-30,2094.28,True
8,72,2011-12-02,43176.93,False
8,72,2011-12-09,51788.96,False
8,72,2011-12-16,47326.1,False
8,72,2011-12-23,94300.65,False
8,72,2011-12-30,41754.14,True
8,74,2011-12-02,10548.91,False
8,74,2011-12-09,7983.87,False
8,74,2011-12-16,9672.96,False
8,74,2011-12-23,12275.29,False
8,74,2011-12-30,12188.68,True
8,77,2011-12-02,159.0,False
8,77,2011-12-09,363.0,False
8,79,2011-12-02,24596.23,False
8,79,2011-12-09,21065.46,False
8,79,2011-12-16,21225.78,False
8,79,2011-12-23,22688.45,False
8,79,2011-12-30,17403.81,True
8,80,2011-12-02,9774.62,False
8,80,2011-12-09,10390.36,False
8,80,2011-12-16,10606.92,False
8,80,2011-12-23,11990.43,False
8,80,2011-12-30,8578.16,True
8,81,2011-12-02,12590.12,False
8,81,2011-12-09,12379.75,False
8,81,2011-12-16,12810.68,False
8,81,2011-12-23,13436.09,False
8,81,2011-12-30,10265.59,True
8,82,2011-12-02,15823.19,False
8,82,2011-12-09,19208.3,False
8,82,2011-12-16,29024.47,False
8,82,2011-12-23,49338.4,False
8,82,2011-12-30,22746.26,True
8,83,2011-12-02,2086.75,False
8,83,2011-12-09,2906.44,False
8,83,2011-12-16,2893.49,False
8,83,2011-12-23,2786.24,False
8,83,2011-12-30,2159.02,True
8,85,2011-12-02,2541.38,False
8,85,2011-12-09,3332.56,False
8,85,2011-12-16,4369.53,False
8,85,2011-12-23,6232.03,False
8,85,2011-12-30,2489.7,True
8,87,2011-12-02,22471.95,False
8,87,2011-12-09,22659.42,False
8,87,2011-12-16,22476.1,False
8,87,2011-12-23,26998.9,False
8,87,2011-12-30,19429.32,True
8,90,2011-12-02,43716.29,False
8,90,2011-12-09,44902.67,False
8,90,2011-12-16,46907.65,False
8,90,2011-12-23,54111.86,False
8,90,2011-12-30,37298.37,True
8,91,2011-12-02,29309.31,False
8,91,2011-12-09,32180.83,False
8,91,2011-12-16,32790.01,False
8,91,2011-12-23,29739.04,False
8,91,2011-12-30,22314.68,True
8,92,2011-12-02,62693.27,False
8,92,2011-12-09,73398.07,False
8,92,2011-12-16,75290.77,False
8,92,2011-12-23,90573.29,False
8,92,2011-12-30,53727.65,True
8,93,2011-12-02,27283.9,False
8,93,2011-12-09,32132.66,False
8,93,2011-12-16,31654.61,False
8,93,2011-12-23,35512.55,False
8,93,2011-12-30,22788.0,True
8,94,2011-12-02,21336.25,False
8,94,2011-12-09,22544.76,False
8,94,2011-12-16,23969.96,False
8,94,2011-12-23,28379.21,False
8,94,2011-12-30,19045.75,True
8,95,2011-12-02,55506.48,False
8,95,2011-12-09,57747.52,False
8,95,2011-12-16,60564.45,False
8,95,2011-12-23,64858.39,False
8,95,2011-12-30,49238.41,True
8,97,2011-12-02,15606.62,False
8,97,2011-12-09,17463.03,False
8,97,2011-12-16,18203.28,False
8,97,2011-12-23,19262.01,False
8,97,2011-12-30,13401.91,True
8,98,2011-12-02,7472.77,False
8,98,2011-12-09,9325.94,False
8,98,2011-12-16,10821.99,False
8,98,2011-12-23,12337.22,False
8,98,2011-12-30,5759.6,True
8,99,2011-12-09,285.0,False
8,99,2011-12-16,2080.0,False
8,99,2011-12-23,1620.0,False
8,99,2011-12-30,300.0,True
9,1,2011-12-02,13268.53,False
9,1,2011-12-09,16352.35,False
9,1,2011-12-16,21614.53,False
9,1,2011-12-23,26975.98,False
9,1,2011-12-30,11010.41,True
9,2,2011-12-02,23407.43,False
9,2,2011-12-09,25302.33,False
9,2,2011-12-16,31258.59,False
9,2,2011-12-23,34028.54,False
9,2,2011-12-30,23048.39,True
9,3,2011-12-02,7391.57,False
9,3,2011-12-09,6186.44,False
9,3,2011-12-16,8440.7,False
9,3,2011-12-23,8351.74,False
9,3,2011-12-30,6531.27,True
9,4,2011-12-02,18130.03,False
9,4,2011-12-09,16763.1,False
9,4,2011-12-16,17765.12,False
9,4,2011-12-23,20918.69,False
9,4,2011-12-30,17087.65,True
9,5,2011-12-02,22469.95,False
9,5,2011-12-09,27604.68,False
9,5,2011-12-16,35916.15,False
9,5,2011-12-23,48433.9,False
9,5,2011-12-30,26060.74,True
9,6,2011-12-02,3327.95,False
9,6,2011-12-09,2314.0,False
9,6,2011-12-16,4554.04,False
9,6,2011-12-23,9529.12,False
9,6,2011-12-30,3600.74,True
9,7,2011-12-02,22357.11,False
9,7,2011-12-09,29142.79,False
9,7,2011-12-16,40401.1,False
9,7,2011-12-23,68173.49,False
9,7,2011-12-30,23117.18,True
9,8,2011-12-02,22121.82,False
9,8,2011-12-09,22902.27,False
9,8,2011-12-16,21424.32,False
9,8,2011-12-23,25808.39,False
9,8,2011-12-30,20655.79,True
9,9,2011-12-02,12922.64,False
9,9,2011-12-09,13120.59,False
9,9,2011-12-16,16801.71,False
9,9,2011-12-23,21612.21,False
9,9,2011-12-30,14149.88,True
9,10,2011-12-02,12093.47,False
9,10,2011-12-09,13564.69,False
9,10,2011-12-16,11813.62,False
9,10,2011-12-23,15815.35,False
9,10,2011-12-30,11048.48,True
9,11,2011-12-02,19871.24,False
9,11,2011-12-09,21264.15,False
9,11,2011-12-16,15990.55,False
9,11,2011-12-23,22365.95,False
9,11,2011-12-30,14128.37,True
9,12,2011-12-02,5021.09,False
9,12,2011-12-09,4684.38,False
9,12,2011-12-16,4044.4,False
9,12,2011-12-23,4441.13,False
9,12,2011-12-30,4154.53,True
9,13,2011-12-02,21731.23,False
9,13,2011-12-09,19767.38,False
9,13,2011-12-16,19164.49,False
9,13,2011-12-23,21395.31,False
9,13,2011-12-30,18841.63,True
9,14,2011-12-02,9217.87,False
9,14,2011-12-09,13736.99,False
9,14,2011-12-16,15633.38,False
9,14,2011-12-23,26349.77,False
9,14,2011-12-30,11663.31,True
9,16,2011-12-02,1413.83,False
9,16,2011-12-09,2250.85,False
9,16,2011-12-16,1729.03,False
9,16,2011-12-23,3840.67,False
9,16,2011-12-30,1886.49,True
9,17,2011-12-02,5941.14,False
9,17,2011-12-09,6364.27,False
9,17,2011-12-16,6193.32,False
9,17,2011-12-23,10112.59,False
9,17,2011-12-30,6009.52,True
9,18,2011-12-02,23075.98,False
9,18,2011-12-09,18631.08,False
9,18,2011-12-16,12070.15,False
9,18,2011-12-23,11136.37,False
9,18,2011-12-30,4381.17,True
9,19,2011-12-02,2111.6,False
9,19,2011-12-09,1824.31,False
9,19,2011-12-16,1768.9,False
9,19,2011-12-23,2218.23,False
9,19,2011-12-30,888.65,True
9,20,2011-12-02,2257.92,False
9,20,2011-12-09,1637.69,False
9,20,2011-12-16,2757.31,False
9,20,2011-12-23,2654.06,False
9,20,2011-12-30,2685.25,True
9,21,2011-12-02,3739.66,False
9,21,2011-12-09,3841.73,False
9,21,2011-12-16,5154.83,False
9,21,2011-12-23,5860.59,False
9,21,2011-12-30,3272.33,True
9,22,2011-12-02,6560.96,False
9,22,2011-12-09,7341.83,False
9,22,2011-12-16,7243.77,False
9,22,2011-12-23,11203.12,False
9,22,2011-12-30,5250.78,True
9,23,2011-12-02,16735.33,False
9,23,2011-12-09,17418.01,False
9,23,2011-12-16,16742.51,False
9,23,2011-12-23,27471.53,False
9,23,2011-12-30,11036.03,True
9,24,2011-12-02,4187.43,False
9,24,2011-12-09,5037.05,False
9,24,2011-12-16,5001.81,False
9,24,2011-12-23,6588.44,False
9,24,2011-12-30,2435.71,True
9,25,2011-12-02,5508.13,False
9,25,2011-12-09,7031.75,False
9,25,2011-12-16,6304.11,False
9,25,2011-12-23,8661.41,False
9,25,2011-12-30,4151.81,True
9,26,2011-12-02,4536.84,False
9,26,2011-12-09,5056.56,False
9,26,2011-12-16,5511.82,False
9,26,2011-12-23,6664.57,False
9,26,2011-12-30,2936.09,True
9,27,2011-12-02,1157.57,False
9,27,2011-12-09,1378.83,False
9,27,2011-12-16,2059.29,False
9,27,2011-12-23,2773.33,False
9,27,2011-12-30,1041.68,True
9,28,2011-12-02,196.37,False
9,28,2011-12-09,226.19,False
9,28,2011-12-16,244.31,False
9,28,2011-12-23,362.44,False
9,28,2011-12-30,199.73,True
9,29,2011-12-02,3102.54,False
9,29,2011-12-09,2279.26,False
9,29,2011-12-16,3213.33,False
9,29,2011-12-23,4486.72,False
9,29,2011-12-30,2383.27,True
9,30,2011-12-02,1169.43,False
9,30,2011-12-09,1157.41,False
9,30,2011-12-16,1221.68,False
9,30,2011-12-23,1576.78,False
9,30,2011-12-30,1387.02,True
9,31,2011-12-02,1639.12,False
9,31,2011-12-09,2514.13,False
9,31,2011-12-16,1627.86,False
9,31,2011-12-23,2520.48,False
9,31,2011-12-30,1201.39,True
9,32,2011-12-02,4969.45,False
9,32,2011-12-09,6942.45,False
9,32,2011-12-16,9840.99,False
9,32,2011-12-23,20895.3,False
9,32,2011-12-30,8822.86,True
9,33,2011-12-02,3849.68,False
9,33,2011-12-09,3870.5,False
9,33,2011-12-16,4491.7,False
9,33,2011-12-23,5800.79,False
9,33,2011-12-30,2029.49,True
9,34,2011-12-02,6402.78,False
9,34,2011-12-09,5924.05,False
9,34,2011-12-16,6225.43,False
9,34,2011-12-23,8499.37,False
9,34,2011-12-30,4529.04,True
9,35,2011-12-02,1481.39,False
9,35,2011-12-09,1362.04,False
9,35,2011-12-16,1154.08,False
9,35,2011-12-23,1528.52,False
9,35,2011-12-30,980.56,True
9,36,2011-12-02,1275.68,False
9,36,2011-12-09,1069.74,False
9,36,2011-12-16,949.19,False
9,36,2011-12-23,1265.14,False
9,36,2011-12-30,381.19,True
9,38,2011-12-02,85603.76,False
9,38,2011-12-09,78792.48,False
9,38,2011-12-16,95878.91,False
9,38,2011-12-23,77319.29,False
9,38,2011-12-30,61215.18,True
9,40,2011-12-02,32745.89,False
9,40,2011-12-09,28154.51,False
9,40,2011-12-16,27901.88,False
9,40,2011-12-23,30673.07,False
9,40,2011-12-30,27448.91,True
9,41,2011-12-02,1464.26,False
9,41,2011-12-09,1944.58,False
9,41,2011-12-16,2253.79,False
9,41,2011-12-23,2791.37,False
9,41,2011-12-30,1193.32,True
9,42,2011-12-02,2200.83,False
9,42,2011-12-09,2188.74,False
9,42,2011-12-16,3837.04,False
9,42,2011-12-23,2752.19,False
9,42,2011-12-30,1946.36,True
9,44,2011-12-02,5267.3,False
9,44,2011-12-09,5690.46,False
9,44,2011-12-16,5837.64,False
9,44,2011-12-23,6929.1,False
9,44,2011-12-30,3460.14,True
9,45,2011-12-23,11.97,False
9,46,2011-12-02,8506.65,False
9,46,2011-12-09,8743.01,False
9,46,2011-12-16,10312.93,False
9,46,2011-12-23,16470.63,False
9,46,2011-12-30,9104.93,True
9,48,2011-12-02,950.0,False
9,48,2011-12-09,681.0,False
9,48,2011-12-16,908.0,False
9,48,2011-12-23,2668.0,False
9,48,2011-12-30,1174.0,True
9,49,2011-12-02,47.52,False
9,49,2011-12-09,17.82,False
9,49,2011-12-16,62.37,False
9,49,2011-12-23,68.31,False
9,49,2011-12-30,23.76,True
9,52,2011-12-02,2481.42,False
9,52,2011-12-09,2488.52,False
9,52,2011-12-16,2925.75,False
9,52,2011-12-23,3490.13,False
9,52,2011-12-30,1571.81,True
9,54,2011-12-09,-60.0,False
9,54,2011-12-23,15.88,False
9,54,2011-12-30,24.24,True
9,55,2011-12-02,10672.32,False
9,55,2011-12-09,7924.57,False
9,55,2011-12-16,13858.74,False
9,55,2011-12-23,25440.98,False
9,55,2011-12-30,17351.1,True
9,56,2011-12-02,1106.01,False
9,56,2011-12-09,866.17,False
9,56,2011-12-16,439.29,False
9,56,2011-12-23,59.0,False
9,56,2011-12-30,4.0,True
9,59,2011-12-02,280.2,False
9,59,2011-12-09,617.47,False
9,59,2011-12-16,1150.0,False
9,59,2011-12-23,1110.0,False
9,59,2011-12-30,492.5,True
9,60,2011-12-02,114.4,False
9,60,2011-12-09,96.8,False
9,60,2011-12-16,246.4,False
9,60,2011-12-23,88.0,False
9,60,2011-12-30,35.2,True
9,67,2011-12-02,2784.58,False
9,67,2011-12-09,3509.61,False
9,67,2011-12-16,6701.77,False
9,67,2011-12-23,9768.45,False
9,67,2011-12-30,4423.66,True
9,71,2011-12-02,1583.43,False
9,71,2011-12-09,1161.87,False
9,71,2011-12-16,1151.92,False
9,71,2011-12-23,2204.75,False
9,71,2011-12-30,1159.79,True
9,72,2011-12-02,37700.06,False
9,72,2011-12-09,44638.06,False
9,72,2011-12-16,54095.39,False
9,72,2011-12-23,82352.55,False
9,72,2011-12-30,43811.66,True
9,74,2011-12-02,6862.1,False
9,74,2011-12-09,5819.11,False
9,74,2011-12-16,6670.37,False
9,74,2011-12-23,9346.08,False
9,74,2011-12-30,8699.61,True
9,77,2011-12-02,159.0,False
9,79,2011-12-02,12079.83,False
9,79,2011-12-09,11037.71,False
9,79,2011-12-16,11449.33,False
9,79,2011-12-23,14962.72,False
9,79,2011-12-30,12311.57,True
9,80,2011-12-02,5.0,False
9,81,2011-12-02,2540.84,False
9,81,2011-12-09,2447.84,False
9,81,2011-12-16,2504.96,False
9,81,2011-12-23,2878.07,False
9,81,2011-12-30,1970.26,True
9,82,2011-12-02,11611.88,False
9,82,2011-12-09,12960.29,False
9,82,2011-12-16,19493.74,False
9,82,2011-12-23,30778.12,False
9,82,2011-12-30,17617.64,True
9,85,2011-12-02,607.29,False
9,85,2011-12-09,876.1,False
9,85,2011-12-16,110.56,False
9,85,2011-12-23,1630.01,False
9,85,2011-12-30,1257.46,True
9,87,2011-12-02,18813.92,False
9,87,2011-12-09,16388.76,False
9,87,2011-12-16,16331.5,False
9,87,2011-12-23,18972.23,False
9,87,2011-12-30,15232.43,True
9,90,2011-12-02,4004.61,False
9,90,2011-12-09,3370.47,False
9,90,2011-12-16,3451.31,False
9,90,2011-12-23,3621.06,False
9,90,2011-12-30,3417.0,True
9,91,2011-12-02,553.13,False
9,91,2011-12-09,912.73,False
9,91,2011-12-16,828.44,False
9,91,2011-12-23,861.96,False
9,91,2011-12-30,825.75,True
9,92,2011-12-02,18521.65,False
9,92,2011-12-09,19339.85,False
9,92,2011-12-16,19987.01,False
9,92,2011-12-23,23780.19,False
9,92,2011-12-30,13518.31,True
9,94,2011-12-02,54.8,False
9,94,2011-12-09,107.18,False
9,94,2011-12-16,195.44,False
9,94,2011-12-23,146.58,False
9,94,2011-12-30,72.96,True
9,95,2011-12-02,26265.63,False
9,95,2011-12-09,30582.69,False
9,95,2011-12-16,27941.45,False
9,95,2011-12-23,29450.24,False
9,95,2011-12-30,22421.95,True
9,96,2011-12-02,2827.39,False
9,96,2011-12-09,3087.24,False
9,96,2011-12-16,2637.17,False
9,96,2011-12-23,4338.23,False
9,96,2011-12-30,5014.43,True
9,98,2011-12-02,54.75,False
9,98,2011-12-09,75.77,False
9,98,2011-12-16,66.75,False
9,98,2011-12-23,25.5,False
10,1,2011-12-02,48269.3,False
10,1,2011-12-09,72970.2,False
10,1,2011-12-16,100775.8,False
10,1,2011-12-23,134217.74,False
10,1,2011-12-30,52228.86,True
10,2,2011-12-02,99976.34,False
10,2,2011-12-09,108381.44,False
10,2,2011-12-16,118020.38,False
10,2,2011-12-23,151090.5,False
10,2,2011-12-30,92906.57,True
10,3,2011-12-02,23448.36,False
10,3,2011-12-09,27897.79,False
10,3,2011-12-16,29710.87,False
10,3,2011-12-23,37522.67,False
10,3,2011-12-30,21755.12,True
10,4,2011-12-02,49430.51,False
10,4,2011-12-09,51005.93,False
10,4,2011-12-16,47569.05,False
10,4,2011-12-23,50553.65,False
10,4,2011-12-30,45106.92,True
10,5,2011-12-02,72171.56,False
10,5,2011-12-09,103116.73,False
10,5,2011-12-16,112787.47,False
10,5,2011-12-23,177554.72,False
10,5,2011-12-30,67301.64,True
10,6,2011-12-02,8787.0,False
10,6,2011-12-09,16375.13,False
10,6,2011-12-16,23035.33,False
10,6,2011-12-23,30074.88,False
10,6,2011-12-30,15532.25,True
10,7,2011-12-02,111785.36,False
10,7,2011-12-09,152008.66,False
10,7,2011-12-16,205407.14,False
10,7,2011-12-23,341308.0,False
10,7,2011-12-30,90747.31,True
10,8,2011-12-02,89266.03,False
10,8,2011-12-09,95991.22,False
10,8,2011-12-16,90356.98,False
10,8,2011-12-23,103627.76,False
10,8,2011-12-30,79407.94,True
10,9,2011-12-02,45336.74,False
10,9,2011-12-09,56399.65,False
10,9,2011-12-16,66949.72,False
10,9,2011-12-23,101480.42,False
10,9,2011-12-30,63205.68,True
10,10,2011-12-02,45379.24,False
10,10,2011-12-09,49632.74,False
10,10,2011-12-16,47968.61,False
10,10,2011-12-23,56872.5,False
10,10,2011-12-30,42639.5,True
10,11,2011-12-02,36132.43,False
10,11,2011-12-09,55009.94,False
10,11,2011-12-16,39299.0,False
10,11,2011-12-23,43561.45,False
10,11,2011-12-30,30473.66,True
10,12,2011-12-02,7568.76,False
10,12,2011-12-09,7521.12,False
10,12,2011-12-16,6442.82,False
10,12,2011-12-23,6900.53,False
10,12,2011-12-30,5876.51,True
10,13,2011-12-02,57279.84,False
10,13,2011-12-09,57772.3,False
10,13,2011-12-16,54140.69,False
10,13,2011-12-23,57018.15,False
10,13,2011-12-30,53864.29,True
10,14,2011-12-02,45902.66,False
10,14,2011-12-09,60730.94,False
10,14,2011-12-16,65735.87,False
10,14,2011-12-23,102776.81,False
10,14,2011-12-30,50796.31,True
10,16,2011-12-02,7012.67,False
10,16,2011-12-09,6759.39,False
10,16,2011-12-16,6265.59,False
10,16,2011-12-23,8036.62,False
10,16,2011-12-30,6957.64,True
10,17,2011-12-02,29583.62,False
10,17,2011-12-09,32062.91,False
10,17,2011-12-16,34931.7,False
10,17,2011-12-23,49263.7,False
10,17,2011-12-30,29468.82,True
10,18,2011-12-02,102091.51,False
10,18,2011-12-09,116686.16,False
10,18,2011-12-16,97906.29,False
10,18,2011-12-23,74684.33,False
10,18,2011-12-30,54360.93,True
10,19,2011-12-02,2973.74,False
10,19,2011-12-09,3734.78,False
10,19,2011-12-16,3305.56,False
10,19,2011-12-23,3357.49,False
10,19,2011-12-30,2045.87,True
10,20,2011-12-02,12982.45,False
10,20,2011-12-09,13418.18,False
10,20,2011-12-16,14617.41,False
10,20,2011-12-23,18291.07,False
10,20,2011-12-30,14048.55,True
10,21,2011-12-02,9748.78,False
10,21,2011-12-09,12466.98,False
10,21,2011-12-16,14244.43,False
10,21,2011-12-23,20989.48,False
10,21,2011-12-30,9257.82,True
10,22,2011-12-02,27992.68,False
10,22,2011-12-09,37121.73,False
10,22,2011-12-16,35059.43,False
10,22,2011-12-23,49419.38,False
10,22,2011-12-30,27219.98,True
10,23,2011-12-02,74121.63,False
10,23,2011-12-09,102302.18,False
10,23,2011-12-16,107744.32,False
10,23,2011-12-23,165214.36,False
10,23,2011-12-30,70387.28,True
10,24,2011-12-02,19419.34,False
10,24,2011-12-09,29103.52,False
10,24,2011-12-16,29852.48,False
10,24,2011-12-23,40094.14,False
10,24,2011-12-30,12500.93,True
10,25,2011-12-02,20116.85,False
10,25,2011-12-09,26380.88,False
10,25,2011-12-16,28176.86,False
10,25,2011-12-23,36739.94,False
10,25,2011-12-30,19430.38,True
10,26,2011-12-02,20664.91,False
10,26,2011-12-09,26056.05,False
10,26,2011-12-16,25382.87,False
10,26,2011-12-23,34138.03,False
10,26,2011-12-30,10739.77,True
10,27,2011-12-02,5919.29,False
10,27,2011-12-09,7778.28,False
10,27,2011-12-16,9377.44,False
10,27,2011-12-23,13078.92,False
10,27,2011-12-30,5493.55,True
10,28,2011-12-02,1824.24,False
10,28,2011-12-09,2586.18,False
10,28,2011-12-16,2500.88,False
10,28,2011-12-23,3065.03,False
10,28,2011-12-30,2276.91,True
10,29,2011-12-02,18311.64,False
10,29,2011-12-09,23816.51,False
10,29,2011-12-16,23696.45,False
10,29,2011-12-23,34922.64,False
10,29,2011-12-30,17441.17,True
10,30,2011-12-02,9487.98,False
10,30,2011-12-09,10085.67,False
10,30,2011-12-16,9836.4,False
10,30,2011-12-23,13862.2,False
10,30,2011-12-30,9572.94,True
10,31,2011-12-02,5649.92,False
10,31,2011-12-09,9465.85,False
10,31,2011-12-16,11300.76,False
10,31,2011-12-23,12403.99,False
10,31,2011-12-30,5136.66,True
10,32,2011-12-02,25005.01,False
10,32,2011-12-09,25316.2,False
10,32,2011-12-16,42518.31,False
10,32,2011-12-23,79217.46,False
10,32,2011-12-30,33165.45,True
10,33,2011-12-02,18641.73,False
10,33,2011-12-09,28949.52,False
10,33,2011-12-16,30778.86,False
10,33,2011-12-23,45669.93,False
10,33,2011-12-30,13429.28,True
10,34,2011-12-02,46117.94,False
10,34,2011-12-09,58205.95,False
10,34,2011-12-16,53715.95,False
10,34,2011-12-23,68581.84,False
10,34,2011-12-30,36660.61,True
10,35,2011-12-02,9009.81,False
10,35,2011-12-09,12280.6,False
10,35,2011-12-16,10960.83,False
10,35,2011-12-23,13625.97,False
10,35,2011-12-30,9552.88,True
10,36,2011-12-02,2450.36,False
10,36,2011-12-09,3681.5,False
10,36,2011-12-16,2914.06,False
10,36,2011-12-23,3578.54,False
10,36,2011-12-30,686.1,True
10,37,2011-12-02,3795.33,False
10,37,2011-12-09,4156.94,False
10,37,2011-12-16,4228.46,False
10,37,2011-12-23,3457.36,False
10,37,2011-12-30,3678.36,True
10,38,2011-12-02,107679.77,False
10,38,2011-12-09,108102.96,False
10,38,2011-12-16,86424.75,False
10,38,2011-12-23,94980.82,False
10,38,2011-12-30,87175.05,True
10,40,2011-12-02,100044.69,False
10,40,2011-12-09,101623.23,False
10,40,2011-12-16,100175.96,False
10,40,2011-12-23,105179.65,False
10,40,2011-12-30,89567.37,True
10,41,2011-12-02,20007.97,False
10,41,2011-12-09,24417.88,False
10,41,2011-12-16,26932.01,False
10,41,2011-12-23,42808.15,False
10,41,2011-12-30,11356.42,True
10,42,2011-12-02,11281.17,False
10,42,2011-12-09,10753.91,False
10,42,2011-12-16,11000.68,False
10,42,2011-12-23,10795.89,False
10,42,2011-12-30,11075.93,True
10,44,2011-12-02,12276.94,False
10,44,2011-12-09,13442.91,False
10,44,2011-12-16,15240.84,False
10,44,2011-12-23,16440.04,False
10,44,2011-12-30,8597.55,True
10,45,2011-12-02,11.97,False
10,45,2011-12-09,11.97,False
10,46,2011-12-02,57796.41,False
10,46,2011-12-09,67911.66,False
10,46,2011-12-16,75103.03,False
10,46,2011-12-23,111262.63,False
10,46,2011-12-30,63711.37,True
10,48,2011-12-02,3356.0,False
10,48,2011-12-09,2724.3,False
10,48,2011-12-16,3755.0,False
10,48,2011-12-23,6414.0,False
10,48,2011-12-30,4218.0,True
10,49,2011-12-02,15552.4,False
10,49,2011-12-09,13324.62,False
10,49,2011-12-16,16714.68,False
10,49,2011-12-23,20487.53,False
10,49,2011-12-30,17455.54,True
10,50,2011-12-02,4105.0,False
10,50,2011-12-09,3605.0,False
10,50,2011-12-16,4142.5,False
10,50,2011-12-23,3464.0,False
10,50,2011-12-30,4190.0,True
10,52,2011-12-02,5650.07,False
10,52,2011-12-09,5702.06,False
10,52,2011-12-16,6352.26,False
10,52,2011-12-23,10062.75,False
10,52,2011-12-30,4244.72,True
10,54,2011-12-02,224.56,False
10,54,2011-12-09,167.84,False
10,54,2011-12-16,162.16,False
10,54,2011-12-23,200.8,False
10,54,2011-12-30,117.72,True
10,55,2011-12-02,29636.08,False
10,55,2011-12-09,35955.13,False
10,55,2011-12-16,49109.39,False
10,55,2011-12-23,92440.1,False
10,55,2011-12-30,38089.15,True
10,56,2011-12-02,1521.4,False
10,56,2011-12-09,1955.09,False
10,56,2011-12-16,334.53,False
10,56,2011-12-23,1477.79,False
10,56,2011-12-30,509.73,True
10,58,2011-12-02,6045.0,False
10,58,2011-12-09,2502.5,False
10,58,2011-12-16,4190.0,False
10,58,2011-12-23,5152.5,False
10,58,2011-12-30,3367.5,True
10,59,2011-12-02,3479.44,False
10,59,2011-12-09,5463.88,False
10,59,2011-12-16,7908.95,False
10,59,2011-12-23,17306.77,False
10,59,2011-12-30,11572.3,True
10,60,2011-12-02,739.2,False
10,60,2011-12-09,1126.4,False
10,60,2011-12-16,1240.8,False
10,60,2011-12-23,1056.0,False
10,60,2011-12-30,387.2,True
10,67,2011-12-02,12304.94,False
10,67,2011-12-09,19925.39,False
10,67,2011-12-16,26646.49,False
10,67,2011-12-23,30337.66,False
10,67,2011-12-30,13365.64,True
10,71,2011-12-02,12184.14,False
10,71,2011-12-09,13707.53,False
10,71,2011-12-16,14031.02,False
10,71,2011-12-23,21803.45,False
10,71,2011-12-30,13515.18,True
10,72,2011-12-02,156039.04,False
10,72,2011-12-09,158289.3,False
10,72,2011-12-16,158010.38,False
10,72,2011-12-23,296628.29,False
10,72,2011-12-30,156431.46,True
10,74,2011-12-02,35544.03,False
10,74,2011-12-09,36978.26,False
10,74,2011-12-16,36004.22,False
10,74,2011-12-23,45164.79,False
10,74,2011-12-30,44039.36,True
10,79,2011-12-02,36893.52,False
10,79,2011-12-09,40178.6,False
10,79,2011-12-16,39546.5,False
10,79,2011-12-23,50315.0,False
10,79,2011-12-30,31852.77,True
10,80,2011-12-02,685.64,False
10,80,2011-12-09,729.91,False
10,80,2011-12-16,602.31,False
10,80,2011-12-23,815.74,False
10,80,2011-12-30,581.47,True
10,81,2011-12-02,10238.37,False
10,81,2011-12-09,10178.65,False
10,81,2011-12-16,9445.57,False
10,81,2011-12-23,9059.26,False
10,81,2011-12-30,7405.66,True
10,82,2011-12-02,32139.0,False
10,82,2011-12-09,44197.45,False
10,82,2011-12-16,58827.62,False
10,82,2011-12-23,91260.07,False
10,82,2011-12-30,33676.31,True
10,83,2011-12-02,238.62,False
10,83,2011-12-09,297.76,False
10,83,2011-12-16,239.19,False
10,83,2011-12-23,215.62,False
10,83,2011-12-30,112.4,True
10,85,2011-12-02,4231.0,False
10,85,2011-12-09,4909.41,False
10,85,2011-12-16,7378.14,False
10,85,2011-12-23,9843.8,False
10,85,2011-12-30,3697.27,True
10,87,2011-12-02,23328.58,False
10,87,2011-12-09,26357.39,False
10,87,2011-12-16,26082.32,False
10,87,2011-12-23,34526.06,False
10,87,2011-12-30,28972.58,True
10,90,2011-12-02,14683.23,False
10,90,2011-12-09,15660.44,False
10,90,2011-12-16,15439.76,False
10,90,2011-12-23,16917.8,False
10,90,2011-12-30,14214.54,True
10,91,2011-12-02,11362.43,False
10,91,2011-12-09,13295.91,False
10,91,2011-12-16,12516.4,False
10,91,2011-12-23,11135.72,False
10,91,2011-12-30,9418.36,True
10,92,2011-12-02,50028.97,False
10,92,2011-12-09,57833.26,False
10,92,2011-12-16,55227.14,False
10,92,2011-12-23,55769.23,False
10,92,2011-12-30,39337.08,True
10,93,2011-12-02,1496.1,False
10,93,2011-12-09,1523.8,False
10,93,2011-12-16,1218.24,False
10,93,2011-12-23,1929.24,False
10,93,2011-12-30,1104.46,True
10,94,2011-12-09,-4.94,False
10,94,2011-12-23,114.0,False
10,94,2011-12-30,483.0,True
10,95,2011-12-02,57737.88,False
10,95,2011-12-09,62264.41,False
10,95,2011-12-16,60345.11,False
10,95,2011-12-23,65896.67,False
10,95,2011-12-30,54730.79,True
10,96,2011-12-02,11090.83,False
10,96,2011-12-09,11473.07,False
10,96,2011-12-16,12033.23,False
10,96,2011-12-23,15015.12,False
10,96,2011-12-30,12739.73,True
10,97,2011-12-02,4494.33,False
10,97,2011-12-09,5256.37,False
10,97,2011-12-16,5027.57,False
10,97,2011-12-23,5176.22,False
10,97,2011-12-30,4014.82,True
10,98,2011-12-02,312.9,False
10,98,2011-12-09,237.84,False
10,98,2011-12-16,107.36,False
10,98,2011-12-23,281.53,False
10,98,2011-12-30,7.5,True
11,1,2011-12-02,21051.73,False
11,1,2011-12-09,28212.63,False
11,1,2011-12-16,41578.07,False
11,1,2011-12-23,45486.93,False
11,1,2011-12-30,21228.27,True
11,2,2011-12-02,54482.61,False
11,2,2011-12-09,57549.92,False
11,2,2011-12-16,62524.14,False
11,2,2011-12-23,79290.96,False
11,2,2011-12-30,55053.78,True
11,3,2011-12-02,13797.9,False
11,3,2011-12-09,16235.33,False
11,3,2011-12-16,18945.54,False
11,3,2011-12-23,20091.35,False
11,3,2011-12-30,11443.94,True
11,4,2011-12-02,29658.9,False
11,4,2011-12-09,31085.9,False
11,4,2011-12-16,29561.84,False
11,4,2011-12-23,31745.88,False
11,4,2011-12-30,27927.44,True
11,5,2011-12-02,40087.06,False
11,5,2011-12-09,61775.25,False
11,5,2011-12-16,55837.48,False
11,5,2011-12-23,93904.12,False
11,5,2011-12-30,42241.32,True
11,6,2011-12-02,3291.93,False
11,6,2011-12-09,4867.84,False
11,6,2011-12-16,9860.11,False
11,6,2011-12-23,13473.54,False
11,6,2011-12-30,8905.75,True
11,7,2011-12-02,64560.77,False
11,7,2011-12-09,82090.41,False
11,7,2011-12-16,120875.11,False
11,7,2011-12-23,202870.36,False
11,7,2011-12-30,58450.11,True
11,8,2011-12-02,34939.13,False
11,8,2011-12-09,38971.47,False
11,8,2011-12-16,40156.33,False
11,8,2011-12-23,44421.19,False
11,8,2011-12-30,32139.78,True
11,9,2011-12-02,13888.64,False
11,9,2011-12-09,14637.33,False
11,9,2011-12-16,20324.18,False
11,9,2011-12-23,31338.19,False
11,9,2011-12-30,17904.28,True
11,10,2011-12-02,20721.29,False
11,10,2011-12-09,24211.94,False
11,10,2011-12-16,23746.01,False
11,10,2011-12-23,27849.79,False
11,10,2011-12-30,19681.04,True
11,11,2011-12-02,24990.81,False
11,11,2011-12-09,31902.1,False
11,11,2011-12-16,21678.99,False
11,11,2011-12-23,23295.27,False
11,11,2011-12-30,16006.38,True
11,12,2011-12-02,3723.9,False
11,12,2011-12-09,3670.74,False
11,12,2011-12-16,3159.6,False
11,12,2011-12-23,2703.76,False
11,12,2011-12-30,3248.61,True
11,13,2011-12-02,39398.58,False
11,13,2011-12-09,40761.28,False
11,13,2011-12-16,39629.99,False
11,13,2011-12-23,38858.55,False
11,13,2011-12-30,33428.13,True
11,14,2011-12-02,25815.45,False
11,14,2011-12-09,35675.55,False
11,14,2011-12-16,39523.82,False
11,14,2011-12-23,57465.07,False
11,14,2011-12-30,35596.88,True
11,16,2011-12-02,3294.01,False
11,16,2011-12-09,3043.63,False
11,16,2011-12-16,2499.3,False
11,16,2011-12-23,3363.54,False
11,16,2011-12-30,3576.05,True
11,17,2011-12-02,14350.33,False
11,17,2011-12-09,15737.38,False
11,17,2011-12-16,20716.8,False
11,17,2011-12-23,26159.6,False
11,17,2011-12-30,15988.25,True
11,18,2011-12-02,75879.57,False
11,18,2011-12-09,77740.96,False
11,18,2011-12-16,54929.01,False
11,18,2011-12-23,36338.5,False
11,18,2011-12-30,22713.89,True
11,19,2011-12-02,1437.95,False
11,19,2011-12-09,1875.15,False
11,19,2011-12-16,1870.49,False
11,19,2011-12-23,1767.96,False
11,19,2011-12-30,1086.73,True
11,20,2011-12-02,7599.43,False
11,20,2011-12-09,8463.24,False
11,20,2011-12-16,9377.77,False
11,20,2011-12-23,10667.27,False
11,20,2011-12-30,7241.07,True
11,21,2011-12-02,7565.38,False
11,21,2011-12-09,9446.67,False
11,21,2011-12-16,10901.2,False
11,21,2011-12-23,14360.76,False
11,21,2011-12-30,7943.62,True
11,22,2011-12-02,17028.93,False
11,22,2011-12-09,18810.14,False
11,22,2011-12-16,20924.36,False
11,22,2011-12-23,27585.36,False
11,22,2011-12-30,17681.2,True
11,23,2011-12-02,37049.43,False
11,23,2011-12-09,50620.84,False
11,23,2011-12-16,51524.7,False
11,23,2011-12-23,77531.14,False
11,23,2011-12-30,39055.81,True
11,24,2011-12-02,10360.67,False
11,24,2011-12-09,16683.92,False
11,24,2011-12-16,16821.33,False
11,24,2011-12-23,19345.92,False
11,24,2011-12-30,7736.97,True
11,25,2011-12-02,11531.28,False
11,25,2011-12-09,13140.74,False
11,25,2011-12-16,15637.45,False
11,25,2011-12-23,19989.32,False
11,25,2011-12-30,9665.18,True
11,26,2011-12-02,12400.7,False
11,26,2011-12-09,16929.35,False
11,26,2011-12-16,17203.22,False
11,26,2011-12-23,21718.27,False
11,26,2011-12-30,9766.45,True
11,27,2011-12-02,4014.62,False
11,27,2011-12-09,4492.56,False
11,27,2011-12-16,5429.87,False
11,27,2011-12-23,6865.4,False
11,27,2011-12-30,3335.07,True
11,28,2011-12-02,1561.53,False
11,28,2011-12-09,1613.61,False
11,28,2011-12-16,1678.61,False
11,28,2011-12-23,1835.59,False
11,28,2011-12-30,1194.0,True
11,29,2011-12-02,8990.46,False
11,29,2011-12-09,13094.12,False
11,29,2011-12-16,15419.42,False
11,29,2011-12-23,20683.95,False
11,29,2011-12-30,10947.66,True
11,30,2011-12-02,4969.18,False
11,30,2011-12-09,4682.31,False
11,30,2011-12-16,5628.64,False
11,30,2011-12-23,7047.35,False
11,30,2011-12-30,5749.36,True
11,31,2011-12-02,3029.58,False
11,31,2011-12-09,5306.12,False
11,31,2011-12-16,4848.47,False
11,31,2011-12-23,5891.62,False
11,31,2011-12-30,2493.57,True
11,32,2011-12-02,10643.43,False
11,32,2011-12-09,12719.01,False
11,32,2011-12-16,19076.96,False
11,32,2011-12-23,39628.29,False
11,32,2011-12-30,16285.41,True
11,33,2011-12-02,9542.74,False
11,33,2011-12-09,14395.57,False
11,33,2011-12-16,17053.79,False
11,33,2011-12-23,19660.99,False
11,33,2011-12-30,8589.0,True
11,34,2011-12-02,21018.05,False
11,34,2011-12-09,25964.45,False
11,34,2011-12-16,29595.09,False
11,34,2011-12-23,33108.41,False
11,34,2011-12-30,19676.52,True
11,35,2011-12-02,2984.85,False
11,35,2011-12-09,3711.03,False
11,35,2011-12-16,4183.13,False
11,35,2011-12-23,4616.66,False
11,35,2011-12-30,4031.77,True
11,36,2011-12-02,2511.36,False
11,36,2011-12-09,3545.78,False
11,36,2011-12-16,3685.97,False
11,36,2011-12-23,5255.16,False
11,36,2011-12-30,3387.45,True
11,37,2011-12-02,3811.33,False
11,37,2011-12-09,3674.29,False
11,37,2011-12-16,4118.49,False
11,37,2011-12-23,4445.88,False
11,37,2011-12-30,4066.17,True
11,38,2011-12-02,74338.26,False
11,38,2011-12-09,78991.97,False
11,38,2011-12-16,79217.86,False
11,38,2011-12-23,76038.4,False
11,38,2011-12-30,54364.24,True
11,40,2011-12-02,53706.13,False
11,40,2011-12-09,54356.96,False
11,40,2011-12-16,55921.92,False
11,40,2011-12-23,59603.54,False
11,40,2011-12-30,51142.62,True
11,41,2011-12-02,1131.35,False
11,41,2011-12-09,1437.5,False
11,41,2011-12-16,2766.29,False
11,41,2011-12-23,5927.32,False
11,41,2011-12-30,2057.41,True
11,42,2011-12-02,6218.12,False
11,42,2011-12-09,5559.57,False
11,42,2011-12-16,5866.2,False
11,42,2011-12-23,6901.56,False
11,42,2011-12-30,6190.85,True
11,44,2011-12-02,8062.25,False
11,44,2011-12-09,9230.82,False
11,44,2011-12-16,9641.4,False
11,44,2011-12-23,11668.63,False
11,44,2011-12-30,5147.25,True
11,45,2011-12-02,22.94,False
11,45,2011-12-23,9.97,False
11,46,2011-12-02,25076.72,False
11,46,2011-12-09,29884.04,False
11,46,2011-12-16,37400.81,False
11,46,2011-12-23,65092.31,False
11,46,2011-12-30,37729.42,True
11,49,2011-12-02,8274.39,False
11,49,2011-12-09,10724.68,False
11,49,2011-12-16,9030.14,False
11,49,2011-12-23,6636.18,False
11,49,2011-12-30,9499.38,True
11,52,2011-12-02,4243.37,False
11,52,2011-12-09,3432.93,False
11,52,2011-12-16,4142.57,False
11,52,2011-12-23,3861.2,False
11,52,2011-12-30,1972.68,True
11,54,2011-12-02,101.8,False
11,54,2011-12-09,154.6,False
11,54,2011-12-16,83.84,False
11,54,2011-12-23,157.12,False
11,54,2011-12-30,200.8,True
11,55,2011-12-02,15750.58,False
11,55,2011-12-09,17689.01,False
11,55,2011-12-16,23139.89,False
11,55,2011-12-23,41458.7,False
11,55,2011-12-30,23865.6,True
11,56,2011-12-02,5439.64,False
11,56,2011-12-09,7998.64,False
11,56,2011-12-16,7073.4,False
11,56,2011-12-23,2410.51,False
11,56,2011-12-30,273.46,True
11,58,2011-12-02,4075.0,False
11,58,2011-12-09,3780.0,False
11,58,2011-12-16,3417.5,False
11,58,2011-12-23,4880.0,False
11,58,2011-12-30,2747.5,True
11,59,2011-12-02,550.27,False
11,59,2011-12-09,1593.55,False
11,59,2011-12-16,5137.28,False
11,59,2011-12-23,11449.39,False
11,59,2011-12-30,5353.5,True
11,60,2011-12-02,290.4,False
11,60,2011-12-09,281.6,False
11,60,2011-12-16,299.2,False
11,60,2011-12-23,422.4,False
11,60,2011-12-30,167.2,True
11,67,2011-12-02,8792.82,False
11,67,2011-12-09,13368.13,False
11,67,2011-12-16,19898.1,False
11,67,2011-12-23,21580.89,False
11,67,2011-12-30,11203.32,True
11,71,2011-12-02,9239.22,False
11,71,2011-12-09,8959.34,False
11,71,2011-12-16,13344.19,False
11,71,2011-12-23,12685.69,False
11,71,2011-12-30,9168.03,True
11,72,2011-12-02,66759.72,False
11,72,2011-12-09,77999.61,False
11,72,2011-12-16,78497.22,False
11,72,2011-12-23,137727.24,False
11,72,2011-12-30,82653.01,True
11,74,2011-12-02,20796.95,False
11,74,2011-12-09,16504.84,False
11,74,2011-12-16,20023.67,False
11,74,2011-12-23,24743.15,False
11,74,2011-12-30,25630.07,True
11,77,2011-12-02,835.0,False
11,77,2011-12-09,199.0,False
11,79,2011-12-02,34197.26,False
11,79,2011-12-09,31612.03,False
11,79,2011-12-16,33808.75,False
11,79,2011-12-23,37884.31,False
11,79,2011-12-30,26180.44,True
11,80,2011-12-02,13030.09,False
11,80,2011-12-09,14818.17,False
11,80,2011-12-16,16533.41,False
11,80,2011-12-23,16413.5,False
11,80,2011-12-30,12462.91,True
11,81,2011-12-02,12328.44,False
11,81,2011-12-09,13195.02,False
11,81,2011-12-16,12617.7,False
11,81,2011-12-23,12066.81,False
11,81,2011-12-30,10562.97,True
11,82,2011-12-02,25279.51,False
11,82,2011-12-09,37510.88,False
11,82,2011-12-16,57059.69,False
11,82,2011-12-23,81865.75,False
11,82,2011-12-30,36801.84,True
11,83,2011-12-02,2529.15,False
11,83,2011-12-09,3107.5,False
11,83,2011-12-16,2863.92,False
11,83,2011-12-23,3179.75,False
11,83,2011-12-30,2454.97,True
11,85,2011-12-02,2008.52,False
11,85,2011-12-09,2256.05,False
11,85,2011-12-16,3756.99,False
11,85,2011-12-23,4186.64,False
11,85,2011-12-30,2094.76,True
11,87,2011-12-02,14689.14,False
11,87,2011-12-09,16149.85,False
11,87,2011-12-16,16828.23,False
11,87,2011-12-23,21036.62,False
11,87,2011-12-30,16173.48,True
11,90,2011-12-02,48048.72,False
11,90,2011-12-09,55824.78,False
11,90,2011-12-16,56028.4,False
11,90,2011-12-23,59993.61,False
11,90,2011-12-30,45880.42,True
11,91,2011-12-02,35412.01,False
11,91,2011-12-09,44787.63,False
11,91,2011-12-16,44145.44,False
11,91,2011-12-23,40292.09,False
11,91,2011-12-30,29564.5,True
11,92,2011-12-02,74796.16,False
11,92,2011-12-09,95229.08,False
11,92,2011-12-16,97234.31,False
11,92,2011-12-23,100490.79,False
11,92,2011-12-30,68883.13,True
11,93,2011-12-02,28835.34,False
11,93,2011-12-09,37111.01,False
11,93,2011-12-16,39119.98,False
11,93,2011-12-23,45972.15,False
11,93,2011-12-30,30954.02,True
11,94,2011-12-02,28529.33,False
11,94,2011-12-09,32107.43,False
11,94,2011-12-16,33991.6,False
11,94,2011-12-23,36271.88,False
11,94,2011-12-30,29340.71,True
11,95,2011-12-02,62506.03,False
11,95,2011-12-09,71518.82,False
11,95,2011-12-16,76478.89,False
11,95,2011-12-23,74365.6,False
11,95,2011-12-30,58787.3,True
11,96,2011-12-02,18307.1,False
11,96,2011-12-09,20196.76,False
11,96,2011-12-16,21901.81,False
11,96,2011-12-23,27085.2,False
11,96,2011-12-30,24625.95,True
11,97,2011-12-02,14204.09,False
11,97,2011-12-09,16829.27,False
11,97,2011-12-16,16859.18,False
11,97,2011-12-23,16718.57,False
11,97,2011-12-30,13258.37,True
11,98,2011-12-02,8933.11,False
11,98,2011-12-09,12146.31,False
11,98,2011-12-16,16150.0,False
11,98,2011-12-23,15499.13,False
11,98,2011-12-30,8975.19,True
11,99,2011-12-09,2770.0,False
11,99,2011-12-16,3105.0,False
11,99,2011-12-23,6280.0,False
11,99,2011-12-30,250.0,True
12,1,2011-12-02,20401.51,False
12,1,2011-12-09,26719.42,False
12,1,2011-12-16,40516.39,False
12,1,2011-12-23,40330.81,False
12,1,2011-12-30,22801.73,True
12,2,2011-12-02,74780.56,False
12,2,2011-12-09,73061.15,False
12,2,2011-12-16,80910.05,False
12,2,2011-12-23,91133.66,False
12,2,2011-12-30,73235.42,True
12,3,2011-12-02,12195.12,False
12,3,2011-12-09,15325.1,False
12,3,2011-12-16,15620.92,False
12,3,2011-12-23,16424.92,False
12,3,2011-12-30,10402.0,True
12,4,2011-12-02,26889.6,False
12,4,2011-12-09,26207.16,False
12,4,2011-12-16,26189.73,False
12,4,2011-12-23,27710.62,False
12,4,2011-12-30,26703.62,True
12,5,2011-12-02,26760.22,False
12,5,2011-12-09,39181.94,False
12,5,2011-12-16,64041.75,False
12,5,2011-12-23,91467.05,False
12,5,2011-12-30,36961.97,True
12,6,2011-12-02,4377.23,False
12,6,2011-12-09,6478.6,False
12,6,2011-12-16,9433.67,False
12,6,2011-12-23,20631.17,False
12,6,2011-12-30,13470.84,True
12,7,2011-12-02,50701.23,False
12,7,2011-12-09,67875.31,False
12,7,2011-12-16,108913.45,False
12,7,2011-12-23,206594.4,False
12,7,2011-12-30,70093.01,True
12,8,2011-12-02,45245.54,False
12,8,2011-12-09,44276.93,False
12,8,2011-12-16,46418.79,False
12,8,2011-12-23,46727.91,False
12,8,2011-12-30,38915.45,True
12,9,2011-12-02,10006.26,False
12,9,2011-12-09,13742.53,False
12,9,2011-12-16,16696.94,False
12,9,2011-12-23,25612.12,False
12,9,2011-12-30,19054.17,True
12,10,2011-12-02,17428.25,False
12,10,2011-12-09,14398.52,False
12,10,2011-12-16,15538.84,False
12,10,2011-12-23,16242.09,False
12,10,2011-12-30,13102.12,True
12,11,2011-12-02,18936.99,False
12,11,2011-12-09,30012.12,False
12,11,2011-12-16,22841.46,False
12,11,2011-12-23,19818.51,False
12,11,2011-12-30,18294.76,True
12,12,2011-12-02,4272.56,False
12,12,2011-12-09,3815.43,False
12,12,2011-12-16,3850.83,False
12,12,2011-12-23,4503.75,False
12,12,2011-12-30,3293.04,True
12,13,2011-12-02,46497.7,False
12,13,2011-12-09,45128.01,False
12,13,2011-12-16,42116.02,False
12,13,2011-12-23,44653.34,False
12,13,2011-12-30,44356.12,True
12,14,2011-12-02,22157.66,False
12,14,2011-12-09,26159.37,False
12,14,2011-12-16,27329.81,False
12,14,2011-12-23,42109.07,False
12,14,2011-12-30,26638.91,True
12,16,2011-12-02,1907.0,False
12,16,2011-12-09,2260.58,False
12,16,2011-12-16,2151.6,False
12,16,2011-12-23,2081.81,False
12,16,2011-12-30,1459.9,True
12,17,2011-12-02,12957.08,False
12,17,2011-12-09,14074.06,False
12,17,2011-12-16,15507.79,False
12,17,2011-12-23,16057.21,False
12,17,2011-12-30,11826.93,True
12,18,2011-12-02,63477.42,False
12,18,2011-12-09,74198.84,False
12,18,2011-12-16,50055.71,False
12,18,2011-12-23,30657.86,False
12,18,2011-12-30,22214.94,True
12,19,2011-12-02,3793.08,False
12,19,2011-12-09,4323.23,False
12,19,2011-12-16,4092.25,False
12,19,2011-12-23,4122.02,False
12,19,2011-12-30,2330.17,True
12,20,2011-12-02,4661.88,False
12,20,2011-12-09,4633.29,False
12,20,2011-12-16,4848.0,False
12,20,2011-12-23,6175.39,False
12,20,2011-12-30,4100.82,True
12,21,2011-12-02,4161.25,False
12,21,2011-12-09,4589.67,False
12,21,2011-12-16,5400.11,False
12,21,2011-12-23,7353.8,False
12,21,2011-12-30,4179.9,True
12,22,2011-12-02,10205.21,False
12,22,2011-12-09,9210.41,False
12,22,2011-12-16,11129.37,False
12,22,2011-12-23,15704.53,False
12,22,2011-12-30,12086.32,True
12,23,2011-12-02,40789.04,False
12,23,2011-12-09,49875.26,False
12,23,2011-12-16,53658.48,False
12,23,2011-12-23,76138.1,False
12,23,2011-12-30,47640.82,True
12,24,2011-12-02,12173.75,False
12,24,2011-12-09,14975.17,False
12,24,2011-12-16,16438.34,False
12,24,2011-12-23,20761.49,False
12,24,2011-12-30,9552.31,True
12,25,2011-12-02,18281.71,False
12,25,2011-12-09,20763.45,False
12,25,2011-12-16,22947.5,False
12,25,2011-12-23,27572.38,False
12,25,2011-12-30,19056.11,True
12,26,2011-12-02,13175.34,False
12,26,2011-12-09,15782.22,False
12,26,2011-12-16,16304.68,False
12,26,2011-12-23,23964.02,False
12,26,2011-12-30,12724.32,True
12,27,2011-12-02,2408.9,False
12,27,2011-12-09,3112.5,False
12,27,2011-12-16,3774.33,False
12,27,2011-12-23,4009.07,False
12,27,2011-12-30,2818.68,True
12,28,2011-12-02,921.19,False
12,28,2011-12-09,1264.07,False
12,28,2011-12-16,1369.98,False
12,28,2011-12-23,1358.46,False
12,28,2011-12-30,1149.62,True
12,29,2011-12-02,9124.4,False
12,29,2011-12-09,10809.29,False
12,29,2011-12-16,12831.08,False
12,29,2011-12-23,15886.74,False
12,29,2011-12-30,9587.87,True
12,30,2011-12-02,4053.43,False
12,30,2011-12-09,4156.6,False
12,30,2011-12-16,4367.95,False
12,30,2011-12-23,4539.08,False
12,30,2011-12-30,4220.64,True
12,31,2011-12-02,2502.88,False
12,31,2011-12-09,3348.67,False
12,31,2011-12-16,4349.97,False
12,31,2011-12-23,5225.28,False
12,31,2011-12-30,2888.75,True
12,32,2011-12-02,9705.49,False
12,32,2011-12-09,9708.81,False
12,32,2011-12-16,16233.67,False
12,32,2011-12-23,30098.45,False
12,32,2011-12-30,13322.16,True
12,33,2011-12-02,11393.05,False
12,33,2011-12-09,15744.36,False
12,33,2011-12-16,20660.72,False
12,33,2011-12-23,25561.51,False
12,33,2011-12-30,10806.54,True
12,34,2011-12-02,20291.83,False
12,34,2011-12-09,23934.44,False
12,34,2011-12-16,27233.33,False
12,34,2011-12-23,34354.19,False
12,34,2011-12-30,24803.07,True
12,35,2011-12-02,2564.29,False
12,35,2011-12-09,2409.04,False
12,35,2011-12-16,3544.14,False
12,35,2011-12-23,4134.15,False
12,35,2011-12-30,3101.48,True
12,36,2011-12-02,4170.71,False
12,36,2011-12-09,8359.27,False
12,36,2011-12-16,5168.93,False
12,36,2011-12-23,5463.12,False
12,36,2011-12-30,1979.62,True
12,38,2011-12-02,60111.02,False
12,38,2011-12-09,65493.29,False
12,38,2011-12-16,47954.52,False
12,38,2011-12-23,49842.12,False
12,38,2011-12-30,56974.69,True
12,40,2011-12-02,49467.98,False
12,40,2011-12-09,50399.8,False
12,40,2011-12-16,48663.03,False
12,40,2011-12-23,47396.66,False
12,40,2011-12-30,45742.94,True
12,41,2011-12-02,2091.36,False
12,41,2011-12-09,1761.5,False
12,41,2011-12-16,1812.78,False
12,41,2011-12-23,4246.0,False
12,41,2011-12-30,1576.0,True
12,42,2011-12-02,6289.04,False
12,42,2011-12-09,6251.06,False
12,42,2011-12-16,6813.31,False
12,42,2011-12-23,6272.39,False
12,42,2011-12-30,6341.93,True
12,44,2011-12-02,7875.77,False
12,44,2011-12-09,10346.65,False
12,44,2011-12-16,10644.01,False
12,44,2011-12-23,11711.42,False
12,44,2011-12-30,7042.02,True
12,45,2011-12-02,11.97,False
12,45,2011-12-09,11.97,False
12,45,2011-12-30,23.94,True
12,46,2011-12-02,33340.89,False
12,46,2011-12-09,38238.92,False
12,46,2011-12-16,46283.22,False
12,46,2011-12-23,62193.89,False
12,46,2011-12-30,48922.28,True
12,47,2011-12-16,-498.0,False
12,47,2011-12-30,-88.0,True
12,49,2011-12-02,11.88,False
12,49,2011-12-09,23.76,False
12,49,2011-12-16,20.79,False
12,49,2011-12-23,8.73,False
12,49,2011-12-30,38.61,True
12,52,2011-12-02,4752.99,False
12,52,2011-12-09,4469.49,False
12,52,2011-12-16,5889.8,False
12,52,2011-12-23,4328.26,False
12,52,2011-12-30,2765.22,True
12,54,2011-12-02,28.92,False
12,54,2011-12-09,47.84,False
12,54,2011-12-16,116.76,False
12,54,2011-12-23,253.92,False
12,54,2011-12-30,136.96,True
12,55,2011-12-02,17778.35,False
12,55,2011-12-09,16189.18,False
12,55,2011-12-16,20414.02,False
12,55,2011-12-23,44272.1,False
12,55,2011-12-30,30257.75,True
12,56,2011-12-02,366.34,False
12,56,2011-12-09,468.29,False
12,56,2011-12-16,531.4,False
12,56,2011-12-23,84.14,False
12,56,2011-12-30,10.6,True
12,58,2011-12-02,4707.5,False
12,58,2011-12-09,865.0,False
12,58,2011-12-16,467.5,False
12,58,2011-12-23,3400.0,False
12,59,2011-12-02,1537.38,False
12,59,2011-12-09,3310.82,False
12,59,2011-12-16,5079.03,False
12,59,2011-12-23,7638.34,False
12,59,2011-12-30,4954.89,True
12,60,2011-12-02,704.0,False
12,60,2011-12-09,765.6,False
12,60,2011-12-16,660.0,False
12,60,2011-12-23,739.2,False
12,60,2011-12-30,325.6,True
12,67,2011-12-02,5383.61,False
12,67,2011-12-09,7052.09,False
12,67,2011-12-16,10846.55,False
12,67,2011-12-23,14320.77,False
12,67,2011-12-30,7188.3,True
12,71,2011-12-02,8859.36,False
12,71,2011-12-09,5265.67,False
12,71,2011-12-16,8199.14,False
12,71,2011-12-23,7674.69,False
12,71,2011-12-30,8166.13,True
12,72,2011-12-02,54619.63,False
12,72,2011-12-09,62073.72,False
12,72,2011-12-16,64391.11,False
12,72,2011-12-23,86157.74,False
12,72,2011-12-30,71062.39,True
12,74,2011-12-02,14499.56,False
12,74,2011-12-09,13789.89,False
12,74,2011-12-16,15771.79,False
12,74,2011-12-23,17120.83,False
12,74,2011-12-30,16165.44,True
12,77,2011-12-02,5.88,False
12,77,2011-12-23,164.88,False
12,79,2011-12-02,38393.11,False
12,79,2011-12-09,41218.32,False
12,79,2011-12-16,39316.98,False
12,79,2011-12-23,43080.67,False
12,79,2011-12-30,35697.62,True
12,80,2011-12-02,92.72,False
12,80,2011-12-09,41.76,False
12,80,2011-12-16,40.6,False
12,80,2011-12-23,45.73,False
12,80,2011-12-30,46.12,True
12,81,2011-12-02,7598.25,False
12,81,2011-12-09,7359.1,False
12,81,2011-12-16,7549.74,False
12,81,2011-12-23,7539.16,False
12,81,2011-12-30,6581.46,True
12,82,2011-12-02,18254.11,False
12,82,2011-12-09,19904.49,False
12,82,2011-12-16,24452.77,False
12,82,2011-12-23,35005.85,False
12,82,2011-12-30,26074.65,True
12,83,2011-12-02,182.0,False
12,83,2011-12-09,171.9,False
12,83,2011-12-16,153.98,False
12,83,2011-12-23,139.72,False
12,83,2011-12-30,117.91,True
12,85,2011-12-02,2571.39,False
12,85,2011-12-09,2839.8,False
12,85,2011-12-16,3751.11,False
12,85,2011-12-23,3103.92,False
12,85,2011-12-30,2484.65,True
12,87,2011-12-02,11976.04,False
12,87,2011-12-09,11579.94,False
12,87,2011-12-16,9586.75,False
12,87,2011-12-23,13564.42,False
12,87,2011-12-30,11145.56,True
12,90,2011-12-02,13702.85,False
12,90,2011-12-09,12666.09,False
12,90,2011-12-16,13071.35,False
12,90,2011-12-23,13627.41,False
12,90,2011-12-30,12324.92,True
12,91,2011-12-02,6363.02,False
12,91,2011-12-09,6188.59,False
12,91,2011-12-16,6043.97,False
12,91,2011-12-23,5752.34,False
12,91,2011-12-30,5290.34,True
12,92,2011-12-02,25645.77,False
12,92,2011-12-09,28099.57,False
12,92,2011-12-16,27733.79,False
12,92,2011-12-23,28261.24,False
12,92,2011-12-30,24255.26,True
12,93,2011-12-02,737.72,False
12,93,2011-12-09,662.49,False
12,93,2011-12-16,577.45,False
12,93,2011-12-23,885.64,False
12,93,2011-12-30,677.48,True
12,94,2011-12-02,44.47,False
12,94,2011-12-09,340.64,False
12,94,2011-12-16,665.9,False
12,94,2011-12-23,427.86,False
12,94,2011-12-30,628.94,True
12,95,2011-12-02,36495.75,False
12,95,2011-12-09,38401.54,False
12,95,2011-12-16,40188.99,False
12,95,2011-12-23,39713.33,False
12,95,2011-12-30,37219.75,True
12,96,2011-12-09,1.0,False
12,96,2011-12-16,1.0,False
12,97,2011-12-02,2534.43,False
12,97,2011-12-09,2264.3,False
12,97,2011-12-16,2297.64,False
12,97,2011-12-23,2218.1,False
12,97,2011-12-30,1934.12,True
12,98,2011-12-02,978.68,False
12,98,2011-12-09,1167.56,False
12,98,2011-12-16,1424.82,False
12,98,2011-12-23,1242.48,False
12,98,2011-12-30,377.47,True
13,1,2011-12-02,47471.94,False
13,1,2011-12-09,81644.24,False
13,1,2011-12-16,123098.45,False
13,1,2011-12-23,168450.26,False
13,1,2011-12-30,51112.61,True
13,2,2011-12-02,70528.75,False
13,2,2011-12-09,86435.89,False
13,2,2011-12-16,97917.66,False
13,2,2011-12-23,131234.4,False
13,2,2011-12-30,73150.4,True
13,3,2011-12-02,19166.67,False
13,3,2011-12-09,25891.14,False
13,3,2011-12-16,32015.88,False
13,3,2011-12-23,37342.77,False
13,3,2011-12-30,17422.42,True
13,4,2011-12-02,42137.94,False
13,4,2011-12-09,46588.14,False
13,4,2011-12-16,46501.33,False
13,4,2011-12-23,53591.31,False
13,4,2011-12-30,41605.23,True
13,5,2011-12-02,56835.66,False
13,5,2011-12-09,92192.72,False
13,5,2011-12-16,119446.92,False
13,5,2011-12-23,161783.03,False
13,5,2011-12-30,73961.94,True
13,6,2011-12-02,4883.34,False
13,6,2011-12-09,10801.16,False
13,6,2011-12-16,12489.73,False
13,6,2011-12-23,23472.93,False
13,6,2011-12-30,12259.56,True
13,7,2011-12-02,98709.88,False
13,7,2011-12-09,163283.56,False
13,7,2011-12-16,189804.04,False
13,7,2011-12-23,259669.14,False
13,7,2011-12-30,68421.79,True
13,8,2011-12-02,35922.52,False
13,8,2011-12-09,39576.63,False
13,8,2011-12-16,39962.67,False
13,8,2011-12-23,51607.23,False
13,8,2011-12-30,33783.88,True
13,9,2011-12-02,36946.95,False
13,9,2011-12-09,31721.65,False
13,9,2011-12-16,39352.32,False
13,9,2011-12-23,61900.97,False
13,9,2011-12-30,31859.53,True
13,10,2011-12-02,25639.98,False
13,10,2011-12-09,29089.35,False
13,10,2011-12-16,30976.05,False
13,10,2011-12-23,38556.6,False
13,10,2011-12-30,23917.07,True
13,11,2011-12-02,30788.08,False
13,11,2011-12-09,30573.79,False
13,11,2011-12-16,27448.97,False
13,11,2011-12-23,31217.16,False
13,11,2011-12-30,20419.86,True
13,12,2011-12-02,6756.71,False
13,12,2011-12-09,6065.08,False
13,12,2011-12-16,5771.33,False
13,12,2011-12-23,6502.65,False
13,12,2011-12-30,5404.0,True
13,13,2011-12-02,43873.05,False
13,13,2011-12-09,46428.53,False
13,13,2011-12-16,43577.51,False
13,13,2011-12-23,45464.67,False
13,13,2011-12-30,40513.21,True
13,14,2011-12-02,27646.56,False
13,14,2011-12-09,43753.04,False
13,14,2011-12-16,57024.36,False
13,14,2011-12-23,80776.95,False
13,14,2011-12-30,34696.74,True
13,16,2011-12-02,4964.89,False
13,16,2011-12-09,3886.02,False
13,16,2011-12-16,6913.27,False
13,16,2011-12-23,6736.45,False
13,16,2011-12-30,3281.74,True
13,17,2011-12-02,22202.3,False
13,17,2011-12-09,24695.25,False
13,17,2011-12-16,25978.34,False
13,17,2011-12-23,35670.3,False
13,17,2011-12-30,20607.04,True
13,18,2011-12-02,83384.91,False
13,18,2011-12-09,64207.07,False
13,18,2011-12-16,58414.45,False
13,18,2011-12-23,62476.27,False
13,18,2011-12-30,45663.31,True
13,19,2011-12-02,4475.5,False
13,19,2011-12-09,5666.77,False
13,19,2011-12-16,6043.55,False
13,19,2011-12-23,4905.0,False
13,19,2011-12-30,2385.07,True
13,20,2011-12-02,7306.92,False
13,20,2011-12-09,8224.03,False
13,20,2011-12-16,8272.51,False
13,20,2011-12-23,9880.82,False
13,20,2011-12-30,7181.84,True
13,21,2011-12-02,9862.05,False
13,21,2011-12-09,12735.11,False
13,21,2011-12-16,14694.41,False
13,21,2011-12-23,22140.33,False
13,21,2011-12-30,9916.35,True
13,22,2011-12-02,16582.02,False
13,22,2011-12-09,23596.38,False
13,22,2011-12-16,29663.97,False
13,22,2011-12-23,38862.53,False
13,22,2011-12-30,17545.54,True
13,23,2011-12-02,34837.49,False
13,23,2011-12-09,48216.73,False
13,23,2011-12-16,58115.28,False
13,23,2011-12-23,87705.68,False
13,23,2011-12-30,34781.26,True
13,24,2011-12-02,12273.97,False
13,24,2011-12-09,19199.4,False
13,24,2011-12-16,22356.36,False
13,24,2011-12-23,30431.82,False
13,24,2011-12-30,8190.05,True
13,25,2011-12-02,13945.87,False
13,25,2011-12-09,17446.48,False
13,25,2011-12-16,22135.8,False
13,25,2011-12-23,27119.74,False
13,25,2011-12-30,10242.43,True
13,26,2011-12-02,14750.13,False
13,26,2011-12-09,19133.71,False
13,26,2011-12-16,21245.79,False
13,26,2011-12-23,26916.54,False
13,26,2011-12-30,9032.55,True
13,27,2011-12-02,3376.17,False
13,27,2011-12-09,5221.02,False
13,27,2011-12-16,7560.64,False
13,27,2011-12-23,12727.79,False
13,27,2011-12-30,4494.04,True
13,28,2011-12-02,1711.6,False
13,28,2011-12-09,2298.03,False
13,28,2011-12-16,2210.77,False
13,28,2011-12-23,2558.16,False
13,28,2011-12-30,1370.59,True
13,29,2011-12-02,8127.68,False
13,29,2011-12-09,10352.66,False
13,29,2011-12-16,13306.94,False
13,29,2011-12-23,20849.56,False
13,29,2011-12-30,8303.74,True
13,30,2011-12-02,3401.24,False
13,30,2011-12-09,3205.55,False
13,30,2011-12-16,3296.7,False
13,30,2011-12-23,4815.5,False
13,30,2011-12-30,4163.68,True
13,31,2011-12-02,3523.72,False
13,31,2011-12-09,6000.61,False
13,31,2011-12-16,6540.91,False
13,31,2011-12-23,9344.59,False
13,31,2011-12-30,3768.62,True
13,32,2011-12-02,10383.82,False
13,32,2011-12-09,15826.3,False
13,32,2011-12-16,19695.6,False
13,32,2011-12-23,37105.21,False
13,32,2011-12-30,18001.78,True
13,33,2011-12-02,12761.11,False
13,33,2011-12-09,17898.68,False
13,33,2011-12-16,21728.29,False
13,33,2011-12-23,29124.86,False
13,33,2011-12-30,10534.66,True
13,34,2011-12-02,14606.82,False
13,34,2011-12-09,19668.54,False
13,34,2011-12-16,23623.16,False
13,34,2011-12-23,32249.57,False
13,34,2011-12-30,16642.3,True
13,35,2011-12-02,2979.6,False
13,35,2011-12-09,3565.33,False
13,35,2011-12-16,3577.82,False
13,35,2011-12-23,5174.66,False
13,35,2011-12-30,3092.23,True
13,36,2011-12-02,2030.22,False
13,36,2011-12-09,3788.75,False
13,36,2011-12-16,3281.8,False
13,36,2011-12-23,4742.77,False
13,36,2011-12-30,1660.25,True
13,37,2011-12-02,3317.28,False
13,37,2011-12-09,2890.08,False
13,37,2011-12-16,3232.99,False
13,37,2011-12-23,2699.0,False
13,37,2011-12-30,2781.59,True
13,38,2011-12-02,105751.67,False
13,38,2011-12-09,94292.56,False
13,38,2011-12-16,88900.2,False
13,38,2011-12-23,86964.59,False
13,38,2011-12-30,77812.61,True
13,40,2011-12-02,74415.72,False
13,40,2011-12-09,79808.55,False
13,40,2011-12-16,79239.49,False
13,40,2011-12-23,84222.7,False
13,40,2011-12-30,72207.62,True
13,41,2011-12-02,3438.67,False
13,41,2011-12-09,4776.83,False
13,41,2011-12-16,7788.04,False
13,41,2011-12-23,10091.14,False
13,41,2011-12-30,2885.31,True
13,42,2011-12-02,6931.41,False
13,42,2011-12-09,7005.69,False
13,42,2011-12-16,7068.33,False
13,42,2011-12-23,7308.42,False
13,42,2011-12-30,8115.78,True
13,43,2011-12-02,1.07,False
13,44,2011-12-02,13752.19,False
13,44,2011-12-09,15413.61,False
13,44,2011-12-16,17966.64,False
13,44,2011-12-23,22538.47,False
13,44,2011-12-30,8914.31,True
13,45,2011-12-02,15.94,False
13,45,2011-12-09,35.85,False
13,45,2011-12-23,11.94,False
13,45,2011-12-30,5.97,True
13,46,2011-12-02,39487.75,False
13,46,2011-12-09,49869.81,False
13,46,2011-12-16,58936.94,False
13,46,2011-12-23,82662.65,False
13,46,2011-12-30,53524.11,True
13,47,2011-12-09,625.0,False
13,47,2011-12-23,10.0,False
13,48,2011-12-02,908.0,False
13,48,2011-12-09,1607.0,False
13,48,2011-12-16,2711.0,False
13,48,2011-12-23,4180.99,False
13,48,2011-12-30,1213.0,True
13,49,2011-12-02,7580.26,False
13,49,2011-12-09,7156.11,False
13,49,2011-12-16,8288.46,False
13,49,2011-12-23,9323.36,False
13,49,2011-12-30,9895.92,True
13,50,2011-12-02,1753.0,False
13,50,2011-12-09,2317.0,False
13,50,2011-12-16,2102.0,False
13,50,2011-12-23,1515.0,False
13,50,2011-12-30,2178.0,True
13,52,2011-12-02,5466.87,False
13,52,2011-12-09,7880.86,False
13,52,2011-12-16,6628.18,False
13,52,2011-12-23,7023.24,False
13,52,2011-12-30,3532.07,True
13,54,2011-12-02,88.8,False
13,54,2011-12-09,66.8,False
13,54,2011-12-16,194.2,False
13,54,2011-12-23,255.26,False
13,54,2011-12-30,83.04,True
13,55,2011-12-02,27835.04,False
13,55,2011-12-09,41223.82,False
13,55,2011-12-16,56089.64,False
13,55,2011-12-23,86166.86,False
13,55,2011-12-30,42362.31,True
13,56,2011-12-02,3603.74,False
13,56,2011-12-09,4024.41,False
13,56,2011-12-16,2191.79,False
13,56,2011-12-23,1627.56,False
13,56,2011-12-30,140.2,True
13,58,2011-12-02,17300.0,False
13,58,2011-12-09,9267.5,False
13,58,2011-12-16,7207.5,False
13,58,2011-12-23,14770.0,False
13,58,2011-12-30,9650.0,True
13,59,2011-12-02,2458.52,False
13,59,2011-12-09,3885.21,False
13,59,2011-12-16,5241.06,False
13,59,2011-12-23,8204.08,False
13,59,2011-12-30,5305.49,True
13,60,2011-12-02,1663.2,False
13,60,2011-12-09,1944.8,False
13,60,2011-12-16,2930.4,False
13,60,2011-12-23,1786.4,False
13,60,2011-12-30,651.2,True
13,67,2011-12-02,13262.0,False
13,67,2011-12-09,19644.27,False
13,67,2011-12-16,25829.73,False
13,67,2011-12-23,32999.96,False
13,67,2011-12-30,15699.36,True
13,71,2011-12-02,6865.35,False
13,71,2011-12-09,7851.74,False
13,71,2011-12-16,10229.95,False
13,71,2011-12-23,15335.31,False
13,71,2011-12-30,11595.0,True
13,72,2011-12-02,81024.67,False
13,72,2011-12-09,93648.98,False
13,72,2011-12-16,106928.21,False
13,72,2011-12-23,189747.69,False
13,72,2011-12-30,94495.15,True
13,74,2011-12-02,21251.63,False
13,74,2011-12-09,22968.83,False
13,74,2011-12-16,26613.93,False
13,74,2011-12-23,31487.38,False
13,74,2011-12-30,38535.42,True
13,79,2011-12-02,52349.08,False
13,79,2011-12-09,56027.95,False
13,79,2011-12-16,57027.37,False
13,79,2011-12-23,62484.48,False
13,79,2011-12-30,43774.03,True
13,80,2011-12-02,17698.8,False
13,80,2011-12-09,19453.88,False
13,80,2011-12-16,20849.79,False
13,80,2011-12-23,23997.43,False
13,80,2011-12-30,16624.09,True
13,81,2011-12-02,29787.49,False
13,81,2011-12-09,31976.77,False
13,81,2011-12-16,32082.63,False
13,81,2011-12-23,32022.23,False
13,81,2011-12-30,22954.93,True
13,82,2011-12-02,42354.37,False
13,82,2011-12-09,52788.52,False
13,82,2011-12-16,77400.23,False
13,82,2011-12-23,135127.14,False
13,82,2011-12-30,53872.12,True
13,83,2011-12-02,3525.99,False
13,83,2011-12-09,4449.58,False
13,83,2011-12-16,5476.97,False
13,83,2011-12-23,7191.58,False
13,83,2011-12-30,6248.45,True
13,85,2011-12-02,4932.04,False
13,85,2011-12-09,7516.78,False
13,85,2011-12-16,16133.9,False
13,85,2011-12-23,17807.36,False
13,85,2011-12-30,4789.04,True
13,87,2011-12-02,22289.66,False
13,87,2011-12-09,19630.79,False
13,87,2011-12-16,16892.67,False
13,87,2011-12-23,26830.18,False
13,87,2011-12-30,18610.11,True
13,90,2011-12-02,115917.95,False
13,90,2011-12-09,132235.22,False
13,90,2011-12-16,138591.07,False
13,90,2011-12-23,161045.84,False
13,90,2011-12-30,106944.12,True
13,91,2011-12-02,67968.13,False
13,91,2011-12-09,86259.17,False
13,91,2011-12-16,85913.95,False
13,91,2011-12-23,88165.53,False
13,91,2011-12-30,63383.91,True
13,92,2011-12-02,160733.87,False
13,92,2011-12-09,194473.59,False
13,92,2011-12-16,204197.88,False
13,92,2011-12-23,234456.79,False
13,92,2011-12-30,135180.11,True
13,93,2011-12-02,41629.21,False
13,93,2011-12-09,53138.85,False
13,93,2011-12-16,56385.6,False
13,93,2011-12-23,69148.14,False
13,93,2011-12-30,39101.07,True
13,94,2011-12-02,59460.6,False
13,94,2011-12-09,66907.83,False
13,94,2011-12-16,73189.41,False
13,94,2011-12-23,90005.53,False
13,94,2011-12-30,60527.31,True
13,95,2011-12-02,117086.15,False
13,95,2011-12-09,138234.83,False
13,95,2011-12-16,145341.01,False
13,95,2011-12-23,176568.13,False
13,95,2011-12-30,121069.39,True
13,96,2011-12-02,6870.37,False
13,96,2011-12-09,7778.11,False
13,96,2011-12-16,7825.72,False
13,96,2011-12-23,9135.88,False
13,96,2011-12-30,8672.26,True
13,97,2011-12-02,22007.05,False
13,97,2011-12-09,27009.9,False
13,97,2011-12-16,27538.57,False
13,97,2011-12-23,32599.96,False
13,97,2011-12-30,22879.69,True
13,98,2011-12-02,13736.06,False
13,98,2011-12-09,17359.64,False
13,98,2011-12-16,20267.68,False
13,98,2011-12-23,23279.61,False
13,98,2011-12-30,13055.51,True
13,99,2011-12-09,455.0,False
13,99,2011-12-16,4870.0,False
13,99,2011-12-23,2860.0,False
13,99,2011-12-30,400.0,True
14,1,2011-12-02,33096.1,False
14,1,2011-12-09,50183.75,False
14,1,2011-12-16,69628.98,False
14,1,2011-12-23,101846.08,False
14,1,2011-12-30,34683.42,True
14,2,2011-12-02,77227.84,False
14,2,2011-12-09,83932.93,False
14,2,2011-12-16,93806.78,False
14,2,2011-12-23,114671.56,False
14,2,2011-12-30,63983.74,True
14,3,2011-12-02,13569.58,False
14,3,2011-12-09,16387.13,False
14,3,2011-12-16,19238.39,False
14,3,2011-12-23,24961.44,False
14,3,2011-12-30,12359.79,True
14,4,2011-12-02,52723.55,False
14,4,2011-12-09,57513.85,False
14,4,2011-12-16,55311.28,False
14,4,2011-12-23,64370.87,False
14,4,2011-12-30,48009.38,True
14,5,2011-12-02,46070.66,False
14,5,2011-12-09,62619.81,False
14,5,2011-12-16,82533.74,False
14,5,2011-12-23,111043.22,False
14,5,2011-12-30,40924.31,True
14,6,2011-12-02,4289.25,False
14,6,2011-12-09,5268.53,False
14,6,2011-12-16,13774.62,False
14,6,2011-12-23,20476.48,False
14,6,2011-12-30,12642.92,True
14,7,2011-12-02,109612.67,False
14,7,2011-12-09,153936.81,False
14,7,2011-12-16,196249.21,False
14,7,2011-12-23,260735.86,False
14,7,2011-12-30,71942.76,True
14,8,2011-12-02,53241.88,False
14,8,2011-12-09,57463.47,False
14,8,2011-12-16,59243.21,False
14,8,2011-12-23,68331.48,False
14,8,2011-12-30,45314.46,True
14,9,2011-12-02,19613.57,False
14,9,2011-12-09,20071.63,False
14,9,2011-12-16,18101.86,False
14,9,2011-12-23,29969.85,False
14,9,2011-12-30,15547.32,True
14,10,2011-12-02,16592.05,False
14,10,2011-12-09,21288.75,False
14,10,2011-12-16,24406.4,False
14,10,2011-12-23,28633.95,False
14,10,2011-12-30,18829.51,True
14,11,2011-12-02,23669.18,False
14,11,2011-12-09,25707.27,False
14,11,2011-12-16,25805.38,False
14,11,2011-12-23,26767.03,False
14,11,2011-12-30,20557.95,True
14,12,2011-12-02,4435.84,False
14,12,2011-12-09,4974.66,False
14,12,2011-12-16,3769.58,False
14,12,2011-12-23,4044.42,False
14,12,2011-12-30,3933.3,True
14,13,2011-12-02,60625.24,False
14,13,2011-12-09,60773.7,False
14,13,2011-12-16,57997.82,False
14,13,2011-12-23,61060.4,False
14,13,2011-12-30,48202.49,True
14,14,2011-12-02,30384.19,False
14,14,2011-12-09,38998.85,False
14,14,2011-12-16,50151.65,False
14,14,2011-12-23,78653.85,False
14,14,2011-12-30,33088.89,True
14,16,2011-12-02,2530.1,False
14,16,2011-12-09,2661.71,False
14,16,2011-12-16,2764.31,False
14,16,2011-12-23,3114.28,False
14,16,2011-12-30,2188.41,True
14,17,2011-12-02,27268.45,False
14,17,2011-12-09,25855.97,False
14,17,2011-12-16,30756.17,False
14,17,2011-12-23,38032.01,False
14,17,2011-12-30,21850.57,True
14,18,2011-12-02,115126.75,False
14,18,2011-12-09,89459.82,False
14,18,2011-12-16,63579.55,False
14,18,2011-12-23,60168.85,False
14,18,2011-12-30,33776.65,True
14,19,2011-12-02,2800.62,False
14,19,2011-12-09,3195.3,False
14,19,2011-12-16,3160.07,False
14,19,2011-12-23,3598.59,False
14,19,2011-12-30,1446.15,True
14,20,2011-12-02,12344.94,False
14,20,2011-12-09,8773.33,False
14,20,2011-12-16,9619.15,False
14,20,2011-12-23,12019.97,False
14,20,2011-12-30,9458.09,True
14,21,2011-12-02,10928.0,False
14,21,2011-12-09,13050.87,False
14,21,2011-12-16,16266.46,False
14,21,2011-12-23,21621.87,False
14,21,2011-12-30,8141.78,True
14,22,2011-12-02,22063.1,False
14,22,2011-12-09,24319.74,False
14,22,2011-12-16,30227.25,False
14,22,2011-12-23,42169.65,False
14,22,2011-12-30,22622.58,True
14,23,2011-12-02,37241.94,False
14,23,2011-12-09,48702.0,False
14,23,2011-12-16,63528.93,False
14,23,2011-12-23,96829.25,False
14,23,2011-12-30,42157.33,True
14,24,2011-12-02,9751.19,False
14,24,2011-12-09,11286.11,False
14,24,2011-12-16,15656.3,False
14,24,2011-12-23,20501.11,False
14,24,2011-12-30,6507.5,True
14,25,2011-12-02,13744.67,False
14,25,2011-12-09,18147.51,False
14,25,2011-12-16,17784.28,False
14,25,2011-12-23,26828.6,False
14,25,2011-12-30,14291.6,True
14,26,2011-12-02,13065.46,False
14,26,2011-12-09,14804.41,False
14,26,2011-12-16,16326.09,False
14,26,2011-12-23,20416.58,False
14,26,2011-12-30,8173.92,True
14,27,2011-12-02,2977.12,False
14,27,2011-12-09,3576.34,False
14,27,2011-12-16,4890.25,False
14,27,2011-12-23,7962.59,False
14,27,2011-12-30,3603.69,True
14,28,2011-12-02,1531.32,False
14,28,2011-12-09,1739.39,False
14,28,2011-12-16,1746.32,False
14,28,2011-12-23,2027.18,False
14,28,2011-12-30,1346.85,True
14,29,2011-12-02,11858.73,False
14,29,2011-12-09,13041.04,False
14,29,2011-12-16,19500.46,False
14,29,2011-12-23,30423.15,False
14,29,2011-12-30,12866.84,True
14,30,2011-12-02,4238.99,False
14,30,2011-12-09,5273.86,False
14,30,2011-12-16,4683.2,False
14,30,2011-12-23,6313.2,False
14,30,2011-12-30,5433.05,True
14,31,2011-12-02,3293.07,False
14,31,2011-12-09,3869.59,False
14,31,2011-12-16,6068.14,False
14,31,2011-12-23,8341.06,False
14,31,2011-12-30,3012.28,True
14,32,2011-12-02,15939.5,False
14,32,2011-12-09,17194.52,False
14,32,2011-12-16,25844.03,False
14,32,2011-12-23,55368.2,False
14,32,2011-12-30,29186.72,True
14,33,2011-12-02,10531.82,False
14,33,2011-12-09,12930.69,False
14,33,2011-12-16,15171.43,False
14,33,2011-12-23,19790.7,False
14,33,2011-12-30,6717.62,True
14,34,2011-12-02,19667.54,False
14,34,2011-12-09,22418.18,False
14,34,2011-12-16,22667.81,False
14,34,2011-12-23,29115.65,False
14,34,2011-12-30,18950.02,True
14,35,2011-12-02,4257.11,False
14,35,2011-12-09,4770.24,False
14,35,2011-12-16,4393.43,False
14,35,2011-12-23,6650.96,False
14,35,2011-12-30,3326.45,True
14,36,2011-12-02,1435.54,False
14,36,2011-12-09,3186.3,False
14,36,2011-12-16,2854.53,False
14,36,2011-12-23,5647.31,False
14,36,2011-12-30,1763.5,True
14,38,2011-12-02,116776.45,False
14,38,2011-12-09,103665.14,False
14,38,2011-12-16,106246.29,False
14,38,2011-12-23,97467.59,False
14,38,2011-12-30,96519.93,True
14,40,2011-12-02,70825.71,False
14,40,2011-12-09,73647.68,False
14,40,2011-12-16,71102.35,False
14,40,2011-12-23,76496.45,False
14,40,2011-12-30,63782.42,True
14,41,2011-12-02,3784.25,False
14,41,2011-12-09,6071.25,False
14,41,2011-12-16,7117.91,False
14,41,2011-12-23,15012.72,False
14,41,2011-12-30,4325.42,True
14,42,2011-12-02,8707.85,False
14,42,2011-12-09,7725.02,False
14,42,2011-12-16,8138.58,False
14,42,2011-12-23,8210.2,False
14,42,2011-12-30,6286.72,True
14,44,2011-12-02,9761.25,False
14,44,2011-12-09,9378.32,False
14,44,2011-12-16,9976.19,False
14,44,2011-12-23,10608.12,False
14,44,2011-12-30,5260.67,True
14,46,2011-12-02,30254.75,False
14,46,2011-12-09,36260.53,False
14,46,2011-12-16,46088.23,False
14,46,2011-12-23,75263.52,False
14,46,2011-12-30,39076.25,True
14,47,2011-12-09,-59.0,False
14,47,2011-12-23,-59.0,False
14,47,2011-12-30,49.92,True
14,49,2011-12-02,9496.52,False
14,49,2011-12-09,11416.1,False
14,49,2011-12-16,10233.15,False
14,49,2011-12-23,6886.53,False
14,49,2011-12-30,9093.6,True
14,50,2011-12-02,2044.0,False
14,50,2011-12-09,1814.0,False
14,50,2011-12-16,1510.0,False
14,50,2011-12-23,1567.0,False
14,50,2011-12-30,1271.0,True
14,51,2011-12-09,2.96,False
14,52,2011-12-02,3437.54,False
14,52,2011-12-09,4463.63,False
14,52,2011-12-16,4292.33,False
14,52,2011-12-23,4885.25,False
14,52,2011-12-30,2347.96,True
14,54,2011-12-02,54.24,False
14,54,2011-12-09,110.56,False
14,54,2011-12-16,157.88,False
14,54,2011-12-23,338.14,False
14,54,2011-12-30,132.88,True
14,55,2011-12-02,28766.93,False
14,55,2011-12-09,36251.95,False
14,55,2011-12-16,46584.55,False
14,55,2011-12-23,69044.21,False
14,55,2011-12-30,34992.13,True
14,56,2011-12-02,3106.4,False
14,56,2011-12-09,4139.03,False
14,56,2011-12-16,3053.35,False
14,56,2011-12-23,2794.07,False
14,56,2011-12-30,1144.53,True
14,58,2011-12-02,11640.0,False
14,58,2011-12-09,11405.0,False
14,58,2011-12-16,9293.97,False
14,58,2011-12-23,16455.0,False
14,58,2011-12-30,12037.5,True
14,59,2011-12-02,1315.15,False
14,59,2011-12-09,3221.09,False
14,59,2011-12-16,6684.75,False
14,59,2011-12-23,14450.28,False
14,59,2011-12-30,7462.76,True
14,60,2011-12-02,572.0,False
14,60,2011-12-09,827.2,False
14,60,2011-12-16,932.8,False
14,60,2011-12-23,1003.2,False
14,60,2011-12-30,176.0,True
14,67,2011-12-02,13813.23,False
14,67,2011-12-09,20757.48,False
14,67,2011-12-16,26148.08,False
14,67,2011-12-23,39707.17,False
14,67,2011-12-30,16750.88,True
14,71,2011-12-02,10326.5,False
14,71,2011-12-09,9734.62,False
14,71,2011-12-16,12786.0,False
14,71,2011-12-23,17366.02,False
14,71,2011-12-30,13232.18,True
14,72,2011-12-02,120801.48,False
14,72,2011-12-09,130873.98,False
14,72,2011-12-16,133840.31,False
14,72,2011-12-23,254275.88,False
14,72,2011-12-30,121244.67,True
14,74,2011-12-02,22379.87,False
14,74,2011-12-09,22352.6,False
14,74,2011-12-16,26033.72,False
14,74,2011-12-23,30261.34,False
14,74,2011-12-30,25818.02,True
14,77,2011-12-02,318.0,False
14,77,2011-12-09,159.0,False
14,78,2011-12-23,0.0,False
14,78,2011-12-30,12.88,True
14,79,2011-12-02,36870.77,False
14,79,2011-12-09,39124.01,False
14,79,2011-12-16,38928.37,False
14,79,2011-12-23,41967.26,False
14,79,2011-12-30,31047.26,True
14,80,2011-12-02,33966.0,False
14,80,2011-12-09,37807.43,False
14,80,2011-12-16,36286.62,False
14,80,2011-12-23,40330.74,False
14,80,2011-12-30,28620.0,True
14,81,2011-12-02,36889.61,False
14,81,2011-12-09,39958.49,False
14,81,2011-12-16,37325.98,False
14,81,2011-12-23,39354.17,False
14,81,2011-12-30,26872.98,True
14,82,2011-12-02,37061.29,False
14,82,2011-12-09,52857.01,False
14,82,2011-12-16,65834.95,False
14,82,2011-12-23,119908.09,False
14,82,2011-12-30,49755.86,True
14,83,2011-12-02,7659.54,False
14,83,2011-12-09,10954.5,False
14,83,2011-12-16,10074.24,False
14,83,2011-12-23,15321.04,False
14,83,2011-12-30,11038.33,True
14,85,2011-12-02,2623.22,False
14,85,2011-12-09,3643.76,False
14,85,2011-12-16,4538.92,False
14,85,2011-12-23,6674.38,False
14,85,2011-12-30,1373.78,True
14,87,2011-12-02,21111.48,False
14,87,2011-12-09,19731.94,False
14,87,2011-12-16,22107.02,False
14,87,2011-12-23,28228.89,False
14,87,2011-12-30,22966.77,True
14,90,2011-12-02,99589.33,False
14,90,2011-12-09,119985.86,False
14,90,2011-12-16,115607.91,False
14,90,2011-12-23,142419.6,False
14,90,2011-12-30,95516.23,True
14,91,2011-12-02,81410.3,False
14,91,2011-12-09,101103.17,False
14,91,2011-12-16,85304.23,False
14,91,2011-12-23,87312.36,False
14,91,2011-12-30,66269.19,True
14,92,2011-12-02,172338.47,False
14,92,2011-12-09,227088.13,False
14,92,2011-12-16,209598.85,False
14,92,2011-12-23,240895.28,False
14,92,2011-12-30,148956.43,True
14,93,2011-12-02,50073.31,False
14,93,2011-12-09,64016.47,False
14,93,2011-12-16,54662.85,False
14,93,2011-12-23,72621.3,False
14,93,2011-12-30,48749.44,True
14,94,2011-12-02,47618.01,False
14,94,2011-12-09,55867.11,False
14,94,2011-12-16,51414.81,False
14,94,2011-12-23,63514.58,False
14,94,2011-12-30,47225.95,True
14,95,2011-12-02,124023.09,False
14,95,2011-12-09,148827.47,False
14,95,2011-12-16,132958.57,False
14,95,2011-12-23,150971.12,False
14,95,2011-12-30,106706.61,True
14,96,2011-12-16,16.84,False
14,97,2011-12-02,20770.22,False
14,97,2011-12-09,27590.57,False
14,97,2011-12-16,24607.22,False
14,97,2011-12-23,30216.4,False
14,97,2011-12-30,22216.28,True
14,98,2011-12-02,15146.25,False
14,98,2011-12-09,18994.17,False
14,98,2011-12-16,20458.21,False
14,98,2011-12-23,28772.84,False
14,98,2011-12-30,18973.62,True
14,99,2011-12-09,1435.0,False
14,99,2011-12-16,6910.0,False
14,99,2011-12-23,6020.0,False
15,1,2011-12-02,15210.42,False
15,1,2011-12-09,22084.64,False
15,1,2011-12-16,31539.28,False
15,1,2011-12-23,43921.97,False
15,1,2011-12-30,15332.51,True
15,2,2011-12-02,28211.81,False
15,2,2011-12-09,30336.39,False
15,2,2011-12-16,33284.59,False
15,2,2011-12-23,44032.09,False
15,2,2011-12-30,23034.18,True
15,3,2011-12-02,9028.89,False
15,3,2011-12-09,10595.72,False
15,3,2011-12-16,11668.87,False
15,3,2011-12-23,15666.46,False
15,3,2011-12-30,6592.15,True
15,4,2011-12-02,12838.2,False
15,4,2011-12-09,13461.23,False
15,4,2011-12-16,13152.5,False
15,4,2011-12-23,15159.05,False
15,4,2011-12-30,12228.36,True
15,5,2011-12-02,23213.0,False
15,5,2011-12-09,26280.26,False
15,5,2011-12-16,39793.29,False
15,5,2011-12-23,55811.97,False
15,5,2011-12-30,24378.17,True
15,6,2011-12-02,3502.13,False
15,6,2011-12-09,4146.8,False
15,6,2011-12-16,6597.78,False
15,6,2011-12-23,13922.69,False
15,6,2011-12-30,4735.2,True
15,7,2011-12-02,41315.96,False
15,7,2011-12-09,52986.81,False
15,7,2011-12-16,70167.12,False
15,7,2011-12-23,103844.59,False
15,7,2011-12-30,22929.47,True
15,8,2011-12-02,21471.63,False
15,8,2011-12-09,23225.98,False
15,8,2011-12-16,24091.42,False
15,8,2011-12-23,30526.75,False
15,8,2011-12-30,19098.63,True
15,9,2011-12-02,9312.29,False
15,9,2011-12-09,11055.62,False
15,9,2011-12-16,14194.86,False
15,9,2011-12-23,22070.24,False
15,9,2011-12-30,7006.78,True
15,10,2011-12-02,10961.26,False
15,10,2011-12-09,11505.95,False
15,10,2011-12-16,12535.14,False
15,10,2011-12-23,18580.22,False
15,10,2011-12-30,14162.98,True
15,11,2011-12-02,15052.29,False
15,11,2011-12-09,15314.58,False
15,11,2011-12-16,14787.31,False
15,11,2011-12-23,15728.01,False
15,11,2011-12-30,10400.71,True
15,12,2011-12-02,3125.42,False
15,12,2011-12-09,2009.12,False
15,12,2011-12-16,2130.46,False
15,12,2011-12-23,2602.91,False
15,12,2011-12-30,2065.55,True
15,13,2011-12-02,17841.58,False
15,13,2011-12-09,17071.87,False
15,13,2011-12-16,15187.24,False
15,13,2011-12-23,17143.74,False
15,13,2011-12-30,14038.39,True
15,14,2011-12-02,15781.96,False
15,14,2011-12-09,17786.59,False
15,14,2011-12-16,26141.96,False
15,14,2011-12-23,39709.29,False
15,14,2011-12-30,14746.29,True
15,16,2011-12-02,1679.74,False
15,16,2011-12-09,2578.0,False
15,16,2011-12-16,1863.42,False
15,16,2011-12-23,2939.3,False
15,16,2011-12-30,2860.49,True
15,17,2011-12-02,13277.57,False
15,17,2011-12-09,13174.06,False
15,17,2011-12-16,14994.72,False
15,17,2011-12-23,23101.37,False
15,17,2011-12-30,11365.83,True
15,18,2011-12-02,59585.47,False
15,18,2011-12-09,44164.89,False
15,18,2011-12-16,27099.96,False
15,18,2011-12-23,25456.32,False
15,18,2011-12-30,12439.07,True
15,19,2011-12-02,881.54,False
15,19,2011-12-09,1645.93,False
15,19,2011-12-16,1348.51,False
15,19,2011-12-23,1325.25,False
15,19,2011-12-30,806.72,True
15,20,2011-12-02,3700.14,False
15,20,2011-12-09,3572.57,False
15,20,2011-12-16,3576.75,False
15,20,2011-12-23,5026.41,False
15,20,2011-12-30,2806.96,True
15,21,2011-12-02,3850.82,False
15,21,2011-12-09,4326.46,False
15,21,2011-12-16,5085.88,False
15,21,2011-12-23,6728.51,False
15,21,2011-12-30,2856.63,True
15,22,2011-12-02,7078.68,False
15,22,2011-12-09,9539.53,False
15,22,2011-12-16,10446.54,False
15,22,2011-12-23,16547.71,False
15,22,2011-12-30,6728.77,True
15,23,2011-12-02,23047.44,False
15,23,2011-12-09,31135.52,False
15,23,2011-12-16,38604.86,False
15,23,2011-12-23,58823.35,False
15,23,2011-12-30,20062.44,True
15,24,2011-12-02,5529.13,False
15,24,2011-12-09,7424.89,False
15,24,2011-12-16,8526.89,False
15,24,2011-12-23,9999.98,False
15,24,2011-12-30,2411.39,True
15,25,2011-12-02,7233.99,False
15,25,2011-12-09,9929.95,False
15,25,2011-12-16,10870.05,False
15,25,2011-12-23,14823.62,False
15,25,2011-12-30,8009.31,True
15,26,2011-12-02,5946.8,False
15,26,2011-12-09,6515.86,False
15,26,2011-12-16,6928.09,False
15,26,2011-12-23,9846.72,False
15,26,2011-12-30,3481.75,True
15,27,2011-12-02,1970.28,False
15,27,2011-12-09,2556.94,False
15,27,2011-12-16,3383.29,False
15,27,2011-12-23,4648.67,False
15,27,2011-12-30,2134.47,True
15,28,2011-12-02,809.04,False
15,28,2011-12-09,1007.05,False
15,28,2011-12-16,1024.97,False
15,28,2011-12-23,1234.59,False
15,28,2011-12-30,618.86,True
15,29,2011-12-02,4754.17,False
15,29,2011-12-09,5992.57,False
15,29,2011-12-16,8653.19,False
15,29,2011-12-23,11902.43,False
15,29,2011-12-30,5228.11,True
15,30,2011-12-02,2269.66,False
15,30,2011-12-09,2999.82,False
15,30,2011-12-16,3099.5,False
15,30,2011-12-23,3925.26,False
15,30,2011-12-30,2882.18,True
15,31,2011-12-02,2592.15,False
15,31,2011-12-09,3601.9,False
15,31,2011-12-16,4173.43,False
15,31,2011-12-23,6816.33,False
15,31,2011-12-30,3153.53,True
15,32,2011-12-02,5734.44,False
15,32,2011-12-09,6566.43,False
15,32,2011-12-16,10305.66,False
15,32,2011-12-23,19640.64,False
15,32,2011-12-30,7709.2,True
15,33,2011-12-02,4979.21,False
15,33,2011-12-09,6433.48,False
15,33,2011-12-16,7618.64,False
15,33,2011-12-23,9381.25,False
15,33,2011-12-30,2391.1,True
15,34,2011-12-02,11929.82,False
15,34,2011-12-09,12764.08,False
15,34,2011-12-16,14487.96,False
15,34,2011-12-23,18501.71,False
15,34,2011-12-30,8760.58,True
15,35,2011-12-02,2706.88,False
15,35,2011-12-09,3510.15,False
15,35,2011-12-16,3345.17,False
15,35,2011-12-23,4074.93,False
15,35,2011-12-30,2052.68,True
15,36,2011-12-02,1652.15,False
15,36,2011-12-09,1517.27,False
15,36,2011-12-16,1993.77,False
15,36,2011-12-23,2940.03,False
15,36,2011-12-30,1210.52,True
15,38,2011-12-02,52544.0,False
15,38,2011-12-09,55212.25,False
15,38,2011-12-16,54997.56,False
15,38,2011-12-23,54101.9,False
15,38,2011-12-30,50366.81,True
15,40,2011-12-02,31022.59,False
15,40,2011-12-09,32427.96,False
15,40,2011-12-16,31485.59,False
15,40,2011-12-23,36703.33,False
15,40,2011-12-30,26127.38,True
15,41,2011-12-02,1880.22,False
15,41,2011-12-09,2760.41,False
15,41,2011-12-16,3027.19,False
15,41,2011-12-23,4804.75,False
15,41,2011-12-30,1205.94,True
15,42,2011-12-02,4395.61,False
15,42,2011-12-09,3066.85,False
15,42,2011-12-16,3174.45,False
15,42,2011-12-23,3295.25,False
15,42,2011-12-30,2465.05,True
15,44,2011-12-02,5206.64,False
15,44,2011-12-09,6084.54,False
15,44,2011-12-16,7522.15,False
15,44,2011-12-23,9473.9,False
15,44,2011-12-30,3782.49,True
15,46,2011-12-02,13846.09,False
15,46,2011-12-09,14986.33,False
15,46,2011-12-16,18380.24,False
15,46,2011-12-23,26604.22,False
15,46,2011-12-30,15043.81,True
15,49,2011-12-02,6455.09,False
15,49,2011-12-09,9750.54,False
15,49,2011-12-16,7578.76,False
15,49,2011-12-23,7407.82,False
15,49,2011-12-30,15436.09,True
15,50,2011-12-02,1390.0,False
15,50,2011-12-09,2013.0,False
15,50,2011-12-16,1318.0,False
15,50,2011-12-23,1291.0,False
15,50,2011-12-30,3337.0,True
15,51,2011-12-16,9.96,False
15,52,2011-12-02,2227.07,False
15,52,2011-12-09,2037.9,False
15,52,2011-12-16,1840.81,False
15,52,2011-12-23,2174.83,False
15,52,2011-12-30,1230.37,True
15,54,2011-12-09,32.42,False
15,54,2011-12-16,20.0,False
15,54,2011-12-23,68.88,False
15,54,2011-12-30,186.4,True
15,55,2011-12-02,11685.13,False
15,55,2011-12-09,15852.29,False
15,55,2011-12-16,22374.62,False
15,55,2011-12-23,30131.98,False
15,55,2011-12-30,14772.41,True
15,56,2011-12-02,1212.82,False
15,56,2011-12-09,1707.78,False
15,56,2011-12-16,1130.76,False
15,56,2011-12-23,1109.83,False
15,56,2011-12-30,77.07,True
15,58,2011-12-02,1820.0,False
15,58,2011-12-09,730.0,False
15,58,2011-12-16,720.0,False
15,58,2011-12-23,2740.0,False
15,58,2011-12-30,1130.0,True
15,59,2011-12-02,584.4,False
15,59,2011-12-09,1035.17,False
15,59,2011-12-16,1080.47,False
15,59,2011-12-23,2188.21,False
15,59,2011-12-30,1258.14,True
15,60,2011-12-02,184.8,False
15,60,2011-12-09,255.2,False
15,60,2011-12-16,360.8,False
15,60,2011-12-23,378.4,False
15,60,2011-12-30,44.0,True
15,67,2011-12-02,6478.41,False
15,67,2011-12-09,8221.08,False
15,67,2011-12-16,10532.81,False
15,67,2011-12-23,16541.23,False
15,67,2011-12-30,6545.04,True
15,71,2011-12-02,3576.57,False
15,71,2011-12-09,3371.21,False
15,71,2011-12-16,5902.91,False
15,71,2011-12-23,7702.4,False
15,71,2011-12-30,4153.01,True
15,72,2011-12-02,45707.8,False
15,72,2011-12-09,40725.49,False
15,72,2011-12-16,55351.77,False
15,72,2011-12-23,96546.87,False
15,72,2011-12-30,46251.03,True
15,74,2011-12-02,10982.21,False
15,74,2011-12-09,11634.39,False
15,74,2011-12-16,13513.48,False
15,74,2011-12-23,13703.89,False
15,74,2011-12-30,13712.49,True
15,77,2011-12-02,159.0,False
15,77,2011-12-23,204.0,False
15,78,2011-12-30,-12.88,True
15,79,2011-12-02,8043.98,False
15,79,2011-12-09,9012.62,False
15,79,2011-12-16,7858.96,False
15,79,2011-12-23,9281.6,False
15,79,2011-12-30,6699.52,True
15,80,2011-12-02,-45.25,False
15,80,2011-12-09,95.8,False
15,80,2011-12-16,76.74,False
15,80,2011-12-23,196.62,False
15,80,2011-12-30,44.9,True
15,81,2011-12-02,4511.87,False
15,81,2011-12-09,5223.7,False
15,81,2011-12-16,4817.44,False
15,81,2011-12-23,4381.58,False
15,81,2011-12-30,3282.03,True
15,82,2011-12-02,13756.55,False
15,82,2011-12-09,16294.01,False
15,82,2011-12-16,23561.44,False
15,82,2011-12-23,46475.87,False
15,82,2011-12-30,18462.88,True
15,83,2011-12-02,291.74,False
15,83,2011-12-09,649.6,False
15,83,2011-12-16,531.9,False
15,83,2011-12-23,653.56,False
15,83,2011-12-30,558.28,True
15,85,2011-12-02,4609.29,False
15,85,2011-12-09,7486.43,False
15,85,2011-12-16,14160.78,False
15,85,2011-12-23,15114.58,False
15,85,2011-12-30,3300.0,True
15,87,2011-12-02,10174.53,False
15,87,2011-12-09,11336.97,False
15,87,2011-12-16,11373.85,False
15,87,2011-12-23,15103.22,False
15,87,2011-12-30,10389.31,True
15,90,2011-12-02,5845.97,False
15,90,2011-12-09,6514.96,False
15,90,2011-12-16,6734.78,False
15,90,2011-12-23,8334.23,False
15,90,2011-12-30,5771.57,True
15,91,2011-12-02,3525.57,False
15,91,2011-12-09,3379.12,False
15,91,2011-12-16,3211.2,False
15,91,2011-12-23,3081.94,False
15,91,2011-12-30,3068.13,True
15,92,2011-12-02,20633.5,False
15,92,2011-12-09,22279.97,False
15,92,2011-12-16,23200.85,False
15,92,2011-12-23,28407.27,False
15,92,2011-12-30,18227.35,True
15,93,2011-12-02,361.88,False
15,93,2011-12-09,308.76,False
15,93,2011-12-16,283.09,False
15,93,2011-12-23,393.89,False
15,93,2011-12-30,283.79,True
15,94,2011-12-02,438.98,False
15,94,2011-12-09,390.98,False
15,94,2011-12-16,190.84,False
15,94,2011-12-23,349.12,False
15,94,2011-12-30,84.9,True
15,95,2011-12-02,23911.71,False
15,95,2011-12-09,26510.31,False
15,95,2011-12-16,26865.56,False
15,95,2011-12-23,31351.39,False
15,95,2011-12-30,21505.83,True
15,96,2011-12-02,1496.19,False
15,96,2011-12-09,1794.41,False
15,96,2011-12-16,2119.27,False
15,96,2011-12-23,3420.25,False
15,96,2011-12-30,2268.06,True
15,97,2011-12-02,1542.87,False
15,97,2011-12-09,1829.36,False
15,97,2011-12-16,1767.86,False
15,97,2011-12-23,1697.7,False
15,97,2011-12-30,1349.88,True
15,98,2011-12-02,494.87,False
15,98,2011-12-09,734.83,False
15,98,2011-12-16,635.53,False
15,98,2011-12-23,872.0,False
15,98,2011-12-30,332.75,True
16,1,2011-12-02,11075.5,False
16,1,2011-12-09,14653.15,False
16,1,2011-12-16,18978.16,False
16,1,2011-12-23,28386.85,False
16,1,2011-12-30,14351.12,True
16,2,2011-12-02,22241.47,False
16,2,2011-12-09,23001.46,False
16,2,2011-12-16,26507.22,False
16,2,2011-12-23,41615.51,False
16,2,2011-12-30,29829.61,True
16,3,2011-12-02,6554.74,False
16,3,2011-12-09,7670.16,False
16,3,2011-12-16,10615.02,False
16,3,2011-12-23,12427.63,False
16,3,2011-12-30,8062.15,True
16,4,2011-12-02,13876.12,False
16,4,2011-12-09,15014.5,False
16,4,2011-12-16,15707.88,False
16,4,2011-12-23,18251.33,False
16,4,2011-12-30,16922.76,True
16,5,2011-12-02,16533.61,False
16,5,2011-12-09,18802.24,False
16,5,2011-12-16,26581.81,False
16,5,2011-12-23,50342.87,False
16,5,2011-12-30,24536.79,True
16,6,2011-12-02,2740.7,False
16,6,2011-12-09,4075.38,False
16,6,2011-12-16,7408.84,False
16,6,2011-12-23,10970.22,False
16,6,2011-12-30,9107.95,True
16,7,2011-12-02,10968.53,False
16,7,2011-12-09,15499.92,False
16,7,2011-12-16,24185.15,False
16,7,2011-12-23,43239.05,False
16,7,2011-12-30,17025.57,True
16,8,2011-12-02,14669.66,False
16,8,2011-12-09,15257.47,False
16,8,2011-12-16,15888.28,False
16,8,2011-12-23,20571.65,False
16,8,2011-12-30,13696.94,True
16,9,2011-12-02,9699.99,False
16,9,2011-12-09,10645.7,False
16,9,2011-12-16,16018.16,False
16,9,2011-12-23,27437.34,False
16,9,2011-12-30,17246.59,True
16,10,2011-12-02,12153.38,False
16,10,2011-12-09,14162.17,False
16,10,2011-12-16,12442.99,False
16,10,2011-12-23,15986.18,False
16,10,2011-12-30,10694.03,True
16,11,2011-12-02,19286.0,False
16,11,2011-12-09,19222.96,False
16,11,2011-12-16,16620.35,False
16,11,2011-12-23,21939.25,False
16,11,2011-12-30,18947.23,True
16,12,2011-12-02,3120.48,False
16,12,2011-12-09,3361.92,False
16,12,2011-12-16,3157.45,False
16,12,2011-12-23,3009.42,False
16,12,2011-12-30,2605.86,True
16,13,2011-12-02,14552.89,False
16,13,2011-12-09,13398.27,False
16,13,2011-12-16,13584.57,False
16,13,2011-12-23,16342.85,False
16,13,2011-12-30,16077.87,True
16,14,2011-12-02,8829.63,False
16,14,2011-12-09,10942.64,False
16,14,2011-12-16,15112.11,False
16,14,2011-12-23,25748.87,False
16,14,2011-12-30,16605.06,True
16,16,2011-12-02,2614.47,False
16,16,2011-12-09,2428.84,False
16,16,2011-12-16,2374.23,False
16,16,2011-12-23,2140.35,False
16,16,2011-12-30,1485.87,True
16,17,2011-12-02,9020.5,False
16,17,2011-12-09,11484.58,False
16,17,2011-12-16,11825.51,False
16,17,2011-12-23,17597.84,False
16,17,2011-12-30,12041.61,True
16,18,2011-12-02,19453.03,False
16,18,2011-12-09,22229.5,False
16,18,2011-12-16,16164.04,False
16,18,2011-12-23,11835.75,False
16,18,2011-12-30,3807.52,True
16,19,2011-12-02,1699.86,False
16,19,2011-12-09,1669.86,False
16,19,2011-12-16,1318.83,False
16,19,2011-12-23,1782.11,False
16,19,2011-12-30,1152.24,True
16,20,2011-12-02,4165.55,False
16,20,2011-12-09,3577.38,False
16,20,2011-12-16,3546.8,False
16,20,2011-12-23,5839.55,False
16,20,2011-12-30,4126.32,True
16,21,2011-12-02,2923.67,False
16,21,2011-12-09,3447.87,False
16,21,2011-12-16,4862.65,False
16,21,2011-12-23,9170.28,False
16,21,2011-12-30,5019.57,True
16,22,2011-12-02,7104.29,False
16,22,2011-12-09,6883.02,False
16,22,2011-12-16,9010.87,False
16,22,2011-12-23,13614.44,False
16,22,2011-12-30,12266.44,True
16,23,2011-12-02,11855.81,False
16,23,2011-12-09,15305.55,False
16,23,2011-12-16,20703.63,False
16,23,2011-12-23,31152.4,False
16,23,2011-12-30,17441.72,True
16,24,2011-12-02,3110.99,False
16,24,2011-12-09,3080.7,False
16,24,2011-12-16,5385.93,False
16,24,2011-12-23,6202.21,False
16,24,2011-12-30,2729.6,True
16,25,2011-12-02,4019.63,False
16,25,2011-12-09,5270.53,False
16,25,2011-12-16,8528.78,False
16,25,2011-12-23,10789.64,False
16,25,2011-12-30,5561.75,True
16,26,2011-12-02,2554.11,False
16,26,2011-12-09,2884.9,False
16,26,2011-12-16,3947.64,False
16,26,2011-12-23,5122.19,False
16,26,2011-12-30,2755.06,True
16,27,2011-12-02,871.96,False
16,27,2011-12-09,749.01,False
16,27,2011-12-16,858.42,False
16,27,2011-12-23,1658.69,False
16,27,2011-12-30,1240.86,True
16,28,2011-12-02,333.55,False
16,28,2011-12-09,543.22,False
16,28,2011-12-16,608.46,False
16,28,2011-12-23,575.78,False
16,28,2011-12-30,685.46,True
16,29,2011-12-02,1832.32,False
16,29,2011-12-09,1636.02,False
16,29,2011-12-16,1994.84,False
16,29,2011-12-23,3304.96,False
16,29,2011-12-30,2273.64,True
16,30,2011-12-02,663.4,False
16,30,2011-12-09,715.92,False
16,30,2011-12-16,856.46,False
16,30,2011-12-23,1330.32,False
16,30,2011-12-30,1336.02,True
16,31,2011-12-02,1492.6,False
16,31,2011-12-09,2203.45,False
16,31,2011-12-16,2367.11,False
16,31,2011-12-23,4534.43,False
16,31,2011-12-30,2659.55,True
16,32,2011-12-02,4285.99,False
16,32,2011-12-09,5103.58,False
16,32,2011-12-16,7580.21,False
16,32,2011-12-23,16301.0,False
16,32,2011-12-30,10320.79,True
16,33,2011-12-02,2632.82,False
16,33,2011-12-09,2487.13,False
16,33,2011-12-16,3938.36,False
16,33,2011-12-23,5959.61,False
16,33,2011-12-30,2471.14,True
16,34,2011-12-02,3283.42,False
16,34,2011-12-09,4046.35,False
16,34,2011-12-16,5589.62,False
16,34,2011-12-23,5879.15,False
16,34,2011-12-30,4453.55,True
16,35,2011-12-02,470.49,False
16,35,2011-12-09,417.88,False
16,35,2011-12-16,700.74,False
16,35,2011-12-23,692.99,False
16,35,2011-12-30,276.43,True
16,36,2011-12-02,2165.49,False
16,36,2011-12-09,2167.13,False
16,36,2011-12-16,3293.89,False
16,36,2011-12-23,5390.86,False
16,36,2011-12-30,2965.25,True
16,38,2011-12-02,60164.55,False
16,38,2011-12-09,51588.43,False
16,38,2011-12-16,56136.16,False
16,38,2011-12-23,56023.84,False
16,38,2011-12-30,56844.18,True
16,40,2011-12-02,28956.9,False
16,40,2011-12-09,30145.38,False
16,40,2011-12-16,32942.16,False
16,40,2011-12-23,42300.7,False
16,40,2011-12-30,41544.27,True
16,41,2011-12-02,896.57,False
16,41,2011-12-09,1197.22,False
16,41,2011-12-16,1408.72,False
16,41,2011-12-23,3983.16,False
16,41,2011-12-30,2266.04,True
16,42,2011-12-02,3872.53,False
16,42,2011-12-09,3261.68,False
16,42,2011-12-16,2912.27,False
16,42,2011-12-23,3684.42,False
16,42,2011-12-30,3297.32,True
16,44,2011-12-02,5210.41,False
16,44,2011-12-09,7301.08,False
16,44,2011-12-16,7554.27,False
16,44,2011-12-23,9555.35,False
16,44,2011-12-30,4450.8,True
16,45,2011-12-09,5.77,False
16,45,2011-12-23,11.54,False
16,45,2011-12-30,5.77,True
16,46,2011-12-02,12785.45,False
16,46,2011-12-09,13322.87,False
16,46,2011-12-16,16700.04,False
16,46,2011-12-23,25690.33,False
16,46,2011-12-30,20800.95,True
16,47,2011-12-16,500.0,False
16,47,2011-12-30,54.0,True
16,48,2011-12-02,851.0,False
16,48,2011-12-16,634.0,False
16,48,2011-12-23,1339.0,False
16,49,2011-12-02,47.52,False
16,49,2011-12-09,109.89,False
16,49,2011-12-16,17.82,False
16,49,2011-12-23,59.4,False
16,49,2011-12-30,38.61,True
16,52,2011-12-02,1901.93,False
16,52,2011-12-09,2265.76,False
16,52,2011-12-16,2304.29,False
16,52,2011-12-23,3117.79,False
16,52,2011-12-30,2066.54,True
16,54,2011-12-09,54.12,False
16,54,2011-12-16,82.72,False
16,54,2011-12-23,92.36,False
16,55,2011-12-02,8115.71,False
16,55,2011-12-09,10582.45,False
16,55,2011-12-16,13407.09,False
16,55,2011-12-23,30427.03,False
16,55,2011-12-30,17751.01,True
16,56,2011-12-02,2102.78,False
16,56,2011-12-09,2604.58,False
16,56,2011-12-16,563.08,False
16,56,2011-12-23,405.72,False
16,56,2011-12-30,97.56,True
16,58,2011-12-16,600.0,False
16,59,2011-12-02,130.0,False
16,59,2011-12-09,170.0,False
16,59,2011-12-16,150.0,False
16,59,2011-12-23,460.2,False
16,59,2011-12-30,331.23,True
16,60,2011-12-02,96.8,False
16,60,2011-12-09,158.4,False
16,60,2011-12-16,448.8,False
16,60,2011-12-23,545.6,False
16,60,2011-12-30,202.4,True
16,67,2011-12-02,3609.57,False
16,67,2011-12-09,4553.17,False
16,67,2011-12-16,6376.47,False
16,67,2011-12-23,8158.01,False
16,67,2011-12-30,5242.76,True
16,71,2011-12-02,2182.9,False
16,71,2011-12-09,2254.07,False
16,71,2011-12-16,2074.82,False
16,71,2011-12-23,3774.65,False
16,71,2011-12-30,3862.41,True
16,72,2011-12-02,35234.98,False
16,72,2011-12-09,39009.62,False
16,72,2011-12-16,61767.79,False
16,72,2011-12-23,84481.1,False
16,72,2011-12-30,59135.83,True
16,74,2011-12-02,9846.95,False
16,74,2011-12-09,8180.48,False
16,74,2011-12-16,7832.83,False
16,74,2011-12-23,9568.44,False
16,74,2011-12-30,10842.54,True
16,77,2011-12-02,159.0,False
16,79,2011-12-02,5288.49,False
16,79,2011-12-09,5338.77,False
16,79,2011-12-16,5797.7,False
16,79,2011-12-23,7555.87,False
16,79,2011-12-30,6656.89,True
16,80,2011-12-02,704.54,False
16,80,2011-12-09,815.34,False
16,80,2011-12-16,901.53,False
16,80,2011-12-23,1102.8,False
16,80,2011-12-30,728.56,True
16,81,2011-12-02,3763.8,False
16,81,2011-12-09,3888.7,False
16,81,2011-12-16,3836.45,False
16,81,2011-12-23,4570.59,False
16,81,2011-12-30,3919.55,True
16,82,2011-12-02,10262.69,False
16,82,2011-12-09,10804.64,False
16,82,2011-12-16,12434.59,False
16,82,2011-12-23,26896.47,False
16,82,2011-12-30,15927.51,True
16,83,2011-12-02,309.92,False
16,83,2011-12-09,342.78,False
16,83,2011-12-16,368.04,False
16,83,2011-12-23,609.92,False
16,83,2011-12-30,293.48,True
16,85,2011-12-02,3600.96,False
16,85,2011-12-09,5754.25,False
16,85,2011-12-16,8456.01,False
16,85,2011-12-23,10048.27,False
16,85,2011-12-30,4004.69,True
16,87,2011-12-02,8457.33,False
16,87,2011-12-09,11683.4,False
16,87,2011-12-16,12173.95,False
16,87,2011-12-23,16443.79,False
16,87,2011-12-30,16143.53,True
16,90,2011-12-02,8887.1,False
16,90,2011-12-09,9807.71,False
16,90,2011-12-16,10918.48,False
16,90,2011-12-23,13645.59,False
16,90,2011-12-30,11504.25,True
16,91,2011-12-02,6347.62,False
16,91,2011-12-09,6791.87,False
16,91,2011-12-16,6791.54,False
16,91,2011-12-23,7734.43,False
16,91,2011-12-30,7011.57,True
16,92,2011-12-02,25277.83,False
16,92,2011-12-09,28758.97,False
16,92,2011-12-16,31788.62,False
16,92,2011-12-23,38759.69,False
16,92,2011-12-30,23949.94,True
16,93,2011-12-02,787.52,False
16,93,2011-12-09,818.48,False
16,93,2011-12-16,1143.48,False
16,93,2011-12-23,1362.64,False
16,93,2011-12-30,926.66,True
16,94,2011-12-30,7.24,True
16,95,2011-12-02,25498.1,False
16,95,2011-12-09,26434.19,False
16,95,2011-12-16,29203.72,False
16,95,2011-12-23,37424.56,False
16,95,2011-12-30,30177.89,True
16,96,2011-12-02,128.64,False
16,96,2011-12-09,134.49,False
16,96,2011-12-16,106.47,False
16,96,2011-12-23,200.67,False
16,96,2011-12-30,194.21,True
16,97,2011-12-02,2135.0,False
16,97,2011-12-09,2604.68,False
16,97,2011-12-16,2826.86,False
16,97,2011-12-23,3441.58,False
16,97,2011-12-30,2771.72,True
16,98,2011-12-02,21.1,False
16,98,2011-12-09,15.26,False
16,98,2011-12-16,56.12,False
16,98,2011-12-23,72.88,False
16,98,2011-12-30,29.23,True
17,1,2011-12-02,26496.28,False
17,1,2011-12-09,38675.68,False
17,1,2011-12-16,49784.63,False
17,1,2011-12-23,58218.9,False
17,1,2011-12-30,18767.08,True
17,2,2011-12-02,41737.79,False
17,2,2011-12-09,41563.37,False
17,2,2011-12-16,46529.84,False
17,2,2011-12-23,55408.65,False
17,2,2011-12-30,35174.72,True
17,3,2011-12-02,22356.54,False
17,3,2011-12-09,18427.16,False
17,3,2011-12-16,18666.68,False
17,3,2011-12-23,19771.22,False
17,3,2011-12-30,11495.34,True
17,4,2011-12-02,21504.53,False
17,4,2011-12-09,22688.87,False
17,4,2011-12-16,23898.84,False
17,4,2011-12-23,22039.24,False
17,4,2011-12-30,19655.08,True
17,5,2011-12-02,27968.38,False
17,5,2011-12-09,39873.44,False
17,5,2011-12-16,49399.79,False
17,5,2011-12-23,73653.56,False
17,5,2011-12-30,37741.86,True
17,6,2011-12-02,4641.29,False
17,6,2011-12-09,4633.43,False
17,6,2011-12-16,6300.63,False
17,6,2011-12-23,15686.57,False
17,6,2011-12-30,5032.0,True
17,7,2011-12-02,26543.19,False
17,7,2011-12-09,32871.53,False
17,7,2011-12-16,48038.46,False
17,7,2011-12-23,68464.99,False
17,7,2011-12-30,24751.23,True
17,8,2011-12-02,20333.76,False
17,8,2011-12-09,21041.38,False
17,8,2011-12-16,20771.68,False
17,8,2011-12-23,24904.79,False
17,8,2011-12-30,18444.97,True
17,9,2011-12-02,15389.48,False
17,9,2011-12-09,17415.03,False
17,9,2011-12-16,24157.39,False
17,9,2011-12-23,34730.32,False
17,9,2011-12-30,22088.98,True
17,10,2011-12-02,11005.8,False
17,10,2011-12-09,12965.82,False
17,10,2011-12-16,12828.39,False
17,10,2011-12-23,16244.8,False
17,10,2011-12-30,11287.38,True
17,11,2011-12-02,18192.0,False
17,11,2011-12-09,18714.05,False
17,11,2011-12-16,16680.35,False
17,11,2011-12-23,20392.58,False
17,11,2011-12-30,14553.13,True
17,12,2011-12-02,5513.21,False
17,12,2011-12-09,5313.35,False
17,12,2011-12-16,6426.93,False
17,12,2011-12-23,5388.75,False
17,12,2011-12-30,4957.71,True
17,13,2011-12-02,19758.98,False
17,13,2011-12-09,20332.51,False
17,13,2011-12-16,22249.63,False
17,13,2011-12-23,19206.64,False
17,13,2011-12-30,17801.29,True
17,14,2011-12-02,14715.06,False
17,14,2011-12-09,18292.84,False
17,14,2011-12-16,23074.08,False
17,14,2011-12-23,36582.75,False
17,14,2011-12-30,20195.68,True
17,16,2011-12-02,1137.88,False
17,16,2011-12-09,1136.79,False
17,16,2011-12-16,855.8,False
17,16,2011-12-23,1628.66,False
17,16,2011-12-30,1025.86,True
17,17,2011-12-02,12141.7,False
17,17,2011-12-09,12599.92,False
17,17,2011-12-16,14395.51,False
17,17,2011-12-23,17145.34,False
17,17,2011-12-30,12422.5,True
17,18,2011-12-02,46035.19,False
17,18,2011-12-09,31453.48,False
17,18,2011-12-16,21301.75,False
17,18,2011-12-23,18793.73,False
17,18,2011-12-30,16213.62,True
17,19,2011-12-02,5062.44,False
17,19,2011-12-09,4944.84,False
17,19,2011-12-16,4523.28,False
17,19,2011-12-23,3803.48,False
17,19,2011-12-30,2121.38,True
17,20,2011-12-02,2939.06,False
17,20,2011-12-09,2984.57,False
17,20,2011-12-16,3330.45,False
17,20,2011-12-23,4606.93,False
17,20,2011-12-30,4015.44,True
17,21,2011-12-02,4473.78,False
17,21,2011-12-09,4863.21,False
17,21,2011-12-16,6213.5,False
17,21,2011-12-23,8202.16,False
17,21,2011-12-30,3390.93,True
17,22,2011-12-02,6101.51,False
17,22,2011-12-09,8909.37,False
17,22,2011-12-16,9408.61,False
17,22,2011-12-23,15722.54,False
17,22,2011-12-30,8759.42,True
17,23,2011-12-02,14468.64,False
17,23,2011-12-09,17433.93,False
17,23,2011-12-16,21939.91,False
17,23,2011-12-23,32458.97,False
17,23,2011-12-30,10962.36,True
17,24,2011-12-02,7054.78,False
17,24,2011-12-09,7441.43,False
17,24,2011-12-16,9951.95,False
17,24,2011-12-23,11225.82,False
17,24,2011-12-30,3538.14,True
17,25,2011-12-02,4272.9,False
17,25,2011-12-09,4940.04,False
17,25,2011-12-16,6708.0,False
17,25,2011-12-23,8146.46,False
17,25,2011-12-30,3638.65,True
17,26,2011-12-02,7600.4,False
17,26,2011-12-09,8376.32,False
17,26,2011-12-16,11905.73,False
17,26,2011-12-23,11862.03,False
17,26,2011-12-30,4491.11,True
17,27,2011-12-02,1674.32,False
17,27,2011-12-09,2129.57,False
17,27,2011-12-16,3320.38,False
17,27,2011-12-23,4753.03,False
17,27,2011-12-30,1838.31,True
17,28,2011-12-02,1489.07,False
17,28,2011-12-09,1729.07,False
17,28,2011-12-16,1777.55,False
17,28,2011-12-23,1789.65,False
17,28,2011-12-30,1086.23,True
17,29,2011-12-02,3554.62,False
17,29,2011-12-09,3962.73,False
17,29,2011-12-16,5757.11,False
17,29,2011-12-23,7826.54,False
17,29,2011-12-30,3336.6,True
17,30,2011-12-02,1496.72,False
17,30,2011-12-09,1532.8,False
17,30,2011-12-16,1516.4,False
17,30,2011-12-23,1489.06,False
17,30,2011-12-30,1619.24,True
17,31,2011-12-02,1761.08,False
17,31,2011-12-09,2548.3,False
17,31,2011-12-16,2908.34,False
17,31,2011-12-23,3804.01,False
17,31,2011-12-30,1600.18,True
17,32,2011-12-02,7506.83,False
17,32,2011-12-09,9401.17,False
17,32,2011-12-16,12844.56,False
17,32,2011-12-23,19970.15,False
17,32,2011-12-30,7117.82,True
17,33,2011-12-02,5786.78,False
17,33,2011-12-09,6932.13,False
17,33,2011-12-16,8701.18,False
17,33,2011-12-23,11645.95,False
17,33,2011-12-30,3230.31,True
17,34,2011-12-02,9035.19,False
17,34,2011-12-09,8197.34,False
17,34,2011-12-16,9645.06,False
17,34,2011-12-23,9950.92,False
17,34,2011-12-30,6500.91,True
17,35,2011-12-02,821.64,False
17,35,2011-12-09,1356.14,False
17,35,2011-12-16,1221.22,False
17,35,2011-12-23,2058.94,False
17,35,2011-12-30,1459.51,True
17,36,2011-12-02,1627.08,False
17,36,2011-12-09,1640.6,False
17,36,2011-12-16,2603.78,False
17,36,2011-12-23,2138.25,False
17,36,2011-12-30,814.49,True
17,38,2011-12-02,88971.57,False
17,38,2011-12-09,78054.71,False
17,38,2011-12-16,78985.14,False
17,38,2011-12-23,81336.85,False
17,38,2011-12-30,63192.03,True
17,40,2011-12-02,47193.66,False
17,40,2011-12-09,43997.21,False
17,40,2011-12-16,45271.86,False
17,40,2011-12-23,43357.87,False
17,40,2011-12-30,38869.01,True
17,41,2011-12-02,58.91,False
17,41,2011-12-09,37.41,False
17,41,2011-12-16,57.35,False
17,41,2011-12-23,46.97,False
17,41,2011-12-30,-4.03,True
17,42,2011-12-02,3325.99,False
17,42,2011-12-09,2749.36,False
17,42,2011-12-16,3282.68,False
17,42,2011-12-23,3241.06,False
17,42,2011-12-30,2330.23,True
17,44,2011-12-02,11287.04,False
17,44,2011-12-09,12702.53,False
17,44,2011-12-16,11919.02,False
17,44,2011-12-23,11528.81,False
17,44,2011-12-30,5635.29,True
17,45,2011-12-09,19.91,False
17,45,2011-12-23,5.97,False
17,46,2011-12-02,25096.72,False
17,46,2011-12-09,26877.1,False
17,46,2011-12-16,29292.65,False
17,46,2011-12-23,34795.06,False
17,46,2011-12-30,23203.5,True
17,48,2011-12-02,1383.6,False
17,48,2011-12-09,883.0,False
17,48,2011-12-16,2064.99,False
17,48,2011-12-23,3507.0,False
17,48,2011-12-30,731.0,True
17,49,2011-12-02,14.85,False
17,49,2011-12-09,20.79,False
17,49,2011-12-16,23.76,False
17,49,2011-12-23,0.82,False
17,49,2011-12-30,8.91,True
17,52,2011-12-02,5267.42,False
17,52,2011-12-09,4633.52,False
17,52,2011-12-16,4026.1,False
17,52,2011-12-23,4872.76,False
17,52,2011-12-30,2437.19,True
17,54,2011-12-02,24.88,False
17,54,2011-12-09,15.0,False
17,54,2011-12-16,163.96,False
17,54,2011-12-23,162.8,False
17,54,2011-12-30,7.0,True
17,55,2011-12-02,13570.38,False
17,55,2011-12-09,16472.73,False
17,55,2011-12-16,20508.88,False
17,55,2011-12-23,32102.0,False
17,55,2011-12-30,20338.84,True
17,56,2011-12-02,1746.96,False
17,56,2011-12-09,507.78,False
17,56,2011-12-16,977.98,False
17,56,2011-12-23,386.25,False
17,56,2011-12-30,-1.18,True
17,58,2011-12-02,3080.0,False
17,58,2011-12-09,2800.0,False
17,58,2011-12-16,930.0,False
17,58,2011-12-23,1795.0,False
17,58,2011-12-30,1065.0,True
17,59,2011-12-02,611.97,False
17,59,2011-12-09,591.4,False
17,59,2011-12-16,991.44,False
17,59,2011-12-23,1039.23,False
17,59,2011-12-30,850.92,True
17,60,2011-12-02,624.8,False
17,60,2011-12-09,774.4,False
17,60,2011-12-16,827.2,False
17,60,2011-12-23,730.4,False
17,60,2011-12-30,220.0,True
17,67,2011-12-02,8123.32,False
17,67,2011-12-09,11254.04,False
17,67,2011-12-16,13870.44,False
17,67,2011-12-23,14095.15,False
17,67,2011-12-30,6865.45,True
17,71,2011-12-02,3567.82,False
17,71,2011-12-09,2985.1,False
17,71,2011-12-16,4635.13,False
17,71,2011-12-23,5325.09,False
17,71,2011-12-30,3186.39,True
17,72,2011-12-02,49330.17,False
17,72,2011-12-09,56657.81,False
17,72,2011-12-16,62498.95,False
17,72,2011-12-23,108998.42,False
17,72,2011-12-30,62826.31,True
17,74,2011-12-02,10391.91,False
17,74,2011-12-09,12003.62,False
17,74,2011-12-16,19695.72,False
17,74,2011-12-23,13191.77,False
17,74,2011-12-30,16852.34,True
17,79,2011-12-02,25570.57,False
17,79,2011-12-09,25990.75,False
17,79,2011-12-16,27681.65,False
17,79,2011-12-23,25994.83,False
17,79,2011-12-30,20802.76,True
17,80,2011-12-02,1052.91,False
17,80,2011-12-09,1032.97,False
17,80,2011-12-16,854.23,False
17,80,2011-12-23,1027.78,False
17,80,2011-12-30,673.91,True
17,81,2011-12-02,14687.61,False
17,81,2011-12-09,12558.18,False
17,81,2011-12-16,10148.47,False
17,81,2011-12-23,8607.59,False
17,81,2011-12-30,6460.63,True
17,82,2011-12-02,20759.12,False
17,82,2011-12-09,25369.98,False
17,82,2011-12-16,30379.83,False
17,82,2011-12-23,47277.42,False
17,82,2011-12-30,21958.8,True
17,83,2011-12-02,583.17,False
17,83,2011-12-09,409.3,False
17,83,2011-12-16,406.57,False
17,83,2011-12-23,557.87,False
17,83,2011-12-30,394.42,True
17,85,2011-12-02,5607.18,False
17,85,2011-12-09,7230.38,False
17,85,2011-12-16,9842.79,False
17,85,2011-12-23,11117.11,False
17,85,2011-12-30,4233.79,True
17,87,2011-12-02,14269.65,False
17,87,2011-12-09,12602.12,False
17,87,2011-12-16,11074.84,False
17,87,2011-12-23,14146.39,False
17,87,2011-12-30,11889.38,True
17,90,2011-12-02,37244.15,False
17,90,2011-12-09,34391.92,False
17,90,2011-12-16,29929.49,False
17,90,2011-12-23,29294.27,False
17,90,2011-12-30,22086.46,True
17,91,2011-12-02,13835.63,False
17,91,2011-12-09,13807.14,False
17,91,2011-12-16,10767.12,False
17,91,2011-12-23,10118.08,False
17,91,2011-12-30,7855.54,True
17,92,2011-12-02,57651.79,False
17,92,2011-12-09,54349.33,False
17,92,2011-12-16,50180.87,False
17,92,2011-12-23,48376.41,False
17,92,2011-12-30,31188.42,True
17,93,2011-12-02,3089.86,False
17,93,2011-12-09,2687.82,False
17,93,2011-12-16,2440.08,False
17,93,2011-12-23,2647.56,False
17,93,2011-12-30,1510.65,True
17,94,2011-12-09,297.0,False
17,94,2011-12-16,525.0,False
17,94,2011-12-23,201.0,False
17,94,2011-12-30,38.47,True
17,95,2011-12-02,47251.54,False
17,95,2011-12-09,47404.89,False
17,95,2011-12-16,47872.2,False
17,95,2011-12-23,52099.3,False
17,95,2011-12-30,33279.03,True
17,96,2011-12-02,37.91,False
17,96,2011-12-09,188.64,False
17,96,2011-12-16,332.94,False
17,96,2011-12-23,854.69,False
17,96,2011-12-30,508.41,True
17,97,2011-12-02,7552.32,False
17,97,2011-12-09,6597.12,False
17,97,2011-12-16,5242.33,False
17,97,2011-12-23,6443.22,False
17,97,2011-12-30,4525.73,True
17,98,2011-12-02,204.4,False
17,98,2011-12-09,245.76,False
17,98,2011-12-16,415.01,False
17,98,2011-12-23,157.72,False
17,98,2011-12-30,57.24,True
18,1,2011-12-02,22582.95,False
18,1,2011-12-09,32820.81,False
18,1,2011-12-16,50844.88,False
18,1,2011-12-23,63868.79,False
18,1,2011-12-30,22861.36,True
18,2,2011-12-02,66403.83,False
18,2,2011-12-09,71012.3,False
18,2,2011-12-16,82118.96,False
18,2,2011-12-23,94088.09,False
18,2,2011-12-30,53279.16,True
18,3,2011-12-02,12537.32,False
18,3,2011-12-09,15402.17,False
18,3,2011-12-16,16333.91,False
18,3,2011-12-23,21260.9,False
18,3,2011-12-30,10009.36,True
18,4,2011-12-02,26337.06,False
18,4,2011-12-09,27977.84,False
18,4,2011-12-16,28154.04,False
18,4,2011-12-23,28363.0,False
18,4,2011-12-30,24996.71,True
18,5,2011-12-02,27072.45,False
18,5,2011-12-09,36572.71,False
18,5,2011-12-16,54600.63,False
18,5,2011-12-23,65310.35,False
18,5,2011-12-30,18855.16,True
18,6,2011-12-02,2463.25,False
18,6,2011-12-09,4498.43,False
18,6,2011-12-16,8173.49,False
18,6,2011-12-23,19388.78,False
18,6,2011-12-30,7695.0,True
18,7,2011-12-02,72120.46,False
18,7,2011-12-09,105771.39,False
18,7,2011-12-16,127223.8,False
18,7,2011-12-23,192695.76,False
18,7,2011-12-30,46217.85,True
18,8,2011-12-02,31801.3,False
18,8,2011-12-09,34021.83,False
18,8,2011-12-16,36410.54,False
18,8,2011-12-23,40180.96,False
18,8,2011-12-30,27035.49,True
18,9,2011-12-02,13774.46,False
18,9,2011-12-09,14631.09,False
18,9,2011-12-16,18164.28,False
18,9,2011-12-23,25410.44,False
18,9,2011-12-30,9431.49,True
18,10,2011-12-02,16748.93,False
18,10,2011-12-09,18426.65,False
18,10,2011-12-16,20427.06,False
18,10,2011-12-23,24725.69,False
18,10,2011-12-30,12797.5,True
18,11,2011-12-02,20589.24,False
18,11,2011-12-09,20602.26,False
18,11,2011-12-16,20221.73,False
18,11,2011-12-23,22648.8,False
18,11,2011-12-30,16479.32,True
18,12,2011-12-02,3382.23,False
18,12,2011-12-09,2975.68,False
18,12,2011-12-16,3212.75,False
18,12,2011-12-23,2552.93,False
18,12,2011-12-30,2258.21,True
18,13,2011-12-02,40709.59,False
18,13,2011-12-09,38922.44,False
18,13,2011-12-16,38365.61,False
18,13,2011-12-23,37082.64,False
18,13,2011-12-30,38150.47,True
18,14,2011-12-02,18789.05,False
18,14,2011-12-09,26812.13,False
18,14,2011-12-16,31891.08,False
18,14,2011-12-23,44423.1,False
18,14,2011-12-30,21822.18,True
18,16,2011-12-02,3330.13,False
18,16,2011-12-09,2595.47,False
18,16,2011-12-16,3845.0,False
18,16,2011-12-23,3555.11,False
18,16,2011-12-30,2707.99,True
18,17,2011-12-02,14596.73,False
18,17,2011-12-09,18014.18,False
18,17,2011-12-16,21216.05,False
18,17,2011-12-23,26145.89,False
18,17,2011-12-30,13518.02,True
18,18,2011-12-02,63146.64,False
18,18,2011-12-09,68891.3,False
18,18,2011-12-16,55780.0,False
18,18,2011-12-23,49354.14,False
18,18,2011-12-30,27994.36,True
18,19,2011-12-02,3563.77,False
18,19,2011-12-09,3199.88,False
18,19,2011-12-16,3415.99,False
18,19,2011-12-23,3118.41,False
18,19,2011-12-30,2359.42,True
18,20,2011-12-02,6790.33,False
18,20,2011-12-09,6962.72,False
18,20,2011-12-16,7533.3,False
18,20,2011-12-23,8888.67,False
18,20,2011-12-30,6242.05,True
18,21,2011-12-02,5554.18,False
18,21,2011-12-09,7514.6,False
18,21,2011-12-16,8196.0,False
18,21,2011-12-23,10266.3,False
18,21,2011-12-30,4498.82,True
18,22,2011-12-02,14016.03,False
18,22,2011-12-09,15675.43,False
18,22,2011-12-16,19254.54,False
18,22,2011-12-23,26625.29,False
18,22,2011-12-30,16514.92,True
18,23,2011-12-02,34969.81,False
18,23,2011-12-09,51505.85,False
18,23,2011-12-16,65695.27,False
18,23,2011-12-23,91872.39,False
18,23,2011-12-30,32586.89,True
18,24,2011-12-02,7251.08,False
18,24,2011-12-09,12254.74,False
18,24,2011-12-16,14209.74,False
18,24,2011-12-23,21555.85,False
18,24,2011-12-30,6432.4,True
18,25,2011-12-02,13290.91,False
18,25,2011-12-09,16359.47,False
18,25,2011-12-16,19115.59,False
18,25,2011-12-23,24212.36,False
18,25,2011-12-30,11903.01,True
18,26,2011-12-02,9383.91,False
18,26,2011-12-09,10892.99,False
18,26,2011-12-16,14336.88,False
18,26,2011-12-23,18648.55,False
18,26,2011-12-30,5785.92,True
18,27,2011-12-02,3615.99,False
18,27,2011-12-09,5134.75,False
18,27,2011-12-16,5707.81,False
18,27,2011-12-23,6753.86,False
18,27,2011-12-30,2863.79,True
18,28,2011-12-02,1536.67,False
18,28,2011-12-09,1541.65,False
18,28,2011-12-16,1645.57,False
18,28,2011-12-23,2149.03,False
18,28,2011-12-30,980.48,True
18,29,2011-12-02,11080.87,False
18,29,2011-12-09,13650.28,False
18,29,2011-12-16,15034.27,False
18,29,2011-12-23,23092.87,False
18,29,2011-12-30,11041.15,True
18,30,2011-12-02,4857.07,False
18,30,2011-12-09,4934.85,False
18,30,2011-12-16,4966.64,False
18,30,2011-12-23,5604.68,False
18,30,2011-12-30,3814.14,True
18,31,2011-12-02,2382.79,False
18,31,2011-12-09,3606.04,False
18,31,2011-12-16,4419.47,False
18,31,2011-12-23,7007.24,False
18,31,2011-12-30,2100.85,True
18,32,2011-12-02,11461.29,False
18,32,2011-12-09,12392.32,False
18,32,2011-12-16,16209.07,False
18,32,2011-12-23,32363.08,False
18,32,2011-12-30,12667.01,True
18,33,2011-12-02,8300.38,False
18,33,2011-12-09,10423.4,False
18,33,2011-12-16,13857.07,False
18,33,2011-12-23,21471.46,False
18,33,2011-12-30,6712.52,True
18,34,2011-12-02,15203.11,False
18,34,2011-12-09,19214.85,False
18,34,2011-12-16,17690.46,False
18,34,2011-12-23,25171.51,False
18,34,2011-12-30,13154.87,True
18,35,2011-12-02,3132.11,False
18,35,2011-12-09,3498.16,False
18,35,2011-12-16,2810.37,False
18,35,2011-12-23,4711.56,False
18,35,2011-12-30,2092.66,True
18,36,2011-12-02,2307.68,False
18,36,2011-12-09,3141.77,False
18,36,2011-12-16,2766.59,False
18,36,2011-12-23,3269.63,False
18,36,2011-12-30,1092.72,True
18,38,2011-12-02,70187.77,False
18,38,2011-12-09,66442.14,False
18,38,2011-12-16,69364.34,False
18,38,2011-12-23,58709.17,False
18,38,2011-12-30,61951.93,True
18,40,2011-12-02,61958.99,False
18,40,2011-12-09,63364.51,False
18,40,2011-12-16,65461.5,False
18,40,2011-12-23,62278.42,False
18,40,2011-12-30,52985.54,True
18,41,2011-12-02,961.5,False
18,41,2011-12-09,1154.41,False
18,41,2011-12-16,1014.97,False
18,41,2011-12-23,1744.5,False
18,41,2011-12-30,399.5,True
18,42,2011-12-02,7551.97,False
18,42,2011-12-09,7747.33,False
18,42,2011-12-16,6598.96,False
18,42,2011-12-23,7338.06,False
18,42,2011-12-30,6207.77,True
18,44,2011-12-02,7758.92,False
18,44,2011-12-09,8290.28,False
18,44,2011-12-16,8014.08,False
18,44,2011-12-23,8641.25,False
18,44,2011-12-30,4583.35,True
18,45,2011-12-09,11.97,False
18,45,2011-12-30,11.97,True
18,46,2011-12-02,27836.17,False
18,46,2011-12-09,34444.2,False
18,46,2011-12-16,41974.37,False
18,46,2011-12-23,56884.22,False
18,46,2011-12-30,29855.3,True
18,49,2011-12-02,9983.38,False
18,49,2011-12-09,9890.69,False
18,49,2011-12-16,9802.4,False
18,49,2011-12-23,10068.99,False
18,49,2011-12-30,13425.5,True
18,50,2011-12-02,1115.0,False
18,50,2011-12-09,1579.0,False
18,50,2011-12-16,1031.0,False
18,50,2011-12-23,1907.0,False
18,50,2011-12-30,1681.0,True
18,52,2011-12-02,3816.72,False
18,52,2011-12-09,4383.04,False
18,52,2011-12-16,4010.88,False
18,52,2011-12-23,4700.9,False
18,52,2011-12-30,1708.74,True
18,54,2011-12-02,1.96,False
18,54,2011-12-09,57.92,False
18,54,2011-12-16,207.48,False
18,54,2011-12-23,176.68,False
18,54,2011-12-30,24.84,True
18,55,2011-12-02,19914.2,False
18,55,2011-12-09,23856.29,False
18,55,2011-12-16,25444.39,False
18,55,2011-12-23,48249.11,False
18,55,2011-12-30,19941.25,True
18,56,2011-12-02,1826.96,False
18,56,2011-12-09,2166.77,False
18,56,2011-12-16,2028.93,False
18,56,2011-12-23,673.29,False
18,56,2011-12-30,79.02,True
18,58,2011-12-02,3350.0,False
18,58,2011-12-09,1467.5,False
18,58,2011-12-16,2202.5,False
18,58,2011-12-23,3042.5,False
18,58,2011-12-30,1065.0,True
18,59,2011-12-02,1724.2,False
18,59,2011-12-09,3184.04,False
18,59,2011-12-16,6169.39,False
18,59,2011-12-23,10632.0,False
18,59,2011-12-30,6495.53,True
18,60,2011-12-02,290.4,False
18,60,2011-12-09,378.4,False
18,60,2011-12-16,387.2,False
18,60,2011-12-23,413.6,False
18,60,2011-12-30,96.8,True
18,67,2011-12-02,8214.71,False
18,67,2011-12-09,11856.04,False
18,67,2011-12-16,13934.7,False
18,67,2011-12-23,17760.28,False
18,67,2011-12-30,7553.31,True
18,71,2011-12-02,6589.5,False
18,71,2011-12-09,7170.07,False
18,71,2011-12-16,7914.74,False
18,71,2011-12-23,11638.29,False
18,71,2011-12-30,8572.11,True
18,72,2011-12-02,61781.93,False
18,72,2011-12-09,54845.13,False
18,72,2011-12-16,74605.9,False
18,72,2011-12-23,110938.63,False
18,72,2011-12-30,47128.01,True
18,74,2011-12-02,17983.97,False
18,74,2011-12-09,18473.58,False
18,74,2011-12-16,16733.45,False
18,74,2011-12-23,21245.87,False
18,74,2011-12-30,21754.94,True
18,77,2011-12-02,318.0,False
18,77,2011-12-16,-9.0,False
18,79,2011-12-02,22430.82,False
18,79,2011-12-09,22357.4,False
18,79,2011-12-16,23528.41,False
18,79,2011-12-23,26725.54,False
18,79,2011-12-30,19276.79,True
18,80,2011-12-02,758.37,False
18,80,2011-12-09,1121.32,False
18,80,2011-12-16,981.95,False
18,80,2011-12-23,895.82,False
18,80,2011-12-30,722.42,True
18,81,2011-12-02,13576.09,False
18,81,2011-12-09,15236.33,False
18,81,2011-12-16,14720.04,False
18,81,2011-12-23,13837.15,False
18,81,2011-12-30,10370.84,True
18,82,2011-12-02,17456.1,False
18,82,2011-12-09,22865.71,False
18,82,2011-12-16,35291.51,False
18,82,2011-12-23,49513.99,False
18,82,2011-12-30,20096.43,True
18,83,2011-12-02,2099.41,False
18,83,2011-12-09,2855.02,False
18,83,2011-12-16,2662.36,False
18,83,2011-12-23,2730.66,False
18,83,2011-12-30,2589.46,True
18,85,2011-12-02,2463.22,False
18,85,2011-12-09,4290.42,False
18,85,2011-12-16,7299.9,False
18,85,2011-12-23,6006.23,False
18,85,2011-12-30,1527.49,True
18,87,2011-12-02,20270.42,False
18,87,2011-12-09,19424.02,False
18,87,2011-12-16,19813.45,False
18,87,2011-12-23,26154.51,False
18,87,2011-12-30,17164.47,True
18,90,2011-12-02,24253.17,False
18,90,2011-12-09,28860.1,False
18,90,2011-12-16,28308.05,False
18,90,2011-12-23,32480.75,False
18,90,2011-12-30,21940.35,True
18,91,2011-12-02,24680.23,False
18,91,2011-12-09,29342.85,False
18,91,2011-12-16,22579.86,False
18,91,2011-12-23,23442.82,False
18,91,2011-12-30,19459.09,True
18,92,2011-12-02,60596.95,False
18,92,2011-12-09,76033.26,False
18,92,2011-12-16,71124.34,False
18,92,2011-12-23,80639.97,False
18,92,2011-12-30,51413.69,True
18,93,2011-12-02,2438.0,False
18,93,2011-12-09,2897.92,False
18,93,2011-12-16,2522.68,False
18,93,2011-12-23,2962.3,False
18,93,2011-12-30,2411.08,True
18,94,2011-12-02,7388.45,False
18,94,2011-12-09,7463.78,False
18,94,2011-12-16,9265.08,False
18,94,2011-12-23,10941.91,False
18,94,2011-12-30,7772.88,True
18,95,2011-12-02,52603.72,False
18,95,2011-12-09,61873.09,False
18,95,2011-12-16,58094.44,False
18,95,2011-12-23,60635.16,False
18,95,2011-12-30,44110.56,True
18,96,2011-12-16,-11.95,False
18,96,2011-12-23,-24.82,False
18,96,2011-12-30,27.08,True
18,97,2011-12-02,7007.92,False
18,97,2011-12-09,8551.67,False
18,97,2011-12-16,7585.11,False
18,97,2011-12-23,8069.3,False
18,97,2011-12-30,5896.38,True
18,98,2011-12-02,1774.89,False
18,98,2011-12-09,2682.6,False
18,98,2011-12-16,2418.38,False
18,98,2011-12-23,2501.24,False
18,98,2011-12-30,1308.82,True
19,1,2011-12-02,23739.2,False
19,1,2011-12-09,32604.85,False
19,1,2011-12-16,43325.37,False
19,1,2011-12-23,66366.16,False
19,1,2011-12-30,22068.26,True
19,2,2011-12-02,50318.76,False
19,2,2011-12-09,55007.21,False
19,2,2011-12-16,62038.76,False
19,2,2011-12-23,85706.27,False
19,2,2011-12-30,45810.03,True
19,3,2011-12-02,13653.29,False
19,3,2011-12-09,17591.95,False
19,3,2011-12-16,21424.86,False
19,3,2011-12-23,26316.29,False
19,3,2011-12-30,12206.36,True
19,4,2011-12-02,30822.85,False
19,4,2011-12-09,31246.39,False
19,4,2011-12-16,32358.21,False
19,4,2011-12-23,36928.9,False
19,4,2011-12-30,28910.73,True
19,5,2011-12-02,33234.7,False
19,5,2011-12-09,48431.59,False
19,5,2011-12-16,58465.36,False
19,5,2011-12-23,83017.34,False
19,5,2011-12-30,39984.98,True
19,6,2011-12-02,6935.8,False
19,6,2011-12-09,4773.37,False
19,6,2011-12-16,8463.05,False
19,6,2011-12-23,22673.98,False
19,6,2011-12-30,8678.84,True
19,7,2011-12-02,56617.52,False
19,7,2011-12-09,83381.05,False
19,7,2011-12-16,106451.0,False
19,7,2011-12-23,148730.01,False
19,7,2011-12-30,48517.32,True
19,8,2011-12-02,42347.78,False
19,8,2011-12-09,45082.62,False
19,8,2011-12-16,48498.94,False
19,8,2011-12-23,56060.18,False
19,8,2011-12-30,38795.55,True
19,9,2011-12-02,22488.25,False
19,9,2011-12-09,24214.77,False
19,9,2011-12-16,27415.87,False
19,9,2011-12-23,48329.89,False
19,9,2011-12-30,23203.08,True
19,10,2011-12-02,28705.07,False
19,10,2011-12-09,32033.95,False
19,10,2011-12-16,31841.0,False
19,10,2011-12-23,37939.97,False
19,10,2011-12-30,33888.07,True
19,11,2011-12-02,22974.57,False
19,11,2011-12-09,22913.39,False
19,11,2011-12-16,22130.14,False
19,11,2011-12-23,29651.32,False
19,11,2011-12-30,19719.89,True
19,12,2011-12-02,4216.82,False
19,12,2011-12-09,3683.97,False
19,12,2011-12-16,3040.06,False
19,12,2011-12-23,3822.94,False
19,12,2011-12-30,3294.77,True
19,13,2011-12-02,30913.65,False
19,13,2011-12-09,29040.18,False
19,13,2011-12-16,29340.24,False
19,13,2011-12-23,30526.17,False
19,13,2011-12-30,25941.37,True
19,14,2011-12-02,25733.44,False
19,14,2011-12-09,35727.57,False
19,14,2011-12-16,41616.4,False
19,14,2011-12-23,71290.24,False
19,14,2011-12-30,28339.74,True
19,16,2011-12-02,4592.57,False
19,16,2011-12-09,4724.5,False
19,16,2011-12-16,6775.15,False
19,16,2011-12-23,6736.37,False
19,16,2011-12-30,5538.22,True
19,17,2011-12-02,18280.3,False
19,17,2011-12-09,19247.3,False
19,17,2011-12-16,24287.14,False
19,17,2011-12-23,34863.97,False
19,17,2011-12-30,17778.49,True
19,18,2011-12-02,70873.47,False
19,18,2011-12-09,58870.44,False
19,18,2011-12-16,36805.73,False
19,18,2011-12-23,37120.44,False
19,18,2011-12-30,22569.42,True
19,20,2011-12-02,4901.79,False
19,20,2011-12-09,5661.9,False
19,20,2011-12-16,6527.69,False
19,20,2011-12-23,8612.89,False
19,20,2011-12-30,5394.12,True
19,21,2011-12-02,7089.8,False
19,21,2011-12-09,8634.61,False
19,21,2011-12-16,11673.84,False
19,21,2011-12-23,14120.99,False
19,21,2011-12-30,6844.82,True
19,22,2011-12-02,12317.05,False
19,22,2011-12-09,14328.08,False
19,22,2011-12-16,17831.87,False
19,22,2011-12-23,25357.86,False
19,22,2011-12-30,14475.18,True
19,23,2011-12-02,29808.49,False
19,23,2011-12-09,40955.37,False
19,23,2011-12-16,52817.69,False
19,23,2011-12-23,84267.51,False
19,23,2011-12-30,30224.23,True
19,24,2011-12-02,6656.59,False
19,24,2011-12-09,8829.57,False
19,24,2011-12-16,11226.13,False
19,24,2011-12-23,11989.91,False
19,24,2011-12-30,4075.13,True
19,25,2011-12-02,12704.12,False
19,25,2011-12-09,16987.09,False
19,25,2011-12-16,16188.4,False
19,25,2011-12-23,21653.53,False
19,25,2011-12-30,14024.25,True
19,26,2011-12-02,9267.06,False
19,26,2011-12-09,11650.11,False
19,26,2011-12-16,12065.51,False
19,26,2011-12-23,14115.99,False
19,26,2011-12-30,4699.58,True
19,27,2011-12-02,3525.09,False
19,27,2011-12-09,4283.01,False
19,27,2011-12-16,5875.21,False
19,27,2011-12-23,8917.87,False
19,27,2011-12-30,3632.24,True
19,28,2011-12-02,951.7,False
19,28,2011-12-09,1375.64,False
19,28,2011-12-16,1232.86,False
19,28,2011-12-23,1151.92,False
19,28,2011-12-30,813.47,True
19,29,2011-12-02,5946.0,False
19,29,2011-12-09,8221.8,False
19,29,2011-12-16,10917.27,False
19,29,2011-12-23,17833.31,False
19,29,2011-12-30,7739.63,True
19,30,2011-12-02,2679.7,False
19,30,2011-12-09,3328.12,False
19,30,2011-12-16,2729.8,False
19,30,2011-12-23,4084.75,False
19,30,2011-12-30,3372.54,True
19,31,2011-12-02,3427.46,False
19,31,2011-12-09,3864.19,False
19,31,2011-12-16,6292.9,False
19,31,2011-12-23,9548.24,False
19,31,2011-12-30,3485.32,True
19,32,2011-12-02,7996.57,False
19,32,2011-12-09,9553.53,False
19,32,2011-12-16,16250.09,False
19,32,2011-12-23,31208.5,False
19,32,2011-12-30,12122.5,True
19,33,2011-12-02,7314.55,False
19,33,2011-12-09,9417.23,False
19,33,2011-12-16,10476.04,False
19,33,2011-12-23,14036.56,False
19,33,2011-12-30,4875.31,True
19,34,2011-12-02,13846.46,False
19,34,2011-12-09,16045.54,False
19,34,2011-12-16,17213.29,False
19,34,2011-12-23,24320.74,False
19,34,2011-12-30,12897.0,True
19,35,2011-12-02,2891.17,False
19,35,2011-12-09,3343.19,False
19,35,2011-12-16,3411.8,False
19,35,2011-12-23,5201.51,False
19,35,2011-12-30,2688.59,True
19,36,2011-12-02,1911.23,False
19,36,2011-12-09,1486.37,False
19,36,2011-12-16,2246.13,False
19,36,2011-12-23,4419.64,False
19,36,2011-12-30,2499.06,True
19,37,2011-12-02,3615.22,False
19,37,2011-12-09,3758.02,False
19,37,2011-12-16,3140.57,False
19,37,2011-12-23,3052.51,False
19,37,2011-12-30,3176.34,True
19,38,2011-12-02,83948.38,False
19,38,2011-12-09,82156.15,False
19,38,2011-12-16,76235.44,False
19,38,2011-12-23,72644.52,False
19,38,2011-12-30,62349.56,True
19,40,2011-12-02,54597.23,False
19,40,2011-12-09,53913.87,False
19,40,2011-12-16,56666.6,False
19,40,2011-12-23,59927.64,False
19,40,2011-12-30,46573.69,True
19,41,2011-12-02,4497.47,False
19,41,2011-12-09,6723.91,False
19,41,2011-12-16,8502.22,False
19,41,2011-12-23,13432.22,False
19,41,2011-12-30,3751.66,True
19,42,2011-12-02,5851.32,False
19,42,2011-12-09,5823.52,False
19,42,2011-12-16,5195.1,False
19,42,2011-12-23,5550.8,False
19,42,2011-12-30,4381.95,True
19,44,2011-12-02,8122.46,False
19,44,2011-12-09,8934.44,False
19,44,2011-12-16,9477.4,False
19,44,2011-12-23,12900.76,False
19,44,2011-12-30,5067.2,True
19,46,2011-12-02,20608.3,False
19,46,2011-12-09,22333.69,False
19,46,2011-12-16,27398.12,False
19,46,2011-12-23,43918.29,False
19,46,2011-12-30,23399.93,True
19,47,2011-12-23,-649.0,False
19,48,2011-12-16,197.0,False
19,49,2011-12-02,4621.12,False
19,49,2011-12-09,4344.59,False
19,49,2011-12-16,5855.66,False
19,49,2011-12-23,4074.93,False
19,49,2011-12-30,3628.73,True
19,50,2011-12-02,333.0,False
19,50,2011-12-09,1195.0,False
19,50,2011-12-16,473.0,False
19,50,2011-12-23,795.0,False
19,50,2011-12-30,746.0,True
19,51,2011-12-23,9.96,False
19,52,2011-12-02,2006.04,False
19,52,2011-12-09,2034.84,False
19,52,2011-12-16,2251.43,False
19,52,2011-12-23,2535.53,False
19,52,2011-12-30,880.13,True
19,54,2011-12-02,40.24,False
19,54,2011-12-09,34.8,False
19,54,2011-12-16,10.0,False
19,54,2011-12-23,151.16,False
19,54,2011-12-30,-3.28,True
19,55,2011-12-02,20947.58,False
19,55,2011-12-09,25928.07,False
19,55,2011-12-16,34672.65,False
19,55,2011-12-23,57425.49,False
19,55,2011-12-30,29128.87,True
19,56,2011-12-02,2000.79,False
19,56,2011-12-09,2828.07,False
19,56,2011-12-16,2626.58,False
19,56,2011-12-23,2297.68,False
19,56,2011-12-30,525.41,True
19,58,2011-12-02,3060.0,False
19,58,2011-12-09,2265.0,False
19,58,2011-12-16,2230.0,False
19,58,2011-12-23,6645.0,False
19,58,2011-12-30,2245.0,True
19,59,2011-12-02,1027.37,False
19,59,2011-12-09,1770.67,False
19,59,2011-12-16,2538.16,False
19,59,2011-12-23,4165.71,False
19,59,2011-12-30,2005.06,True
19,60,2011-12-02,880.0,False
19,60,2011-12-09,1100.0,False
19,60,2011-12-16,1188.0,False
19,60,2011-12-23,818.4,False
19,60,2011-12-30,316.8,True
19,67,2011-12-02,12036.06,False
19,67,2011-12-09,17144.89,False
19,67,2011-12-16,23594.25,False
19,67,2011-12-23,35458.38,False
19,67,2011-12-30,18156.62,True
19,71,2011-12-02,6693.99,False
19,71,2011-12-09,6418.61,False
19,71,2011-12-16,8013.81,False
19,71,2011-12-23,13232.0,False
19,71,2011-12-30,7088.73,True
19,72,2011-12-02,82621.8,False
19,72,2011-12-09,98223.76,False
19,72,2011-12-16,96235.74,False
19,72,2011-12-23,192009.57,False
19,72,2011-12-30,99699.66,True
19,74,2011-12-02,15584.01,False
19,74,2011-12-09,14409.31,False
19,74,2011-12-16,16976.6,False
19,74,2011-12-23,22707.04,False
19,74,2011-12-30,20174.17,True
19,77,2011-12-02,159.0,False
19,77,2011-12-16,700.0,False
19,77,2011-12-23,700.0,False
19,79,2011-12-02,21395.61,False
19,79,2011-12-09,23164.27,False
19,79,2011-12-16,22183.2,False
19,79,2011-12-23,26981.09,False
19,79,2011-12-30,20139.38,True
19,80,2011-12-02,20159.78,False
19,80,2011-12-09,23034.82,False
19,80,2011-12-16,22212.07,False
19,80,2011-12-23,25494.83,False
19,80,2011-12-30,18588.93,True
19,81,2011-12-02,21026.21,False
19,81,2011-12-09,21838.85,False
19,81,2011-12-16,20753.18,False
19,81,2011-12-23,21067.92,False
19,81,2011-12-30,15606.6,True
19,82,2011-12-02,32052.08,False
19,82,2011-12-09,43090.63,False
19,82,2011-12-16,63419.28,False
19,82,2011-12-23,117616.6,False
19,82,2011-12-30,50110.57,True
19,83,2011-12-02,3437.99,False
19,83,2011-12-09,4855.01,False
19,83,2011-12-16,5405.65,False
19,83,2011-12-23,9081.61,False
19,83,2011-12-30,6974.03,True
19,85,2011-12-02,5480.22,False
19,85,2011-12-09,8314.56,False
19,85,2011-12-16,11584.5,False
19,85,2011-12-23,16230.83,False
19,85,2011-12-30,5337.21,True
19,87,2011-12-02,16619.2,False
19,87,2011-12-09,18770.08,False
19,87,2011-12-16,21107.25,False
19,87,2011-12-23,24340.52,False
19,87,2011-12-30,19449.68,True
19,90,2011-12-02,67220.43,False
19,90,2011-12-09,77684.06,False
19,90,2011-12-16,77942.88,False
19,90,2011-12-23,94881.04,False
19,90,2011-12-30,62592.17,True
19,91,2011-12-02,48751.68,False
19,91,2011-12-09,61588.13,False
19,91,2011-12-16,54239.03,False
19,91,2011-12-23,55491.82,False
19,91,2011-12-30,43164.88,True
19,92,2011-12-02,113981.81,False
19,92,2011-12-09,137604.37,False
19,92,2011-12-16,139014.98,False
19,92,2011-12-23,154490.96,False
19,92,2011-12-30,94318.73,True
19,93,2011-12-02,31427.58,False
19,93,2011-12-09,39930.52,False
19,93,2011-12-16,45141.36,False
19,93,2011-12-23,44635.53,False
19,93,2011-12-30,29415.54,True
19,94,2011-12-02,28750.51,False
19,94,2011-12-09,31256.6,False
19,94,2011-12-16,34965.98,False
19,94,2011-12-23,40078.32,False
19,94,2011-12-30,28136.71,True
19,95,2011-12-02,82681.84,False
19,95,2011-12-09,96543.86,False
19,95,2011-12-16,93046.08,False
19,95,2011-12-23,106168.77,False
19,95,2011-12-30,76317.43,True
19,96,2011-12-02,9977.9,False
19,96,2011-12-09,12581.13,False
19,96,2011-12-16,12032.98,False
19,96,2011-12-23,17960.87,False
19,96,2011-12-30,14183.54,True
19,97,2011-12-02,16892.45,False
19,97,2011-12-09,20711.48,False
19,97,2011-12-16,19688.06,False
19,97,2011-12-23,23564.51,False
19,97,2011-12-30,16635.24,True
19,98,2011-12-02,11918.84,False
19,98,2011-12-09,14389.03,False
19,98,2011-12-16,14415.54,False
19,98,2011-12-23,19748.5,False
19,98,2011-12-30,11497.1,True
19,99,2011-12-09,530.0,False
19,99,2011-12-16,1595.0,False
19,99,2011-12-23,1600.0,False
19,99,2011-12-30,300.0,True
20,1,2011-12-02,37713.25,False
20,1,2011-12-09,52336.26,False
20,1,2011-12-16,69342.61,False
20,1,2011-12-23,93745.04,False
20,1,2011-12-30,37050.89,True
20,2,2011-12-02,78447.01,False
20,2,2011-12-09,79976.55,False
20,2,2011-12-16,95668.84,False
20,2,2011-12-23,115564.67,False
20,2,2011-12-30,67777.32,True
20,3,2011-12-02,13727.72,False
20,3,2011-12-09,18803.64,False
20,3,2011-12-16,22841.71,False
20,3,2011-12-23,30630.04,False
20,3,2011-12-30,13505.5,True
20,4,2011-12-02,54999.97,False
20,4,2011-12-09,53728.69,False
20,4,2011-12-16,54150.59,False
20,4,2011-12-23,62555.19,False
20,4,2011-12-30,51492.38,True
20,5,2011-12-02,55226.41,False
20,5,2011-12-09,66204.51,False
20,5,2011-12-16,81803.89,False
20,5,2011-12-23,113553.8,False
20,5,2011-12-30,58865.03,True
20,6,2011-12-02,11397.16,False
20,6,2011-12-09,10478.73,False
20,6,2011-12-16,21248.79,False
20,6,2011-12-23,37483.19,False
20,6,2011-12-30,15353.95,True
20,7,2011-12-02,99158.61,False
20,7,2011-12-09,131108.68,False
20,7,2011-12-16,142984.01,False
20,7,2011-12-23,224649.58,False
20,7,2011-12-30,53713.4,True
20,8,2011-12-02,82244.62,False
20,8,2011-12-09,79033.07,False
20,8,2011-12-16,81609.25,False
20,8,2011-12-23,94810.87,False
20,8,2011-12-30,68886.14,True
20,9,2011-12-02,52997.87,False
20,9,2011-12-09,31705.66,False
20,9,2011-12-16,34965.8,False
20,9,2011-12-23,61007.6,False
20,9,2011-12-30,28379.79,True
20,10,2011-12-02,43670.1,False
20,10,2011-12-09,50180.36,False
20,10,2011-12-16,40235.21,False
20,10,2011-12-23,54164.45,False
20,10,2011-12-30,36671.47,True
20,11,2011-12-02,32633.21,False
20,11,2011-12-09,31697.38,False
20,11,2011-12-16,31824.33,False
20,11,2011-12-23,37233.55,False
20,11,2011-12-30,22349.04,True
20,12,2011-12-02,5340.15,False
20,12,2011-12-09,4568.93,False
20,12,2011-12-16,4352.04,False
20,12,2011-12-23,4059.49,False
20,12,2011-12-30,3034.22,True
20,13,2011-12-02,56560.13,False
20,13,2011-12-09,53198.33,False
20,13,2011-12-16,49866.01,False
20,13,2011-12-23,54618.34,False
20,13,2011-12-30,48460.74,True
20,14,2011-12-02,34709.85,False
20,14,2011-12-09,47387.26,False
20,14,2011-12-16,55486.59,False
20,14,2011-12-23,91268.81,False
20,14,2011-12-30,35631.2,True
20,16,2011-12-02,4021.46,False
20,16,2011-12-09,3719.21,False
20,16,2011-12-16,3744.22,False
20,16,2011-12-23,5025.65,False
20,16,2011-12-30,4511.2,True
20,17,2011-12-02,24013.25,False
20,17,2011-12-09,24535.59,False
20,17,2011-12-16,29177.6,False
20,17,2011-12-23,45362.67,False
20,17,2011-12-30,20011.27,True
20,18,2011-12-02,92369.9,False
20,18,2011-12-09,74578.53,False
20,18,2011-12-16,56099.91,False
20,18,2011-12-23,56310.94,False
20,18,2011-12-30,47952.04,True
20,19,2011-12-09,23.0,False
20,19,2011-12-16,-1.97,False
20,19,2011-12-23,4.0,False
20,20,2011-12-02,5677.82,False
20,20,2011-12-09,6902.72,False
20,20,2011-12-16,6901.91,False
20,20,2011-12-23,7353.96,False
20,20,2011-12-30,5709.11,True
20,21,2011-12-02,15231.21,False
20,21,2011-12-09,16648.95,False
20,21,2011-12-16,19733.07,False
20,21,2011-12-23,28070.83,False
20,21,2011-12-30,12804.92,True
20,22,2011-12-02,15591.17,False
20,22,2011-12-09,18795.93,False
20,22,2011-12-16,24536.38,False
20,22,2011-12-23,37090.11,False
20,22,2011-12-30,21357.65,True
20,23,2011-12-02,46718.12,False
20,23,2011-12-09,55441.35,False
20,23,2011-12-16,75348.69,False
20,23,2011-12-23,123742.04,False
20,23,2011-12-30,39613.85,True
20,24,2011-12-02,10333.67,False
20,24,2011-12-09,13023.58,False
20,24,2011-12-16,17237.27,False
20,24,2011-12-23,19450.74,False
20,24,2011-12-30,5080.91,True
20,25,2011-12-02,20311.68,False
20,25,2011-12-09,20224.05,False
20,25,2011-12-16,22270.8,False
20,25,2011-12-23,31706.62,False
20,25,2011-12-30,15816.08,True
20,26,2011-12-02,14480.12,False
20,26,2011-12-09,16710.16,False
20,26,2011-12-16,18490.02,False
20,26,2011-12-23,24701.56,False
20,26,2011-12-30,9847.01,True
20,27,2011-12-02,3694.48,False
20,27,2011-12-09,4894.38,False
20,27,2011-12-16,6642.66,False
20,27,2011-12-23,9374.19,False
20,27,2011-12-30,4365.11,True
20,28,2011-12-02,1153.58,False
20,28,2011-12-09,1118.89,False
20,28,2011-12-16,1623.93,False
20,28,2011-12-23,1689.36,False
20,28,2011-12-30,883.81,True
20,29,2011-12-02,10353.13,False
20,29,2011-12-09,13178.73,False
20,29,2011-12-16,19013.52,False
20,29,2011-12-23,28838.62,False
20,29,2011-12-30,13131.99,True
20,30,2011-12-02,4069.02,False
20,30,2011-12-09,4553.07,False
20,30,2011-12-16,4977.46,False
20,30,2011-12-23,6536.76,False
20,30,2011-12-30,5305.24,True
20,31,2011-12-02,4316.87,False
20,31,2011-12-09,5963.05,False
20,31,2011-12-16,7815.06,False
20,31,2011-12-23,11740.7,False
20,31,2011-12-30,4514.06,True
20,32,2011-12-02,20010.29,False
20,32,2011-12-09,20962.92,False
20,32,2011-12-16,29878.46,False
20,32,2011-12-23,61002.42,False
20,32,2011-12-30,24317.5,True
20,33,2011-12-02,10653.18,False
20,33,2011-12-09,13241.57,False
20,33,2011-12-16,16252.84,False
20,33,2011-12-23,22770.11,False
20,33,2011-12-30,6638.44,True
20,34,2011-12-02,18767.38,False
20,34,2011-12-09,20468.56,False
20,34,2011-12-16,26629.11,False
20,34,2011-12-23,37347.7,False
20,34,2011-12-30,17947.94,True
20,35,2011-12-02,5776.85,False
20,35,2011-12-09,6166.1,False
20,35,2011-12-16,7909.46,False
20,35,2011-12-23,12409.01,False
20,35,2011-12-30,5117.57,True
20,36,2011-12-02,3221.76,False
20,36,2011-12-09,3065.56,False
20,36,2011-12-16,3485.83,False
20,36,2011-12-23,6253.7,False
20,36,2011-12-30,2529.04,True
20,37,2011-12-02,4716.52,False
20,37,2011-12-09,5126.85,False
20,37,2011-12-16,4414.47,False
20,37,2011-12-23,4392.86,False
20,37,2011-12-30,3801.74,True
20,38,2011-12-02,118573.49,False
20,38,2011-12-09,123589.98,False
20,38,2011-12-16,107580.42,False
20,38,2011-12-23,101232.03,False
20,38,2011-12-30,106524.99,True
20,40,2011-12-02,87470.15,False
20,40,2011-12-09,89639.87,False
20,40,2011-12-16,89687.52,False
20,40,2011-12-23,91474.66,False
20,40,2011-12-30,79909.68,True
20,41,2011-12-02,10970.07,False
20,41,2011-12-09,14059.59,False
20,41,2011-12-16,17343.0,False
20,41,2011-12-23,28887.28,False
20,41,2011-12-30,5973.74,True
20,42,2011-12-02,7887.67,False
20,42,2011-12-09,8024.27,False
20,42,2011-12-16,7830.34,False
20,42,2011-12-23,8721.28,False
20,42,2011-12-30,7429.76,True
20,44,2011-12-02,10669.57,False
20,44,2011-12-09,12860.9,False
20,44,2011-12-16,13781.29,False
20,44,2011-12-23,18037.48,False
20,44,2011-12-30,6012.92,True
20,46,2011-12-02,39827.96,False
20,46,2011-12-09,44264.24,False
20,46,2011-12-16,52656.53,False
20,46,2011-12-23,80004.92,False
20,46,2011-12-30,47910.15,True
20,47,2011-12-16,798.0,False
20,47,2011-12-23,35.92,False
20,47,2011-12-30,-798.0,True
20,48,2011-12-02,1169.98,False
20,48,2011-12-09,1126.0,False
20,48,2011-12-16,2574.98,False
20,48,2011-12-23,3385.0,False
20,48,2011-12-30,801.0,True
20,49,2011-12-02,19498.17,False
20,49,2011-12-09,18484.5,False
20,49,2011-12-16,19878.63,False
20,49,2011-12-23,15804.09,False
20,49,2011-12-30,20700.43,True
20,50,2011-12-02,2823.0,False
20,50,2011-12-09,3314.72,False
20,50,2011-12-16,2238.36,False
20,50,2011-12-23,2523.08,False
20,50,2011-12-30,2892.0,True
20,52,2011-12-02,4519.81,False
20,52,2011-12-09,5838.13,False
20,52,2011-12-16,3723.54,False
20,52,2011-12-23,6145.35,False
20,52,2011-12-30,4042.79,True
20,54,2011-12-02,40.62,False
20,54,2011-12-09,168.84,False
20,54,2011-12-16,194.52,False
20,54,2011-12-23,203.56,False
20,54,2011-12-30,-3.04,True
20,55,2011-12-02,34321.47,False
20,55,2011-12-09,38023.14,False
20,55,2011-12-16,50304.3,False
20,55,2011-12-23,76520.96,False
20,55,2011-12-30,35844.57,True
20,56,2011-12-02,2748.51,False
20,56,2011-12-09,3457.67,False
20,56,2011-12-16,3685.85,False
20,56,2011-12-23,2698.52,False
20,56,2011-12-30,577.65,True
20,58,2011-12-02,5780.0,False
20,58,2011-12-09,2840.0,False
20,58,2011-12-16,5390.0,False
20,58,2011-12-23,7520.0,False
20,58,2011-12-30,1920.0,True
20,59,2011-12-02,2907.48,False
20,59,2011-12-09,4384.33,False
20,59,2011-12-16,6038.98,False
20,59,2011-12-23,11350.92,False
20,59,2011-12-30,7217.79,True
20,60,2011-12-02,624.8,False
20,60,2011-12-09,1381.6,False
20,60,2011-12-16,1320.0,False
20,60,2011-12-23,836.0,False
20,60,2011-12-30,352.0,True
20,67,2011-12-02,15536.95,False
20,67,2011-12-09,20092.46,False
20,67,2011-12-16,28259.52,False
20,67,2011-12-23,41227.73,False
20,67,2011-12-30,17895.29,True
20,71,2011-12-02,8644.7,False
20,71,2011-12-09,10252.95,False
20,71,2011-12-16,12911.76,False
20,71,2011-12-23,19648.16,False
20,71,2011-12-30,12070.09,True
20,72,2011-12-02,107583.74,False
20,72,2011-12-09,120430.06,False
20,72,2011-12-16,144247.36,False
20,72,2011-12-23,215373.51,False
20,72,2011-12-30,112672.8,True
20,74,2011-12-02,20838.34,False
20,74,2011-12-09,23123.4,False
20,74,2011-12-16,23727.88,False
20,74,2011-12-23,33980.49,False
20,74,2011-12-30,28125.38,True
20,77,2011-12-02,477.0,False
20,77,2011-12-09,358.0,False
20,77,2011-12-16,700.0,False
20,77,2011-12-23,525.0,False
20,79,2011-12-02,38463.84,False
20,79,2011-12-09,39586.88,False
20,79,2011-12-16,38498.25,False
20,79,2011-12-23,46650.39,False
20,79,2011-12-30,34651.29,True
20,80,2011-12-02,37380.55,False
20,80,2011-12-09,42342.84,False
20,80,2011-12-16,44425.49,False
20,80,2011-12-23,48225.63,False
20,80,2011-12-30,34851.47,True
20,81,2011-12-02,32642.38,False
20,81,2011-12-09,35645.91,False
20,81,2011-12-16,34420.41,False
20,81,2011-12-23,33236.94,False
20,81,2011-12-30,24724.47,True
20,82,2011-12-02,43288.18,False
20,82,2011-12-09,49711.3,False
20,82,2011-12-16,63728.09,False
20,82,2011-12-23,121421.89,False
20,82,2011-12-30,52480.81,True
20,83,2011-12-02,4387.2,False
20,83,2011-12-09,5686.5,False
20,83,2011-12-16,6683.57,False
20,83,2011-12-23,10373.0,False
20,83,2011-12-30,6506.4,True
20,85,2011-12-02,5084.19,False
20,85,2011-12-09,8187.63,False
20,85,2011-12-16,12385.2,False
20,85,2011-12-23,14033.34,False
20,85,2011-12-30,4345.77,True
20,87,2011-12-02,62286.9,False
20,87,2011-12-09,49737.91,False
20,87,2011-12-16,52091.7,False
20,87,2011-12-23,64045.23,False
20,87,2011-12-30,59878.72,True
20,90,2011-12-02,92957.39,False
20,90,2011-12-09,110622.23,False
20,90,2011-12-16,112751.75,False
20,90,2011-12-23,132656.56,False
20,90,2011-12-30,84605.43,True
20,91,2011-12-02,67712.5,False
20,91,2011-12-09,85278.03,False
20,91,2011-12-16,82439.55,False
20,91,2011-12-23,72911.74,False
20,91,2011-12-30,54836.69,True
20,92,2011-12-02,156281.98,False
20,92,2011-12-09,198053.83,False
20,92,2011-12-16,210877.54,False
20,92,2011-12-23,220321.48,False
20,92,2011-12-30,127479.49,True
20,93,2011-12-02,42240.25,False
20,93,2011-12-09,64610.81,False
20,93,2011-12-16,62839.64,False
20,93,2011-12-23,72489.47,False
20,93,2011-12-30,42730.02,True
20,94,2011-12-02,45666.06,False
20,94,2011-12-09,52000.65,False
20,94,2011-12-16,51784.08,False
20,94,2011-12-23,73480.11,False
20,94,2011-12-30,43807.23,True
20,95,2011-12-02,131727.11,False
20,95,2011-12-09,149083.52,False
20,95,2011-12-16,150916.1,False
20,95,2011-12-23,163054.74,False
20,95,2011-12-30,117238.26,True
20,96,2011-12-23,-8.44,False
20,96,2011-12-30,5.96,True
20,97,2011-12-02,22936.01,False
20,97,2011-12-09,26867.42,False
20,97,2011-12-16,27406.93,False
20,97,2011-12-23,27433.91,False
20,97,2011-12-30,28304.72,True
20,98,2011-12-02,18501.29,False
20,98,2011-12-09,21597.87,False
20,98,2011-12-16,23265.2,False
20,98,2011-12-23,27969.93,False
20,98,2011-12-30,15773.73,True
20,99,2011-12-09,1645.0,False
20,99,2011-12-16,4870.0,False
20,99,2011-12-23,4420.0,False
20,99,2011-12-30,525.0,True
21,1,2011-12-02,15458.52,False
21,1,2011-12-09,21261.92,False
21,1,2011-12-16,32037.96,False
21,1,2011-12-23,33878.68,False
21,1,2011-12-30,15983.71,True
21,2,2011-12-02,46442.69,False
21,2,2011-12-09,45343.95,False
21,2,2011-12-16,65568.5,False
21,2,2011-12-23,69345.44,False
21,2,2011-12-30,46444.08,True
21,3,2011-12-02,10734.87,False
21,3,2011-12-09,11986.88,False
21,3,2011-12-16,14232.5,False
21,3,2011-12-23,14226.33,False
21,3,2011-12-30,8560.38,True
21,4,2011-12-02,19053.55,False
21,4,2011-12-09,19371.08,False
21,4,2011-12-16,20376.56,False
21,4,2011-12-23,22076.81,False
21,4,2011-12-30,18275.44,True
21,5,2011-12-02,21613.73,False
21,5,2011-12-09,26911.14,False
21,5,2011-12-16,34880.46,False
21,5,2011-12-23,72017.03,False
21,5,2011-12-30,26755.42,True
21,6,2011-12-02,2570.31,False
21,6,2011-12-09,4344.06,False
21,6,2011-12-16,6034.39,False
21,6,2011-12-23,9623.29,False
21,6,2011-12-30,6164.03,True
21,7,2011-12-02,38972.38,False
21,7,2011-12-09,54601.67,False
21,7,2011-12-16,90309.36,False
21,7,2011-12-23,172052.78,False
21,7,2011-12-30,52526.67,True
21,8,2011-12-02,17154.32,False
21,8,2011-12-09,19885.78,False
21,8,2011-12-16,20376.67,False
21,8,2011-12-23,25574.36,False
21,8,2011-12-30,16171.45,True
21,9,2011-12-02,11736.5,False
21,9,2011-12-09,13025.14,False
21,9,2011-12-16,16408.97,False
21,9,2011-12-23,19239.53,False
21,9,2011-12-30,13223.78,True
21,10,2011-12-02,15260.31,False
21,10,2011-12-09,17167.99,False
21,10,2011-12-16,14937.87,False
21,10,2011-12-23,16950.86,False
21,10,2011-12-30,13514.98,True
21,11,2011-12-02,18215.51,False
21,11,2011-12-09,21717.8,False
21,11,2011-12-16,14072.7,False
21,11,2011-12-23,14688.47,False
21,11,2011-12-30,11112.71,True
21,12,2011-12-02,2457.14,False
21,12,2011-12-09,2079.33,False
21,12,2011-12-16,2537.55,False
21,12,2011-12-23,2342.47,False
21,12,2011-12-30,1654.16,True
21,13,2011-12-02,26296.15,False
21,13,2011-12-09,26604.82,False
21,13,2011-12-16,29272.12,False
21,13,2011-12-23,28940.19,False
21,13,2011-12-30,25222.81,True
21,14,2011-12-02,15288.8,False
21,14,2011-12-09,20605.56,False
21,14,2011-12-16,22357.62,False
21,14,2011-12-23,37563.98,False
21,14,2011-12-30,20014.75,True
21,16,2011-12-02,770.4,False
21,16,2011-12-09,841.37,False
21,16,2011-12-16,674.3,False
21,16,2011-12-23,1375.62,False
21,16,2011-12-30,986.15,True
21,17,2011-12-02,7529.42,False
21,17,2011-12-09,7410.77,False
21,17,2011-12-16,11072.26,False
21,17,2011-12-23,12543.22,False
21,17,2011-12-30,9605.45,True
21,18,2011-12-02,39797.17,False
21,18,2011-12-09,35536.27,False
21,18,2011-12-16,34094.71,False
21,18,2011-12-23,26187.53,False
21,18,2011-12-30,14640.03,True
21,19,2011-12-02,2118.6,False
21,19,2011-12-09,2302.66,False
21,19,2011-12-16,1991.1,False
21,19,2011-12-23,2295.03,False
21,19,2011-12-30,1240.67,True
21,20,2011-12-02,4479.43,False
21,20,2011-12-09,4716.22,False
21,20,2011-12-16,5152.33,False
21,20,2011-12-23,6124.6,False
21,20,2011-12-30,4523.75,True
21,21,2011-12-02,3971.82,False
21,21,2011-12-09,4144.41,False
21,21,2011-12-16,4850.59,False
21,21,2011-12-23,5794.33,False
21,21,2011-12-30,3550.51,True
21,22,2011-12-02,8731.7,False
21,22,2011-12-09,11684.91,False
21,22,2011-12-16,13394.06,False
21,22,2011-12-23,18086.1,False
21,22,2011-12-30,11421.07,True
21,23,2011-12-02,38256.09,False
21,23,2011-12-09,54544.34,False
21,23,2011-12-16,51827.08,False
21,23,2011-12-23,77014.48,False
21,23,2011-12-30,42258.56,True
21,24,2011-12-02,10539.78,False
21,24,2011-12-09,15076.32,False
21,24,2011-12-16,14844.59,False
21,24,2011-12-23,19541.73,False
21,24,2011-12-30,8080.37,True
21,25,2011-12-02,16105.55,False
21,25,2011-12-09,18651.23,False
21,25,2011-12-16,19822.55,False
21,25,2011-12-23,27360.55,False
21,25,2011-12-30,14167.94,True
21,26,2011-12-02,10666.61,False
21,26,2011-12-09,11503.22,False
21,26,2011-12-16,13354.14,False
21,26,2011-12-23,21067.47,False
21,26,2011-12-30,8713.1,True
21,27,2011-12-02,2615.06,False
21,27,2011-12-09,3450.34,False
21,27,2011-12-16,4070.34,False
21,27,2011-12-23,4801.95,False
21,27,2011-12-30,2717.97,True
21,28,2011-12-02,1013.65,False
21,28,2011-12-09,1449.74,False
21,28,2011-12-16,1401.94,False
21,28,2011-12-23,1279.42,False
21,28,2011-12-30,869.77,True
21,29,2011-12-02,5189.86,False
21,29,2011-12-09,7111.05,False
21,29,2011-12-16,6994.8,False
21,29,2011-12-23,11282.02,False
21,29,2011-12-30,6201.38,True
21,30,2011-12-02,3214.88,False
21,30,2011-12-09,3393.97,False
21,30,2011-12-16,3587.22,False
21,30,2011-12-23,5142.36,False
21,30,2011-12-30,3489.72,True
21,31,2011-12-02,4402.5,False
21,31,2011-12-09,7516.57,False
21,31,2011-12-16,7311.05,False
21,31,2011-12-23,8442.85,False
21,31,2011-12-30,3847.78,True
21,32,2011-12-02,4411.26,False
21,32,2011-12-09,7272.71,False
21,32,2011-12-16,11645.42,False
21,32,2011-12-23,24020.97,False
21,32,2011-12-30,11152.57,True
21,33,2011-12-02,10553.14,False
21,33,2011-12-09,12888.21,False
21,33,2011-12-16,15361.35,False
21,33,2011-12-23,21586.76,False
21,33,2011-12-30,8210.79,True
21,34,2011-12-02,17371.92,False
21,34,2011-12-09,22032.1,False
21,34,2011-12-16,22178.41,False
21,34,2011-12-23,30004.87,False
21,34,2011-12-30,18141.91,True
21,35,2011-12-02,2350.96,False
21,35,2011-12-09,2699.74,False
21,35,2011-12-16,2974.74,False
21,35,2011-12-23,4627.52,False
21,35,2011-12-30,2296.93,True
21,36,2011-12-02,2893.32,False
21,36,2011-12-09,5879.29,False
21,36,2011-12-16,4345.91,False
21,36,2011-12-23,6033.56,False
21,36,2011-12-30,2719.6,True
21,38,2011-12-02,42473.3,False
21,38,2011-12-09,43650.64,False
21,38,2011-12-16,36848.57,False
21,38,2011-12-23,39609.47,False
21,38,2011-12-30,43382.89,True
21,40,2011-12-02,40359.18,False
21,40,2011-12-09,38270.42,False
21,40,2011-12-16,40294.83,False
21,40,2011-12-23,42979.09,False
21,40,2011-12-30,35247.61,True
21,41,2011-12-02,2178.0,False
21,41,2011-12-09,2366.03,False
21,41,2011-12-16,3958.97,False
21,41,2011-12-23,6121.33,False
21,41,2011-12-30,2578.0,True
21,42,2011-12-02,5033.54,False
21,42,2011-12-09,4345.09,False
21,42,2011-12-16,6199.92,False
21,42,2011-12-23,5763.56,False
21,42,2011-12-30,5432.84,True
21,44,2011-12-02,5764.62,False
21,44,2011-12-09,6771.96,False
21,44,2011-12-16,7207.43,False
21,44,2011-12-23,7625.31,False
21,44,2011-12-30,4240.36,True
21,46,2011-12-02,19420.23,False
21,46,2011-12-09,22317.94,False
21,46,2011-12-16,30192.5,False
21,46,2011-12-23,41954.72,False
21,46,2011-12-30,23785.49,True
21,47,2011-12-16,49.97,False
21,49,2011-12-02,8722.34,False
21,49,2011-12-09,5896.4,False
21,49,2011-12-16,6819.76,False
21,49,2011-12-23,11803.29,False
21,49,2011-12-30,12294.75,True
21,52,2011-12-02,2741.82,False
21,52,2011-12-09,3210.8,False
21,52,2011-12-16,3785.06,False
21,52,2011-12-23,4502.27,False
21,52,2011-12-30,1859.14,True
21,54,2011-12-02,101.64,False
21,54,2011-12-09,54.12,False
21,54,2011-12-16,177.64,False
21,54,2011-12-23,252.96,False
21,54,2011-12-30,84.72,True
21,55,2011-12-02,9926.95,False
21,55,2011-12-09,9519.91,False
21,55,2011-12-16,17425.46,False
21,55,2011-12-23,33002.44,False
21,55,2011-12-30,16400.89,True
21,56,2011-12-02,3806.96,False
21,56,2011-12-09,3858.6,False
21,56,2011-12-16,2423.97,False
21,56,2011-12-23,585.49,False
21,56,2011-12-30,43.88,True
21,58,2011-12-02,1210.0,False
21,58,2011-12-09,1167.5,False
21,58,2011-12-16,1010.0,False
21,58,2011-12-23,1565.0,False
21,58,2011-12-30,1875.0,True
21,59,2011-12-02,847.94,False
21,59,2011-12-09,1452.3,False
21,59,2011-12-16,4011.08,False
21,59,2011-12-23,6015.94,False
21,59,2011-12-30,3359.07,True
21,60,2011-12-02,176.0,False
21,60,2011-12-09,228.8,False
21,60,2011-12-16,290.4,False
21,60,2011-12-23,492.8,False
21,60,2011-12-30,96.8,True
21,67,2011-12-02,3946.75,False
21,67,2011-12-09,5878.57,False
21,67,2011-12-16,9672.16,False
21,67,2011-12-23,16181.64,False
21,67,2011-12-30,6706.84,True
21,71,2011-12-02,5552.09,False
21,71,2011-12-09,6044.05,False
21,71,2011-12-16,4896.34,False
21,71,2011-12-23,6234.52,False
21,71,2011-12-30,5706.48,True
21,72,2011-12-02,48480.15,False
21,72,2011-12-09,44708.9,False
21,72,2011-12-16,47419.98,False
21,72,2011-12-23,88777.64,False
21,72,2011-12-30,42995.13,True
21,74,2011-12-02,8337.77,False
21,74,2011-12-09,10168.62,False
21,74,2011-12-16,9845.13,False
21,74,2011-12-23,13424.32,False
21,74,2011-12-30,11684.59,True
21,77,2011-12-23,175.0,False
21,79,2011-12-02,19298.74,False
21,79,2011-12-09,20990.31,False
21,79,2011-12-16,24803.92,False
21,79,2011-12-23,25943.04,False
21,79,2011-12-30,19963.08,True
21,80,2011-12-02,82.62,False
21,80,2011-12-09,176.8,False
21,80,2011-12-16,62.17,False
21,80,2011-12-23,125.74,False
21,80,2011-12-30,103.0,True
21,81,2011-12-02,4829.07,False
21,81,2011-12-09,5457.84,False
21,81,2011-12-16,5518.04,False
21,81,2011-12-23,5241.3,False
21,81,2011-12-30,4198.89,True
21,82,2011-12-02,15165.16,False
21,82,2011-12-09,18872.29,False
21,82,2011-12-16,25574.02,False
21,82,2011-12-23,47162.89,False
21,82,2011-12-30,22918.31,True
21,83,2011-12-02,121.2,False
21,83,2011-12-09,465.48,False
21,83,2011-12-16,200.62,False
21,83,2011-12-23,260.24,False
21,83,2011-12-30,116.3,True
21,85,2011-12-02,1809.09,False
21,85,2011-12-09,1651.75,False
21,85,2011-12-16,2775.37,False
21,85,2011-12-23,3309.61,False
21,85,2011-12-30,1661.18,True
21,87,2011-12-02,6681.02,False
21,87,2011-12-09,7671.42,False
21,87,2011-12-16,7546.98,False
21,87,2011-12-23,9756.55,False
21,87,2011-12-30,7712.64,True
21,90,2011-12-02,11382.93,False
21,90,2011-12-09,11710.68,False
21,90,2011-12-16,13013.53,False
21,90,2011-12-23,13899.56,False
21,90,2011-12-30,10796.27,True
21,91,2011-12-02,5659.31,False
21,91,2011-12-09,6977.45,False
21,91,2011-12-16,6785.96,False
21,91,2011-12-23,6816.04,False
21,91,2011-12-30,5067.19,True
21,92,2011-12-02,26013.46,False
21,92,2011-12-09,29904.25,False
21,92,2011-12-16,29946.72,False
21,92,2011-12-23,29963.19,False
21,92,2011-12-30,23871.57,True
21,93,2011-12-02,553.44,False
21,93,2011-12-09,619.68,False
21,93,2011-12-16,837.88,False
21,93,2011-12-23,691.78,False
21,93,2011-12-30,608.86,True
21,94,2011-12-02,60.02,False
21,94,2011-12-09,596.43,False
21,94,2011-12-16,961.86,False
21,94,2011-12-23,277.94,False
21,94,2011-12-30,203.01,True
21,95,2011-12-02,30909.8,False
21,95,2011-12-09,33735.72,False
21,95,2011-12-16,38532.32,False
21,95,2011-12-23,37072.48,False
21,95,2011-12-30,32072.37,True
21,96,2011-12-16,2.0,False
21,97,2011-12-02,2979.8,False
21,97,2011-12-09,3539.31,False
21,97,2011-12-16,3544.0,False
21,97,2011-12-23,3444.36,False
21,97,2011-12-30,2754.26,True
21,98,2011-12-02,321.41,False
21,98,2011-12-09,454.51,False
21,98,2011-12-16,597.83,False
21,98,2011-12-23,387.5,False
21,98,2011-12-30,80.56,True
22,1,2011-12-02,28085.66,False
22,1,2011-12-09,38605.59,False
22,1,2011-12-16,53608.57,False
22,1,2011-12-23,60924.13,False
22,1,2011-12-30,17653.26,True
22,2,2011-12-02,55003.09,False
22,2,2011-12-09,60616.71,False
22,2,2011-12-16,71043.89,False
22,2,2011-12-23,83749.17,False
22,2,2011-12-30,46641.09,True
22,3,2011-12-02,9429.84,False
22,3,2011-12-09,10137.67,False
22,3,2011-12-16,12975.45,False
22,3,2011-12-23,18078.11,False
22,3,2011-12-30,7286.92,True
22,4,2011-12-02,33508.45,False
22,4,2011-12-09,32749.32,False
22,4,2011-12-16,33462.75,False
22,4,2011-12-23,39597.19,False
22,4,2011-12-30,29558.05,True
22,5,2011-12-02,32036.49,False
22,5,2011-12-09,47096.41,False
22,5,2011-12-16,54782.08,False
22,5,2011-12-23,75821.96,False
22,5,2011-12-30,30645.69,True
22,6,2011-12-02,4917.21,False
22,6,2011-12-09,6778.11,False
22,6,2011-12-16,6675.67,False
22,6,2011-12-23,12415.3,False
22,6,2011-12-30,4729.14,True
22,7,2011-12-02,65321.53,False
22,7,2011-12-09,95279.3,False
22,7,2011-12-16,110793.65,False
22,7,2011-12-23,146173.94,False
22,7,2011-12-30,34020.68,True
22,8,2011-12-02,40365.38,False
22,8,2011-12-09,39089.43,False
22,8,2011-12-16,42047.26,False
22,8,2011-12-23,48400.69,False
22,8,2011-12-30,32153.12,True
22,9,2011-12-02,17308.41,False
22,9,2011-12-09,19974.44,False
22,9,2011-12-16,22655.56,False
22,9,2011-12-23,37404.14,False
22,9,2011-12-30,17165.04,True
22,10,2011-12-02,17819.83,False
22,10,2011-12-09,19798.33,False
22,10,2011-12-16,20910.28,False
22,10,2011-12-23,25735.9,False
22,10,2011-12-30,17460.24,True
22,11,2011-12-02,15127.49,False
22,11,2011-12-09,14822.38,False
22,11,2011-12-16,15184.09,False
22,11,2011-12-23,15458.38,False
22,11,2011-12-30,12335.25,True
22,12,2011-12-02,3124.44,False
22,12,2011-12-09,3376.65,False
22,12,2011-12-16,3191.34,False
22,12,2011-12-23,2567.39,False
22,12,2011-12-30,2172.82,True
22,13,2011-12-02,37255.23,False
22,13,2011-12-09,38610.06,False
22,13,2011-12-16,36918.34,False
22,13,2011-12-23,36971.58,False
22,13,2011-12-30,32472.04,True
22,14,2011-12-02,22063.81,False
22,14,2011-12-09,26344.72,False
22,14,2011-12-16,33299.33,False
22,14,2011-12-23,48106.76,False
22,14,2011-12-30,22305.24,True
22,16,2011-12-02,2694.93,False
22,16,2011-12-09,3064.39,False
22,16,2011-12-16,2650.49,False
22,16,2011-12-23,2526.57,False
22,16,2011-12-30,2325.76,True
22,17,2011-12-02,17924.76,False
22,17,2011-12-09,18700.69,False
22,17,2011-12-16,18391.42,False
22,17,2011-12-23,28601.87,False
22,17,2011-12-30,12669.57,True
22,18,2011-12-02,71054.02,False
22,18,2011-12-09,73272.78,False
22,18,2011-12-16,57187.73,False
22,18,2011-12-23,49265.95,False
22,18,2011-12-30,30596.38,True
22,19,2011-12-02,1276.74,False
22,19,2011-12-09,1787.99,False
22,19,2011-12-16,1411.74,False
22,19,2011-12-23,1344.43,False
22,19,2011-12-30,649.85,True
22,20,2011-12-02,5229.51,False
22,20,2011-12-09,5385.37,False
22,20,2011-12-16,5190.57,False
22,20,2011-12-23,7577.3,False
22,20,2011-12-30,5344.78,True
22,21,2011-12-02,7080.08,False
22,21,2011-12-09,7468.9,False
22,21,2011-12-16,8920.21,False
22,21,2011-12-23,12986.18,False
22,21,2011-12-30,4738.6,True
22,22,2011-12-02,9778.37,False
22,22,2011-12-09,14894.27,False
22,22,2011-12-16,15789.51,False
22,22,2011-12-23,23151.5,False
22,22,2011-12-30,12789.54,True
22,23,2011-12-02,32719.91,False
22,23,2011-12-09,42884.29,False
22,23,2011-12-16,52351.59,False
22,23,2011-12-23,78820.46,False
22,23,2011-12-30,32655.15,True
22,24,2011-12-02,9110.78,False
22,24,2011-12-09,12099.77,False
22,24,2011-12-16,11805.32,False
22,24,2011-12-23,17279.63,False
22,24,2011-12-30,4714.82,True
22,25,2011-12-02,9101.94,False
22,25,2011-12-09,11357.46,False
22,25,2011-12-16,12499.51,False
22,25,2011-12-23,15789.96,False
22,25,2011-12-30,9110.87,True
22,26,2011-12-02,9470.08,False
22,26,2011-12-09,10858.35,False
22,26,2011-12-16,11320.37,False
22,26,2011-12-23,15500.7,False
22,26,2011-12-30,5829.92,True
22,27,2011-12-02,3334.98,False
22,27,2011-12-09,3806.4,False
22,27,2011-12-16,4673.11,False
22,27,2011-12-23,5761.89,False
22,27,2011-12-30,2330.05,True
22,28,2011-12-02,1364.69,False
22,28,2011-12-09,1517.64,False
22,28,2011-12-16,1424.98,False
22,28,2011-12-23,1369.93,False
22,28,2011-12-30,1087.57,True
22,29,2011-12-02,7846.28,False
22,29,2011-12-09,10295.94,False
22,29,2011-12-16,12414.78,False
22,29,2011-12-23,18314.14,False
22,29,2011-12-30,8500.3,True
22,30,2011-12-02,3714.65,False
22,30,2011-12-09,3382.34,False
22,30,2011-12-16,4099.37,False
22,30,2011-12-23,4343.88,False
22,30,2011-12-30,3421.46,True
22,31,2011-12-02,3096.34,False
22,31,2011-12-09,4565.54,False
22,31,2011-12-16,5308.88,False
22,31,2011-12-23,7998.19,False
22,31,2011-12-30,3062.03,True
22,32,2011-12-02,7150.92,False
22,32,2011-12-09,8076.58,False
22,32,2011-12-16,10901.17,False
22,32,2011-12-23,21343.37,False
22,32,2011-12-30,9137.02,True
22,33,2011-12-02,7156.3,False
22,33,2011-12-09,10435.15,False
22,33,2011-12-16,11611.02,False
22,33,2011-12-23,14943.42,False
22,33,2011-12-30,4850.02,True
22,34,2011-12-02,18289.41,False
22,34,2011-12-09,19734.59,False
22,34,2011-12-16,22131.79,False
22,34,2011-12-23,26261.95,False
22,34,2011-12-30,13553.12,True
22,35,2011-12-02,3999.89,False
22,35,2011-12-09,4203.58,False
22,35,2011-12-16,5082.45,False
22,35,2011-12-23,5920.41,False
22,35,2011-12-30,3174.58,True
22,36,2011-12-02,3190.65,False
22,36,2011-12-09,4371.01,False
22,36,2011-12-16,4199.0,False
22,36,2011-12-23,4608.82,False
22,36,2011-12-30,2281.17,True
22,38,2011-12-02,83958.04,False
22,38,2011-12-09,68550.89,False
22,38,2011-12-16,79123.1,False
22,38,2011-12-23,75294.18,False
22,38,2011-12-30,66838.9,True
22,40,2011-12-02,56762.29,False
22,40,2011-12-09,58186.6,False
22,40,2011-12-16,59213.43,False
22,40,2011-12-23,61442.1,False
22,40,2011-12-30,48877.73,True
22,41,2011-12-02,611.76,False
22,41,2011-12-09,816.38,False
22,41,2011-12-16,1345.88,False
22,41,2011-12-23,2434.54,False
22,41,2011-12-30,752.5,True
22,42,2011-12-02,7763.53,False
22,42,2011-12-09,7205.0,False
22,42,2011-12-16,7635.45,False
22,42,2011-12-23,8398.6,False
22,42,2011-12-30,6603.91,True
22,44,2011-12-02,8284.18,False
22,44,2011-12-09,8636.9,False
22,44,2011-12-16,9216.78,False
22,44,2011-12-23,11637.06,False
22,44,2011-12-30,4687.72,True
22,45,2011-12-09,11.97,False
22,45,2011-12-30,35.91,True
22,46,2011-12-02,24724.92,False
22,46,2011-12-09,26757.67,False
22,46,2011-12-16,31624.0,False
22,46,2011-12-23,44768.4,False
22,46,2011-12-30,25379.38,True
22,47,2011-12-23,68.0,False
22,49,2011-12-02,32.67,False
22,49,2011-12-16,2.97,False
22,51,2011-12-23,9.96,False
22,52,2011-12-02,4362.25,False
22,52,2011-12-09,3398.76,False
22,52,2011-12-16,2811.35,False
22,52,2011-12-23,2791.5,False
22,52,2011-12-30,1283.12,True
22,54,2011-12-02,68.0,False
22,54,2011-12-09,47.64,False
22,54,2011-12-16,107.52,False
22,54,2011-12-23,162.0,False
22,54,2011-12-30,16.92,True
22,55,2011-12-02,18124.32,False
22,55,2011-12-09,25220.23,False
22,55,2011-12-16,31869.05,False
22,55,2011-12-23,50049.52,False
22,55,2011-12-30,24268.99,True
22,56,2011-12-02,4033.1,False
22,56,2011-12-09,4231.81,False
22,56,2011-12-16,3475.75,False
22,56,2011-12-23,2694.04,False
22,56,2011-12-30,262.56,True
22,58,2011-12-02,3432.5,False
22,58,2011-12-09,6745.0,False
22,58,2011-12-16,2980.0,False
22,58,2011-12-23,3690.0,False
22,58,2011-12-30,3955.0,True
22,59,2011-12-02,1808.57,False
22,59,2011-12-09,2385.15,False
22,59,2011-12-16,4702.6,False
22,59,2011-12-23,7932.31,False
22,59,2011-12-30,3762.36,True
22,60,2011-12-02,624.8,False
22,60,2011-12-09,704.0,False
22,60,2011-12-16,589.6,False
22,60,2011-12-23,554.4,False
22,60,2011-12-30,343.2,True
22,67,2011-12-02,13730.52,False
22,67,2011-12-09,17327.28,False
22,67,2011-12-16,23413.9,False
22,67,2011-12-23,34825.94,False
22,67,2011-12-30,11920.12,True
22,71,2011-12-02,5416.01,False
22,71,2011-12-09,4860.68,False
22,71,2011-12-16,4259.25,False
22,71,2011-12-23,7238.7,False
22,71,2011-12-30,5683.16,True
22,72,2011-12-02,74880.78,False
22,72,2011-12-09,79402.0,False
22,72,2011-12-16,104263.4,False
22,72,2011-12-23,180772.95,False
22,72,2011-12-30,74416.32,True
22,74,2011-12-02,14657.85,False
22,74,2011-12-09,13790.62,False
22,74,2011-12-16,14621.54,False
22,74,2011-12-23,20064.72,False
22,74,2011-12-30,21554.03,True
22,77,2011-12-16,159.0,False
22,77,2011-12-23,198.0,False
22,79,2011-12-02,18078.71,False
22,79,2011-12-09,17652.0,False
22,79,2011-12-16,20102.36,False
22,79,2011-12-23,23193.75,False
22,79,2011-12-30,14071.19,True
22,80,2011-12-02,1094.5,False
22,80,2011-12-09,1977.44,False
22,80,2011-12-16,1622.36,False
22,80,2011-12-23,1584.56,False
22,80,2011-12-30,1229.21,True
22,81,2011-12-02,11634.61,False
22,81,2011-12-09,12243.53,False
22,81,2011-12-16,11760.52,False
22,81,2011-12-23,11337.38,False
22,81,2011-12-30,8675.51,True
22,82,2011-12-02,23118.54,False
22,82,2011-12-09,31225.78,False
22,82,2011-12-16,40471.82,False
22,82,2011-12-23,69636.68,False
22,82,2011-12-30,26458.04,True
22,83,2011-12-02,1393.0,False
22,83,2011-12-09,1487.39,False
22,83,2011-12-16,1387.74,False
22,83,2011-12-23,1945.05,False
22,83,2011-12-30,1365.37,True
22,85,2011-12-02,2700.66,False
22,85,2011-12-09,5627.8,False
22,85,2011-12-16,9562.47,False
22,85,2011-12-23,11857.99,False
22,85,2011-12-30,3606.43,True
22,87,2011-12-02,14889.5,False
22,87,2011-12-09,14616.94,False
22,87,2011-12-16,15060.72,False
22,87,2011-12-23,23313.48,False
22,87,2011-12-30,17016.75,True
22,90,2011-12-02,23229.83,False
22,90,2011-12-09,24746.09,False
22,90,2011-12-16,25915.61,False
22,90,2011-12-23,28722.51,False
22,90,2011-12-30,20072.78,True
22,91,2011-12-02,21213.56,False
22,91,2011-12-09,21961.37,False
22,91,2011-12-16,20947.26,False
22,91,2011-12-23,20871.68,False
22,91,2011-12-30,17790.02,True
22,92,2011-12-02,53115.3,False
22,92,2011-12-09,60891.32,False
22,92,2011-12-16,63408.41,False
22,92,2011-12-23,69993.57,False
22,92,2011-12-30,42153.62,True
22,93,2011-12-02,1649.5,False
22,93,2011-12-09,2010.04,False
22,93,2011-12-16,1772.2,False
22,93,2011-12-23,2591.86,False
22,93,2011-12-30,1790.66,True
22,94,2011-12-02,90.69,False
22,94,2011-12-09,124.12,False
22,94,2011-12-16,142.88,False
22,94,2011-12-23,729.08,False
22,94,2011-12-30,233.84,True
22,95,2011-12-02,51744.65,False
22,95,2011-12-09,55710.41,False
22,95,2011-12-16,57689.6,False
22,95,2011-12-23,62039.36,False
22,95,2011-12-30,44390.96,True
22,96,2011-12-09,2.98,False
22,97,2011-12-02,4139.94,False
22,97,2011-12-09,4563.0,False
22,97,2011-12-16,4368.36,False
22,97,2011-12-23,4539.7,False
22,97,2011-12-30,3657.5,True
22,98,2011-12-02,299.97,False
22,98,2011-12-09,406.5,False
22,98,2011-12-16,613.18,False
22,98,2011-12-23,696.92,False
22,98,2011-12-30,86.29,True
23,1,2011-12-02,40367.79,False
23,1,2011-12-09,55582.35,False
23,1,2011-12-16,90760.62,False
23,1,2011-12-23,114300.64,False
23,1,2011-12-30,30938.99,True
23,2,2011-12-02,79402.79,False
23,2,2011-12-09,88298.09,False
23,2,2011-12-16,102193.09,False
23,2,2011-12-23,120100.97,False
23,2,2011-12-30,55312.44,True
23,3,2011-12-02,17680.84,False
23,3,2011-12-09,25106.1,False
23,3,2011-12-16,27936.62,False
23,3,2011-12-23,36981.17,False
23,3,2011-12-30,14386.78,True
23,4,2011-12-02,25139.02,False
23,4,2011-12-09,26564.61,False
23,4,2011-12-16,27323.1,False
23,4,2011-12-23,26422.77,False
23,4,2011-12-30,20991.43,True
23,5,2011-12-02,53240.55,False
23,5,2011-12-09,76290.45,False
23,5,2011-12-16,90695.88,False
23,5,2011-12-23,116781.4,False
23,5,2011-12-30,41350.29,True
23,6,2011-12-02,5990.1,False
23,6,2011-12-09,8842.88,False
23,6,2011-12-16,16046.26,False
23,6,2011-12-23,24634.63,False
23,6,2011-12-30,7537.11,True
23,7,2011-12-02,74971.08,False
23,7,2011-12-09,109082.7,False
23,7,2011-12-16,135083.57,False
23,7,2011-12-23,174335.41,False
23,7,2011-12-30,33192.18,True
23,8,2011-12-02,37855.26,False
23,8,2011-12-09,42307.76,False
23,8,2011-12-16,45926.89,False
23,8,2011-12-23,51759.69,False
23,8,2011-12-30,31497.47,True
23,9,2011-12-02,39371.13,False
23,9,2011-12-09,45080.41,False
23,9,2011-12-16,54009.79,False
23,9,2011-12-23,80410.52,False
23,9,2011-12-30,28935.74,True
23,10,2011-12-02,30305.3,False
23,10,2011-12-09,36447.02,False
23,10,2011-12-16,43062.14,False
23,10,2011-12-23,49482.06,False
23,10,2011-12-30,32721.86,True
23,11,2011-12-02,29798.5,False
23,11,2011-12-09,35450.46,False
23,11,2011-12-16,34963.15,False
23,11,2011-12-23,43143.64,False
23,11,2011-12-30,23141.8,True
23,12,2011-12-02,3124.52,False
23,12,2011-12-09,3520.98,False
23,12,2011-12-16,3551.3,False
23,12,2011-12-23,3350.48,False
23,12,2011-12-30,2564.07,True
23,13,2011-12-02,33243.25,False
23,13,2011-12-09,32971.89,False
23,13,2011-12-16,32874.16,False
23,13,2011-12-23,31409.12,False
23,13,2011-12-30,27520.59,True
23,14,2011-12-02,43060.98,False
23,14,2011-12-09,57629.79,False
23,14,2011-12-16,76446.39,False
23,14,2011-12-23,99226.06,False
23,14,2011-12-30,34882.45,True
23,16,2011-12-02,3920.43,False
23,16,2011-12-09,4535.92,False
23,16,2011-12-16,5128.73,False
23,16,2011-12-23,5931.78,False
23,16,2011-12-30,4405.65,True
23,17,2011-12-02,26184.69,False
23,17,2011-12-09,31709.56,False
23,17,2011-12-16,41025.34,False
23,17,2011-12-23,51903.67,False
23,17,2011-12-30,24976.48,True
23,18,2011-12-02,75780.54,False
23,18,2011-12-09,88058.78,False
23,18,2011-12-16,79430.57,False
23,18,2011-12-23,70604.92,False
23,18,2011-12-30,31616.4,True
23,19,2011-12-02,1852.64,False
23,19,2011-12-09,1918.76,False
23,19,2011-12-16,2745.17,False
23,19,2011-12-23,2282.04,False
23,19,2011-12-30,761.9,True
23,20,2011-12-02,9711.96,False
23,20,2011-12-09,9083.56,False
23,20,2011-12-16,10905.41,False
23,20,2011-12-23,12176.03,False
23,20,2011-12-30,8554.43,True
23,21,2011-12-02,10769.7,False
23,21,2011-12-09,14807.01,False
23,21,2011-12-16,15834.83,False
23,21,2011-12-23,19404.17,False
23,21,2011-12-30,7947.22,True
23,22,2011-12-02,20410.24,False
23,22,2011-12-09,23410.7,False
23,22,2011-12-16,28262.91,False
23,22,2011-12-23,41501.25,False
23,22,2011-12-30,19145.86,True
23,23,2011-12-02,50937.53,False
23,23,2011-12-09,70624.76,False
23,23,2011-12-16,96640.56,False
23,23,2011-12-23,116157.84,False
23,23,2011-12-30,40588.06,True
23,24,2011-12-02,13878.13,False
23,24,2011-12-09,19250.01,False
23,24,2011-12-16,22816.97,False
23,24,2011-12-23,25245.14,False
23,24,2011-12-30,6260.39,True
23,25,2011-12-02,15047.17,False
23,25,2011-12-09,19351.35,False
23,25,2011-12-16,24403.57,False
23,25,2011-12-23,23234.65,False
23,25,2011-12-30,12642.9,True
23,26,2011-12-02,16612.24,False
23,26,2011-12-09,19224.07,False
23,26,2011-12-16,23414.67,False
23,26,2011-12-23,26040.08,False
23,26,2011-12-30,6915.67,True
23,27,2011-12-02,3867.3,False
23,27,2011-12-09,5787.56,False
23,27,2011-12-16,8889.28,False
23,27,2011-12-23,8991.27,False
23,27,2011-12-30,3754.5,True
23,28,2011-12-02,1342.38,False
23,28,2011-12-09,1371.6,False
23,28,2011-12-16,1905.59,False
23,28,2011-12-23,1661.25,False
23,28,2011-12-30,1021.44,True
23,29,2011-12-02,12957.36,False
23,29,2011-12-09,16359.64,False
23,29,2011-12-16,20402.73,False
23,29,2011-12-23,21893.36,False
23,29,2011-12-30,8802.45,True
23,30,2011-12-02,5238.52,False
23,30,2011-12-09,6497.73,False
23,30,2011-12-16,5948.89,False
23,30,2011-12-23,6326.57,False
23,30,2011-12-30,5796.96,True
23,31,2011-12-02,5328.03,False
23,31,2011-12-09,7133.47,False
23,31,2011-12-16,8294.57,False
23,31,2011-12-23,10987.42,False
23,31,2011-12-30,4928.81,True
23,32,2011-12-02,14185.02,False
23,32,2011-12-09,17028.42,False
23,32,2011-12-16,24694.86,False
23,32,2011-12-23,40920.0,False
23,32,2011-12-30,11235.22,True
23,33,2011-12-02,13956.58,False
23,33,2011-12-09,18908.43,False
23,33,2011-12-16,21234.76,False
23,33,2011-12-23,25098.43,False
23,33,2011-12-30,5878.35,True
23,34,2011-12-02,18881.7,False
23,34,2011-12-09,24140.0,False
23,34,2011-12-16,26155.18,False
23,34,2011-12-23,30148.62,False
23,34,2011-12-30,16435.48,True
23,35,2011-12-02,4372.14,False
23,35,2011-12-09,5747.6,False
23,35,2011-12-16,6552.68,False
23,35,2011-12-23,6850.9,False
23,35,2011-12-30,2433.43,True
23,36,2011-12-02,3516.42,False
23,36,2011-12-09,4806.06,False
23,36,2011-12-16,5557.4,False
23,36,2011-12-23,7409.67,False
23,36,2011-12-30,3539.51,True
23,38,2011-12-02,54407.76,False
23,38,2011-12-09,45219.3,False
23,38,2011-12-16,40937.01,False
23,38,2011-12-23,43567.45,False
23,38,2011-12-30,36043.02,True
23,40,2011-12-02,60928.9,False
23,40,2011-12-09,62227.09,False
23,40,2011-12-16,63781.21,False
23,40,2011-12-23,63528.23,False
23,40,2011-12-30,49261.04,True
23,41,2011-12-02,2089.26,False
23,41,2011-12-09,2742.94,False
23,41,2011-12-16,3314.97,False
23,41,2011-12-23,5079.03,False
23,41,2011-12-30,1091.25,True
23,42,2011-12-02,11486.25,False
23,42,2011-12-09,10493.64,False
23,42,2011-12-16,10853.71,False
23,42,2011-12-23,10047.88,False
23,42,2011-12-30,7530.79,True
23,44,2011-12-02,13254.91,False
23,44,2011-12-09,17894.33,False
23,44,2011-12-16,19173.33,False
23,44,2011-12-23,22041.37,False
23,44,2011-12-30,7055.84,True
23,45,2011-12-09,23.94,False
23,45,2011-12-23,23.94,False
23,45,2011-12-30,35.91,True
23,46,2011-12-02,40206.83,False
23,46,2011-12-09,49060.55,False
23,46,2011-12-16,60539.85,False
23,46,2011-12-23,77938.64,False
23,46,2011-12-30,34440.8,True
23,47,2011-12-16,98.0,False
23,47,2011-12-23,-119.0,False
23,48,2011-12-16,-44.91,False
23,49,2011-12-02,23965.19,False
23,49,2011-12-09,25120.5,False
23,49,2011-12-16,24961.33,False
23,49,2011-12-23,22238.77,False
23,49,2011-12-30,24507.46,True
23,50,2011-12-02,6402.0,False
23,50,2011-12-09,7120.0,False
23,50,2011-12-16,6430.0,False
23,50,2011-12-23,5330.0,False
23,50,2011-12-30,6360.0,True
23,51,2011-12-02,29.96,False
23,51,2011-12-16,89.88,False
23,51,2011-12-23,29.96,False
23,52,2011-12-02,2875.36,False
23,52,2011-12-09,4422.41,False
23,52,2011-12-16,5835.45,False
23,52,2011-12-23,6006.85,False
23,52,2011-12-30,2542.09,True
23,54,2011-12-02,87.76,False
23,54,2011-12-09,93.76,False
23,54,2011-12-16,256.68,False
23,54,2011-12-23,403.64,False
23,54,2011-12-30,56.68,True
23,55,2011-12-02,28019.91,False
23,55,2011-12-09,32119.61,False
23,55,2011-12-16,46483.16,False
23,55,2011-12-23,64035.22,False
23,55,2011-12-30,27765.97,True
23,56,2011-12-02,4479.63,False
23,56,2011-12-09,5045.63,False
23,56,2011-12-16,2009.04,False
23,56,2011-12-23,717.64,False
23,56,2011-12-30,47.46,True
23,58,2011-12-02,2775.0,False
23,58,2011-12-09,3005.0,False
23,58,2011-12-16,1710.0,False
23,58,2011-12-23,2325.0,False
23,58,2011-12-30,1300.0,True
23,59,2011-12-02,1732.77,False
23,59,2011-12-09,2842.33,False
23,59,2011-12-16,6975.91,False
23,59,2011-12-23,11988.18,False
23,59,2011-12-30,3957.93,True
23,60,2011-12-02,114.4,False
23,60,2011-12-09,184.8,False
23,60,2011-12-16,272.8,False
23,60,2011-12-23,211.2,False
23,60,2011-12-30,105.6,True
23,67,2011-12-02,15545.19,False
23,67,2011-12-09,21314.59,False
23,67,2011-12-16,26019.74,False
23,67,2011-12-23,30032.01,False
23,67,2011-12-30,12116.57,True
23,71,2011-12-02,8265.29,False
23,71,2011-12-09,8997.68,False
23,71,2011-12-16,13867.66,False
23,71,2011-12-23,16983.91,False
23,71,2011-12-30,10505.24,True
23,72,2011-12-02,93837.55,False
23,72,2011-12-09,114936.96,False
23,72,2011-12-16,156177.34,False
23,72,2011-12-23,205813.32,False
23,72,2011-12-30,91656.89,True
23,74,2011-12-02,26796.51,False
23,74,2011-12-09,28548.56,False
23,74,2011-12-16,32715.56,False
23,74,2011-12-23,33509.14,False
23,74,2011-12-30,31116.24,True
23,77,2011-12-02,204.0,False
23,77,2011-12-09,408.0,False
23,77,2011-12-23,408.0,False
23,79,2011-12-02,32472.27,False
23,79,2011-12-09,30795.91,False
23,79,2011-12-16,36033.72,False
23,79,2011-12-23,39673.98,False
23,79,2011-12-30,23978.91,True
23,80,2011-12-02,1286.97,False
23,80,2011-12-09,1797.6,False
23,80,2011-12-16,1919.87,False
23,80,2011-12-23,1975.9,False
23,80,2011-12-30,1822.95,True
23,81,2011-12-02,7589.02,False
23,81,2011-12-09,7876.23,False
23,81,2011-12-16,7705.13,False
23,81,2011-12-23,7025.44,False
23,81,2011-12-30,5140.55,True
23,82,2011-12-02,35022.06,False
23,82,2011-12-09,47609.78,False
23,82,2011-12-16,66791.74,False
23,82,2011-12-23,85327.67,False
23,82,2011-12-30,28343.3,True
23,83,2011-12-02,1090.08,False
23,83,2011-12-09,1449.3,False
23,83,2011-12-16,1438.78,False
23,83,2011-12-23,1540.38,False
23,83,2011-12-30,1665.08,True
23,85,2011-12-02,6174.6,False
23,85,2011-12-09,11078.84,False
23,85,2011-12-16,18357.19,False
23,85,2011-12-23,19950.93,False
23,85,2011-12-30,5031.83,True
23,87,2011-12-02,38116.54,False
23,87,2011-12-09,38531.62,False
23,87,2011-12-16,39914.92,False
23,87,2011-12-23,52383.21,False
23,87,2011-12-30,32145.6,True
23,90,2011-12-02,25987.14,False
23,90,2011-12-09,28989.39,False
23,90,2011-12-16,31025.53,False
23,90,2011-12-23,34062.82,False
23,90,2011-12-30,22011.74,True
23,91,2011-12-02,22754.49,False
23,91,2011-12-09,25165.42,False
23,91,2011-12-16,22537.72,False
23,91,2011-12-23,23137.72,False
23,91,2011-12-30,20205.61,True
23,92,2011-12-02,73528.07,False
23,92,2011-12-09,76571.78,False
23,92,2011-12-16,82799.16,False
23,92,2011-12-23,85856.21,False
23,92,2011-12-30,48964.91,True
23,93,2011-12-02,2427.12,False
23,93,2011-12-09,1546.64,False
23,93,2011-12-16,2469.1,False
23,93,2011-12-23,2746.24,False
23,93,2011-12-30,1752.76,True
23,94,2011-12-02,679.74,False
23,94,2011-12-09,350.74,False
23,94,2011-12-16,337.6,False
23,94,2011-12-23,246.37,False
23,94,2011-12-30,235.0,True
23,95,2011-12-02,46959.13,False
23,95,2011-12-09,52502.6,False
23,95,2011-12-16,54500.65,False
23,95,2011-12-23,55181.01,False
23,95,2011-12-30,42601.24,True
23,96,2011-12-02,12367.39,False
23,96,2011-12-09,14797.05,False
23,96,2011-12-16,17002.06,False
23,96,2011-12-23,20471.22,False
23,96,2011-12-30,14257.03,True
23,97,2011-12-02,6244.03,False
23,97,2011-12-09,7029.84,False
23,97,2011-12-16,6825.66,False
23,97,2011-12-23,8696.86,False
23,97,2011-12-30,5203.12,True
23,98,2011-12-02,381.68,False
23,98,2011-12-09,328.76,False
23,98,2011-12-16,387.02,False
23,98,2011-12-23,429.36,False
23,98,2011-12-30,16.23,True
24,1,2011-12-02,19656.5,False
24,1,2011-12-09,25778.9,False
24,1,2011-12-16,34294.43,False
24,1,2011-12-23,49692.85,False
24,1,2011-12-30,18342.47,True
24,2,2011-12-02,41952.04,False
24,2,2011-12-09,44214.74,False
24,2,2011-12-16,49401.43,False
24,2,2011-12-23,69267.5,False
24,2,2011-12-30,40560.97,True
24,3,2011-12-02,9382.33,False
24,3,2011-12-09,11169.66,False
24,3,2011-12-16,13683.94,False
24,3,2011-12-23,18734.15,False
24,3,2011-12-30,10288.83,True
24,4,2011-12-02,27584.37,False
24,4,2011-12-09,27501.9,False
24,4,2011-12-16,28643.96,False
24,4,2011-12-23,33278.88,False
24,4,2011-12-30,29717.25,True
24,5,2011-12-02,32849.25,False
24,5,2011-12-09,43144.94,False
24,5,2011-12-16,50909.31,False
24,5,2011-12-23,81843.07,False
24,5,2011-12-30,44955.16,True
24,6,2011-12-02,3816.43,False
24,6,2011-12-09,5220.16,False
24,6,2011-12-16,8774.08,False
24,6,2011-12-23,15766.69,False
24,6,2011-12-30,6238.35,True
24,7,2011-12-02,47965.95,False
24,7,2011-12-09,57474.3,False
24,7,2011-12-16,82708.17,False
24,7,2011-12-23,119343.44,False
24,7,2011-12-30,35740.43,True
24,8,2011-12-02,50547.95,False
24,8,2011-12-09,51552.7,False
24,8,2011-12-16,51815.65,False
24,8,2011-12-23,62240.62,False
24,8,2011-12-30,43650.51,True
24,9,2011-12-02,12814.47,False
24,9,2011-12-09,13994.5,False
24,9,2011-12-16,19222.77,False
24,9,2011-12-23,31059.43,False
24,9,2011-12-30,16863.86,True
24,10,2011-12-02,22797.33,False
24,10,2011-12-09,28486.77,False
24,10,2011-12-16,26672.32,False
24,10,2011-12-23,29060.17,False
24,10,2011-12-30,25541.55,True
24,11,2011-12-02,18084.09,False
24,11,2011-12-09,19752.87,False
24,11,2011-12-16,19502.68,False
24,11,2011-12-23,21007.98,False
24,11,2011-12-30,17054.54,True
24,12,2011-12-02,3480.6,False
24,12,2011-12-09,2468.59,False
24,12,2011-12-16,2977.15,False
24,12,2011-12-23,2329.15,False
24,12,2011-12-30,2173.11,True
24,13,2011-12-02,27635.64,False
24,13,2011-12-09,27355.42,False
24,13,2011-12-16,25523.87,False
24,13,2011-12-23,26953.19,False
24,13,2011-12-30,25142.15,True
24,14,2011-12-02,20275.52,False
24,14,2011-12-09,25153.0,False
24,14,2011-12-16,29677.54,False
24,14,2011-12-23,53123.84,False
24,14,2011-12-30,27089.13,True
24,16,2011-12-02,4092.18,False
24,16,2011-12-09,4951.11,False
24,16,2011-12-16,4147.7,False
24,16,2011-12-23,5514.29,False
24,16,2011-12-30,4853.58,True
24,17,2011-12-02,14955.28,False
24,17,2011-12-09,16378.9,False
24,17,2011-12-16,19397.04,False
24,17,2011-12-23,29999.94,False
24,17,2011-12-30,17806.57,True
24,18,2011-12-02,53650.72,False
24,18,2011-12-09,52101.16,False
24,18,2011-12-16,40467.77,False
24,18,2011-12-23,33735.91,False
24,18,2011-12-30,19587.48,True
24,19,2011-12-02,46.56,False
24,19,2011-12-09,103.53,False
24,19,2011-12-16,119.08,False
24,19,2011-12-23,85.45,False
24,19,2011-12-30,71.09,True
24,20,2011-12-02,4329.17,False
24,20,2011-12-09,4750.77,False
24,20,2011-12-16,3970.58,False
24,20,2011-12-23,5785.83,False
24,20,2011-12-30,5579.2,True
24,21,2011-12-02,5562.75,False
24,21,2011-12-09,6605.37,False
24,21,2011-12-16,8092.04,False
24,21,2011-12-23,12054.66,False
24,21,2011-12-30,6928.66,True
24,22,2011-12-02,9591.63,False
24,22,2011-12-09,11768.93,False
24,22,2011-12-16,15732.81,False
24,22,2011-12-23,23088.25,False
24,22,2011-12-30,15766.77,True
24,23,2011-12-02,28488.65,False
24,23,2011-12-09,34800.68,False
24,23,2011-12-16,50409.14,False
24,23,2011-12-23,78786.23,False
24,23,2011-12-30,34487.87,True
24,24,2011-12-02,6294.56,False
24,24,2011-12-09,8232.34,False
24,24,2011-12-16,11851.17,False
24,24,2011-12-23,13395.37,False
24,24,2011-12-30,4555.3,True
24,25,2011-12-02,10281.03,False
24,25,2011-12-09,12755.53,False
24,25,2011-12-16,14956.02,False
24,25,2011-12-23,18933.03,False
24,25,2011-12-30,11325.54,True
24,26,2011-12-02,8360.89,False
24,26,2011-12-09,9778.99,False
24,26,2011-12-16,11469.87,False
24,26,2011-12-23,14954.77,False
24,26,2011-12-30,6651.61,True
24,27,2011-12-02,2567.87,False
24,27,2011-12-09,2851.28,False
24,27,2011-12-16,3827.37,False
24,27,2011-12-23,6042.49,False
24,27,2011-12-30,3120.94,True
24,28,2011-12-02,801.34,False
24,28,2011-12-09,1010.24,False
24,28,2011-12-16,972.85,False
24,28,2011-12-23,1245.17,False
24,28,2011-12-30,797.62,True
24,29,2011-12-02,5695.1,False
24,29,2011-12-09,7881.68,False
24,29,2011-12-16,10520.79,False
24,29,2011-12-23,15218.95,False
24,29,2011-12-30,7646.41,True
24,30,2011-12-02,2178.42,False
24,30,2011-12-09,2230.26,False
24,30,2011-12-16,3053.87,False
24,30,2011-12-23,3669.36,False
24,30,2011-12-30,3244.04,True
24,31,2011-12-02,2015.38,False
24,31,2011-12-09,2934.66,False
24,31,2011-12-16,4310.9,False
24,31,2011-12-23,6715.35,False
24,31,2011-12-30,3135.06,True
24,32,2011-12-02,7280.82,False
24,32,2011-12-09,8890.84,False
24,32,2011-12-16,12997.0,False
24,32,2011-12-23,30137.88,False
24,32,2011-12-30,10919.18,True
24,33,2011-12-02,6819.34,False
24,33,2011-12-09,8358.28,False
24,33,2011-12-16,10270.56,False
24,33,2011-12-23,13967.46,False
24,33,2011-12-30,5440.13,True
24,34,2011-12-02,11898.54,False
24,34,2011-12-09,12921.74,False
24,34,2011-12-16,16472.87,False
24,34,2011-12-23,23789.81,False
24,34,2011-12-30,14793.36,True
24,35,2011-12-02,2017.41,False
24,35,2011-12-09,2908.24,False
24,35,2011-12-16,3640.1,False
24,35,2011-12-23,4386.39,False
24,35,2011-12-30,2543.43,True
24,36,2011-12-02,1408.22,False
24,36,2011-12-09,1655.78,False
24,36,2011-12-16,1670.24,False
24,36,2011-12-23,3073.93,False
24,36,2011-12-30,1926.34,True
24,37,2011-12-02,3088.54,False
24,37,2011-12-09,3850.34,False
24,37,2011-12-16,2438.0,False
24,37,2011-12-23,3086.16,False
24,37,2011-12-30,2936.19,True
24,38,2011-12-02,63520.35,False
24,38,2011-12-09,61068.45,False
24,38,2011-12-16,57336.65,False
24,38,2011-12-23,60526.65,False
24,38,2011-12-30,56977.11,True
24,40,2011-12-02,44558.66,False
24,40,2011-12-09,45918.67,False
24,40,2011-12-16,45432.68,False
24,40,2011-12-23,50019.27,False
24,40,2011-12-30,43593.21,True
24,41,2011-12-02,1328.78,False
24,41,2011-12-09,2190.5,False
24,41,2011-12-16,2358.19,False
24,41,2011-12-23,3765.82,False
24,41,2011-12-30,1880.47,True
24,42,2011-12-02,6155.09,False
24,42,2011-12-09,5069.28,False
24,42,2011-12-16,5609.69,False
24,42,2011-12-23,6024.4,False
24,42,2011-12-30,4710.42,True
24,44,2011-12-02,6742.13,False
24,44,2011-12-09,7571.99,False
24,44,2011-12-16,8569.49,False
24,44,2011-12-23,10620.53,False
24,44,2011-12-30,4528.97,True
24,45,2011-12-02,11.97,False
24,45,2011-12-23,23.94,False
24,46,2011-12-02,16978.59,False
24,46,2011-12-09,16776.2,False
24,46,2011-12-16,21665.12,False
24,46,2011-12-23,34473.89,False
24,46,2011-12-30,21056.78,True
24,49,2011-12-02,5738.18,False
24,49,2011-12-09,4615.32,False
24,49,2011-12-16,3970.92,False
24,49,2011-12-23,4731.39,False
24,49,2011-12-30,6609.11,True
24,50,2011-12-02,1510.0,False
24,50,2011-12-09,1155.0,False
24,50,2011-12-16,1588.0,False
24,50,2011-12-23,755.0,False
24,50,2011-12-30,1215.0,True
24,52,2011-12-02,1597.63,False
24,52,2011-12-09,1744.87,False
24,52,2011-12-16,1256.46,False
24,52,2011-12-23,2008.26,False
24,52,2011-12-30,907.18,True
24,54,2011-12-02,44.76,False
24,54,2011-12-09,30.88,False
24,54,2011-12-16,90.64,False
24,54,2011-12-23,146.42,False
24,54,2011-12-30,30.88,True
24,55,2011-12-02,20994.86,False
24,55,2011-12-09,23293.28,False
24,55,2011-12-16,31093.51,False
24,55,2011-12-23,54727.88,False
24,55,2011-12-30,32122.99,True
24,56,2011-12-02,1926.1,False
24,56,2011-12-09,2718.68,False
24,56,2011-12-16,1727.84,False
24,56,2011-12-23,1985.03,False
24,56,2011-12-30,504.18,True
24,58,2011-12-02,3090.0,False
24,58,2011-12-09,3035.0,False
24,58,2011-12-16,1335.0,False
24,58,2011-12-23,2310.0,False
24,58,2011-12-30,600.0,True
24,59,2011-12-02,896.84,False
24,59,2011-12-09,1136.66,False
24,59,2011-12-16,2067.64,False
24,59,2011-12-23,4503.55,False
24,59,2011-12-30,2325.22,True
24,60,2011-12-02,228.8,False
24,60,2011-12-09,140.8,False
24,60,2011-12-16,193.6,False
24,60,2011-12-23,149.6,False
24,60,2011-12-30,70.4,True
24,67,2011-12-02,10207.52,False
24,67,2011-12-09,13078.46,False
24,67,2011-12-16,17028.49,False
24,67,2011-12-23,25995.67,False
24,67,2011-12-30,13237.73,True
24,71,2011-12-02,4426.77,False
24,71,2011-12-09,5555.26,False
24,71,2011-12-16,6511.41,False
24,71,2011-12-23,9536.68,False
24,71,2011-12-30,6678.46,True
24,72,2011-12-02,67633.43,False
24,72,2011-12-09,74111.02,False
24,72,2011-12-16,89909.35,False
24,72,2011-12-23,147458.57,False
24,72,2011-12-30,81494.17,True
24,74,2011-12-02,13232.25,False
24,74,2011-12-09,13610.64,False
24,74,2011-12-16,14345.28,False
24,74,2011-12-23,16699.88,False
24,74,2011-12-30,16551.32,True
24,77,2011-12-02,159.0,False
24,79,2011-12-02,21001.03,False
24,79,2011-12-09,21079.74,False
24,79,2011-12-16,21453.03,False
24,79,2011-12-23,23170.23,False
24,79,2011-12-30,19339.32,True
24,80,2011-12-02,26077.81,False
24,80,2011-12-09,31532.23,False
24,80,2011-12-16,30109.13,False
24,80,2011-12-23,34204.46,False
24,80,2011-12-30,28218.74,True
24,81,2011-12-02,21774.48,False
24,81,2011-12-09,24517.83,False
24,81,2011-12-16,21571.08,False
24,81,2011-12-23,23863.34,False
24,81,2011-12-30,18719.68,True
24,82,2011-12-02,23887.39,False
24,82,2011-12-09,31099.88,False
24,82,2011-12-16,41363.48,False
24,82,2011-12-23,79150.73,False
24,82,2011-12-30,39910.09,True
24,83,2011-12-02,3239.33,False
24,83,2011-12-09,4646.64,False
24,83,2011-12-16,4745.03,False
24,83,2011-12-23,7847.31,False
24,83,2011-12-30,5279.3,True
24,85,2011-12-02,2287.21,False
24,85,2011-12-09,2915.54,False
24,85,2011-12-16,6574.45,False
24,85,2011-12-23,6606.56,False
24,85,2011-12-30,1530.88,True
24,87,2011-12-02,28751.12,False
24,87,2011-12-09,28477.49,False
24,87,2011-12-16,24569.77,False
24,87,2011-12-23,34575.09,False
24,87,2011-12-30,27072.23,True
24,90,2011-12-02,69533.3,False
24,90,2011-12-09,82015.99,False
24,90,2011-12-16,81212.21,False
24,90,2011-12-23,102877.43,False
24,90,2011-12-30,70471.88,True
24,91,2011-12-02,45836.65,False
24,91,2011-12-09,60122.18,False
24,91,2011-12-16,50663.75,False
24,91,2011-12-23,54308.7,False
24,91,2011-12-30,42520.93,True
24,92,2011-12-02,113773.72,False
24,92,2011-12-09,142648.46,False
24,92,2011-12-16,133603.74,False
24,92,2011-12-23,152826.46,False
24,92,2011-12-30,103074.75,True
24,93,2011-12-02,30621.65,False
24,93,2011-12-09,41604.07,False
24,93,2011-12-16,35393.81,False
24,93,2011-12-23,42207.31,False
24,93,2011-12-30,29568.05,True
24,94,2011-12-02,37829.8,False
24,94,2011-12-09,42794.75,False
24,94,2011-12-16,40675.07,False
24,94,2011-12-23,54348.39,False
24,94,2011-12-30,40260.18,True
24,95,2011-12-02,77348.43,False
24,95,2011-12-09,92145.98,False
24,95,2011-12-16,84714.66,False
24,95,2011-12-23,99271.63,False
24,95,2011-12-30,75888.41,True
24,96,2011-12-02,9343.36,False
24,96,2011-12-09,10766.59,False
24,96,2011-12-16,12117.28,False
24,96,2011-12-23,17433.1,False
24,96,2011-12-30,13600.6,True
24,97,2011-12-02,15027.98,False
24,97,2011-12-09,18494.47,False
24,97,2011-12-16,16658.51,False
24,97,2011-12-23,21113.01,False
24,97,2011-12-30,15856.49,True
24,98,2011-12-02,8065.26,False
24,98,2011-12-09,9953.64,False
24,98,2011-12-16,10854.4,False
24,98,2011-12-23,14470.41,False
24,98,2011-12-30,10073.35,True
24,99,2011-12-09,990.0,False
24,99,2011-12-16,2030.0,False
24,99,2011-12-23,2240.0,False
24,99,2011-12-30,20.0,True
25,1,2011-12-02,23824.65,False
25,1,2011-12-09,32100.37,False
25,1,2011-12-16,43510.46,False
25,1,2011-12-23,53439.71,False
25,1,2011-12-30,17463.48,True
25,2,2011-12-02,42367.73,False
25,2,2011-12-09,43617.37,False
25,2,2011-12-16,48880.26,False
25,2,2011-12-23,62377.41,False
25,2,2011-12-30,31363.02,True
25,3,2011-12-02,10624.5,False
25,3,2011-12-09,12204.31,False
25,3,2011-12-16,16320.29,False
25,3,2011-12-23,20849.07,False
25,3,2011-12-30,10157.48,True
25,4,2011-12-02,23224.7,False
25,4,2011-12-09,21747.65,False
25,4,2011-12-16,23111.43,False
25,4,2011-12-23,26065.41,False
25,4,2011-12-30,17823.59,True
25,5,2011-12-02,17585.19,False
25,5,2011-12-09,26571.67,False
25,5,2011-12-16,31238.37,False
25,5,2011-12-23,43652.38,False
25,5,2011-12-30,18544.98,True
25,6,2011-12-02,2174.9,False
25,6,2011-12-09,4773.71,False
25,6,2011-12-16,6818.67,False
25,6,2011-12-23,13672.73,False
25,6,2011-12-30,6649.99,True
25,7,2011-12-02,42639.95,False
25,7,2011-12-09,45880.05,False
25,7,2011-12-16,55638.64,False
25,7,2011-12-23,79332.69,False
25,7,2011-12-30,17463.79,True
25,8,2011-12-02,32435.29,False
25,8,2011-12-09,32999.55,False
25,8,2011-12-16,36377.83,False
25,8,2011-12-23,45065.67,False
25,8,2011-12-30,26463.14,True
25,9,2011-12-02,14967.59,False
25,9,2011-12-09,12049.13,False
25,9,2011-12-16,14161.18,False
25,9,2011-12-23,25207.79,False
25,9,2011-12-30,11152.32,True
25,10,2011-12-02,25939.82,False
25,10,2011-12-09,23676.17,False
25,10,2011-12-16,25256.74,False
25,10,2011-12-23,31076.72,False
25,10,2011-12-30,20373.59,True
25,11,2011-12-02,16451.95,False
25,11,2011-12-09,17381.39,False
25,11,2011-12-16,15258.92,False
25,11,2011-12-23,17448.12,False
25,11,2011-12-30,10665.15,True
25,12,2011-12-02,2949.5,False
25,12,2011-12-09,2819.97,False
25,12,2011-12-16,2284.88,False
25,12,2011-12-23,2739.01,False
25,12,2011-12-30,1517.68,True
25,13,2011-12-02,28411.89,False
25,13,2011-12-09,24261.53,False
25,13,2011-12-16,23626.3,False
25,13,2011-12-23,25830.18,False
25,13,2011-12-30,19173.85,True
25,14,2011-12-02,17981.33,False
25,14,2011-12-09,20956.79,False
25,14,2011-12-16,26790.97,False
25,14,2011-12-23,38522.17,False
25,14,2011-12-30,15848.34,True
25,16,2011-12-02,2967.33,False
25,16,2011-12-09,3511.67,False
25,16,2011-12-16,2874.54,False
25,16,2011-12-23,3608.99,False
25,16,2011-12-30,3050.12,True
25,17,2011-12-02,14856.9,False
25,17,2011-12-09,15287.13,False
25,17,2011-12-16,17533.88,False
25,17,2011-12-23,24519.95,False
25,17,2011-12-30,12354.04,True
25,18,2011-12-02,63344.82,False
25,18,2011-12-09,58684.98,False
25,18,2011-12-16,40845.26,False
25,18,2011-12-23,33673.89,False
25,18,2011-12-30,21226.13,True
25,19,2011-12-02,1.5,False
25,20,2011-12-02,3521.55,False
25,20,2011-12-09,3399.39,False
25,20,2011-12-16,3425.82,False
25,20,2011-12-23,4261.44,False
25,20,2011-12-30,2493.26,True
25,21,2011-12-02,5687.38,False
25,21,2011-12-09,6835.63,False
25,21,2011-12-16,7291.35,False
25,21,2011-12-23,10188.08,False
25,21,2011-12-30,4683.08,True
25,22,2011-12-02,9754.94,False
25,22,2011-12-09,9843.28,False
25,22,2011-12-16,13487.98,False
25,22,2011-12-23,18823.84,False
25,22,2011-12-30,10165.3,True
25,23,2011-12-02,19490.69,False
25,23,2011-12-09,24105.07,False
25,23,2011-12-16,32073.0,False
25,23,2011-12-23,43699.37,False
25,23,2011-12-30,15123.02,True
25,24,2011-12-02,4125.7,False
25,24,2011-12-09,5820.98,False
25,24,2011-12-16,5141.69,False
25,24,2011-12-23,5346.11,False
25,24,2011-12-30,2408.11,True
25,25,2011-12-02,6632.52,False
25,25,2011-12-09,8545.85,False
25,25,2011-12-16,7205.67,False
25,25,2011-12-23,11308.66,False
25,25,2011-12-30,6207.64,True
25,26,2011-12-02,5454.15,False
25,26,2011-12-09,5389.3,False
25,26,2011-12-16,5155.2,False
25,26,2011-12-23,6623.76,False
25,26,2011-12-30,2764.99,True
25,27,2011-12-02,1998.58,False
25,27,2011-12-09,2185.45,False
25,27,2011-12-16,3002.28,False
25,27,2011-12-23,4236.83,False
25,27,2011-12-30,1406.73,True
25,28,2011-12-02,740.82,False
25,28,2011-12-09,820.71,False
25,28,2011-12-16,952.72,False
25,28,2011-12-23,1137.77,False
25,28,2011-12-30,597.47,True
25,29,2011-12-02,4972.73,False
25,29,2011-12-09,6102.23,False
25,29,2011-12-16,7421.52,False
25,29,2011-12-23,9903.03,False
25,29,2011-12-30,4353.86,True
25,30,2011-12-02,1918.84,False
25,30,2011-12-09,1468.9,False
25,30,2011-12-16,1930.18,False
25,30,2011-12-23,2025.94,False
25,30,2011-12-30,1225.9,True
25,31,2011-12-02,2062.46,False
25,31,2011-12-09,2444.74,False
25,31,2011-12-16,2491.26,False
25,31,2011-12-23,4694.21,False
25,31,2011-12-30,1595.12,True
25,32,2011-12-02,3995.68,False
25,32,2011-12-09,5339.8,False
25,32,2011-12-16,7714.07,False
25,32,2011-12-23,15789.82,False
25,32,2011-12-30,5266.82,True
25,33,2011-12-02,4342.49,False
25,33,2011-12-09,4199.84,False
25,33,2011-12-16,4613.98,False
25,33,2011-12-23,5422.59,False
25,33,2011-12-30,2201.38,True
25,34,2011-12-02,11043.47,False
25,34,2011-12-09,11943.88,False
25,34,2011-12-16,11394.09,False
25,34,2011-12-23,14221.9,False
25,34,2011-12-30,7006.13,True
25,35,2011-12-02,2493.81,False
25,35,2011-12-09,2409.29,False
25,35,2011-12-16,2895.6,False
25,35,2011-12-23,2644.0,False
25,35,2011-12-30,1445.76,True
25,36,2011-12-02,1249.98,False
25,36,2011-12-09,723.64,False
25,36,2011-12-16,1614.95,False
25,36,2011-12-23,2249.68,False
25,36,2011-12-30,1059.76,True
25,37,2011-12-02,4503.45,False
25,37,2011-12-09,4417.82,False
25,37,2011-12-16,3427.33,False
25,37,2011-12-23,3933.38,False
25,37,2011-12-30,3470.79,True
25,38,2011-12-02,52117.4,False
25,38,2011-12-09,44957.53,False
25,38,2011-12-16,37392.56,False
25,38,2011-12-23,38896.53,False
25,38,2011-12-30,42828.22,True
25,40,2011-12-02,45241.38,False
25,40,2011-12-09,45484.73,False
25,40,2011-12-16,45755.43,False
25,40,2011-12-23,49795.19,False
25,40,2011-12-30,40685.73,True
25,41,2011-12-02,7134.5,False
25,41,2011-12-09,8056.0,False
25,41,2011-12-16,9134.75,False
25,41,2011-12-23,15368.75,False
25,41,2011-12-30,4370.0,True
25,42,2011-12-02,4504.76,False
25,42,2011-12-09,5213.99,False
25,42,2011-12-16,4855.1,False
25,42,2011-12-23,5472.91,False
25,42,2011-12-30,4722.78,True
25,44,2011-12-02,7016.97,False
25,44,2011-12-09,5201.8,False
25,44,2011-12-16,6696.77,False
25,44,2011-12-23,7628.87,False
25,44,2011-12-30,3007.86,True
25,46,2011-12-02,19218.84,False
25,46,2011-12-09,19674.99,False
25,46,2011-12-16,22782.11,False
25,46,2011-12-23,30549.6,False
25,46,2011-12-30,17971.74,True
25,47,2011-12-30,-28.92,True
25,49,2011-12-02,8739.35,False
25,49,2011-12-09,12618.48,False
25,49,2011-12-16,9383.13,False
25,49,2011-12-23,11771.07,False
25,49,2011-12-30,15772.53,True
25,50,2011-12-02,2057.0,False
25,50,2011-12-09,2477.0,False
25,50,2011-12-16,1983.0,False
25,50,2011-12-23,1825.0,False
25,50,2011-12-30,2565.0,True
25,52,2011-12-02,2797.27,False
25,52,2011-12-09,2008.9,False
25,52,2011-12-16,2146.56,False
25,52,2011-12-23,2284.42,False
25,52,2011-12-30,1134.5,True
25,54,2011-12-09,64.0,False
25,54,2011-12-16,15.0,False
25,54,2011-12-23,131.0,False
25,55,2011-12-02,14504.63,False
25,55,2011-12-09,17585.58,False
25,55,2011-12-16,23119.9,False
25,55,2011-12-23,33545.02,False
25,55,2011-12-30,10092.73,True
25,56,2011-12-02,1872.15,False
25,56,2011-12-09,2624.28,False
25,56,2011-12-16,2016.34,False
25,56,2011-12-23,2593.83,False
25,56,2011-12-30,1004.79,True
25,58,2011-12-02,1175.0,False
25,58,2011-12-16,890.0,False
25,58,2011-12-23,410.0,False
25,59,2011-12-02,684.61,False
25,59,2011-12-09,640.5,False
25,59,2011-12-16,1198.98,False
25,59,2011-12-23,1570.66,False
25,59,2011-12-30,1465.9,True
25,60,2011-12-02,184.8,False
25,60,2011-12-09,290.4,False
25,60,2011-12-16,492.8,False
25,60,2011-12-23,457.6,False
25,60,2011-12-30,132.0,True
25,67,2011-12-02,8241.14,False
25,67,2011-12-09,11993.47,False
25,67,2011-12-16,15061.76,False
25,67,2011-12-23,19752.34,False
25,67,2011-12-30,10726.92,True
25,71,2011-12-02,4958.96,False
25,71,2011-12-09,3931.81,False
25,71,2011-12-16,4023.89,False
25,71,2011-12-23,6201.17,False
25,71,2011-12-30,3990.95,True
25,72,2011-12-02,47867.12,False
25,72,2011-12-09,46827.27,False
25,72,2011-12-16,53964.45,False
25,72,2011-12-23,104920.55,False
25,72,2011-12-30,48652.52,True
25,74,2011-12-02,12312.91,False
25,74,2011-12-09,12801.93,False
25,74,2011-12-16,13658.18,False
25,74,2011-12-23,18261.68,False
25,74,2011-12-30,12782.97,True
25,77,2011-12-02,318.0,False
25,79,2011-12-02,8909.0,False
25,79,2011-12-09,8376.7,False
25,79,2011-12-16,9143.19,False
25,79,2011-12-23,9513.14,False
25,79,2011-12-30,6755.47,True
25,80,2011-12-02,616.79,False
25,80,2011-12-09,512.8,False
25,80,2011-12-16,680.83,False
25,80,2011-12-23,869.54,False
25,80,2011-12-30,481.71,True
25,81,2011-12-02,8697.82,False
25,81,2011-12-09,8792.88,False
25,81,2011-12-16,9313.47,False
25,81,2011-12-23,9801.74,False
25,81,2011-12-30,5746.15,True
25,82,2011-12-02,16083.69,False
25,82,2011-12-09,17125.98,False
25,82,2011-12-16,21764.0,False
25,82,2011-12-23,38550.42,False
25,82,2011-12-30,15967.87,True
25,83,2011-12-02,255.9,False
25,83,2011-12-09,210.3,False
25,83,2011-12-16,157.28,False
25,83,2011-12-23,416.68,False
25,83,2011-12-30,538.98,True
25,85,2011-12-02,3836.85,False
25,85,2011-12-09,7098.52,False
25,85,2011-12-16,12596.96,False
25,85,2011-12-23,12539.96,False
25,85,2011-12-30,3063.31,True
25,87,2011-12-02,7023.95,False
25,87,2011-12-09,5851.71,False
25,87,2011-12-16,8976.16,False
25,87,2011-12-23,11540.51,False
25,87,2011-12-30,8262.03,True
25,90,2011-12-02,13344.17,False
25,90,2011-12-09,12890.49,False
25,90,2011-12-16,14369.59,False
25,90,2011-12-23,16803.12,False
25,90,2011-12-30,11896.58,True
25,91,2011-12-02,8118.55,False
25,91,2011-12-09,8146.07,False
25,91,2011-12-16,8047.11,False
25,91,2011-12-23,8333.24,False
25,91,2011-12-30,6121.25,True
25,92,2011-12-02,45869.35,False
25,92,2011-12-09,50157.18,False
25,92,2011-12-16,52665.99,False
25,92,2011-12-23,56714.01,False
25,92,2011-12-30,29387.98,True
25,93,2011-12-02,745.08,False
25,93,2011-12-09,655.02,False
25,93,2011-12-16,690.44,False
25,93,2011-12-23,699.18,False
25,93,2011-12-30,607.78,True
25,94,2011-12-02,2784.01,False
25,94,2011-12-09,3112.68,False
25,94,2011-12-16,3241.56,False
25,94,2011-12-23,3978.48,False
25,94,2011-12-30,2590.55,True
25,95,2011-12-02,40247.25,False
25,95,2011-12-09,42232.02,False
25,95,2011-12-16,45018.25,False
25,95,2011-12-23,50109.6,False
25,95,2011-12-30,32439.51,True
25,97,2011-12-02,2826.31,False
25,97,2011-12-09,2698.31,False
25,97,2011-12-16,2894.58,False
25,97,2011-12-23,3204.2,False
25,97,2011-12-30,2288.4,True
25,98,2011-12-02,1270.28,False
25,98,2011-12-09,1613.46,False
25,98,2011-12-16,1605.04,False
25,98,2011-12-23,2430.66,False
25,98,2011-12-30,873.77,True
26,1,2011-12-02,21042.35,False
26,1,2011-12-09,27952.47,False
26,1,2011-12-16,33528.38,False
26,1,2011-12-23,43854.87,False
26,1,2011-12-30,20399.32,True
26,2,2011-12-02,29365.29,False
26,2,2011-12-09,32156.86,False
26,2,2011-12-16,36455.95,False
26,2,2011-12-23,47049.93,False
26,2,2011-12-30,26948.64,True
26,3,2011-12-02,7876.01,False
26,3,2011-12-09,8839.83,False
26,3,2011-12-16,11671.96,False
26,3,2011-12-23,13978.46,False
26,3,2011-12-30,6393.41,True
26,4,2011-12-02,24478.27,False
26,4,2011-12-09,24600.84,False
26,4,2011-12-16,23370.84,False
26,4,2011-12-23,28323.4,False
26,4,2011-12-30,22217.85,True
26,5,2011-12-02,23700.05,False
26,5,2011-12-09,30445.61,False
26,5,2011-12-16,29538.78,False
26,5,2011-12-23,47314.22,False
26,5,2011-12-30,29408.18,True
26,6,2011-12-02,4940.72,False
26,6,2011-12-09,6387.85,False
26,6,2011-12-16,6905.5,False
26,6,2011-12-23,16092.76,False
26,6,2011-12-30,6094.0,True
26,7,2011-12-02,29772.34,False
26,7,2011-12-09,38419.66,False
26,7,2011-12-16,57100.83,False
26,7,2011-12-23,72398.79,False
26,7,2011-12-30,24978.08,True
26,8,2011-12-02,29595.92,False
26,8,2011-12-09,29747.21,False
26,8,2011-12-16,29486.97,False
26,8,2011-12-23,36142.3,False
26,8,2011-12-30,27602.52,True
26,9,2011-12-02,10507.48,False
26,9,2011-12-09,12341.57,False
26,9,2011-12-16,15807.65,False
26,9,2011-12-23,23205.77,False
26,9,2011-12-30,12469.01,True
26,10,2011-12-02,9647.26,False
26,10,2011-12-09,9831.42,False
26,10,2011-12-16,10457.66,False
26,10,2011-12-23,15192.98,False
26,10,2011-12-30,9402.09,True
26,11,2011-12-02,13767.95,False
26,11,2011-12-09,13706.25,False
26,11,2011-12-16,14612.18,False
26,11,2011-12-23,17873.08,False
26,11,2011-12-30,12686.09,True
26,12,2011-12-02,2587.92,False
26,12,2011-12-09,3086.95,False
26,12,2011-12-16,2671.77,False
26,12,2011-12-23,2622.88,False
26,12,2011-12-30,2009.16,True
26,13,2011-12-02,19140.31,False
26,13,2011-12-09,19235.32,False
26,13,2011-12-16,17800.41,False
26,13,2011-12-23,18349.86,False
26,13,2011-12-30,16720.97,True
26,14,2011-12-02,14023.41,False
26,14,2011-12-09,17582.55,False
26,14,2011-12-16,22985.62,False
26,14,2011-12-23,35972.15,False
26,14,2011-12-30,14092.3,True
26,16,2011-12-02,3236.7,False
26,16,2011-12-09,3190.5,False
26,16,2011-12-16,2629.25,False
26,16,2011-12-23,3156.37,False
26,16,2011-12-30,3316.97,True
26,17,2011-12-02,9198.6,False
26,17,2011-12-09,9952.31,False
26,17,2011-12-16,11603.86,False
26,17,2011-12-23,17055.29,False
26,17,2011-12-30,10328.62,True
26,18,2011-12-02,23063.39,False
26,18,2011-12-09,22021.25,False
26,18,2011-12-16,15345.31,False
26,18,2011-12-23,14235.01,False
26,18,2011-12-30,11278.41,True
26,19,2011-12-02,1421.56,False
26,19,2011-12-09,1414.44,False
26,19,2011-12-16,1878.75,False
26,19,2011-12-23,2121.8,False
26,19,2011-12-30,1157.38,True
26,20,2011-12-02,2795.42,False
26,20,2011-12-09,2541.63,False
26,20,2011-12-16,3200.9,False
26,20,2011-12-23,3439.68,False
26,20,2011-12-30,2388.09,True
26,21,2011-12-02,5193.64,False
26,21,2011-12-09,6142.08,False
26,21,2011-12-16,6990.83,False
26,21,2011-12-23,9573.11,False
26,21,2011-12-30,5555.91,True
26,22,2011-12-02,5463.27,False
26,22,2011-12-09,6415.46,False
26,22,2011-12-16,8694.03,False
26,22,2011-12-23,11049.55,False
26,22,2011-12-30,6228.76,True
26,23,2011-12-02,14858.18,False
26,23,2011-12-09,20071.8,False
26,23,2011-12-16,24274.9,False
26,23,2011-12-23,34802.27,False
26,23,2011-12-30,13796.8,True
26,24,2011-12-02,4260.76,False
26,24,2011-12-09,4862.48,False
26,24,2011-12-16,4755.43,False
26,24,2011-12-23,5493.91,False
26,24,2011-12-30,1367.85,True
26,25,2011-12-02,6784.15,False
26,25,2011-12-09,7247.09,False
26,25,2011-12-16,6925.96,False
26,25,2011-12-23,8210.62,False
26,25,2011-12-30,5166.65,True
26,26,2011-12-02,4762.75,False
26,26,2011-12-09,4361.27,False
26,26,2011-12-16,5421.15,False
26,26,2011-12-23,6023.34,False
26,26,2011-12-30,2069.13,True
26,27,2011-12-02,1082.52,False
26,27,2011-12-09,1677.64,False
26,27,2011-12-16,1776.42,False
26,27,2011-12-23,2722.64,False
26,27,2011-12-30,1199.51,True
26,28,2011-12-02,284.98,False
26,28,2011-12-09,636.7,False
26,28,2011-12-16,453.53,False
26,28,2011-12-23,425.31,False
26,28,2011-12-30,307.53,True
26,29,2011-12-02,3587.96,False
26,29,2011-12-09,4072.33,False
26,29,2011-12-16,5412.91,False
26,29,2011-12-23,7976.97,False
26,29,2011-12-30,4525.9,True
26,30,2011-12-02,1586.73,False
26,30,2011-12-09,1993.8,False
26,30,2011-12-16,1822.6,False
26,30,2011-12-23,1861.7,False
26,30,2011-12-30,1909.08,True
26,31,2011-12-02,1345.27,False
26,31,2011-12-09,1513.8,False
26,31,2011-12-16,2130.2,False
26,31,2011-12-23,3117.09,False
26,31,2011-12-30,1575.48,True
26,32,2011-12-02,3566.83,False
26,32,2011-12-09,6931.86,False
26,32,2011-12-16,7996.23,False
26,32,2011-12-23,13931.46,False
26,32,2011-12-30,6461.84,True
26,33,2011-12-02,3865.54,False
26,33,2011-12-09,4736.15,False
26,33,2011-12-16,6261.11,False
26,33,2011-12-23,7239.18,False
26,33,2011-12-30,2067.25,True
26,34,2011-12-02,5732.46,False
26,34,2011-12-09,7335.72,False
26,34,2011-12-16,9238.22,False
26,34,2011-12-23,10680.21,False
26,34,2011-12-30,7061.82,True
26,35,2011-12-02,1960.35,False
26,35,2011-12-09,2444.17,False
26,35,2011-12-16,1749.94,False
26,35,2011-12-23,2459.52,False
26,35,2011-12-30,1615.44,True
26,36,2011-12-02,1364.92,False
26,36,2011-12-09,1263.22,False
26,36,2011-12-16,988.58,False
26,36,2011-12-23,1705.63,False
26,36,2011-12-30,1110.44,True
26,38,2011-12-02,112484.35,False
26,38,2011-12-09,99690.14,False
26,38,2011-12-16,103578.42,False
26,38,2011-12-23,93078.02,False
26,38,2011-12-30,97994.73,True
26,40,2011-12-02,37769.6,False
26,40,2011-12-09,36202.61,False
26,40,2011-12-16,40684.39,False
26,40,2011-12-23,39262.95,False
26,40,2011-12-30,33139.43,True
26,41,2011-12-02,1352.44,False
26,41,2011-12-09,1513.29,False
26,41,2011-12-16,2202.97,False
26,41,2011-12-23,2998.41,False
26,41,2011-12-30,1083.0,True
26,42,2011-12-02,2404.64,False
26,42,2011-12-09,2262.73,False
26,42,2011-12-16,2314.21,False
26,42,2011-12-23,2540.41,False
26,42,2011-12-30,2339.07,True
26,44,2011-12-02,5949.96,False
26,44,2011-12-09,6278.66,False
26,44,2011-12-16,6709.07,False
26,44,2011-12-23,8349.27,False
26,44,2011-12-30,3783.83,True
26,45,2011-12-02,71.91,False
26,45,2011-12-16,55.97,False
26,45,2011-12-23,11.97,False
26,45,2011-12-30,55.97,True
26,46,2011-12-02,10112.36,False
26,46,2011-12-09,11724.54,False
26,46,2011-12-16,13811.91,False
26,46,2011-12-23,21404.69,False
26,46,2011-12-30,13191.95,True
26,48,2011-12-02,1441.0,False
26,48,2011-12-09,1232.0,False
26,48,2011-12-16,177.0,False
26,48,2011-12-23,1776.0,False
26,48,2011-12-30,367.0,True
26,49,2011-12-02,1839.23,False
26,49,2011-12-09,561.01,False
26,49,2011-12-16,1765.01,False
26,49,2011-12-23,1354.04,False
26,49,2011-12-30,2873.67,True
26,52,2011-12-02,1920.56,False
26,52,2011-12-09,2374.22,False
26,52,2011-12-16,2437.6,False
26,52,2011-12-23,2271.53,False
26,52,2011-12-30,1889.85,True
26,54,2011-12-02,4.5,False
26,54,2011-12-16,35.5,False
26,54,2011-12-23,78.42,False
26,54,2011-12-30,10.0,True
26,55,2011-12-02,14516.29,False
26,55,2011-12-09,14918.5,False
26,55,2011-12-16,20687.06,False
26,55,2011-12-23,29836.56,False
26,55,2011-12-30,22539.29,True
26,56,2011-12-02,1423.48,False
26,56,2011-12-09,2365.98,False
26,56,2011-12-16,2175.16,False
26,56,2011-12-23,902.74,False
26,56,2011-12-30,78.89,True
26,59,2011-12-02,420.28,False
26,59,2011-12-09,443.77,False
26,59,2011-12-16,693.28,False
26,59,2011-12-23,1443.62,False
26,59,2011-12-30,884.97,True
26,60,2011-12-02,61.6,False
26,60,2011-12-09,88.0,False
26,60,2011-12-16,149.6,False
26,60,2011-12-23,149.6,False
26,60,2011-12-30,44.0,True
26,67,2011-12-02,6120.65,False
26,67,2011-12-09,8849.55,False
26,67,2011-12-16,11423.6,False
26,67,2011-12-23,16015.23,False
26,67,2011-12-30,6974.34,True
26,71,2011-12-02,2583.7,False
26,71,2011-12-09,1868.13,False
26,71,2011-12-16,3218.7,False
26,71,2011-12-23,4612.34,False
26,71,2011-12-30,2658.42,True
26,72,2011-12-02,51149.28,False
26,72,2011-12-09,46065.05,False
26,72,2011-12-16,61305.5,False
26,72,2011-12-23,93567.14,False
26,72,2011-12-30,54020.11,True
26,74,2011-12-02,8902.22,False
26,74,2011-12-09,7368.06,False
26,74,2011-12-16,7446.59,False
26,74,2011-12-23,8869.94,False
26,74,2011-12-30,8458.64,True
26,77,2011-12-02,363.0,False
26,77,2011-12-30,198.0,True
26,79,2011-12-02,12472.19,False
26,79,2011-12-09,11630.72,False
26,79,2011-12-16,13067.17,False
26,79,2011-12-23,13026.6,False
26,79,2011-12-30,11236.77,True
26,80,2011-12-02,16270.75,False
26,80,2011-12-09,19387.92,False
26,80,2011-12-16,19043.19,False
26,80,2011-12-23,21819.17,False
26,80,2011-12-30,16637.31,True
26,81,2011-12-02,17491.43,False
26,81,2011-12-09,20912.03,False
26,81,2011-12-16,18152.76,False
26,81,2011-12-23,19217.42,False
26,81,2011-12-30,14469.74,True
26,82,2011-12-02,19981.12,False
26,82,2011-12-09,23192.59,False
26,82,2011-12-16,30809.98,False
26,82,2011-12-23,48043.55,False
26,82,2011-12-30,23772.28,True
26,83,2011-12-02,2074.4,False
26,83,2011-12-09,3015.9,False
26,83,2011-12-16,3239.43,False
26,83,2011-12-23,5854.66,False
26,83,2011-12-30,3756.71,True
26,85,2011-12-02,2509.57,False
26,85,2011-12-09,3774.81,False
26,85,2011-12-16,5018.52,False
26,85,2011-12-23,4533.97,False
26,85,2011-12-30,2546.4,True
26,87,2011-12-02,25117.74,False
26,87,2011-12-09,23056.84,False
26,87,2011-12-16,22529.81,False
26,87,2011-12-23,29097.06,False
26,87,2011-12-30,24990.48,True
26,90,2011-12-02,54780.59,False
26,90,2011-12-09,68534.88,False
26,90,2011-12-16,64663.77,False
26,90,2011-12-23,81356.6,False
26,90,2011-12-30,52397.86,True
26,91,2011-12-02,33843.9,False
26,91,2011-12-09,47689.53,False
26,91,2011-12-16,38412.2,False
26,91,2011-12-23,41652.92,False
26,91,2011-12-30,31699.14,True
26,92,2011-12-02,79237.5,False
26,92,2011-12-09,107089.44,False
26,92,2011-12-16,97339.91,False
26,92,2011-12-23,117673.52,False
26,92,2011-12-30,68677.14,True
26,93,2011-12-02,21783.74,False
26,93,2011-12-09,31902.77,False
26,93,2011-12-16,25865.75,False
26,93,2011-12-23,34056.58,False
26,93,2011-12-30,21005.71,True
26,94,2011-12-02,30759.79,False
26,94,2011-12-09,36144.75,False
26,94,2011-12-16,34472.4,False
26,94,2011-12-23,46131.64,False
26,94,2011-12-30,31409.72,True
26,95,2011-12-02,56772.21,False
26,95,2011-12-09,70925.21,False
26,95,2011-12-16,67824.73,False
26,95,2011-12-23,80946.9,False
26,95,2011-12-30,55601.81,True
26,96,2011-12-02,14020.81,False
26,96,2011-12-09,16417.2,False
26,96,2011-12-16,17793.98,False
26,96,2011-12-23,27128.42,False
26,96,2011-12-30,20477.98,True
26,97,2011-12-02,11333.49,False
26,97,2011-12-09,16364.64,False
26,97,2011-12-16,13366.83,False
26,97,2011-12-23,16941.32,False
26,97,2011-12-30,12073.77,True
26,98,2011-12-02,7296.95,False
26,98,2011-12-09,9011.9,False
26,98,2011-12-16,9266.25,False
26,98,2011-12-23,12599.69,False
26,98,2011-12-30,7485.96,True
26,99,2011-12-09,970.0,False
26,99,2011-12-16,1125.0,False
26,99,2011-12-23,920.0,False
26,99,2011-12-30,100.0,True
27,1,2011-12-02,32923.32,False
27,1,2011-12-09,42023.42,False
27,1,2011-12-16,56602.65,False
27,1,2011-12-23,78431.1,False
27,1,2011-12-30,26859.39,True
27,2,2011-12-02,79340.5,False
27,2,2011-12-09,78409.28,False
27,2,2011-12-16,88912.25,False
27,2,2011-12-23,109404.21,False
27,2,2011-12-30,72452.33,True
27,3,2011-12-02,13445.22,False
27,3,2011-12-09,15368.28,False
27,3,2011-12-16,20409.83,False
27,3,2011-12-23,23215.93,False
27,3,2011-12-30,12519.43,True
27,4,2011-12-02,43268.49,False
27,4,2011-12-09,43087.84,False
27,4,2011-12-16,46070.89,False
27,4,2011-12-23,50317.66,False
27,4,2011-12-30,40172.93,True
27,5,2011-12-02,33579.41,False
27,5,2011-12-09,45262.78,False
27,5,2011-12-16,66927.37,False
27,5,2011-12-23,76408.31,False
27,5,2011-12-30,35512.05,True
27,6,2011-12-02,4428.01,False
27,6,2011-12-09,4505.38,False
27,6,2011-12-16,8121.14,False
27,6,2011-12-23,19930.34,False
27,6,2011-12-30,11135.96,True
27,7,2011-12-02,85289.73,False
27,7,2011-12-09,114019.78,False
27,7,2011-12-16,139486.63,False
27,7,2011-12-23,202269.67,False
27,7,2011-12-30,51997.25,True
27,8,2011-12-02,41716.89,False
27,8,2011-12-09,44788.04,False
27,8,2011-12-16,48721.39,False
27,8,2011-12-23,54977.19,False
27,8,2011-12-30,37440.23,True
27,9,2011-12-02,15904.75,False
27,9,2011-12-09,20318.52,False
27,9,2011-12-16,23067.56,False
27,9,2011-12-23,36008.22,False
27,9,2011-12-30,18800.56,True
27,10,2011-12-02,39183.54,False
27,10,2011-12-09,40509.51,False
27,10,2011-12-16,40481.42,False
27,10,2011-12-23,47515.88,False
27,10,2011-12-30,34973.51,True
27,11,2011-12-02,21667.0,False
27,11,2011-12-09,22663.35,False
27,11,2011-12-16,22660.74,False
27,11,2011-12-23,23597.71,False
27,11,2011-12-30,16657.24,True
27,12,2011-12-02,3568.81,False
27,12,2011-12-09,3168.53,False
27,12,2011-12-16,3240.95,False
27,12,2011-12-23,2763.9,False
27,12,2011-12-30,1906.32,True
27,13,2011-12-02,49712.93,False
27,13,2011-12-09,48816.94,False
27,13,2011-12-16,48654.3,False
27,13,2011-12-23,50826.77,False
27,13,2011-12-30,42108.24,True
27,14,2011-12-02,35262.57,False
27,14,2011-12-09,39710.87,False
27,14,2011-12-16,47450.41,False
27,14,2011-12-23,77035.86,False
27,14,2011-12-30,36283.06,True
27,16,2011-12-02,2998.62,False
27,16,2011-12-09,5035.2,False
27,16,2011-12-16,4250.98,False
27,16,2011-12-23,4555.63,False
27,16,2011-12-30,3207.62,True
27,17,2011-12-02,22617.43,False
27,17,2011-12-09,24742.25,False
27,17,2011-12-16,27525.21,False
27,17,2011-12-23,35790.19,False
27,17,2011-12-30,20019.8,True
27,18,2011-12-02,89775.77,False
27,18,2011-12-09,91988.56,False
27,18,2011-12-16,66959.72,False
27,18,2011-12-23,52861.76,False
27,18,2011-12-30,25883.66,True
27,19,2011-12-02,1340.34,False
27,19,2011-12-09,1543.94,False
27,19,2011-12-16,1735.15,False
27,19,2011-12-23,1859.1,False
27,19,2011-12-30,1076.86,True
27,20,2011-12-02,10458.63,False
27,20,2011-12-09,9831.01,False
27,20,2011-12-16,9105.53,False
27,20,2011-12-23,12089.19,False
27,20,2011-12-30,8062.31,True
27,21,2011-12-02,7027.06,False
27,21,2011-12-09,8529.29,False
27,21,2011-12-16,9055.38,False
27,21,2011-12-23,13722.71,False
27,21,2011-12-30,6526.66,True
27,22,2011-12-02,20633.49,False
27,22,2011-12-09,18677.92,False
27,22,2011-12-16,20433.44,False
27,22,2011-12-23,26010.1,False
27,22,2011-12-30,18720.54,True
27,23,2011-12-02,37578.77,False
27,23,2011-12-09,48838.01,False
27,23,2011-12-16,59490.19,False
27,23,2011-12-23,81593.42,False
27,23,2011-12-30,36687.68,True
27,24,2011-12-02,9846.54,False
27,24,2011-12-09,12564.82,False
27,24,2011-12-16,15077.68,False
27,24,2011-12-23,15387.95,False
27,24,2011-12-30,6288.69,True
27,25,2011-12-02,12098.2,False
27,25,2011-12-09,14813.93,False
27,25,2011-12-16,15246.88,False
27,25,2011-12-23,17303.07,False
27,25,2011-12-30,9648.34,True
27,26,2011-12-02,13870.71,False
27,26,2011-12-09,14452.68,False
27,26,2011-12-16,16138.96,False
27,26,2011-12-23,17842.94,False
27,26,2011-12-30,8221.59,True
27,27,2011-12-02,2582.28,False
27,27,2011-12-09,2607.13,False
27,27,2011-12-16,3209.24,False
27,27,2011-12-23,5086.16,False
27,27,2011-12-30,2394.32,True
27,28,2011-12-02,1385.08,False
27,28,2011-12-09,1605.49,False
27,28,2011-12-16,1314.47,False
27,28,2011-12-23,1372.69,False
27,28,2011-12-30,1147.13,True
27,29,2011-12-02,7197.74,False
27,29,2011-12-09,9443.27,False
27,29,2011-12-16,12336.05,False
27,29,2011-12-23,15512.39,False
27,29,2011-12-30,8037.77,True
27,30,2011-12-02,3739.97,False
27,30,2011-12-09,3485.57,False
27,30,2011-12-16,4390.36,False
27,30,2011-12-23,4711.04,False
27,30,2011-12-30,3570.16,True
27,31,2011-12-02,3919.26,False
27,31,2011-12-09,4919.86,False
27,31,2011-12-16,6159.86,False
27,31,2011-12-23,7317.53,False
27,31,2011-12-30,3762.89,True
27,32,2011-12-02,12230.97,False
27,32,2011-12-09,12676.02,False
27,32,2011-12-16,14762.22,False
27,32,2011-12-23,27433.89,False
27,32,2011-12-30,11204.11,True
27,33,2011-12-02,10444.9,False
27,33,2011-12-09,11461.57,False
27,33,2011-12-16,13761.19,False
27,33,2011-12-23,16820.4,False
27,33,2011-12-30,8035.63,True
27,34,2011-12-02,14855.95,False
27,34,2011-12-09,15894.03,False
27,34,2011-12-16,16875.17,False
27,34,2011-12-23,20398.82,False
27,34,2011-12-30,11938.7,True
27,35,2011-12-02,3542.57,False
27,35,2011-12-09,4929.34,False
27,35,2011-12-16,4768.57,False
27,35,2011-12-23,4803.45,False
27,35,2011-12-30,3000.02,True
27,36,2011-12-02,2696.01,False
27,36,2011-12-09,2439.32,False
27,36,2011-12-16,3213.85,False
27,36,2011-12-23,3769.75,False
27,36,2011-12-30,2505.83,True
27,37,2011-12-02,2969.33,False
27,37,2011-12-09,2975.78,False
27,37,2011-12-16,2592.9,False
27,37,2011-12-23,2755.56,False
27,37,2011-12-30,2596.38,True
27,38,2011-12-02,40266.55,False
27,38,2011-12-09,41084.75,False
27,38,2011-12-16,46484.67,False
27,38,2011-12-23,39799.39,False
27,38,2011-12-30,45575.25,True
27,39,2011-12-23,1.98,False
27,40,2011-12-02,74262.41,False
27,40,2011-12-09,69267.18,False
27,40,2011-12-16,72344.45,False
27,40,2011-12-23,76699.92,False
27,40,2011-12-30,64566.66,True
27,41,2011-12-02,2032.0,False
27,41,2011-12-09,2336.25,False
27,41,2011-12-16,3988.22,False
27,41,2011-12-23,5866.0,False
27,41,2011-12-30,1543.33,True
27,42,2011-12-02,9662.42,False
27,42,2011-12-09,9248.94,False
27,42,2011-12-16,10933.44,False
27,42,2011-12-23,10241.83,False
27,42,2011-12-30,8138.25,True
27,44,2011-12-02,7900.27,False
27,44,2011-12-09,7317.66,False
27,44,2011-12-16,8812.32,False
27,44,2011-12-23,8979.43,False
27,44,2011-12-30,4058.43,True
27,46,2011-12-02,40714.08,False
27,46,2011-12-09,38929.45,False
27,46,2011-12-16,46859.23,False
27,46,2011-12-23,64351.28,False
27,46,2011-12-30,39617.13,True
27,47,2011-12-16,-279.0,False
27,47,2011-12-30,-59.0,True
27,49,2011-12-02,9993.47,False
27,49,2011-12-09,8314.92,False
27,49,2011-12-16,8340.95,False
27,49,2011-12-23,11690.17,False
27,49,2011-12-30,9082.1,True
27,50,2011-12-02,1896.0,False
27,50,2011-12-09,2465.5,False
27,50,2011-12-16,1822.0,False
27,50,2011-12-23,2510.5,False
27,50,2011-12-30,1798.0,True
27,52,2011-12-02,4437.0,False
27,52,2011-12-09,4310.01,False
27,52,2011-12-16,4287.7,False
27,52,2011-12-23,5239.15,False
27,52,2011-12-30,2813.05,True
27,54,2011-12-02,148.3,False
27,54,2011-12-09,175.5,False
27,54,2011-12-16,55.92,False
27,54,2011-12-23,67.72,False
27,54,2011-12-30,83.98,True
27,55,2011-12-02,28196.92,False
27,55,2011-12-09,30470.64,False
27,55,2011-12-16,35911.22,False
27,55,2011-12-23,55103.74,False
27,55,2011-12-30,24374.67,True
27,56,2011-12-02,2264.27,False
27,56,2011-12-09,3689.08,False
27,56,2011-12-16,4093.37,False
27,56,2011-12-23,1792.43,False
27,56,2011-12-30,346.86,True
27,58,2011-12-02,230.0,False
27,58,2011-12-09,2795.0,False
27,58,2011-12-16,1800.0,False
27,58,2011-12-23,230.0,False
27,58,2011-12-30,2115.0,True
27,59,2011-12-02,2273.75,False
27,59,2011-12-09,3613.07,False
27,59,2011-12-16,5608.26,False
27,59,2011-12-23,12090.79,False
27,59,2011-12-30,4824.71,True
27,60,2011-12-02,316.8,False
27,60,2011-12-09,237.6,False
27,60,2011-12-16,378.4,False
27,60,2011-12-23,413.6,False
27,60,2011-12-30,114.4,True
27,67,2011-12-02,13513.05,False
27,67,2011-12-09,17232.31,False
27,67,2011-12-16,21630.35,False
27,67,2011-12-23,32536.83,False
27,67,2011-12-30,13575.46,True
27,71,2011-12-02,12181.72,False
27,71,2011-12-09,11348.11,False
27,71,2011-12-16,10965.09,False
27,71,2011-12-23,14066.76,False
27,71,2011-12-30,11870.23,True
27,72,2011-12-02,71376.17,False
27,72,2011-12-09,76560.22,False
27,72,2011-12-16,93412.52,False
27,72,2011-12-23,155100.89,False
27,72,2011-12-30,82874.98,True
27,74,2011-12-02,25435.71,False
27,74,2011-12-09,23776.72,False
27,74,2011-12-16,25247.17,False
27,74,2011-12-23,29163.26,False
27,74,2011-12-30,26833.41,True
27,78,2011-12-02,9.88,False
27,78,2011-12-30,10.0,True
27,79,2011-12-02,34877.01,False
27,79,2011-12-09,38665.34,False
27,79,2011-12-16,39815.63,False
27,79,2011-12-23,38224.03,False
27,79,2011-12-30,30461.63,True
27,80,2011-12-02,23216.19,False
27,80,2011-12-09,26483.46,False
27,80,2011-12-16,26441.87,False
27,80,2011-12-23,30294.22,False
27,80,2011-12-30,22438.87,True
27,81,2011-12-02,25955.26,False
27,81,2011-12-09,29229.1,False
27,81,2011-12-16,28789.25,False
27,81,2011-12-23,29480.05,False
27,81,2011-12-30,22011.51,True
27,82,2011-12-02,40097.15,False
27,82,2011-12-09,47743.75,False
27,82,2011-12-16,59591.78,False
27,82,2011-12-23,112088.27,False
27,82,2011-12-30,52987.31,True
27,83,2011-12-02,7585.62,False
27,83,2011-12-09,9538.93,False
27,83,2011-12-16,10353.3,False
27,83,2011-12-23,16135.93,False
27,83,2011-12-30,10603.2,True
27,85,2011-12-02,5020.73,False
27,85,2011-12-09,8248.31,False
27,85,2011-12-16,17209.07,False
27,85,2011-12-23,16659.01,False
27,85,2011-12-30,5243.21,True
27,87,2011-12-02,16866.61,False
27,87,2011-12-09,16274.88,False
27,87,2011-12-16,17409.51,False
27,87,2011-12-23,22363.25,False
27,87,2011-12-30,14987.67,True
27,90,2011-12-02,87759.25,False
27,90,2011-12-09,100348.67,False
27,90,2011-12-16,105322.78,False
27,90,2011-12-23,124823.5,False
27,90,2011-12-30,88807.89,True
27,91,2011-12-02,57503.65,False
27,91,2011-12-09,68962.83,False
27,91,2011-12-16,68313.5,False
27,91,2011-12-23,69950.04,False
27,91,2011-12-30,54275.04,True
27,92,2011-12-02,134381.0,False
27,92,2011-12-09,162590.22,False
27,92,2011-12-16,166498.26,False
27,92,2011-12-23,188077.31,False
27,92,2011-12-30,125472.23,True
27,93,2011-12-02,41027.14,False
27,93,2011-12-09,51602.87,False
27,93,2011-12-16,52928.88,False
27,93,2011-12-23,62676.22,False
27,93,2011-12-30,42673.79,True
27,94,2011-12-02,50601.95,False
27,94,2011-12-09,57087.74,False
27,94,2011-12-16,56692.11,False
27,94,2011-12-23,66414.71,False
27,94,2011-12-30,53046.18,True
27,95,2011-12-02,101806.47,False
27,95,2011-12-09,110045.08,False
27,95,2011-12-16,110498.8,False
27,95,2011-12-23,123833.04,False
27,95,2011-12-30,93324.64,True
27,96,2011-12-02,14123.46,False
27,96,2011-12-09,15492.06,False
27,96,2011-12-16,15502.3,False
27,96,2011-12-23,26044.69,False
27,96,2011-12-30,21606.64,True
27,97,2011-12-02,15813.38,False
27,97,2011-12-09,19454.4,False
27,97,2011-12-16,19904.53,False
27,97,2011-12-23,21775.44,False
27,97,2011-12-30,16028.88,True
27,98,2011-12-02,10078.31,False
27,98,2011-12-09,12722.92,False
27,98,2011-12-16,13861.48,False
27,98,2011-12-23,19633.88,False
27,98,2011-12-30,10623.82,True
27,99,2011-12-09,895.0,False
27,99,2011-12-16,4880.0,False
27,99,2011-12-23,2900.0,False
27,99,2011-12-30,500.0,True
28,1,2011-12-02,22597.77,False
28,1,2011-12-09,27672.81,False
28,1,2011-12-16,36015.58,False
28,1,2011-12-23,43037.04,False
28,1,2011-12-30,25354.89,True
28,2,2011-12-02,53437.88,False
28,2,2011-12-09,59168.75,False
28,2,2011-12-16,56054.67,False
28,2,2011-12-23,69113.72,False
28,2,2011-12-30,55560.56,True
28,3,2011-12-02,8315.06,False
28,3,2011-12-09,9710.81,False
28,3,2011-12-16,11086.56,False
28,3,2011-12-23,12530.85,False
28,3,2011-12-30,8054.7,True
28,4,2011-12-02,27397.98,False
28,4,2011-12-09,29009.51,False
28,4,2011-12-16,27335.64,False
28,4,2011-12-23,32022.04,False
28,4,2011-12-30,28850.85,True
28,5,2011-12-02,29670.41,False
28,5,2011-12-09,35098.55,False
28,5,2011-12-16,42688.26,False
28,5,2011-12-23,70491.79,False
28,5,2011-12-30,33799.19,True
28,6,2011-12-02,3800.92,False
28,6,2011-12-09,4672.36,False
28,6,2011-12-16,6163.8,False
28,6,2011-12-23,13160.6,False
28,6,2011-12-30,6584.95,True
28,7,2011-12-02,41026.92,False
28,7,2011-12-09,57254.99,False
28,7,2011-12-16,85450.0,False
28,7,2011-12-23,158379.94,False
28,7,2011-12-30,56339.46,True
28,8,2011-12-02,33446.97,False
28,8,2011-12-09,36401.26,False
28,8,2011-12-16,36512.57,False
28,8,2011-12-23,39533.8,False
28,8,2011-12-30,33253.66,True
28,9,2011-12-02,11491.6,False
28,9,2011-12-09,11865.25,False
28,9,2011-12-16,11462.56,False
28,9,2011-12-23,19890.26,False
28,9,2011-12-30,15194.3,True
28,10,2011-12-02,16617.39,False
28,10,2011-12-09,16732.15,False
28,10,2011-12-16,17034.19,False
28,10,2011-12-23,16587.66,False
28,10,2011-12-30,13903.55,True
28,11,2011-12-02,13831.84,False
28,11,2011-12-09,20450.75,False
28,11,2011-12-16,16756.42,False
28,11,2011-12-23,15367.76,False
28,11,2011-12-30,11676.76,True
28,12,2011-12-02,3197.06,False
28,12,2011-12-09,3285.74,False
28,12,2011-12-16,2731.19,False
28,12,2011-12-23,2653.0,False
28,12,2011-12-30,2622.99,True
28,13,2011-12-02,37327.05,False
28,13,2011-12-09,37849.83,False
28,13,2011-12-16,34033.69,False
28,13,2011-12-23,36658.63,False
28,13,2011-12-30,33586.96,True
28,14,2011-12-02,15234.46,False
28,14,2011-12-09,16996.34,False
28,14,2011-12-16,22452.33,False
28,14,2011-12-23,32556.25,False
28,14,2011-12-30,22192.3,True
28,16,2011-12-02,2195.11,False
28,16,2011-12-09,2195.07,False
28,16,2011-12-16,1843.68,False
28,16,2011-12-23,2624.82,False
28,16,2011-12-30,2210.52,True
28,17,2011-12-02,9838.73,False
28,17,2011-12-09,10300.07,False
28,17,2011-12-16,10953.9,False
28,17,2011-12-23,15496.05,False
28,17,2011-12-30,11562.21,True
28,18,2011-12-02,43619.74,False
28,18,2011-12-09,48284.56,False
28,18,2011-12-16,34657.83,False
28,18,2011-12-23,25624.34,False
28,18,2011-12-30,18740.88,True
28,19,2011-12-02,1281.19,False
28,19,2011-12-09,1822.67,False
28,19,2011-12-16,1711.83,False
28,19,2011-12-23,1855.83,False
28,19,2011-12-30,1112.87,True
28,20,2011-12-02,4399.67,False
28,20,2011-12-09,4676.68,False
28,20,2011-12-16,3820.53,False
28,20,2011-12-23,5327.85,False
28,20,2011-12-30,3747.3,True
28,21,2011-12-02,4577.4,False
28,21,2011-12-09,5679.44,False
28,21,2011-12-16,5781.81,False
28,21,2011-12-23,7924.2,False
28,21,2011-12-30,4215.41,True
28,22,2011-12-02,8981.05,False
28,22,2011-12-09,8668.42,False
28,22,2011-12-16,11881.14,False
28,22,2011-12-23,15115.17,False
28,22,2011-12-30,12315.74,True
28,23,2011-12-02,32210.09,False
28,23,2011-12-09,41931.95,False
28,23,2011-12-16,39740.37,False
28,23,2011-12-23,59268.21,False
28,23,2011-12-30,34659.26,True
28,24,2011-12-02,8219.36,False
28,24,2011-12-09,11583.92,False
28,24,2011-12-16,11824.7,False
28,24,2011-12-23,15811.14,False
28,24,2011-12-30,7848.5,True
28,25,2011-12-02,12967.97,False
28,25,2011-12-09,14784.44,False
28,25,2011-12-16,15729.91,False
28,25,2011-12-23,20496.95,False
28,25,2011-12-30,13145.66,True
28,26,2011-12-02,11038.56,False
28,26,2011-12-09,12175.66,False
28,26,2011-12-16,12165.95,False
28,26,2011-12-23,17937.72,False
28,26,2011-12-30,9126.3,True
28,27,2011-12-02,2097.16,False
28,27,2011-12-09,2496.33,False
28,27,2011-12-16,3044.77,False
28,27,2011-12-23,3717.8,False
28,27,2011-12-30,2194.78,True
28,28,2011-12-02,718.79,False
28,28,2011-12-09,775.79,False
28,28,2011-12-16,1047.81,False
28,28,2011-12-23,854.88,False
28,28,2011-12-30,933.92,True
28,29,2011-12-02,7753.98,False
28,29,2011-12-09,7932.78,False
28,29,2011-12-16,8934.3,False
28,29,2011-12-23,13466.81,False
28,29,2011-12-30,6543.58,True
28,30,2011-12-02,2590.1,False
28,30,2011-12-09,2810.31,False
28,30,2011-12-16,2783.68,False
28,30,2011-12-23,3409.4,False
28,30,2011-12-30,3056.49,True
28,31,2011-12-02,2297.7,False
28,31,2011-12-09,3237.1,False
28,31,2011-12-16,3612.65,False
28,31,2011-12-23,4482.42,False
28,31,2011-12-30,2175.28,True
28,32,2011-12-02,8714.24,False
28,32,2011-12-09,11609.1,False
28,32,2011-12-16,12081.4,False
28,32,2011-12-23,25699.23,False
28,32,2011-12-30,14467.91,True
28,33,2011-12-02,8320.18,False
28,33,2011-12-09,9274.9,False
28,33,2011-12-16,11386.04,False
28,33,2011-12-23,15770.22,False
28,33,2011-12-30,8509.47,True
28,34,2011-12-02,13857.71,False
28,34,2011-12-09,16423.87,False
28,34,2011-12-16,17062.05,False
28,34,2011-12-23,23790.07,False
28,34,2011-12-30,17351.45,True
28,35,2011-12-02,1938.49,False
28,35,2011-12-09,2907.83,False
28,35,2011-12-16,2698.76,False
28,35,2011-12-23,3122.06,False
28,35,2011-12-30,1752.18,True
28,36,2011-12-02,2025.94,False
28,36,2011-12-09,2719.32,False
28,36,2011-12-16,1905.96,False
28,36,2011-12-23,4201.31,False
28,36,2011-12-30,1907.11,True
28,37,2011-12-02,2179.1,False
28,37,2011-12-09,1927.12,False
28,37,2011-12-16,2081.99,False
28,37,2011-12-23,1835.39,False
28,37,2011-12-30,1148.31,True
28,38,2011-12-02,45929.8,False
28,38,2011-12-09,47746.04,False
28,38,2011-12-16,46205.55,False
28,38,2011-12-23,50127.14,False
28,38,2011-12-30,46943.93,True
28,40,2011-12-02,46142.24,False
28,40,2011-12-09,48096.9,False
28,40,2011-12-16,46274.42,False
28,40,2011-12-23,47167.06,False
28,40,2011-12-30,44094.75,True
28,41,2011-12-02,1444.32,False
28,41,2011-12-09,2120.23,False
28,41,2011-12-16,3112.44,False
28,41,2011-12-23,5442.5,False
28,41,2011-12-30,2568.0,True
28,42,2011-12-02,4946.9,False
28,42,2011-12-09,6868.2,False
28,42,2011-12-16,6323.24,False
28,42,2011-12-23,6311.1,False
28,42,2011-12-30,5374.85,True
28,44,2011-12-02,6804.94,False
28,44,2011-12-09,6604.62,False
28,44,2011-12-16,6957.27,False
28,44,2011-12-23,9088.88,False
28,44,2011-12-30,4400.6,True
28,45,2011-12-09,35.85,False
28,45,2011-12-23,41.79,False
28,45,2011-12-30,23.94,True
28,46,2011-12-02,20312.98,False
28,46,2011-12-09,24669.77,False
28,46,2011-12-16,25924.7,False
28,46,2011-12-23,39944.16,False
28,46,2011-12-30,25816.16,True
28,47,2011-12-09,300.0,False
28,49,2011-12-02,10377.94,False
28,49,2011-12-09,12184.51,False
28,49,2011-12-16,9485.01,False
28,49,2011-12-23,10244.7,False
28,49,2011-12-30,10206.52,True
28,52,2011-12-02,2797.52,False
28,52,2011-12-09,2948.64,False
28,52,2011-12-16,3306.9,False
28,52,2011-12-23,2868.74,False
28,52,2011-12-30,2594.93,True
28,54,2011-12-02,10.0,False
28,54,2011-12-09,28.92,False
28,54,2011-12-16,19.88,False
28,54,2011-12-23,58.36,False
28,54,2011-12-30,49.88,True
28,55,2011-12-02,11030.03,False
28,55,2011-12-09,12217.2,False
28,55,2011-12-16,16976.49,False
28,55,2011-12-23,30097.13,False
28,55,2011-12-30,17030.93,True
28,56,2011-12-02,308.12,False
28,56,2011-12-09,580.61,False
28,56,2011-12-16,517.86,False
28,56,2011-12-23,70.62,False
28,56,2011-12-30,5.0,True
28,58,2011-12-02,5057.0,False
28,58,2011-12-09,6195.0,False
28,58,2011-12-16,4385.0,False
28,58,2011-12-23,6300.0,False
28,58,2011-12-30,4112.5,True
28,59,2011-12-02,1480.32,False
28,59,2011-12-09,2526.76,False
28,59,2011-12-16,4257.7,False
28,59,2011-12-23,7699.72,False
28,59,2011-12-30,4716.77,True
28,60,2011-12-02,695.2,False
28,60,2011-12-09,915.2,False
28,60,2011-12-16,1320.0,False
28,60,2011-12-23,994.4,False
28,60,2011-12-30,440.0,True
28,67,2011-12-02,5421.07,False
28,67,2011-12-09,8344.17,False
28,67,2011-12-16,11938.1,False
28,67,2011-12-23,15074.98,False
28,67,2011-12-30,7204.12,True
28,71,2011-12-02,6750.34,False
28,71,2011-12-09,5668.83,False
28,71,2011-12-16,3531.43,False
28,71,2011-12-23,6669.87,False
28,71,2011-12-30,4660.99,True
28,72,2011-12-02,52467.8,False
28,72,2011-12-09,35422.87,False
28,72,2011-12-16,44156.77,False
28,72,2011-12-23,79446.41,False
28,72,2011-12-30,58979.26,True
28,74,2011-12-02,9521.73,False
28,74,2011-12-09,9393.36,False
28,74,2011-12-16,10072.05,False
28,74,2011-12-23,12539.84,False
28,74,2011-12-30,13498.69,True
28,77,2011-12-02,477.0,False
28,78,2011-12-23,7.0,False
28,79,2011-12-02,48485.7,False
28,79,2011-12-09,43983.89,False
28,79,2011-12-16,44284.13,False
28,79,2011-12-23,46933.9,False
28,79,2011-12-30,41775.73,True
28,80,2011-12-02,17386.56,False
28,80,2011-12-09,19148.84,False
28,80,2011-12-16,18075.79,False
28,80,2011-12-23,17232.95,False
28,80,2011-12-30,13660.21,True
28,81,2011-12-02,22691.16,False
28,81,2011-12-09,22776.45,False
28,81,2011-12-16,20447.51,False
28,81,2011-12-23,20829.17,False
28,81,2011-12-30,17198.57,True
28,82,2011-12-02,17028.66,False
28,82,2011-12-09,21570.01,False
28,82,2011-12-16,25599.64,False
28,82,2011-12-23,39428.27,False
28,82,2011-12-30,23014.55,True
28,83,2011-12-02,6900.72,False
28,83,2011-12-09,7104.77,False
28,83,2011-12-16,4292.45,False
28,83,2011-12-23,4839.31,False
28,83,2011-12-30,4062.25,True
28,85,2011-12-02,896.99,False
28,85,2011-12-09,1550.7,False
28,85,2011-12-16,2245.21,False
28,85,2011-12-23,2920.03,False
28,85,2011-12-30,1523.49,True
28,87,2011-12-02,13878.32,False
28,87,2011-12-09,12040.11,False
28,87,2011-12-16,12795.54,False
28,87,2011-12-23,13354.89,False
28,87,2011-12-30,14645.21,True
28,90,2011-12-02,75255.59,False
28,90,2011-12-09,75302.73,False
28,90,2011-12-16,66369.64,False
28,90,2011-12-23,74097.76,False
28,90,2011-12-30,61126.67,True
28,91,2011-12-02,64683.89,False
28,91,2011-12-09,67523.91,False
28,91,2011-12-16,48641.77,False
28,91,2011-12-23,48407.06,False
28,91,2011-12-30,37747.1,True
28,92,2011-12-02,117443.15,False
28,92,2011-12-09,122742.16,False
28,92,2011-12-16,98983.55,False
28,92,2011-12-23,108750.06,False
28,92,2011-12-30,80388.63,True
28,93,2011-12-02,59227.43,False
28,93,2011-12-09,62249.0,False
28,93,2011-12-16,45364.21,False
28,93,2011-12-23,52370.18,False
28,93,2011-12-30,36581.85,True
28,94,2011-12-02,30451.34,False
28,94,2011-12-09,31540.73,False
28,94,2011-12-16,29941.45,False
28,94,2011-12-23,32466.95,False
28,94,2011-12-30,27446.46,True
28,95,2011-12-02,89910.55,False
28,95,2011-12-09,90717.81,False
28,95,2011-12-16,80029.06,False
28,95,2011-12-23,82141.68,False
28,95,2011-12-30,70233.82,True
28,96,2011-12-02,23849.19,False
28,96,2011-12-09,24502.15,False
28,96,2011-12-16,26281.2,False
28,96,2011-12-23,32901.78,False
28,96,2011-12-30,34370.66,True
28,97,2011-12-02,27635.54,False
28,97,2011-12-09,27837.84,False
28,97,2011-12-16,20563.46,False
28,97,2011-12-23,20600.82,False
28,97,2011-12-30,17645.09,True
28,98,2011-12-02,11164.74,False
28,98,2011-12-09,13069.09,False
28,98,2011-12-16,16616.72,False
28,98,2011-12-23,15819.09,False
28,98,2011-12-30,9494.17,True
28,99,2011-12-02,50.0,False
28,99,2011-12-09,110.0,False
28,99,2011-12-16,2130.0,False
28,99,2011-12-23,3100.0,False
28,99,2011-12-30,700.0,True
29,1,2011-12-02,16288.92,False
29,1,2011-12-09,24818.11,False
29,1,2011-12-16,33350.92,False
29,1,2011-12-23,47196.72,False
29,1,2011-12-30,15666.85,True
29,2,2011-12-02,26097.51,False
29,2,2011-12-09,28482.47,False
29,2,2011-12-16,31863.32,False
29,2,2011-12-23,43024.15,False
29,2,2011-12-30,24104.14,True
29,3,2011-12-02,6713.61,False
29,3,2011-12-09,7746.03,False
29,3,2011-12-16,9163.17,False
29,3,2011-12-23,12577.12,False
29,3,2011-12-30,5774.24,True
29,4,2011-12-02,14767.69,False
29,4,2011-12-09,13697.18,False
29,4,2011-12-16,14293.98,False
29,4,2011-12-23,16193.39,False
29,4,2011-12-30,14038.72,True
29,5,2011-12-02,14164.62,False
29,5,2011-12-09,18522.84,False
29,5,2011-12-16,24700.02,False
29,5,2011-12-23,37177.99,False
29,5,2011-12-30,21399.17,True
29,6,2011-12-02,2360.23,False
29,6,2011-12-09,2825.04,False
29,6,2011-12-16,4513.7,False
29,6,2011-12-23,10756.01,False
29,6,2011-12-30,5525.81,True
29,7,2011-12-02,29802.9,False
29,7,2011-12-09,42551.35,False
29,7,2011-12-16,54355.93,False
29,7,2011-12-23,76681.66,False
29,7,2011-12-30,20985.09,True
29,8,2011-12-02,20219.87,False
29,8,2011-12-09,20076.4,False
29,8,2011-12-16,23403.73,False
29,8,2011-12-23,27713.8,False
29,8,2011-12-30,19047.39,True
29,9,2011-12-02,6917.67,False
29,9,2011-12-09,7500.05,False
29,9,2011-12-16,10218.91,False
29,9,2011-12-23,15930.68,False
29,9,2011-12-30,9545.95,True
29,10,2011-12-02,8518.78,False
29,10,2011-12-09,9996.4,False
29,10,2011-12-16,9664.97,False
29,10,2011-12-23,12607.18,False
29,10,2011-12-30,8209.86,True
29,11,2011-12-02,9114.98,False
29,11,2011-12-09,8843.25,False
29,11,2011-12-16,8668.31,False
29,11,2011-12-23,10656.43,False
29,11,2011-12-30,7075.56,True
29,12,2011-12-02,1622.55,False
29,12,2011-12-09,1555.77,False
29,12,2011-12-16,1632.2,False
29,12,2011-12-23,1450.93,False
29,12,2011-12-30,1413.79,True
29,13,2011-12-02,17409.45,False
29,13,2011-12-09,17041.57,False
29,13,2011-12-16,15595.89,False
29,13,2011-12-23,16772.67,False
29,13,2011-12-30,15731.52,True
29,14,2011-12-02,10253.24,False
29,14,2011-12-09,14121.29,False
29,14,2011-12-16,14825.18,False
29,14,2011-12-23,30545.76,False
29,14,2011-12-30,12288.45,True
29,16,2011-12-02,1564.73,False
29,16,2011-12-09,1445.47,False
29,16,2011-12-16,1154.86,False
29,16,2011-12-23,1693.95,False
29,16,2011-12-30,1426.63,True
29,17,2011-12-02,9492.16,False
29,17,2011-12-09,9265.54,False
29,17,2011-12-16,10635.03,False
29,17,2011-12-23,16207.64,False
29,17,2011-12-30,8936.7,True
29,18,2011-12-02,23973.86,False
29,18,2011-12-09,28406.23,False
29,18,2011-12-16,19543.5,False
29,18,2011-12-23,13797.12,False
29,18,2011-12-30,5432.09,True
29,19,2011-12-02,19.0,False
29,19,2011-12-16,5.0,False
29,20,2011-12-02,3999.75,False
29,20,2011-12-09,3897.33,False
29,20,2011-12-16,3577.86,False
29,20,2011-12-23,6031.81,False
29,20,2011-12-30,3093.31,True
29,21,2011-12-02,4176.64,False
29,21,2011-12-09,4791.97,False
29,21,2011-12-16,5812.03,False
29,21,2011-12-23,8648.06,False
29,21,2011-12-30,3756.01,True
29,22,2011-12-02,5466.69,False
29,22,2011-12-09,7009.08,False
29,22,2011-12-16,8060.98,False
29,22,2011-12-23,12126.2,False
29,22,2011-12-30,6440.51,True
29,23,2011-12-02,23390.56,False
29,23,2011-12-09,29327.47,False
29,23,2011-12-16,37738.82,False
29,23,2011-12-23,58205.4,False
29,23,2011-12-30,21132.47,True
29,24,2011-12-02,4864.78,False
29,24,2011-12-09,6650.35,False
29,24,2011-12-16,7565.37,False
29,24,2011-12-23,9643.36,False
29,24,2011-12-30,2391.26,True
29,25,2011-12-02,5877.17,False
29,25,2011-12-09,7453.69,False
29,25,2011-12-16,7329.07,False
29,25,2011-12-23,10916.22,False
29,25,2011-12-30,4471.78,True
29,26,2011-12-02,5122.21,False
29,26,2011-12-09,4895.85,False
29,26,2011-12-16,6079.62,False
29,26,2011-12-23,7640.2,False
29,26,2011-12-30,2431.87,True
29,27,2011-12-02,1759.38,False
29,27,2011-12-09,2126.13,False
29,27,2011-12-16,3020.32,False
29,27,2011-12-23,5255.16,False
29,27,2011-12-30,2544.44,True
29,28,2011-12-02,836.82,False
29,28,2011-12-09,796.02,False
29,28,2011-12-16,976.71,False
29,28,2011-12-23,1218.49,False
29,28,2011-12-30,658.1,True
29,29,2011-12-02,4820.03,False
29,29,2011-12-09,5853.36,False
29,29,2011-12-16,7400.72,False
29,29,2011-12-23,10562.42,False
29,29,2011-12-30,5227.11,True
29,30,2011-12-02,2534.19,False
29,30,2011-12-09,2337.0,False
29,30,2011-12-16,2209.66,False
29,30,2011-12-23,2798.16,False
29,30,2011-12-30,2279.62,True
29,31,2011-12-02,2059.5,False
29,31,2011-12-09,2917.65,False
29,31,2011-12-16,3679.3,False
29,31,2011-12-23,6440.04,False
29,31,2011-12-30,2352.21,True
29,32,2011-12-02,4391.06,False
29,32,2011-12-09,6721.13,False
29,32,2011-12-16,7327.16,False
29,32,2011-12-23,19570.53,False
29,32,2011-12-30,8375.75,True
29,33,2011-12-02,4899.95,False
29,33,2011-12-09,5321.3,False
29,33,2011-12-16,7108.28,False
29,33,2011-12-23,9686.75,False
29,33,2011-12-30,3234.74,True
29,34,2011-12-02,10263.22,False
29,34,2011-12-09,9735.25,False
29,34,2011-12-16,12340.64,False
29,34,2011-12-23,14824.96,False
29,34,2011-12-30,7956.28,True
29,35,2011-12-02,2524.41,False
29,35,2011-12-09,2508.37,False
29,35,2011-12-16,2551.73,False
29,35,2011-12-23,3956.66,False
29,35,2011-12-30,1704.64,True
29,36,2011-12-02,876.19,False
29,36,2011-12-09,1005.96,False
29,36,2011-12-16,1726.13,False
29,36,2011-12-23,2178.41,False
29,36,2011-12-30,1628.04,True
29,38,2011-12-02,49193.38,False
29,38,2011-12-09,36546.49,False
29,38,2011-12-16,48673.15,False
29,38,2011-12-23,45698.26,False
29,38,2011-12-30,44924.85,True
29,40,2011-12-02,28707.89,False
29,40,2011-12-09,27585.42,False
29,40,2011-12-16,32149.6,False
29,40,2011-12-23,33248.17,False
29,40,2011-12-30,27337.35,True
29,41,2011-12-02,1144.49,False
29,41,2011-12-09,898.91,False
29,41,2011-12-16,1053.47,False
29,41,2011-12-23,2363.66,False
29,41,2011-12-30,657.0,True
29,42,2011-12-02,3991.55,False
29,42,2011-12-09,3605.97,False
29,42,2011-12-16,3220.46,False
29,42,2011-12-23,3617.62,False
29,42,2011-12-30,3541.89,True
29,44,2011-12-02,2730.08,False
29,44,2011-12-09,3447.26,False
29,44,2011-12-16,4280.58,False
29,44,2011-12-23,4977.84,False
29,44,2011-12-30,1999.72,True
29,46,2011-12-02,12651.57,False
29,46,2011-12-09,14002.82,False
29,46,2011-12-16,16795.8,False
29,46,2011-12-23,26221.24,False
29,46,2011-12-30,14599.03,True
29,49,2011-12-02,71.28,False
29,49,2011-12-09,38.61,False
29,49,2011-12-16,74.25,False
29,49,2011-12-23,98.01,False
29,49,2011-12-30,44.55,True
29,51,2011-12-16,9.96,False
29,52,2011-12-02,1169.26,False
29,52,2011-12-09,1107.17,False
29,52,2011-12-16,1140.28,False
29,52,2011-12-23,988.23,False
29,52,2011-12-30,766.93,True
29,54,2011-12-16,15.5,False
29,54,2011-12-23,48.0,False
29,54,2011-12-30,24.88,True
29,55,2011-12-02,10308.84,False
29,55,2011-12-09,9381.11,False
29,55,2011-12-16,13616.96,False
29,55,2011-12-23,23779.24,False
29,55,2011-12-30,10681.96,True
29,56,2011-12-02,1137.69,False
29,56,2011-12-09,1806.4,False
29,56,2011-12-16,1756.75,False
29,56,2011-12-23,260.03,False
29,56,2011-12-30,34.0,True
29,58,2011-12-09,37.5,False
29,59,2011-12-02,444.42,False
29,59,2011-12-09,973.41,False
29,59,2011-12-16,1188.04,False
29,59,2011-12-23,2766.59,False
29,59,2011-12-30,1091.28,True
29,60,2011-12-02,396.0,False
29,60,2011-12-09,633.6,False
29,60,2011-12-16,915.2,False
29,60,2011-12-23,624.8,False
29,60,2011-12-30,193.6,True
29,67,2011-12-02,6622.04,False
29,67,2011-12-09,8507.11,False
29,67,2011-12-16,11659.32,False
29,67,2011-12-23,21159.67,False
29,67,2011-12-30,8958.71,True
29,71,2011-12-02,2158.35,False
29,71,2011-12-09,2976.81,False
29,71,2011-12-16,2694.45,False
29,71,2011-12-23,4354.12,False
29,71,2011-12-30,4109.51,True
29,72,2011-12-02,33358.54,False
29,72,2011-12-09,32639.87,False
29,72,2011-12-16,50261.73,False
29,72,2011-12-23,95425.78,False
29,72,2011-12-30,41819.05,True
29,74,2011-12-02,8949.46,False
29,74,2011-12-09,7955.89,False
29,74,2011-12-16,7535.23,False
29,74,2011-12-23,9127.01,False
29,74,2011-12-30,9813.51,True
29,77,2011-12-02,159.0,False
29,77,2011-12-30,183.0,True
29,79,2011-12-02,7866.63,False
29,79,2011-12-09,8313.46,False
29,79,2011-12-16,8913.23,False
29,79,2011-12-23,10471.36,False
29,79,2011-12-30,5475.42,True
29,80,2011-12-02,1.57,False
29,80,2011-12-09,37.88,False
29,80,2011-12-16,-2.69,False
29,80,2011-12-23,45.4,False
29,80,2011-12-30,26.9,True
29,81,2011-12-02,5192.76,False
29,81,2011-12-09,5209.29,False
29,81,2011-12-16,4880.1,False
29,81,2011-12-23,4971.14,False
29,81,2011-12-30,4093.99,True
29,82,2011-12-02,10056.67,False
29,82,2011-12-09,12238.69,False
29,82,2011-12-16,15807.67,False
29,82,2011-12-23,31492.47,False
29,82,2011-12-30,15371.75,True
29,83,2011-12-02,517.71,False
29,83,2011-12-09,942.42,False
29,83,2011-12-16,826.82,False
29,83,2011-12-23,1030.39,False
29,83,2011-12-30,757.17,True
29,85,2011-12-02,2156.48,False
29,85,2011-12-09,3156.98,False
29,85,2011-12-16,6104.12,False
29,85,2011-12-23,5725.74,False
29,85,2011-12-30,1718.61,True
29,87,2011-12-02,10048.38,False
29,87,2011-12-09,8742.88,False
29,87,2011-12-16,11507.4,False
29,87,2011-12-23,15948.18,False
29,87,2011-12-30,11260.99,True
29,90,2011-12-02,11230.73,False
29,90,2011-12-09,12497.3,False
29,90,2011-12-16,12534.17,False
29,90,2011-12-23,15120.66,False
29,90,2011-12-30,10674.37,True
29,91,2011-12-02,4217.74,False
29,91,2011-12-09,4398.23,False
29,91,2011-12-16,3951.12,False
29,91,2011-12-23,4100.71,False
29,91,2011-12-30,3856.84,True
29,92,2011-12-02,28257.86,False
29,92,2011-12-09,32048.18,False
29,92,2011-12-16,31336.41,False
29,92,2011-12-23,35963.9,False
29,92,2011-12-30,23947.36,True
29,93,2011-12-02,834.88,False
29,93,2011-12-09,1154.28,False
29,93,2011-12-16,909.24,False
29,93,2011-12-23,1265.94,False
29,93,2011-12-30,960.7,True
29,94,2011-12-02,27.52,False
29,94,2011-12-09,116.96,False
29,94,2011-12-16,68.9,False
29,94,2011-12-23,181.48,False
29,94,2011-12-30,83.76,True
29,95,2011-12-02,26867.59,False
29,95,2011-12-09,29415.37,False
29,95,2011-12-16,28645.8,False
29,95,2011-12-23,32391.56,False
29,95,2011-12-30,24406.71,True
29,96,2011-12-23,8.4,False
29,97,2011-12-02,2069.19,False
29,97,2011-12-09,2303.74,False
29,97,2011-12-16,2027.06,False
29,97,2011-12-23,2265.78,False
29,97,2011-12-30,1958.54,True
29,98,2011-12-02,170.35,False
29,98,2011-12-09,277.62,False
29,98,2011-12-16,162.56,False
29,98,2011-12-23,209.98,False
29,98,2011-12-30,89.02,True
30,1,2011-12-02,8797.14,False
30,1,2011-12-09,9873.17,False
30,1,2011-12-16,12119.49,False
30,1,2011-12-23,13695.74,False
30,1,2011-12-30,8952.51,True
30,2,2011-12-02,12507.86,False
30,2,2011-12-09,11600.42,False
30,2,2011-12-16,10740.43,False
30,2,2011-12-23,11945.41,False
30,2,2011-12-30,10363.66,True
30,3,2011-12-02,686.92,False
30,3,2011-12-09,870.96,False
30,3,2011-12-16,757.22,False
30,3,2011-12-23,858.26,False
30,3,2011-12-30,348.64,True
30,4,2011-12-02,13108.8,False
30,4,2011-12-09,12192.98,False
30,4,2011-12-16,12105.65,False
30,4,2011-12-23,14712.16,False
30,4,2011-12-30,12328.04,True
30,5,2011-12-02,483.88,False
30,5,2011-12-09,574.64,False
30,5,2011-12-16,791.4,False
30,5,2011-12-23,1318.2,False
30,5,2011-12-30,410.56,True
30,6,2011-12-02,10.88,False
30,6,2011-12-09,7.34,False
30,6,2011-12-16,5.44,False
30,6,2011-12-23,23.66,False
30,6,2011-12-30,-19.0,True
30,7,2011-12-02,272.76,False
30,7,2011-12-09,300.94,False
30,7,2011-12-16,533.4,False
30,7,2011-12-23,690.55,False
30,7,2011-12-30,236.38,True
30,8,2011-12-02,10860.69,False
30,8,2011-12-09,11493.35,False
30,8,2011-12-16,11574.21,False
30,8,2011-12-23,12286.39,False
30,8,2011-12-30,9724.97,True
30,9,2011-12-02,17.27,False
30,9,2011-12-09,14.19,False
30,9,2011-12-16,17.42,False
30,9,2011-12-23,10.39,False
30,9,2011-12-30,20.78,True
30,10,2011-12-02,217.7,False
30,10,2011-12-09,224.6,False
30,10,2011-12-16,254.77,False
30,10,2011-12-23,213.45,False
30,10,2011-12-30,343.72,True
30,11,2011-12-02,971.53,False
30,11,2011-12-09,953.57,False
30,11,2011-12-16,1031.09,False
30,11,2011-12-23,1644.21,False
30,11,2011-12-30,1237.7,True
30,12,2011-12-02,119.91,False
30,12,2011-12-09,56.78,False
30,12,2011-12-16,41.24,False
30,12,2011-12-23,145.65,False
30,12,2011-12-30,49.48,True
30,13,2011-12-02,10426.73,False
30,13,2011-12-09,9985.4,False
30,13,2011-12-16,9540.28,False
30,13,2011-12-23,10442.15,False
30,13,2011-12-30,9491.43,True
30,14,2011-12-02,745.13,False
30,14,2011-12-09,1102.7,False
30,14,2011-12-16,1489.58,False
30,14,2011-12-23,1978.19,False
30,14,2011-12-30,1200.4,True
30,16,2011-12-02,603.28,False
30,16,2011-12-09,489.39,False
30,16,2011-12-16,828.08,False
30,16,2011-12-23,838.2,False
30,16,2011-12-30,765.93,True
30,17,2011-12-02,648.29,False
30,17,2011-12-09,570.08,False
30,17,2011-12-16,80.81,False
30,17,2011-12-23,17.68,False
30,17,2011-12-30,25.5,True
30,18,2011-12-02,374.82,False
30,18,2011-12-09,813.34,False
30,18,2011-12-16,1475.15,False
30,18,2011-12-23,1500.72,False
30,18,2011-12-30,665.75,True
30,21,2011-12-02,973.54,False
30,21,2011-12-09,1330.06,False
30,21,2011-12-16,1132.61,False
30,21,2011-12-23,1266.57,False
30,21,2011-12-30,810.56,True
30,22,2011-12-02,128.8,False
30,22,2011-12-09,141.68,False
30,22,2011-12-16,128.8,False
30,22,2011-12-23,141.68,False
30,22,2011-12-30,12.88,True
30,23,2011-12-02,48.77,False
30,23,2011-12-09,9.0,False
30,23,2011-12-16,11.74,False
30,23,2011-12-23,11.74,False
30,25,2011-12-02,15.92,False
30,25,2011-12-09,14.88,False
30,25,2011-12-16,20.88,False
30,25,2011-12-23,2.0,False
30,25,2011-12-30,10.96,True
30,26,2011-12-16,12.0,False
30,26,2011-12-30,6.0,True
30,28,2011-12-02,87.75,False
30,28,2011-12-09,109.36,False
30,28,2011-12-16,58.21,False
30,28,2011-12-23,47.35,False
30,28,2011-12-30,79.61,True
30,31,2011-12-02,17.96,False
30,31,2011-12-09,151.58,False
30,31,2011-12-16,66.0,False
30,31,2011-12-23,66.5,False
30,31,2011-12-30,13.5,True
30,32,2011-12-02,10.0,False
30,32,2011-12-09,10.0,False
30,32,2011-12-16,20.0,False
30,38,2011-12-02,64402.51,False
30,38,2011-12-09,68520.49,False
30,38,2011-12-16,70113.14,False
30,38,2011-12-23,61916.85,False
30,38,2011-12-30,61358.1,True
30,40,2011-12-02,23245.73,False
30,40,2011-12-09,21542.08,False
30,40,2011-12-16,21765.74,False
30,40,2011-12-23,22835.13,False
30,40,2011-12-30,21646.11,True
30,42,2011-12-02,61.55,False
30,42,2011-12-09,45.87,False
30,42,2011-12-16,56.01,False
30,42,2011-12-23,32.57,False
30,42,2011-12-30,65.14,True
30,46,2011-12-02,5209.05,False
30,46,2011-12-09,4649.58,False
30,46,2011-12-16,4620.37,False
30,46,2011-12-23,5365.64,False
30,46,2011-12-30,4408.96,True
30,49,2011-12-09,14.85,False
30,49,2011-12-16,2.97,False
30,49,2011-12-23,14.85,False
30,49,2011-12-30,8.91,True
30,52,2011-12-02,30.92,False
30,52,2011-12-09,25.37,False
30,52,2011-12-16,4.14,False
30,52,2011-12-23,19.17,False
30,52,2011-12-30,25.14,True
30,56,2011-12-02,353.94,False
30,56,2011-12-09,284.54,False
30,56,2011-12-16,104.1,False
30,56,2011-12-30,36.0,True
30,59,2011-12-02,25.19,False
30,59,2011-12-09,43.94,False
30,59,2011-12-16,137.39,False
30,59,2011-12-23,121.18,False
30,59,2011-12-30,404.56,True
30,60,2011-12-02,941.6,False
30,60,2011-12-09,1135.2,False
30,60,2011-12-16,1513.6,False
30,60,2011-12-23,1337.6,False
30,60,2011-12-30,325.6,True
30,67,2011-12-02,913.16,False
30,67,2011-12-09,1527.13,False
30,67,2011-12-16,1752.0,False
30,67,2011-12-23,2431.6,False
30,67,2011-12-30,1213.41,True
30,72,2011-12-02,100.22,False
30,72,2011-12-09,12.94,False
30,72,2011-12-16,33.0,False
30,72,2011-12-23,231.32,False
30,72,2011-12-30,87.85,True
30,74,2011-12-02,50.44,False
30,74,2011-12-09,110.15,False
30,74,2011-12-16,107.12,False
30,74,2011-12-23,46.58,False
30,74,2011-12-30,79.72,True
30,79,2011-12-02,6461.29,False
30,79,2011-12-09,5821.35,False
30,79,2011-12-16,4917.51,False
30,79,2011-12-23,4547.86,False
30,79,2011-12-30,3929.6,True
30,80,2011-12-02,5799.86,False
30,80,2011-12-09,6974.01,False
30,80,2011-12-16,6852.6,False
30,80,2011-12-23,7240.1,False
30,80,2011-12-30,5396.05,True
30,81,2011-12-02,9887.86,False
30,81,2011-12-09,9751.9,False
30,81,2011-12-16,9846.12,False
30,81,2011-12-23,10521.0,False
30,81,2011-12-30,8051.75,True
30,82,2011-12-02,4943.59,False
30,82,2011-12-09,6619.74,False
30,82,2011-12-16,8470.35,False
30,82,2011-12-23,14007.85,False
30,82,2011-12-30,8217.52,True
30,83,2011-12-02,1220.06,False
30,83,2011-12-09,1182.51,False
30,83,2011-12-16,1298.66,False
30,83,2011-12-23,1665.17,False
30,83,2011-12-30,1622.91,True
30,85,2011-12-02,119.66,False
30,85,2011-12-09,61.58,False
30,85,2011-12-16,106.92,False
30,85,2011-12-23,264.37,False
30,85,2011-12-30,106.82,True
30,87,2011-12-02,414.76,False
30,87,2011-12-09,238.48,False
30,87,2011-12-16,194.72,False
30,87,2011-12-23,419.52,False
30,87,2011-12-30,394.08,True
30,90,2011-12-02,34325.42,False
30,90,2011-12-09,36846.93,False
30,90,2011-12-16,36623.2,False
30,90,2011-12-23,44235.52,False
30,90,2011-12-30,31333.82,True
30,91,2011-12-02,27641.17,False
30,91,2011-12-09,30383.45,False
30,91,2011-12-16,26731.52,False
30,91,2011-12-23,31250.88,False
30,91,2011-12-30,22366.84,True
30,92,2011-12-02,53655.52,False
30,92,2011-12-09,61151.52,False
30,92,2011-12-16,61827.22,False
30,92,2011-12-23,73580.68,False
30,92,2011-12-30,47160.76,True
30,93,2011-12-02,20148.26,False
30,93,2011-12-09,22675.08,False
30,93,2011-12-16,20842.65,False
30,93,2011-12-23,26592.18,False
30,93,2011-12-30,17036.84,True
30,94,2011-12-02,19575.36,False
30,94,2011-12-09,18916.87,False
30,94,2011-12-16,19404.51,False
30,94,2011-12-23,23615.39,False
30,94,2011-12-30,18219.59,True
30,95,2011-12-02,40170.06,False
30,95,2011-12-09,42027.29,False
30,95,2011-12-16,42728.24,False
30,95,2011-12-23,43772.51,False
30,95,2011-12-30,33642.76,True
30,96,2011-12-02,15605.47,False
30,96,2011-12-09,16128.15,False
30,96,2011-12-16,18184.77,False
30,96,2011-12-23,21826.0,False
30,96,2011-12-30,18369.25,True
30,97,2011-12-02,11711.62,False
30,97,2011-12-09,12897.71,False
30,97,2011-12-16,12491.5,False
30,97,2011-12-23,14536.7,False
30,97,2011-12-30,10616.57,True
30,98,2011-12-02,3235.65,False
30,98,2011-12-09,4261.9,False
30,98,2011-12-16,5699.11,False
30,98,2011-12-23,5737.6,False
30,98,2011-12-30,3572.83,True
30,99,2011-12-02,-0.5,False
30,99,2011-12-23,0.01,False
31,1,2011-12-02,16875.07,False
31,1,2011-12-09,22576.29,False
31,1,2011-12-16,32755.41,False
31,1,2011-12-23,35862.07,False
31,1,2011-12-30,17456.48,True
31,2,2011-12-02,55171.85,False
31,2,2011-12-09,56387.23,False
31,2,2011-12-16,64104.34,False
31,2,2011-12-23,75488.69,False
31,2,2011-12-30,59437.63,True
31,3,2011-12-02,8358.11,False
31,3,2011-12-09,8935.34,False
31,3,2011-12-16,8865.59,False
31,3,2011-12-23,10566.97,False
31,3,2011-12-30,8321.04,True
31,4,2011-12-02,33814.54,False
31,4,2011-12-09,34973.96,False
31,4,2011-12-16,37798.51,False
31,4,2011-12-23,43018.16,False
31,4,2011-12-30,35862.59,True
31,5,2011-12-02,20600.26,False
31,5,2011-12-09,24904.2,False
31,5,2011-12-16,29654.38,False
31,5,2011-12-23,62226.93,False
31,5,2011-12-30,29160.65,True
31,6,2011-12-02,3045.01,False
31,6,2011-12-09,3562.78,False
31,6,2011-12-16,4126.01,False
31,6,2011-12-23,6740.67,False
31,6,2011-12-30,4528.9,True
31,7,2011-12-02,30396.49,False
31,7,2011-12-09,48958.64,False
31,7,2011-12-16,65318.48,False
31,7,2011-12-23,133203.15,False
31,7,2011-12-30,44373.73,True
31,8,2011-12-02,25401.96,False
31,8,2011-12-09,27191.35,False
31,8,2011-12-16,25456.69,False
31,8,2011-12-23,31334.88,False
31,8,2011-12-30,22470.3,True
31,9,2011-12-02,6462.06,False
31,9,2011-12-09,7703.77,False
31,9,2011-12-16,8233.5,False
31,9,2011-12-23,13681.01,False
31,9,2011-12-30,8895.7,True
31,10,2011-12-02,20526.43,False
31,10,2011-12-09,20880.3,False
31,10,2011-12-16,18530.18,False
31,10,2011-12-23,20518.07,False
31,10,2011-12-30,15624.46,True
31,11,2011-12-02,15567.25,False
31,11,2011-12-09,16987.46,False
31,11,2011-12-16,11895.26,False
31,11,2011-12-23,16046.77,False
31,11,2011-12-30,10718.54,True
31,12,2011-12-02,2641.67,False
31,12,2011-12-09,2076.73,False
31,12,2011-12-16,2206.39,False
31,12,2011-12-23,2528.99,False
31,12,2011-12-30,1977.79,True
31,13,2011-12-02,42838.37,False
31,13,2011-12-09,41530.29,False
31,13,2011-12-16,43998.55,False
31,13,2011-12-23,46385.07,False
31,13,2011-12-30,39469.65,True
31,14,2011-12-02,17392.29,False
31,14,2011-12-09,21747.19,False
31,14,2011-12-16,23510.89,False
31,14,2011-12-23,42566.25,False
31,14,2011-12-30,25912.59,True
31,16,2011-12-02,1898.69,False
31,16,2011-12-09,1976.82,False
31,16,2011-12-16,1612.48,False
31,16,2011-12-23,2648.44,False
31,16,2011-12-30,2054.35,True
31,17,2011-12-02,9258.51,False
31,17,2011-12-09,9498.39,False
31,17,2011-12-16,10327.66,False
31,17,2011-12-23,14235.67,False
31,17,2011-12-30,8633.48,True
31,18,2011-12-02,43890.12,False
31,18,2011-12-09,38249.69,False
31,18,2011-12-16,29367.06,False
31,18,2011-12-23,23025.43,False
31,18,2011-12-30,13403.13,True
31,19,2011-12-02,48.78,False
31,19,2011-12-09,26.73,False
31,19,2011-12-16,64.63,False
31,19,2011-12-23,63.6,False
31,19,2011-12-30,16.67,True
31,20,2011-12-02,5112.69,False
31,20,2011-12-09,4563.84,False
31,20,2011-12-16,5078.43,False
31,20,2011-12-23,6133.95,False
31,20,2011-12-30,5286.69,True
31,21,2011-12-02,4197.18,False
31,21,2011-12-09,5446.3,False
31,21,2011-12-16,6625.42,False
31,21,2011-12-23,7952.56,False
31,21,2011-12-30,3816.5,True
31,22,2011-12-02,9369.43,False
31,22,2011-12-09,10291.48,False
31,22,2011-12-16,9278.28,False
31,22,2011-12-23,16761.15,False
31,22,2011-12-30,10064.77,True
31,23,2011-12-02,22150.02,False
31,23,2011-12-09,28073.56,False
31,23,2011-12-16,27672.76,False
31,23,2011-12-23,39822.5,False
31,23,2011-12-30,20689.18,True
31,24,2011-12-02,6758.76,False
31,24,2011-12-09,7098.23,False
31,24,2011-12-16,6887.38,False
31,24,2011-12-23,9412.32,False
31,24,2011-12-30,4054.06,True
31,25,2011-12-02,8338.65,False
31,25,2011-12-09,10838.46,False
31,25,2011-12-16,9875.92,False
31,25,2011-12-23,15495.09,False
31,25,2011-12-30,9156.37,True
31,26,2011-12-02,7139.65,False
31,26,2011-12-09,8264.2,False
31,26,2011-12-16,8723.47,False
31,26,2011-12-23,13226.23,False
31,26,2011-12-30,6817.74,True
31,27,2011-12-02,2539.85,False
31,27,2011-12-09,3029.76,False
31,27,2011-12-16,2715.35,False
31,27,2011-12-23,3872.6,False
31,27,2011-12-30,2489.24,True
31,28,2011-12-02,973.29,False
31,28,2011-12-09,1163.24,False
31,28,2011-12-16,1242.57,False
31,28,2011-12-23,1275.11,False
31,28,2011-12-30,748.16,True
31,29,2011-12-02,5622.79,False
31,29,2011-12-09,6292.28,False
31,29,2011-12-16,6425.87,False
31,29,2011-12-23,10869.77,False
31,29,2011-12-30,7952.03,True
31,30,2011-12-02,1684.13,False
31,30,2011-12-09,1953.83,False
31,30,2011-12-16,2470.98,False
31,30,2011-12-23,3373.1,False
31,30,2011-12-30,2670.82,True
31,31,2011-12-02,3021.37,False
31,31,2011-12-09,5349.31,False
31,31,2011-12-16,3972.75,False
31,31,2011-12-23,4900.99,False
31,31,2011-12-30,2376.35,True
31,32,2011-12-02,4916.94,False
31,32,2011-12-09,7478.52,False
31,32,2011-12-16,6564.34,False
31,32,2011-12-23,21149.49,False
31,32,2011-12-30,11158.22,True
31,33,2011-12-02,4874.02,False
31,33,2011-12-09,7172.02,False
31,33,2011-12-16,7741.9,False
31,33,2011-12-23,11775.23,False
31,33,2011-12-30,6458.4,True
31,34,2011-12-02,11594.36,False
31,34,2011-12-09,14207.52,False
31,34,2011-12-16,13407.73,False
31,34,2011-12-23,15364.18,False
31,34,2011-12-30,10052.84,True
31,35,2011-12-02,1434.57,False
31,35,2011-12-09,2221.65,False
31,35,2011-12-16,1919.71,False
31,35,2011-12-23,2444.21,False
31,35,2011-12-30,1458.07,True
31,36,2011-12-02,1940.44,False
31,36,2011-12-09,2113.4,False
31,36,2011-12-16,1591.71,False
31,36,2011-12-23,3337.47,False
31,36,2011-12-30,1396.31,True
31,37,2011-12-02,2729.27,False
31,37,2011-12-09,2643.76,False
31,37,2011-12-16,2450.88,False
31,37,2011-12-23,3278.06,False
31,37,2011-12-30,2477.74,True
31,38,2011-12-02,89699.4,False
31,38,2011-12-09,88189.09,False
31,38,2011-12-16,74282.19,False
31,38,2011-12-23,89968.1,False
31,38,2011-12-30,80012.48,True
31,40,2011-12-02,58083.68,False
31,40,2011-12-09,57023.17,False
31,40,2011-12-16,59690.82,False
31,40,2011-12-23,61641.72,False
31,40,2011-12-30,51669.07,True
31,41,2011-12-02,780.11,False
31,41,2011-12-09,1436.82,False
31,41,2011-12-16,1614.94,False
31,41,2011-12-23,3394.94,False
31,41,2011-12-30,1085.0,True
31,42,2011-12-02,4802.66,False
31,42,2011-12-09,4520.99,False
31,42,2011-12-16,5467.56,False
31,42,2011-12-23,6285.86,False
31,42,2011-12-30,4997.76,True
31,44,2011-12-02,3036.05,False
31,44,2011-12-09,3677.37,False
31,44,2011-12-16,4589.15,False
31,44,2011-12-23,6828.43,False
31,44,2011-12-30,2712.12,True
31,46,2011-12-02,22767.86,False
31,46,2011-12-09,24434.14,False
31,46,2011-12-16,28727.1,False
31,46,2011-12-23,37731.61,False
31,46,2011-12-30,27243.19,True
31,47,2011-12-16,-18.0,False
31,47,2011-12-23,-59.0,False
31,47,2011-12-30,30.0,True
31,49,2011-12-02,7212.82,False
31,49,2011-12-09,5654.75,False
31,49,2011-12-16,7262.44,False
31,49,2011-12-23,7878.79,False
31,49,2011-12-30,7488.93,True
31,52,2011-12-02,802.3,False
31,52,2011-12-09,740.29,False
31,52,2011-12-16,635.17,False
31,52,2011-12-23,630.27,False
31,52,2011-12-30,717.89,True
31,54,2011-12-02,10.0,False
31,54,2011-12-09,7.0,False
31,54,2011-12-16,132.0,False
31,54,2011-12-23,167.38,False
31,54,2011-12-30,40.0,True
31,55,2011-12-02,9184.02,False
31,55,2011-12-09,10498.43,False
31,55,2011-12-16,13148.57,False
31,55,2011-12-23,27766.38,False
31,55,2011-12-30,18440.05,True
31,56,2011-12-02,2447.33,False
31,56,2011-12-09,2951.97,False
31,56,2011-12-16,2289.71,False
31,56,2011-12-23,1059.38,False
31,56,2011-12-30,39.18,True
31,58,2011-12-02,2787.5,False
31,58,2011-12-09,5310.0,False
31,58,2011-12-16,2400.0,False
31,58,2011-12-23,3780.0,False
31,58,2011-12-30,2965.0,True
31,59,2011-12-02,344.19,False
31,59,2011-12-09,745.99,False
31,59,2011-12-16,1850.89,False
31,59,2011-12-23,4476.73,False
31,59,2011-12-30,2068.88,True
31,60,2011-12-02,272.8,False
31,60,2011-12-09,413.6,False
31,60,2011-12-16,528.0,False
31,60,2011-12-23,422.4,False
31,60,2011-12-30,158.4,True
31,67,2011-12-02,5783.39,False
31,67,2011-12-09,8048.1,False
31,67,2011-12-16,13448.72,False
31,67,2011-12-23,19208.93,False
31,67,2011-12-30,9499.94,True
31,71,2011-12-02,4553.17,False
31,71,2011-12-09,4882.91,False
31,71,2011-12-16,5187.97,False
31,71,2011-12-23,7991.65,False
31,71,2011-12-30,6078.87,True
31,72,2011-12-02,58422.35,False
31,72,2011-12-09,50658.71,False
31,72,2011-12-16,51148.68,False
31,72,2011-12-23,99928.78,False
31,72,2011-12-30,52715.66,True
31,74,2011-12-02,10952.25,False
31,74,2011-12-09,12794.45,False
31,74,2011-12-16,12595.65,False
31,74,2011-12-23,17601.07,False
31,74,2011-12-30,13540.27,True
31,77,2011-12-02,159.0,False
31,79,2011-12-02,40244.62,False
31,79,2011-12-09,39926.77,False
31,79,2011-12-16,34970.67,False
31,79,2011-12-23,35831.12,False
31,79,2011-12-30,27732.85,True
31,80,2011-12-02,16452.85,False
31,80,2011-12-09,20809.22,False
31,80,2011-12-16,20038.16,False
31,80,2011-12-23,22305.89,False
31,80,2011-12-30,15669.87,True
31,81,2011-12-02,25169.61,False
31,81,2011-12-09,27938.59,False
31,81,2011-12-16,26643.65,False
31,81,2011-12-23,27199.78,False
31,81,2011-12-30,21620.32,True
31,82,2011-12-02,18014.61,False
31,82,2011-12-09,24267.31,False
31,82,2011-12-16,33527.92,False
31,82,2011-12-23,66464.26,False
31,82,2011-12-30,29716.03,True
31,83,2011-12-02,6083.34,False
31,83,2011-12-09,8004.64,False
31,83,2011-12-16,7869.84,False
31,83,2011-12-23,8121.27,False
31,83,2011-12-30,6517.91,True
31,85,2011-12-02,1672.28,False
31,85,2011-12-09,2170.56,False
31,85,2011-12-16,2220.76,False
31,85,2011-12-23,2605.35,False
31,85,2011-12-30,1520.65,True
31,87,2011-12-02,10105.19,False
31,87,2011-12-09,8758.55,False
31,87,2011-12-16,9142.76,False
31,87,2011-12-23,12395.77,False
31,87,2011-12-30,8189.07,True
31,90,2011-12-02,86473.18,False
31,90,2011-12-09,97803.84,False
31,90,2011-12-16,99053.28,False
31,90,2011-12-23,106314.73,False
31,90,2011-12-30,81179.42,True
31,91,2011-12-02,60708.25,False
31,91,2011-12-09,72455.73,False
31,91,2011-12-16,76654.25,False
31,91,2011-12-23,69298.92,False
31,91,2011-12-30,52398.49,True
31,92,2011-12-02,122081.26,False
31,92,2011-12-09,150509.79,False
31,92,2011-12-16,154049.71,False
31,92,2011-12-23,164986.46,False
31,92,2011-12-30,112250.25,True
31,93,2011-12-02,47993.47,False
31,93,2011-12-09,66385.0,False
31,93,2011-12-16,65735.05,False
31,93,2011-12-23,73456.55,False
31,93,2011-12-30,52162.35,True
31,94,2011-12-02,55865.57,False
31,94,2011-12-09,60424.43,False
31,94,2011-12-16,61204.82,False
31,94,2011-12-23,66466.93,False
31,94,2011-12-30,51362.08,True
31,95,2011-12-02,93205.39,False
31,95,2011-12-09,103855.75,False
31,95,2011-12-16,110411.69,False
31,95,2011-12-23,111450.02,False
31,95,2011-12-30,86329.0,True
31,96,2011-12-02,26447.35,False
31,96,2011-12-09,27284.05,False
31,96,2011-12-16,29577.31,False
31,96,2011-12-23,38704.68,False
31,96,2011-12-30,36276.31,True
31,97,2011-12-02,28015.07,False
31,97,2011-12-09,34727.01,False
31,97,2011-12-16,33601.92,False
31,97,2011-12-23,33205.34,False
31,97,2011-12-30,23925.32,True
31,98,2011-12-02,9591.64,False
31,98,2011-12-09,12836.4,False
31,98,2011-12-16,17471.8,False
31,98,2011-12-23,15700.81,False
31,98,2011-12-30,9312.16,True
31,99,2011-12-09,285.0,False
31,99,2011-12-16,1570.0,False
31,99,2011-12-23,4380.01,False
31,99,2011-12-30,300.01,True
32,1,2011-12-02,24853.21,False
32,1,2011-12-09,31105.4,False
32,1,2011-12-16,42924.71,False
32,1,2011-12-23,52859.06,False
32,1,2011-12-30,22052.67,True
32,2,2011-12-02,46213.43,False
32,2,2011-12-09,51493.91,False
32,2,2011-12-16,57521.2,False
32,2,2011-12-23,66859.7,False
32,2,2011-12-30,43230.05,True
32,3,2011-12-02,11763.34,False
32,3,2011-12-09,14888.29,False
32,3,2011-12-16,19091.58,False
32,3,2011-12-23,21228.37,False
32,3,2011-12-30,10785.44,True
32,4,2011-12-02,27609.66,False
32,4,2011-12-09,29615.02,False
32,4,2011-12-16,29662.08,False
32,4,2011-12-23,33291.21,False
32,4,2011-12-30,25506.59,True
32,5,2011-12-02,21802.85,False
32,5,2011-12-09,32893.28,False
32,5,2011-12-16,54346.61,False
32,5,2011-12-23,79610.91,False
32,5,2011-12-30,29432.15,True
32,6,2011-12-02,2652.53,False
32,6,2011-12-09,3497.89,False
32,6,2011-12-16,8067.94,False
32,6,2011-12-23,11911.15,False
32,6,2011-12-30,5190.36,True
32,7,2011-12-02,43597.8,False
32,7,2011-12-09,67767.01,False
32,7,2011-12-16,109741.39,False
32,7,2011-12-23,137867.76,False
32,7,2011-12-30,39697.83,True
32,8,2011-12-02,22932.13,False
32,8,2011-12-09,28587.96,False
32,8,2011-12-16,28122.9,False
32,8,2011-12-23,34999.46,False
32,8,2011-12-30,23135.71,True
32,9,2011-12-02,11992.77,False
32,9,2011-12-09,14047.23,False
32,9,2011-12-16,16793.16,False
32,9,2011-12-23,27082.53,False
32,9,2011-12-30,15655.02,True
32,10,2011-12-02,26624.15,False
32,10,2011-12-09,36010.65,False
32,10,2011-12-16,22869.84,False
32,10,2011-12-23,44511.83,False
32,10,2011-12-30,21707.78,True
32,11,2011-12-02,19142.0,False
32,11,2011-12-09,23009.1,False
32,11,2011-12-16,18373.97,False
32,11,2011-12-23,22457.24,False
32,11,2011-12-30,14240.64,True
32,12,2011-12-02,2584.34,False
32,12,2011-12-09,2466.13,False
32,12,2011-12-16,2680.5,False
32,12,2011-12-23,2558.6,False
32,12,2011-12-30,2143.22,True
32,13,2011-12-02,28023.57,False
32,13,2011-12-09,29462.51,False
32,13,2011-12-16,28971.47,False
32,13,2011-12-23,30499.18,False
32,13,2011-12-30,24824.25,True
32,14,2011-12-02,16932.78,False
32,14,2011-12-09,23434.35,False
32,14,2011-12-16,28881.74,False
32,14,2011-12-23,43878.63,False
32,14,2011-12-30,19636.88,True
32,16,2011-12-02,2465.1,False
32,16,2011-12-09,4032.66,False
32,16,2011-12-16,2168.7,False
32,16,2011-12-23,5115.21,False
32,16,2011-12-30,2771.71,True
32,17,2011-12-02,12818.78,False
32,17,2011-12-09,15390.52,False
32,17,2011-12-16,17263.51,False
32,17,2011-12-23,22296.87,False
32,17,2011-12-30,12677.1,True
32,18,2011-12-02,47196.33,False
32,18,2011-12-09,47785.91,False
32,18,2011-12-16,43770.8,False
32,18,2011-12-23,38157.03,False
32,18,2011-12-30,25301.45,True
32,19,2011-12-02,1824.31,False
32,19,2011-12-09,2427.16,False
32,19,2011-12-16,2624.41,False
32,19,2011-12-23,2679.75,False
32,19,2011-12-30,1800.45,True
32,20,2011-12-02,3628.36,False
32,20,2011-12-09,4301.1,False
32,20,2011-12-16,3878.8,False
32,20,2011-12-23,5186.73,False
32,20,2011-12-30,4134.34,True
32,21,2011-12-02,4945.52,False
32,21,2011-12-09,6039.92,False
32,21,2011-12-16,8951.36,False
32,21,2011-12-23,11497.95,False
32,21,2011-12-30,4940.12,True
32,22,2011-12-02,9359.45,False
32,22,2011-12-09,10076.18,False
32,22,2011-12-16,13005.66,False
32,22,2011-12-23,20910.62,False
32,22,2011-12-30,10544.86,True
32,23,2011-12-02,19660.53,False
32,23,2011-12-09,27552.05,False
32,23,2011-12-16,28510.38,False
32,23,2011-12-23,44748.01,False
32,23,2011-12-30,18454.31,True
32,24,2011-12-02,4927.93,False
32,24,2011-12-09,8024.35,False
32,24,2011-12-16,7974.35,False
32,24,2011-12-23,11285.29,False
32,24,2011-12-30,3418.35,True
32,25,2011-12-02,7355.76,False
32,25,2011-12-09,11196.43,False
32,25,2011-12-16,9667.59,False
32,25,2011-12-23,15015.66,False
32,25,2011-12-30,5072.06,True
32,26,2011-12-02,6149.74,False
32,26,2011-12-09,8470.19,False
32,26,2011-12-16,9000.48,False
32,26,2011-12-23,11393.82,False
32,26,2011-12-30,3506.32,True
32,27,2011-12-02,1790.79,False
32,27,2011-12-09,2352.14,False
32,27,2011-12-16,2773.46,False
32,27,2011-12-23,4918.05,False
32,27,2011-12-30,2164.88,True
32,28,2011-12-02,876.33,False
32,28,2011-12-09,1158.05,False
32,28,2011-12-16,1051.17,False
32,28,2011-12-23,960.02,False
32,28,2011-12-30,518.12,True
32,29,2011-12-02,3777.33,False
32,29,2011-12-09,4717.66,False
32,29,2011-12-16,6080.69,False
32,29,2011-12-23,9688.79,False
32,29,2011-12-30,3462.17,True
32,30,2011-12-02,1742.94,False
32,30,2011-12-09,1878.8,False
32,30,2011-12-16,1827.94,False
32,30,2011-12-23,1995.62,False
32,30,2011-12-30,1804.5,True
32,31,2011-12-02,2051.51,False
32,31,2011-12-09,3891.2,False
32,31,2011-12-16,4595.27,False
32,31,2011-12-23,6908.17,False
32,31,2011-12-30,2281.64,True
32,32,2011-12-02,6009.59,False
32,32,2011-12-09,6558.94,False
32,32,2011-12-16,9747.26,False
32,32,2011-12-23,17368.81,False
32,32,2011-12-30,7569.46,True
32,33,2011-12-02,4297.9,False
32,33,2011-12-09,6775.88,False
32,33,2011-12-16,7997.28,False
32,33,2011-12-23,10994.11,False
32,33,2011-12-30,3070.07,True
32,34,2011-12-02,8046.22,False
32,34,2011-12-09,10497.99,False
32,34,2011-12-16,11598.78,False
32,34,2011-12-23,14098.37,False
32,34,2011-12-30,7873.5,True
32,35,2011-12-02,1926.68,False
32,35,2011-12-09,1855.64,False
32,35,2011-12-16,2259.46,False
32,35,2011-12-23,2920.54,False
32,35,2011-12-30,1531.21,True
32,36,2011-12-02,1580.56,False
32,36,2011-12-09,2321.07,False
32,36,2011-12-16,1758.28,False
32,36,2011-12-23,2512.95,False
32,36,2011-12-30,1606.1,True
32,37,2011-12-02,3324.1,False
32,37,2011-12-09,3425.64,False
32,37,2011-12-16,3513.16,False
32,37,2011-12-23,4638.06,False
32,37,2011-12-30,2752.16,True
32,38,2011-12-02,66434.75,False
32,38,2011-12-09,66094.58,False
32,38,2011-12-16,69283.7,False
32,38,2011-12-23,61926.26,False
32,38,2011-12-30,64304.98,True
32,40,2011-12-02,58294.51,False
32,40,2011-12-09,59308.44,False
32,40,2011-12-16,61871.36,False
32,40,2011-12-23,62254.91,False
32,40,2011-12-30,53774.57,True
32,41,2011-12-02,3189.94,False
32,41,2011-12-09,4989.69,False
32,41,2011-12-16,8135.29,False
32,41,2011-12-23,12579.67,False
32,41,2011-12-30,2910.34,True
32,42,2011-12-02,5422.5,False
32,42,2011-12-09,5645.06,False
32,42,2011-12-16,6627.94,False
32,42,2011-12-23,7365.54,False
32,42,2011-12-30,6534.28,True
32,44,2011-12-02,5205.62,False
32,44,2011-12-09,5794.73,False
32,44,2011-12-16,7803.88,False
32,44,2011-12-23,9812.28,False
32,44,2011-12-30,3976.76,True
32,45,2011-12-02,17.91,False
32,45,2011-12-23,27.88,False
32,45,2011-12-30,11.94,True
32,46,2011-12-02,22623.27,False
32,46,2011-12-09,27194.19,False
32,46,2011-12-16,31807.67,False
32,46,2011-12-23,39833.7,False
32,46,2011-12-30,24280.47,True
32,47,2011-12-23,26.0,False
32,48,2011-12-09,8.0,False
32,49,2011-12-02,2828.74,False
32,49,2011-12-09,3151.04,False
32,49,2011-12-16,4959.6,False
32,49,2011-12-23,5167.67,False
32,49,2011-12-30,7050.5,True
32,52,2011-12-02,2569.78,False
32,52,2011-12-09,3508.38,False
32,52,2011-12-16,3097.29,False
32,52,2011-12-23,3861.3,False
32,52,2011-12-30,1466.73,True
32,54,2011-12-02,23.0,False
32,54,2011-12-09,17.0,False
32,54,2011-12-23,84.68,False
32,54,2011-12-30,42.8,True
32,55,2011-12-02,13288.55,False
32,55,2011-12-09,18324.91,False
32,55,2011-12-16,26255.7,False
32,55,2011-12-23,45834.27,False
32,55,2011-12-30,16205.12,True
32,56,2011-12-02,2951.65,False
32,56,2011-12-09,2705.5,False
32,56,2011-12-16,1574.55,False
32,56,2011-12-23,1691.24,False
32,56,2011-12-30,482.9,True
32,58,2011-12-02,2635.0,False
32,58,2011-12-09,3247.5,False
32,58,2011-12-16,3122.5,False
32,58,2011-12-23,2225.0,False
32,58,2011-12-30,550.0,True
32,59,2011-12-02,654.33,False
32,59,2011-12-09,1331.28,False
32,59,2011-12-16,2476.63,False
32,59,2011-12-23,2866.62,False
32,59,2011-12-30,1312.11,True
32,60,2011-12-02,844.8,False
32,60,2011-12-09,1724.8,False
32,60,2011-12-16,1909.6,False
32,60,2011-12-23,2226.4,False
32,60,2011-12-30,457.6,True
32,67,2011-12-02,8159.81,False
32,67,2011-12-09,12902.65,False
32,67,2011-12-16,18881.19,False
32,67,2011-12-23,22869.01,False
32,67,2011-12-30,8505.41,True
32,71,2011-12-02,3514.57,False
32,71,2011-12-09,4136.45,False
32,71,2011-12-16,5628.56,False
32,71,2011-12-23,7475.0,False
32,71,2011-12-30,4709.85,True
32,72,2011-12-02,45575.94,False
32,72,2011-12-09,53632.29,False
32,72,2011-12-16,67200.56,False
32,72,2011-12-23,105747.83,False
32,72,2011-12-30,58533.86,True
32,74,2011-12-02,11155.98,False
32,74,2011-12-09,12864.93,False
32,74,2011-12-16,13321.52,False
32,74,2011-12-23,14830.39,False
32,74,2011-12-30,15193.5,True
32,79,2011-12-02,15016.82,False
32,79,2011-12-09,15517.61,False
32,79,2011-12-16,18147.02,False
32,79,2011-12-23,19075.79,False
32,79,2011-12-30,11305.89,True
32,80,2011-12-02,14974.12,False
32,80,2011-12-09,17735.77,False
32,80,2011-12-16,18820.54,False
32,80,2011-12-23,20640.21,False
32,80,2011-12-30,13322.06,True
32,81,2011-12-02,15847.39,False
32,81,2011-12-09,17119.97,False
32,81,2011-12-16,16657.76,False
32,81,2011-12-23,17805.05,False
32,81,2011-12-30,12362.49,True
32,82,2011-12-02,23138.27,False
32,82,2011-12-09,32480.31,False
32,82,2011-12-16,47986.24,False
32,82,2011-12-23,80590.36,False
32,82,2011-12-30,29064.64,True
32,83,2011-12-02,3140.72,False
32,83,2011-12-09,3675.29,False
32,83,2011-12-16,3420.57,False
32,83,2011-12-23,4979.39,False
32,83,2011-12-30,3859.74,True
32,85,2011-12-02,2841.29,False
32,85,2011-12-09,6138.83,False
32,85,2011-12-16,7884.52,False
32,85,2011-12-23,8683.97,False
32,85,2011-12-30,2558.58,True
32,87,2011-12-02,6707.34,False
32,87,2011-12-09,7482.14,False
32,87,2011-12-16,8413.87,False
32,87,2011-12-23,11474.65,False
32,87,2011-12-30,8472.45,True
32,90,2011-12-02,64196.65,False
32,90,2011-12-09,72626.94,False
32,90,2011-12-16,68221.55,False
32,90,2011-12-23,88403.24,False
32,90,2011-12-30,55286.62,True
32,91,2011-12-02,45712.72,False
32,91,2011-12-09,53816.53,False
32,91,2011-12-16,47899.33,False
32,91,2011-12-23,54681.21,False
32,91,2011-12-30,37814.54,True
32,92,2011-12-02,103431.15,False
32,92,2011-12-09,129450.02,False
32,92,2011-12-16,125509.09,False
32,92,2011-12-23,142658.86,False
32,92,2011-12-30,85397.29,True
32,93,2011-12-02,26496.72,False
32,93,2011-12-09,33284.16,False
32,93,2011-12-16,29978.82,False
32,93,2011-12-23,42860.07,False
32,93,2011-12-30,25343.5,True
32,94,2011-12-02,41421.75,False
32,94,2011-12-09,43915.11,False
32,94,2011-12-16,44405.42,False
32,94,2011-12-23,53356.92,False
32,94,2011-12-30,37043.02,True
32,95,2011-12-02,74680.79,False
32,95,2011-12-09,85904.47,False
32,95,2011-12-16,82874.88,False
32,95,2011-12-23,91383.37,False
32,95,2011-12-30,64118.66,True
32,96,2011-12-02,1653.64,False
32,96,2011-12-09,1650.19,False
32,96,2011-12-16,1810.36,False
32,96,2011-12-23,2390.6,False
32,96,2011-12-30,1578.86,True
32,97,2011-12-02,15427.38,False
32,97,2011-12-09,18683.47,False
32,97,2011-12-16,17051.04,False
32,97,2011-12-23,21040.12,False
32,97,2011-12-30,13041.82,True
32,98,2011-12-02,7216.16,False
32,98,2011-12-09,9941.47,False
32,98,2011-12-16,11111.48,False
32,98,2011-12-23,12851.44,False
32,98,2011-12-30,6900.3,True
32,99,2011-12-09,735.0,False
32,99,2011-12-16,3800.0,False
32,99,2011-12-23,3040.0,False
32,99,2011-12-30,100.0,True
33,1,2011-12-02,2585.55,False
33,1,2011-12-09,3278.95,False
33,1,2011-12-16,3688.46,False
33,1,2011-12-23,4411.61,False
33,1,2011-12-30,3333.32,True
33,2,2011-12-02,7474.68,False
33,2,2011-12-09,7090.95,False
33,2,2011-12-16,6652.84,False
33,2,2011-12-23,7377.66,False
33,2,2011-12-30,6656.38,True
33,3,2011-12-02,324.94,False
33,3,2011-12-09,461.42,False
33,3,2011-12-16,323.23,False
33,3,2011-12-23,338.48,False
33,3,2011-12-30,262.0,True
33,4,2011-12-02,5176.59,False
33,4,2011-12-09,6093.19,False
33,4,2011-12-16,6224.1,False
33,4,2011-12-23,7697.13,False
33,4,2011-12-30,7086.88,True
33,5,2011-12-02,20.0,False
33,5,2011-12-09,65.0,False
33,5,2011-12-16,145.0,False
33,5,2011-12-23,200.0,False
33,5,2011-12-30,75.0,True
33,7,2011-12-02,192.69,False
33,7,2011-12-09,410.77,False
33,7,2011-12-16,308.5,False
33,7,2011-12-23,984.76,False
33,7,2011-12-30,1022.08,True
33,8,2011-12-02,3607.4,False
33,8,2011-12-09,4566.85,False
33,8,2011-12-16,4216.16,False
33,8,2011-12-23,4151.82,False
33,8,2011-12-30,3873.84,True
33,9,2011-12-02,6.56,False
33,9,2011-12-09,3.5,False
33,9,2011-12-16,14.53,False
33,9,2011-12-23,2.28,False
33,9,2011-12-30,2.28,True
33,10,2011-12-02,105.79,False
33,10,2011-12-09,79.56,False
33,10,2011-12-16,64.26,False
33,10,2011-12-23,82.43,False
33,10,2011-12-30,39.37,True
33,11,2011-12-02,168.98,False
33,11,2011-12-09,252.26,False
33,11,2011-12-16,139.95,False
33,11,2011-12-23,141.42,False
33,11,2011-12-30,185.36,True
33,12,2011-12-02,28.4,False
33,12,2011-12-09,9.01,False
33,12,2011-12-16,5.54,False
33,12,2011-12-23,30.97,False
33,12,2011-12-30,26.96,True
33,13,2011-12-02,6442.3,False
33,13,2011-12-09,6823.61,False
33,13,2011-12-16,6854.0,False
33,13,2011-12-23,7271.35,False
33,13,2011-12-30,6828.28,True
33,14,2011-12-02,706.77,False
33,14,2011-12-09,862.44,False
33,14,2011-12-16,861.33,False
33,14,2011-12-23,1560.55,False
33,14,2011-12-30,1247.76,True
33,16,2011-12-02,212.47,False
33,16,2011-12-09,327.49,False
33,16,2011-12-16,204.68,False
33,16,2011-12-23,201.34,False
33,16,2011-12-30,386.3,True
33,17,2011-12-02,193.93,False
33,17,2011-12-09,339.79,False
33,17,2011-12-16,631.71,False
33,17,2011-12-23,259.99,False
33,17,2011-12-30,176.7,True
33,18,2011-12-02,150.03,False
33,18,2011-12-09,248.84,False
33,18,2011-12-16,479.3,False
33,18,2011-12-23,957.54,False
33,18,2011-12-30,723.0,True
33,20,2011-12-02,58.5,False
33,20,2011-12-09,26.51,False
33,20,2011-12-16,19.77,False
33,20,2011-12-23,33.59,False
33,20,2011-12-30,24.51,True
33,21,2011-12-02,161.79,False
33,21,2011-12-09,153.0,False
33,21,2011-12-16,139.56,False
33,21,2011-12-23,162.13,False
33,21,2011-12-30,84.12,True
33,22,2011-12-02,15.0,False
33,22,2011-12-09,12.5,False
33,22,2011-12-16,128.04,False
33,22,2011-12-23,120.16,False
33,22,2011-12-30,81.52,True
33,23,2011-12-30,-2.0,True
33,24,2011-12-09,25.41,False
33,24,2011-12-23,8.47,False
33,24,2011-12-30,8.47,True
33,25,2011-12-30,4.0,True
33,26,2011-12-02,230.82,False
33,26,2011-12-09,220.95,False
33,26,2011-12-16,78.57,False
33,26,2011-12-23,141.21,False
33,26,2011-12-30,75.71,True
33,31,2011-12-16,14.0,False
33,33,2011-12-02,8.47,False
33,38,2011-12-02,14899.9,False
33,38,2011-12-09,12548.15,False
33,38,2011-12-16,13821.24,False
33,38,2011-12-23,14819.36,False
33,38,2011-12-30,11921.09,True
33,40,2011-12-02,7773.47,False
33,40,2011-12-09,7147.86,False
33,40,2011-12-16,6349.92,False
33,40,2011-12-23,6616.11,False
33,40,2011-12-30,6206.98,True
33,41,2011-12-02,30.0,False
33,41,2011-12-09,10.5,False
33,41,2011-12-16,10.5,False
33,41,2011-12-23,30.0,False
33,42,2011-12-02,66.83,False
33,42,2011-12-09,62.87,False
33,42,2011-12-16,48.51,False
33,42,2011-12-23,39.24,False
33,42,2011-12-30,93.11,True
33,46,2011-12-02,2086.24,False
33,46,2011-12-09,1897.02,False
33,46,2011-12-16,1544.42,False
33,46,2011-12-23,1723.47,False
33,46,2011-12-30,1763.9,True
33,52,2011-12-02,18.82,False
33,52,2011-12-09,30.73,False
33,52,2011-12-16,34.67,False
33,52,2011-12-23,27.73,False
33,52,2011-12-30,13.88,True
33,55,2011-12-02,101.76,False
33,55,2011-12-09,47.0,False
33,55,2011-12-16,7.0,False
33,55,2011-12-23,64.76,False
33,55,2011-12-30,46.0,True
33,56,2011-12-02,76.34,False
33,56,2011-12-09,350.47,False
33,56,2011-12-16,296.02,False
33,56,2011-12-23,42.0,False
33,56,2011-12-30,9.0,True
33,59,2011-12-02,10.0,False
33,59,2011-12-09,5.0,False
33,59,2011-12-16,50.0,False
33,59,2011-12-23,171.59,False
33,59,2011-12-30,381.53,True
33,60,2011-12-02,105.6,False
33,60,2011-12-09,132.0,False
33,60,2011-12-16,255.2,False
33,60,2011-12-23,211.2,False
33,60,2011-12-30,123.2,True
33,67,2011-12-02,327.83,False
33,67,2011-12-09,595.97,False
33,67,2011-12-16,635.72,False
33,67,2011-12-23,852.84,False
33,67,2011-12-30,519.3,True
33,72,2011-12-02,9.0,False
33,74,2011-12-02,289.21,False
33,74,2011-12-09,433.99,False
33,74,2011-12-16,267.87,False
33,74,2011-12-23,227.22,False
33,74,2011-12-30,184.39,True
33,79,2011-12-02,9824.09,False
33,79,2011-12-09,10907.16,False
33,79,2011-12-16,11274.79,False
33,79,2011-12-23,11330.06,False
33,79,2011-12-30,9372.96,True
33,80,2011-12-02,7384.26,False
33,80,2011-12-09,8973.22,False
33,80,2011-12-16,7768.46,False
33,80,2011-12-23,7280.29,False
33,80,2011-12-30,6063.21,True
33,81,2011-12-02,8134.07,False
33,81,2011-12-09,9705.43,False
33,81,2011-12-16,8568.09,False
33,81,2011-12-23,7774.65,False
33,81,2011-12-30,7432.1,True
33,82,2011-12-02,2728.15,False
33,82,2011-12-09,3914.03,False
33,82,2011-12-16,3892.93,False
33,82,2011-12-23,4674.07,False
33,82,2011-12-30,3875.67,True
33,83,2011-12-02,1237.74,False
33,83,2011-12-09,1548.65,False
33,83,2011-12-16,1601.21,False
33,83,2011-12-23,1061.72,False
33,83,2011-12-30,728.25,True
33,87,2011-12-02,369.52,False
33,87,2011-12-09,344.52,False
33,87,2011-12-16,329.76,False
33,87,2011-12-23,464.88,False
33,87,2011-12-30,444.12,True
33,90,2011-12-02,23453.85,False
33,90,2011-12-09,27033.48,False
33,90,2011-12-16,24372.84,False
33,90,2011-12-23,23984.91,False
33,90,2011-12-30,22111.14,True
33,91,2011-12-02,7324.88,False
33,91,2011-12-09,10243.97,False
33,91,2011-12-16,9276.41,False
33,91,2011-12-23,7286.82,False
33,91,2011-12-30,6652.43,True
33,92,2011-12-02,29384.23,False
33,92,2011-12-09,40524.96,False
33,92,2011-12-16,37908.97,False
33,92,2011-12-23,35767.23,False
33,92,2011-12-30,27951.37,True
33,93,2011-12-02,19909.34,False
33,93,2011-12-09,30975.12,False
33,93,2011-12-16,27363.69,False
33,93,2011-12-23,25465.28,False
33,93,2011-12-30,19059.32,True
33,94,2011-12-02,18663.23,False
33,94,2011-12-09,22338.86,False
33,94,2011-12-16,24015.53,False
33,94,2011-12-23,20756.51,False
33,94,2011-12-30,16641.74,True
33,95,2011-12-02,20296.85,False
33,95,2011-12-09,26867.39,False
33,95,2011-12-16,25744.82,False
33,95,2011-12-23,25352.57,False
33,95,2011-12-30,20823.12,True
33,96,2011-12-02,6922.61,False
33,96,2011-12-09,8425.67,False
33,96,2011-12-16,8573.27,False
33,96,2011-12-23,9824.9,False
33,96,2011-12-30,9609.27,True
33,97,2011-12-02,4500.06,False
33,97,2011-12-09,5773.35,False
33,97,2011-12-16,5629.24,False
33,97,2011-12-23,4378.73,False
33,97,2011-12-30,4105.47,True
33,98,2011-12-02,6260.81,False
33,98,2011-12-09,8183.68,False
33,98,2011-12-16,8803.74,False
33,98,2011-12-23,9872.16,False
33,98,2011-12-30,7024.82,True
34,1,2011-12-02,20110.78,False
34,1,2011-12-09,25273.04,False
34,1,2011-12-16,32854.0,False
34,1,2011-12-23,45436.61,False
34,1,2011-12-30,20901.58,True
34,2,2011-12-02,33337.93,False
34,2,2011-12-09,36114.74,False
34,2,2011-12-16,38381.79,False
34,2,2011-12-23,49678.31,False
34,2,2011-12-30,32880.66,True
34,3,2011-12-02,6278.18,False
34,3,2011-12-09,7321.73,False
34,3,2011-12-16,7971.73,False
34,3,2011-12-23,10861.1,False
34,3,2011-12-30,5214.96,True
34,4,2011-12-02,19920.61,False
34,4,2011-12-09,19630.03,False
34,4,2011-12-16,20269.54,False
34,4,2011-12-23,27660.5,False
34,4,2011-12-30,20811.78,True
34,5,2011-12-02,25204.65,False
34,5,2011-12-09,36084.98,False
34,5,2011-12-16,47507.54,False
34,5,2011-12-23,67948.77,False
34,5,2011-12-30,31277.62,True
34,6,2011-12-02,3885.66,False
34,6,2011-12-09,4386.9,False
34,6,2011-12-16,5246.34,False
34,6,2011-12-23,13997.13,False
34,6,2011-12-30,4718.54,True
34,7,2011-12-02,22828.99,False
34,7,2011-12-09,41198.56,False
34,7,2011-12-16,58668.54,False
34,7,2011-12-23,88187.18,False
34,7,2011-12-30,24305.22,True
34,8,2011-12-02,27974.78,False
34,8,2011-12-09,29446.36,False
34,8,2011-12-16,27679.9,False
34,8,2011-12-23,35619.96,False
34,8,2011-12-30,25747.43,True
34,9,2011-12-02,15057.09,False
34,9,2011-12-09,15085.6,False
34,9,2011-12-16,17505.48,False
34,9,2011-12-23,31203.0,False
34,9,2011-12-30,16867.42,True
34,10,2011-12-02,17912.11,False
34,10,2011-12-09,18569.27,False
34,10,2011-12-16,15135.78,False
34,10,2011-12-23,23938.55,False
34,10,2011-12-30,15681.95,True
34,11,2011-12-02,23858.59,False
34,11,2011-12-09,26458.1,False
34,11,2011-12-16,19212.07,False
34,11,2011-12-23,25824.1,False
34,11,2011-12-30,15843.19,True
34,12,2011-12-02,4546.92,False
34,12,2011-12-09,4155.82,False
34,12,2011-12-16,4326.5,False
34,12,2011-12-23,3137.4,False
34,12,2011-12-30,3360.87,True
34,13,2011-12-02,22231.93,False
34,13,2011-12-09,22370.2,False
34,13,2011-12-16,20848.75,False
34,13,2011-12-23,23734.65,False
34,13,2011-12-30,21087.05,True
34,14,2011-12-02,11267.08,False
34,14,2011-12-09,15291.25,False
34,14,2011-12-16,18263.55,False
34,14,2011-12-23,34418.54,False
34,14,2011-12-30,13567.29,True
34,16,2011-12-02,3545.4,False
34,16,2011-12-09,4283.33,False
34,16,2011-12-16,3229.22,False
34,16,2011-12-23,3949.68,False
34,16,2011-12-30,3997.12,True
34,17,2011-12-02,8144.26,False
34,17,2011-12-09,8432.86,False
34,17,2011-12-16,10214.84,False
34,17,2011-12-23,13567.49,False
34,17,2011-12-30,9250.11,True
34,18,2011-12-02,31837.13,False
34,18,2011-12-09,27389.77,False
34,18,2011-12-16,20720.7,False
34,18,2011-12-23,20873.12,False
34,18,2011-12-30,8897.99,True
34,19,2011-12-02,21.0,False
34,19,2011-12-30,5.0,True
34,20,2011-12-02,2927.07,False
34,20,2011-12-09,2856.32,False
34,20,2011-12-16,3708.73,False
34,20,2011-12-23,3955.42,False
34,20,2011-12-30,3341.19,True
34,21,2011-12-02,5104.19,False
34,21,2011-12-09,4249.98,False
34,21,2011-12-16,4889.82,False
34,21,2011-12-23,7469.07,False
34,21,2011-12-30,4891.92,True
34,22,2011-12-02,6626.55,False
34,22,2011-12-09,8660.85,False
34,22,2011-12-16,8851.29,False
34,22,2011-12-23,13397.63,False
34,22,2011-12-30,6569.54,True
34,23,2011-12-02,21569.81,False
34,23,2011-12-09,23006.02,False
34,23,2011-12-16,22255.53,False
34,23,2011-12-23,35698.89,False
34,23,2011-12-30,14610.84,True
34,24,2011-12-02,4164.07,False
34,24,2011-12-09,6183.46,False
34,24,2011-12-16,4934.13,False
34,24,2011-12-23,7661.74,False
34,24,2011-12-30,2937.21,True
34,25,2011-12-02,5981.26,False
34,25,2011-12-09,7916.22,False
34,25,2011-12-16,6331.72,False
34,25,2011-12-23,9136.31,False
34,25,2011-12-30,7114.93,True
34,26,2011-12-02,5365.29,False
34,26,2011-12-09,5638.1,False
34,26,2011-12-16,4409.3,False
34,26,2011-12-23,6359.02,False
34,26,2011-12-30,2845.05,True
34,27,2011-12-02,1074.78,False
34,27,2011-12-09,1625.45,False
34,27,2011-12-16,1716.18,False
34,27,2011-12-23,2552.57,False
34,27,2011-12-30,1197.34,True
34,28,2011-12-02,344.29,False
34,28,2011-12-09,453.68,False
34,28,2011-12-16,442.97,False
34,28,2011-12-23,622.57,False
34,28,2011-12-30,259.99,True
34,29,2011-12-02,3168.84,False
34,29,2011-12-09,2908.86,False
34,29,2011-12-16,3586.57,False
34,29,2011-12-23,6735.19,False
34,29,2011-12-30,2996.5,True
34,30,2011-12-02,1565.22,False
34,30,2011-12-09,1707.07,False
34,30,2011-12-16,1475.67,False
34,30,2011-12-23,2282.06,False
34,30,2011-12-30,1642.72,True
34,31,2011-12-02,1500.14,False
34,31,2011-12-09,2433.75,False
34,31,2011-12-16,1707.48,False
34,31,2011-12-23,2082.3,False
34,31,2011-12-30,1087.66,True
34,32,2011-12-02,4646.93,False
34,32,2011-12-09,6828.07,False
34,32,2011-12-16,11584.87,False
34,32,2011-12-23,22899.2,False
34,32,2011-12-30,10335.07,True
34,33,2011-12-02,4170.42,False
34,33,2011-12-09,4788.72,False
34,33,2011-12-16,5173.75,False
34,33,2011-12-23,8253.37,False
34,33,2011-12-30,3005.01,True
34,34,2011-12-02,7718.06,False
34,34,2011-12-09,7679.18,False
34,34,2011-12-16,7764.92,False
34,34,2011-12-23,10215.91,False
34,34,2011-12-30,5213.71,True
34,35,2011-12-02,1469.82,False
34,35,2011-12-09,1433.33,False
34,35,2011-12-16,1934.5,False
34,35,2011-12-23,2565.57,False
34,35,2011-12-30,1272.98,True
34,36,2011-12-02,1960.88,False
34,36,2011-12-09,2130.42,False
34,36,2011-12-16,1372.04,False
34,36,2011-12-23,1846.59,False
34,36,2011-12-30,559.46,True
34,37,2011-12-02,1984.72,False
34,37,2011-12-09,1818.91,False
34,37,2011-12-16,1802.49,False
34,37,2011-12-23,2270.88,False
34,37,2011-12-30,1778.34,True
34,38,2011-12-02,55102.93,False
34,38,2011-12-09,45871.27,False
34,38,2011-12-16,50418.07,False
34,38,2011-12-23,44949.97,False
34,38,2011-12-30,45603.08,True
34,40,2011-12-02,39274.84,False
34,40,2011-12-09,37247.89,False
34,40,2011-12-16,38250.59,False
34,40,2011-12-23,43471.57,False
34,40,2011-12-30,40311.82,True
34,41,2011-12-02,508.0,False
34,41,2011-12-09,360.0,False
34,41,2011-12-16,377.0,False
34,41,2011-12-23,1154.94,False
34,41,2011-12-30,297.94,True
34,42,2011-12-02,3793.02,False
34,42,2011-12-09,2984.86,False
34,42,2011-12-16,4189.49,False
34,42,2011-12-23,3943.42,False
34,42,2011-12-30,2999.84,True
34,44,2011-12-02,4151.26,False
34,44,2011-12-09,4047.45,False
34,44,2011-12-16,5923.04,False
34,44,2011-12-23,6510.8,False
34,44,2011-12-30,2915.02,True
34,46,2011-12-02,17863.51,False
34,46,2011-12-09,19680.7,False
34,46,2011-12-16,23817.71,False
34,46,2011-12-23,35826.08,False
34,46,2011-12-30,21363.67,True
34,47,2011-12-02,18.0,False
34,47,2011-12-23,498.0,False
34,48,2011-12-02,1877.0,False
34,48,2011-12-09,815.0,False
34,48,2011-12-16,724.0,False
34,48,2011-12-23,4484.0,False
34,48,2011-12-30,1844.0,True
34,49,2011-12-02,3593.45,False
34,49,2011-12-09,4092.07,False
34,49,2011-12-16,3149.4,False
34,49,2011-12-23,4015.0,False
34,49,2011-12-30,3600.23,True
34,52,2011-12-02,1552.65,False
34,52,2011-12-09,1359.15,False
34,52,2011-12-16,1261.46,False
34,52,2011-12-23,2251.06,False
34,52,2011-12-30,1507.88,True
34,54,2011-12-02,41.0,False
34,54,2011-12-09,36.74,False
34,54,2011-12-16,15.0,False
34,54,2011-12-23,68.76,False
34,54,2011-12-30,36.26,True
34,55,2011-12-02,13824.9,False
34,55,2011-12-09,14951.21,False
34,55,2011-12-16,19599.63,False
34,55,2011-12-23,36712.54,False
34,55,2011-12-30,23931.4,True
34,56,2011-12-02,875.68,False
34,56,2011-12-09,1480.11,False
34,56,2011-12-16,910.92,False
34,56,2011-12-23,541.82,False
34,56,2011-12-30,137.7,True
34,59,2011-12-02,754.06,False
34,59,2011-12-09,1182.27,False
34,59,2011-12-16,1377.15,False
34,59,2011-12-23,2554.87,False
34,59,2011-12-30,1216.75,True
34,60,2011-12-02,70.4,False
34,60,2011-12-09,79.2,False
34,60,2011-12-16,79.2,False
34,60,2011-12-23,158.4,False
34,60,2011-12-30,44.0,True
34,65,2011-12-02,30519.01,False
34,65,2011-12-09,29606.72,False
34,65,2011-12-16,30720.65,False
34,65,2011-12-23,33409.13,False
34,65,2011-12-30,26643.97,True
34,67,2011-12-02,5114.6,False
34,67,2011-12-09,7873.2,False
34,67,2011-12-16,10596.56,False
34,67,2011-12-23,14855.9,False
34,67,2011-12-30,5498.51,True
34,71,2011-12-02,2758.08,False
34,71,2011-12-09,2186.8,False
34,71,2011-12-16,2262.23,False
34,71,2011-12-23,3599.89,False
34,71,2011-12-30,3581.29,True
34,72,2011-12-02,41321.17,False
34,72,2011-12-09,49882.65,False
34,72,2011-12-16,58575.91,False
34,72,2011-12-23,104052.54,False
34,72,2011-12-30,48551.7,True
34,74,2011-12-02,6595.97,False
34,74,2011-12-09,7080.21,False
34,74,2011-12-16,7640.2,False
34,74,2011-12-23,10180.17,False
34,74,2011-12-30,9525.08,True
34,77,2011-12-02,159.0,False
34,79,2011-12-02,15466.25,False
34,79,2011-12-09,13644.22,False
34,79,2011-12-16,15446.92,False
34,79,2011-12-23,17133.83,False
34,79,2011-12-30,13294.45,True
34,80,2011-12-02,12481.51,False
34,80,2011-12-09,13049.47,False
34,80,2011-12-16,14275.12,False
34,80,2011-12-23,16709.81,False
34,80,2011-12-30,11654.87,True
34,81,2011-12-02,15581.01,False
34,81,2011-12-09,16408.35,False
34,81,2011-12-16,15325.52,False
34,81,2011-12-23,18689.63,False
34,81,2011-12-30,14026.09,True
34,82,2011-12-02,19752.53,False
34,82,2011-12-09,24698.99,False
34,82,2011-12-16,29118.37,False
34,82,2011-12-23,56136.52,False
34,82,2011-12-30,28874.1,True
34,83,2011-12-02,2395.12,False
34,83,2011-12-09,2512.02,False
34,83,2011-12-16,2013.4,False
34,83,2011-12-23,3459.91,False
34,83,2011-12-30,2999.21,True
34,85,2011-12-02,1522.87,False
34,85,2011-12-09,1923.28,False
34,85,2011-12-16,3553.67,False
34,85,2011-12-23,3171.75,False
34,85,2011-12-30,1461.63,True
34,87,2011-12-02,7149.54,False
34,87,2011-12-09,7404.04,False
34,87,2011-12-16,6287.78,False
34,87,2011-12-23,9235.92,False
34,87,2011-12-30,8817.0,True
34,90,2011-12-02,46224.68,False
34,90,2011-12-09,49489.95,False
34,90,2011-12-16,49872.64,False
34,90,2011-12-23,68026.42,False
34,90,2011-12-30,44322.76,True
34,91,2011-12-02,31229.03,False
34,91,2011-12-09,35186.94,False
34,91,2011-12-16,32086.16,False
34,91,2011-12-23,35603.42,False
34,91,2011-12-30,27547.24,True
34,92,2011-12-02,68343.03,False
34,92,2011-12-09,80195.87,False
34,92,2011-12-16,82794.97,False
34,92,2011-12-23,110194.79,False
34,92,2011-12-30,64196.75,True
34,93,2011-12-02,27502.3,False
34,93,2011-12-09,31929.2,False
34,93,2011-12-16,30878.25,False
34,93,2011-12-23,44754.1,False
34,93,2011-12-30,26322.21,True
34,94,2011-12-02,29183.69,False
34,94,2011-12-09,30207.56,False
34,94,2011-12-16,30904.06,False
34,94,2011-12-23,42873.9,False
34,94,2011-12-30,28252.44,True
34,95,2011-12-02,62237.69,False
34,95,2011-12-09,67369.06,False
34,95,2011-12-16,65235.62,False
34,95,2011-12-23,77388.88,False
34,95,2011-12-30,57474.0,True
34,96,2011-12-02,17988.04,False
34,96,2011-12-09,19273.52,False
34,96,2011-12-16,20734.14,False
34,96,2011-12-23,31954.53,False
34,96,2011-12-30,27612.49,True
34,97,2011-12-02,15451.53,False
34,97,2011-12-09,17226.88,False
34,97,2011-12-16,16782.63,False
34,97,2011-12-23,20509.5,False
34,97,2011-12-30,15322.69,True
34,98,2011-12-02,7159.3,False
34,98,2011-12-09,8411.13,False
34,98,2011-12-16,11607.17,False
34,98,2011-12-23,15853.81,False
34,98,2011-12-30,7149.05,True
34,99,2011-12-09,685.0,False
34,99,2011-12-16,2270.0,False
34,99,2011-12-23,2680.0,False
34,99,2011-12-30,500.0,True
35,1,2011-12-02,17942.15,False
35,1,2011-12-09,22826.89,False
35,1,2011-12-16,30367.47,False
35,1,2011-12-23,37706.15,False
35,1,2011-12-30,16216.84,True
35,2,2011-12-02,40597.98,False
35,2,2011-12-09,42603.41,False
35,2,2011-12-16,44343.61,False
35,2,2011-12-23,57325.84,False
35,2,2011-12-30,40665.9,True
35,3,2011-12-02,9194.86,False
35,3,2011-12-09,9125.84,False
35,3,2011-12-16,10048.26,False
35,3,2011-12-23,12446.19,False
35,3,2011-12-30,7438.02,True
35,4,2011-12-02,16830.34,False
35,4,2011-12-09,16009.96,False
35,4,2011-12-16,16521.63,False
35,4,2011-12-23,17868.14,False
35,4,2011-12-30,16642.66,True
35,5,2011-12-02,30410.72,False
35,5,2011-12-09,35151.86,False
35,5,2011-12-16,64143.74,False
35,5,2011-12-23,87340.84,False
35,5,2011-12-30,35547.68,True
35,6,2011-12-02,5307.45,False
35,6,2011-12-09,4838.29,False
35,6,2011-12-16,8641.64,False
35,6,2011-12-23,18035.93,False
35,6,2011-12-30,10171.35,True
35,7,2011-12-02,49754.74,False
35,7,2011-12-09,65835.08,False
35,7,2011-12-16,93009.97,False
35,7,2011-12-23,184143.66,False
35,7,2011-12-30,49618.44,True
35,8,2011-12-02,17460.49,False
35,8,2011-12-09,17313.31,False
35,8,2011-12-16,18439.66,False
35,8,2011-12-23,21515.89,False
35,8,2011-12-30,16387.17,True
35,9,2011-12-02,6277.85,False
35,9,2011-12-09,7637.82,False
35,9,2011-12-16,11019.1,False
35,9,2011-12-23,13878.15,False
35,9,2011-12-30,10365.02,True
35,10,2011-12-02,11133.33,False
35,10,2011-12-09,12684.2,False
35,10,2011-12-16,13429.99,False
35,10,2011-12-23,15023.34,False
35,10,2011-12-30,11076.8,True
35,11,2011-12-02,11198.15,False
35,11,2011-12-09,13157.45,False
35,11,2011-12-16,11438.28,False
35,11,2011-12-23,12811.83,False
35,11,2011-12-30,11376.96,True
35,12,2011-12-02,1501.16,False
35,12,2011-12-09,1511.47,False
35,12,2011-12-16,1564.96,False
35,12,2011-12-23,1763.65,False
35,12,2011-12-30,1195.95,True
35,13,2011-12-02,26162.56,False
35,13,2011-12-09,28178.58,False
35,13,2011-12-16,27854.27,False
35,13,2011-12-23,28744.99,False
35,13,2011-12-30,28678.05,True
35,14,2011-12-02,27725.33,False
35,14,2011-12-09,32135.7,False
35,14,2011-12-16,39302.02,False
35,14,2011-12-23,65737.51,False
35,14,2011-12-30,35066.75,True
35,16,2011-12-02,463.24,False
35,16,2011-12-09,361.41,False
35,16,2011-12-16,588.63,False
35,16,2011-12-23,642.01,False
35,16,2011-12-30,278.66,True
35,17,2011-12-02,17175.06,False
35,17,2011-12-09,19017.42,False
35,17,2011-12-16,19197.56,False
35,17,2011-12-23,26362.85,False
35,17,2011-12-30,18838.14,True
35,18,2011-12-02,59542.63,False
35,18,2011-12-09,53496.61,False
35,18,2011-12-16,29721.82,False
35,18,2011-12-23,23605.71,False
35,18,2011-12-30,10455.67,True
35,19,2011-12-16,-4.18,False
35,20,2011-12-02,10071.12,False
35,20,2011-12-09,8363.96,False
35,20,2011-12-16,10592.01,False
35,20,2011-12-23,13453.66,False
35,20,2011-12-30,10544.04,True
35,21,2011-12-02,3812.19,False
35,21,2011-12-09,4218.44,False
35,21,2011-12-16,5177.25,False
35,21,2011-12-23,6889.39,False
35,21,2011-12-30,3617.77,True
35,22,2011-12-02,19711.09,False
35,22,2011-12-09,21284.26,False
35,22,2011-12-16,23479.17,False
35,22,2011-12-23,36199.94,False
35,22,2011-12-30,23931.31,True
35,23,2011-12-02,34488.97,False
35,23,2011-12-09,41357.73,False
35,23,2011-12-16,56376.28,False
35,23,2011-12-23,78792.05,False
35,23,2011-12-30,38333.04,True
35,24,2011-12-02,10228.32,False
35,24,2011-12-09,12078.54,False
35,24,2011-12-16,13296.4,False
35,24,2011-12-23,18511.82,False
35,24,2011-12-30,7161.14,True
35,25,2011-12-02,12658.45,False
35,25,2011-12-09,13660.48,False
35,25,2011-12-16,14957.68,False
35,25,2011-12-23,19500.08,False
35,25,2011-12-30,11645.35,True
35,26,2011-12-02,10520.05,False
35,26,2011-12-09,12431.77,False
35,26,2011-12-16,14654.98,False
35,26,2011-12-23,16159.95,False
35,26,2011-12-30,7794.37,True
35,27,2011-12-02,1651.07,False
35,27,2011-12-09,2436.85,False
35,27,2011-12-16,3132.59,False
35,27,2011-12-23,4277.47,False
35,27,2011-12-30,2340.77,True
35,28,2011-12-02,737.91,False
35,28,2011-12-09,907.8,False
35,28,2011-12-16,933.06,False
35,28,2011-12-23,1295.28,False
35,28,2011-12-30,1013.68,True
35,29,2011-12-02,7381.45,False
35,29,2011-12-09,8604.36,False
35,29,2011-12-16,11193.78,False
35,29,2011-12-23,16952.84,False
35,29,2011-12-30,8455.43,True
35,30,2011-12-02,4201.16,False
35,30,2011-12-09,3849.48,False
35,30,2011-12-16,4805.9,False
35,30,2011-12-23,5250.18,False
35,30,2011-12-30,4372.56,True
35,31,2011-12-02,3682.48,False
35,31,2011-12-09,4865.03,False
35,31,2011-12-16,5931.85,False
35,31,2011-12-23,9191.7,False
35,31,2011-12-30,4227.54,True
35,32,2011-12-02,11182.22,False
35,32,2011-12-09,12835.21,False
35,32,2011-12-16,18407.32,False
35,32,2011-12-23,28375.02,False
35,32,2011-12-30,13093.41,True
35,33,2011-12-02,9811.93,False
35,33,2011-12-09,11261.11,False
35,33,2011-12-16,13785.02,False
35,33,2011-12-23,18239.36,False
35,33,2011-12-30,7102.64,True
35,34,2011-12-02,16988.89,False
35,34,2011-12-09,18611.99,False
35,34,2011-12-16,21631.86,False
35,34,2011-12-23,25769.49,False
35,34,2011-12-30,15870.27,True
35,35,2011-12-02,2774.99,False
35,35,2011-12-09,2788.41,False
35,35,2011-12-16,3808.46,False
35,35,2011-12-23,3682.78,False
35,35,2011-12-30,2085.67,True
35,36,2011-12-02,2153.66,False
35,36,2011-12-09,2986.47,False
35,36,2011-12-16,3464.02,False
35,36,2011-12-23,5146.35,False
35,36,2011-12-30,3491.08,True
35,38,2011-12-02,37124.14,False
35,38,2011-12-09,27621.22,False
35,38,2011-12-16,33392.85,False
35,38,2011-12-23,35430.29,False
35,38,2011-12-30,25292.79,True
35,40,2011-12-02,32498.06,False
35,40,2011-12-09,31483.16,False
35,40,2011-12-16,34362.84,False
35,40,2011-12-23,33995.98,False
35,40,2011-12-30,32535.66,True
35,41,2011-12-02,1511.16,False
35,41,2011-12-09,2296.91,False
35,41,2011-12-16,3707.75,False
35,41,2011-12-23,3986.5,False
35,41,2011-12-30,2233.57,True
35,42,2011-12-02,6270.17,False
35,42,2011-12-09,5455.4,False
35,42,2011-12-16,5595.3,False
35,42,2011-12-23,5911.57,False
35,42,2011-12-30,6218.85,True
35,44,2011-12-02,2298.55,False
35,44,2011-12-09,2527.45,False
35,44,2011-12-16,2754.26,False
35,44,2011-12-23,2515.57,False
35,44,2011-12-30,1155.33,True
35,46,2011-12-02,17586.86,False
35,46,2011-12-09,19887.98,False
35,46,2011-12-16,24824.96,False
35,46,2011-12-23,39193.22,False
35,46,2011-12-30,25787.7,True
35,47,2011-12-23,-115.0,False
35,47,2011-12-30,-28.5,True
35,49,2011-12-02,8.91,False
35,49,2011-12-09,-3.15,False
35,49,2011-12-16,2.97,False
35,51,2011-12-09,9.96,False
35,51,2011-12-16,5.0,False
35,51,2011-12-23,9.96,False
35,52,2011-12-02,1238.9,False
35,52,2011-12-09,1993.55,False
35,52,2011-12-16,2002.88,False
35,52,2011-12-23,1830.96,False
35,52,2011-12-30,1472.53,True
35,54,2011-12-02,57.84,False
35,54,2011-12-09,-61.04,False
35,54,2011-12-16,35.92,False
35,54,2011-12-23,117.96,False
35,54,2011-12-30,137.68,True
35,55,2011-12-02,20297.66,False
35,55,2011-12-09,20450.48,False
35,55,2011-12-16,27859.03,False
35,55,2011-12-23,53633.36,False
35,55,2011-12-30,22527.11,True
35,56,2011-12-02,417.77,False
35,56,2011-12-09,501.22,False
35,56,2011-12-16,361.86,False
35,56,2011-12-23,198.73,False
35,58,2011-12-02,1955.0,False
35,58,2011-12-09,2262.5,False
35,58,2011-12-16,2937.5,False
35,58,2011-12-23,4370.0,False
35,58,2011-12-30,1980.0,True
35,59,2011-12-02,1254.43,False
35,59,2011-12-09,2780.48,False
35,59,2011-12-16,5115.51,False
35,59,2011-12-23,13232.07,False
35,59,2011-12-30,5477.96,True
35,60,2011-12-02,105.6,False
35,60,2011-12-09,158.4,False
35,60,2011-12-16,237.6,False
35,60,2011-12-23,220.0,False
35,60,2011-12-30,61.6,True
35,67,2011-12-02,4864.07,False
35,67,2011-12-09,6854.01,False
35,67,2011-12-16,8829.91,False
35,67,2011-12-23,15185.59,False
35,67,2011-12-30,6920.47,True
35,71,2011-12-02,12089.78,False
35,71,2011-12-09,9789.97,False
35,71,2011-12-16,11664.36,False
35,71,2011-12-23,16463.4,False
35,71,2011-12-30,20836.24,True
35,72,2011-12-02,105459.33,False
35,72,2011-12-09,84718.17,False
35,72,2011-12-16,113554.86,False
35,72,2011-12-23,185794.28,False
35,72,2011-12-30,112986.02,True
35,74,2011-12-02,15303.4,False
35,74,2011-12-09,16346.36,False
35,74,2011-12-16,18029.02,False
35,74,2011-12-23,19177.1,False
35,74,2011-12-30,18620.61,True
35,77,2011-12-16,204.0,False
35,79,2011-12-02,21832.05,False
35,79,2011-12-09,22764.86,False
35,79,2011-12-16,22914.26,False
35,79,2011-12-23,24560.2,False
35,79,2011-12-30,21365.19,True
35,80,2011-12-02,48.19,False
35,80,2011-12-09,159.24,False
35,80,2011-12-16,144.68,False
35,80,2011-12-23,378.56,False
35,80,2011-12-30,145.51,True
35,81,2011-12-02,5820.8,False
35,81,2011-12-09,5895.69,False
35,81,2011-12-16,5483.98,False
35,81,2011-12-23,5067.46,False
35,81,2011-12-30,4782.14,True
35,82,2011-12-02,11459.0,False
35,82,2011-12-09,13968.96,False
35,82,2011-12-16,19319.18,False
35,82,2011-12-23,34814.81,False
35,82,2011-12-30,16828.0,True
35,83,2011-12-02,1724.94,False
35,83,2011-12-09,2955.26,False
35,83,2011-12-16,3282.86,False
35,83,2011-12-23,3444.82,False
35,83,2011-12-30,807.22,True
35,85,2011-12-02,1672.22,False
35,85,2011-12-09,2914.53,False
35,85,2011-12-16,5476.33,False
35,85,2011-12-23,6435.28,False
35,85,2011-12-30,2236.3,True
35,87,2011-12-02,10226.44,False
35,87,2011-12-09,12515.94,False
35,87,2011-12-16,12406.67,False
35,87,2011-12-23,18519.65,False
35,87,2011-12-30,11306.43,True
35,90,2011-12-02,11047.49,False
35,90,2011-12-09,10424.68,False
35,90,2011-12-16,11445.67,False
35,90,2011-12-23,13573.84,False
35,90,2011-12-30,12569.36,True
35,91,2011-12-02,5892.59,False
35,91,2011-12-09,6400.83,False
35,91,2011-12-16,5930.6,False
35,91,2011-12-23,5865.32,False
35,91,2011-12-30,5527.36,True
35,92,2011-12-02,27685.41,False
35,92,2011-12-09,31667.69,False
35,92,2011-12-16,30745.03,False
35,92,2011-12-23,34368.19,False
35,92,2011-12-30,25531.19,True
35,93,2011-12-02,978.54,False
35,93,2011-12-09,1039.2,False
35,93,2011-12-16,1003.16,False
35,93,2011-12-23,1069.98,False
35,93,2011-12-30,1146.58,True
35,94,2011-12-02,88.32,False
35,94,2011-12-09,158.24,False
35,94,2011-12-16,178.88,False
35,94,2011-12-23,165.12,False
35,94,2011-12-30,70.08,True
35,95,2011-12-02,31258.04,False
35,95,2011-12-09,35748.03,False
35,95,2011-12-16,33099.96,False
35,95,2011-12-23,34803.18,False
35,95,2011-12-30,30258.09,True
35,96,2011-12-30,-4.2,True
35,97,2011-12-02,2779.9,False
35,97,2011-12-09,2746.62,False
35,97,2011-12-16,2836.32,False
35,97,2011-12-23,2857.9,False
35,97,2011-12-30,2471.4,True
35,98,2011-12-02,16.48,False
35,98,2011-12-09,105.0,False
35,98,2011-12-16,253.63,False
35,98,2011-12-23,498.13,False
35,98,2011-12-30,294.15,True
36,1,2011-12-02,2074.43,False
36,1,2011-12-09,2780.42,False
36,1,2011-12-16,4846.15,False
36,1,2011-12-23,3893.09,False
36,1,2011-12-30,2437.25,True
36,2,2011-12-02,10425.44,False
36,2,2011-12-09,10403.63,False
36,2,2011-12-16,11577.78,False
36,2,2011-12-23,12333.97,False
36,2,2011-12-30,11194.73,True
36,3,2011-12-02,252.18,False
36,3,2011-12-09,297.87,False
36,3,2011-12-16,375.37,False
36,3,2011-12-23,306.27,False
36,3,2011-12-30,284.85,True
36,4,2011-12-02,7737.12,False
36,4,2011-12-09,7802.79,False
36,4,2011-12-16,8628.43,False
36,4,2011-12-23,9779.11,False
36,4,2011-12-30,9159.85,True
36,5,2011-12-02,110.0,False
36,5,2011-12-09,230.0,False
36,5,2011-12-16,162.5,False
36,5,2011-12-23,220.0,False
36,5,2011-12-30,192.5,True
36,7,2011-12-02,302.88,False
36,7,2011-12-09,822.44,False
36,7,2011-12-16,507.75,False
36,7,2011-12-23,476.17,False
36,7,2011-12-30,406.88,True
36,8,2011-12-02,3040.48,False
36,8,2011-12-09,3074.41,False
36,8,2011-12-16,3722.77,False
36,8,2011-12-23,3172.33,False
36,8,2011-12-30,3195.4,True
36,10,2011-12-02,156.23,False
36,10,2011-12-09,206.74,False
36,10,2011-12-16,180.39,False
36,10,2011-12-23,195.06,False
36,10,2011-12-30,147.86,True
36,11,2011-12-02,211.23,False
36,11,2011-12-09,203.86,False
36,11,2011-12-16,273.62,False
36,11,2011-12-23,142.04,False
36,11,2011-12-30,156.33,True
36,12,2011-12-02,46.69,False
36,12,2011-12-09,24.19,False
36,12,2011-12-16,48.71,False
36,12,2011-12-23,46.91,False
36,12,2011-12-30,30.39,True
36,13,2011-12-02,10497.83,False
36,13,2011-12-09,9955.51,False
36,13,2011-12-16,10354.65,False
36,13,2011-12-23,11023.92,False
36,13,2011-12-30,10052.28,True
36,14,2011-12-02,1393.02,False
36,14,2011-12-09,1551.13,False
36,14,2011-12-16,1444.61,False
36,14,2011-12-23,2158.02,False
36,14,2011-12-30,1943.23,True
36,16,2011-12-02,229.5,False
36,16,2011-12-09,430.52,False
36,16,2011-12-16,517.22,False
36,16,2011-12-23,472.98,False
36,16,2011-12-30,507.35,True
36,17,2011-12-02,320.69,False
36,17,2011-12-09,436.55,False
36,17,2011-12-16,872.46,False
36,17,2011-12-23,490.62,False
36,17,2011-12-30,386.76,True
36,18,2011-12-02,124.91,False
36,18,2011-12-09,247.64,False
36,18,2011-12-16,669.44,False
36,18,2011-12-23,476.04,False
36,18,2011-12-30,206.73,True
36,20,2011-12-02,16.0,False
36,20,2011-12-09,32.0,False
36,20,2011-12-16,36.0,False
36,20,2011-12-23,40.0,False
36,20,2011-12-30,4.0,True
36,21,2011-12-02,137.86,False
36,21,2011-12-09,164.62,False
36,21,2011-12-16,157.74,False
36,21,2011-12-23,177.27,False
36,21,2011-12-30,206.15,True
36,22,2011-12-09,51.52,False
36,22,2011-12-16,25.76,False
36,22,2011-12-23,115.92,False
36,22,2011-12-30,169.62,True
36,25,2011-12-02,4.96,False
36,25,2011-12-09,2.0,False
36,25,2011-12-16,5.92,False
36,25,2011-12-23,7.92,False
36,25,2011-12-30,2.96,True
36,26,2011-12-02,79.35,False
36,26,2011-12-09,222.76,False
36,26,2011-12-16,35.8,False
36,26,2011-12-23,238.56,False
36,26,2011-12-30,136.12,True
36,38,2011-12-02,17582.8,False
36,38,2011-12-09,17951.21,False
36,38,2011-12-16,23118.26,False
36,38,2011-12-23,17459.0,False
36,38,2011-12-30,17131.7,True
36,40,2011-12-02,9408.65,False
36,40,2011-12-09,9723.67,False
36,40,2011-12-16,11527.35,False
36,40,2011-12-23,10206.45,False
36,40,2011-12-30,8979.85,True
36,42,2011-12-02,73.39,False
36,42,2011-12-09,60.55,False
36,42,2011-12-16,124.71,False
36,42,2011-12-23,50.57,False
36,42,2011-12-30,102.45,True
36,46,2011-12-02,1828.88,False
36,46,2011-12-09,1712.73,False
36,46,2011-12-16,1761.26,False
36,46,2011-12-23,2010.71,False
36,46,2011-12-30,1670.92,True
36,52,2011-12-09,5.44,False
36,55,2011-12-02,44.0,False
36,55,2011-12-09,10.0,False
36,55,2011-12-16,28.0,False
36,55,2011-12-23,32.88,False
36,55,2011-12-30,42.88,True
36,56,2011-12-02,471.92,False
36,56,2011-12-09,423.34,False
36,56,2011-12-16,93.02,False
36,56,2011-12-23,24.29,False
36,56,2011-12-30,10.41,True
36,59,2011-12-02,45.0,False
36,59,2011-12-09,20.0,False
36,59,2011-12-16,130.0,False
36,59,2011-12-23,60.0,False
36,59,2011-12-30,193.0,True
36,60,2011-12-02,193.6,False
36,60,2011-12-09,457.6,False
36,60,2011-12-16,255.2,False
36,60,2011-12-23,246.4,False
36,60,2011-12-30,264.0,True
36,67,2011-12-02,321.22,False
36,67,2011-12-09,763.46,False
36,67,2011-12-16,992.18,False
36,67,2011-12-23,1193.42,False
36,67,2011-12-30,531.95,True
36,74,2011-12-02,464.09,False
36,74,2011-12-09,437.08,False
36,74,2011-12-16,458.16,False
36,74,2011-12-23,623.97,False
36,74,2011-12-30,407.69,True
36,79,2011-12-02,20931.87,False
36,79,2011-12-09,17213.77,False
36,79,2011-12-16,14564.15,False
36,79,2011-12-23,13212.89,False
36,79,2011-12-30,12572.36,True
36,80,2011-12-02,17048.76,False
36,80,2011-12-09,17906.98,False
36,80,2011-12-16,18923.35,False
36,80,2011-12-23,18250.71,False
36,80,2011-12-30,16085.55,True
36,81,2011-12-02,10541.68,False
36,81,2011-12-09,10598.8,False
36,81,2011-12-16,10653.74,False
36,81,2011-12-23,10278.39,False
36,81,2011-12-30,9524.48,True
36,82,2011-12-02,10280.71,False
36,82,2011-12-09,5549.07,False
36,82,2011-12-16,7289.3,False
36,82,2011-12-23,9480.22,False
36,82,2011-12-30,4766.98,True
36,83,2011-12-02,1611.93,False
36,83,2011-12-09,1908.17,False
36,83,2011-12-16,1556.58,False
36,83,2011-12-23,1471.88,False
36,83,2011-12-30,1662.41,True
36,87,2011-12-02,330.0,False
36,87,2011-12-09,255.0,False
36,87,2011-12-16,399.96,False
36,87,2011-12-23,414.96,False
36,87,2011-12-30,269.9,True
36,90,2011-12-02,30729.46,False
36,90,2011-12-09,31607.98,False
36,90,2011-12-16,31421.74,False
36,90,2011-12-23,29788.21,False
36,90,2011-12-30,26623.66,True
36,91,2011-12-02,6898.76,False
36,91,2011-12-09,8828.02,False
36,91,2011-12-16,10364.73,False
36,91,2011-12-23,8313.61,False
36,91,2011-12-30,6960.72,True
36,92,2011-12-02,32252.23,False
36,92,2011-12-09,38348.31,False
36,92,2011-12-16,41023.76,False
36,92,2011-12-23,38507.59,False
36,92,2011-12-30,32956.43,True
36,93,2011-12-02,15699.04,False
36,93,2011-12-09,21226.81,False
36,93,2011-12-16,22145.56,False
36,93,2011-12-23,24481.79,False
36,93,2011-12-30,18254.26,True
36,94,2011-12-02,28352.87,False
36,94,2011-12-09,31801.99,False
36,94,2011-12-16,36390.48,False
36,94,2011-12-23,33397.27,False
36,94,2011-12-30,30611.46,True
36,95,2011-12-02,27876.57,False
36,95,2011-12-09,30768.19,False
36,95,2011-12-16,34356.23,False
36,95,2011-12-23,30746.33,False
36,95,2011-12-30,28186.55,True
36,96,2011-12-02,11326.24,False
36,96,2011-12-09,11920.9,False
36,96,2011-12-16,12731.03,False
36,96,2011-12-23,14963.0,False
36,96,2011-12-30,16717.16,True
36,97,2011-12-02,4362.16,False
36,97,2011-12-09,5017.32,False
36,97,2011-12-16,5352.85,False
36,97,2011-12-23,5076.12,False
36,97,2011-12-30,4530.49,True
36,98,2011-12-02,7513.88,False
36,98,2011-12-09,8841.38,False
36,98,2011-12-16,11399.25,False
36,98,2011-12-23,9205.6,False
36,98,2011-12-30,7546.72,True
37,1,2011-12-02,12283.89,False
37,1,2011-12-09,13101.01,False
37,1,2011-12-16,17255.84,False
37,1,2011-12-23,17454.62,False
37,1,2011-12-30,9672.23,True
37,2,2011-12-02,15704.18,False
37,2,2011-12-09,15379.11,False
37,2,2011-12-16,15997.3,False
37,2,2011-12-23,17053.22,False
37,2,2011-12-30,13033.55,True
37,3,2011-12-02,1237.25,False
37,3,2011-12-09,1196.83,False
37,3,2011-12-16,1529.11,False
37,3,2011-12-23,1361.62,False
37,3,2011-12-30,628.97,True
37,4,2011-12-02,18770.9,False
37,4,2011-12-09,17419.37,False
37,4,2011-12-16,18041.64,False
37,4,2011-12-23,21848.26,False
37,4,2011-12-30,18142.92,True
37,5,2011-12-02,1285.56,False
37,5,2011-12-09,1589.4,False
37,5,2011-12-16,1909.68,False
37,5,2011-12-23,2205.34,False
37,5,2011-12-30,1049.96,True
37,6,2011-12-02,13.44,False
37,6,2011-12-16,61.06,False
37,6,2011-12-23,42.78,False
37,6,2011-12-30,66.86,True
37,7,2011-12-02,857.33,False
37,7,2011-12-09,1165.59,False
37,7,2011-12-16,1303.7,False
37,7,2011-12-23,1478.93,False
37,7,2011-12-30,646.52,True
37,8,2011-12-02,16718.11,False
37,8,2011-12-09,17972.74,False
37,8,2011-12-16,16597.6,False
37,8,2011-12-23,17883.77,False
37,8,2011-12-30,14460.69,True
37,9,2011-12-02,42.48,False
37,9,2011-12-09,48.02,False
37,9,2011-12-16,19.45,False
37,9,2011-12-23,85.81,False
37,9,2011-12-30,53.27,True
37,10,2011-12-02,299.3,False
37,10,2011-12-09,280.53,False
37,10,2011-12-16,401.66,False
37,10,2011-12-23,362.01,False
37,10,2011-12-30,321.2,True
37,11,2011-12-02,2987.51,False
37,11,2011-12-09,3373.68,False
37,11,2011-12-16,1834.91,False
37,11,2011-12-23,2331.52,False
37,11,2011-12-30,2214.37,True
37,12,2011-12-02,222.95,False
37,12,2011-12-09,247.27,False
37,12,2011-12-16,322.32,False
37,12,2011-12-23,241.72,False
37,12,2011-12-30,186.15,True
37,13,2011-12-02,16785.93,False
37,13,2011-12-09,15384.09,False
37,13,2011-12-16,15823.86,False
37,13,2011-12-23,16251.28,False
37,13,2011-12-30,14242.35,True
37,14,2011-12-02,1545.98,False
37,14,2011-12-09,1838.42,False
37,14,2011-12-16,1908.45,False
37,14,2011-12-23,3053.57,False
37,14,2011-12-30,1702.42,True
37,16,2011-12-02,1195.79,False
37,16,2011-12-09,1231.07,False
37,16,2011-12-16,1144.92,False
37,16,2011-12-23,1879.06,False
37,16,2011-12-30,1692.01,True
37,17,2011-12-02,293.96,False
37,17,2011-12-09,418.51,False
37,17,2011-12-16,317.49,False
37,17,2011-12-23,469.5,False
37,17,2011-12-30,273.15,True
37,18,2011-12-02,957.39,False
37,18,2011-12-09,1172.59,False
37,18,2011-12-16,1590.19,False
37,18,2011-12-23,1223.42,False
37,18,2011-12-30,225.44,True
37,21,2011-12-02,1884.29,False
37,21,2011-12-09,1821.27,False
37,21,2011-12-16,1877.99,False
37,21,2011-12-23,2035.25,False
37,21,2011-12-30,1446.4,True
37,22,2011-12-16,64.4,False
37,22,2011-12-23,425.04,False
37,22,2011-12-30,51.52,True
37,23,2011-12-02,53.59,False
37,23,2011-12-09,42.09,False
37,23,2011-12-16,29.08,False
37,23,2011-12-23,45.98,False
37,23,2011-12-30,51.06,True
37,25,2011-12-02,40.22,False
37,25,2011-12-09,53.97,False
37,25,2011-12-16,36.38,False
37,25,2011-12-23,21.84,False
37,25,2011-12-30,49.01,True
37,26,2011-12-09,5.94,False
37,26,2011-12-23,28.5,False
37,26,2011-12-30,57.0,True
37,27,2011-12-02,35.25,False
37,27,2011-12-09,40.39,False
37,27,2011-12-16,37.82,False
37,27,2011-12-23,20.51,False
37,27,2011-12-30,28.85,True
37,28,2011-12-02,112.9,False
37,28,2011-12-09,107.56,False
37,28,2011-12-16,167.23,False
37,28,2011-12-23,156.29,False
37,28,2011-12-30,96.01,True
37,31,2011-12-02,144.96,False
37,31,2011-12-09,224.08,False
37,31,2011-12-16,58.48,False
37,31,2011-12-23,70.48,False
37,31,2011-12-30,43.5,True
37,38,2011-12-02,78809.44,False
37,38,2011-12-09,74663.59,False
37,38,2011-12-16,60132.9,False
37,38,2011-12-23,68137.61,False
37,38,2011-12-30,56430.84,True
37,40,2011-12-02,28585.31,False
37,40,2011-12-09,26093.67,False
37,40,2011-12-16,26733.1,False
37,40,2011-12-23,27923.65,False
37,40,2011-12-30,25380.81,True
37,42,2011-12-02,180.46,False
37,42,2011-12-09,90.52,False
37,42,2011-12-16,159.05,False
37,42,2011-12-23,81.08,False
37,42,2011-12-30,39.51,True
37,46,2011-12-02,7671.8,False
37,46,2011-12-09,7727.28,False
37,46,2011-12-16,8479.97,False
37,46,2011-12-23,8544.71,False
37,46,2011-12-30,6906.95,True
37,49,2011-12-16,14.85,False
37,49,2011-12-23,8.91,False
37,49,2011-12-30,8.91,True
37,52,2011-12-02,14.79,False
37,52,2011-12-09,11.95,False
37,52,2011-12-16,43.5,False
37,52,2011-12-23,20.73,False
37,52,2011-12-30,24.59,True
37,56,2011-12-02,862.68,False
37,56,2011-12-09,909.14,False
37,56,2011-12-16,56.11,False
37,56,2011-12-23,2.38,False
37,56,2011-12-30,36.77,True
37,59,2011-12-02,102.1,False
37,59,2011-12-09,102.13,False
37,59,2011-12-16,345.92,False
37,59,2011-12-23,395.22,False
37,59,2011-12-30,223.9,True
37,60,2011-12-02,1073.6,False
37,60,2011-12-09,1346.4,False
37,60,2011-12-16,1513.6,False
37,60,2011-12-23,959.2,False
37,60,2011-12-30,554.4,True
37,67,2011-12-02,1986.14,False
37,67,2011-12-09,2676.47,False
37,67,2011-12-16,4028.24,False
37,67,2011-12-23,4949.39,False
37,67,2011-12-30,2272.57,True
37,72,2011-12-02,224.67,False
37,72,2011-12-09,539.64,False
37,72,2011-12-16,215.48,False
37,72,2011-12-23,281.02,False
37,72,2011-12-30,101.18,True
37,74,2011-12-02,582.07,False
37,74,2011-12-09,597.5,False
37,74,2011-12-16,676.83,False
37,74,2011-12-23,720.55,False
37,74,2011-12-30,686.57,True
37,79,2011-12-02,8694.44,False
37,79,2011-12-09,6126.5,False
37,79,2011-12-16,6157.39,False
37,79,2011-12-23,7020.62,False
37,79,2011-12-30,6318.71,True
37,80,2011-12-02,9609.73,False
37,80,2011-12-09,10116.25,False
37,80,2011-12-16,10564.98,False
37,80,2011-12-23,11203.47,False
37,80,2011-12-30,8260.53,True
37,81,2011-12-02,11131.1,False
37,81,2011-12-09,11009.78,False
37,81,2011-12-16,10504.61,False
37,81,2011-12-23,11034.59,False
37,81,2011-12-30,8507.21,True
37,82,2011-12-02,7780.86,False
37,82,2011-12-09,7266.19,False
37,82,2011-12-16,10954.38,False
37,82,2011-12-23,16767.67,False
37,82,2011-12-30,10634.88,True
37,83,2011-12-02,1860.61,False
37,83,2011-12-09,2049.81,False
37,83,2011-12-16,2111.72,False
37,83,2011-12-23,3102.19,False
37,83,2011-12-30,1929.08,True
37,85,2011-12-02,82.83,False
37,85,2011-12-09,225.81,False
37,85,2011-12-16,373.27,False
37,85,2011-12-23,267.68,False
37,85,2011-12-30,94.67,True
37,87,2011-12-02,1329.44,False
37,87,2011-12-09,747.57,False
37,87,2011-12-16,1039.32,False
37,87,2011-12-23,699.22,False
37,87,2011-12-30,759.26,True
37,90,2011-12-02,47762.12,False
37,90,2011-12-09,48198.23,False
37,90,2011-12-16,48524.45,False
37,90,2011-12-23,57508.07,False
37,90,2011-12-30,41605.74,True
37,91,2011-12-02,28517.87,False
37,91,2011-12-09,30850.39,False
37,91,2011-12-16,29490.44,False
37,91,2011-12-23,32218.47,False
37,91,2011-12-30,23428.93,True
37,92,2011-12-02,62882.47,False
37,92,2011-12-09,68566.64,False
37,92,2011-12-16,70697.81,False
37,92,2011-12-23,85109.94,False
37,92,2011-12-30,54617.18,True
37,93,2011-12-02,21044.31,False
37,93,2011-12-09,23931.84,False
37,93,2011-12-16,22778.85,False
37,93,2011-12-23,26422.23,False
37,93,2011-12-30,18913.94,True
37,94,2011-12-02,27744.94,False
37,94,2011-12-09,28036.8,False
37,94,2011-12-16,27343.79,False
37,94,2011-12-23,31892.47,False
37,94,2011-12-30,25025.35,True
37,95,2011-12-02,47798.64,False
37,95,2011-12-09,50812.69,False
37,95,2011-12-16,49915.84,False
37,95,2011-12-23,52917.93,False
37,95,2011-12-30,39752.83,True
37,96,2011-12-02,18066.85,False
37,96,2011-12-09,19518.54,False
37,96,2011-12-16,20576.45,False
37,96,2011-12-23,25763.95,False
37,96,2011-12-30,21991.0,True
37,97,2011-12-02,13815.67,False
37,97,2011-12-09,14236.23,False
37,97,2011-12-16,13891.57,False
37,97,2011-12-23,15288.68,False
37,97,2011-12-30,11842.44,True
37,98,2011-12-02,5429.71,False
37,98,2011-12-09,6659.43,False
37,98,2011-12-16,8250.69,False
37,98,2011-12-23,8519.51,False
37,98,2011-12-30,4543.45,True
38,1,2011-12-02,7235.35,False
38,1,2011-12-09,8664.63,False
38,1,2011-12-16,9793.63,False
38,1,2011-12-23,9229.58,False
38,1,2011-12-30,7617.05,True
38,2,2011-12-02,10377.53,False
38,2,2011-12-09,10364.22,False
38,2,2011-12-16,10191.5,False
38,2,2011-12-23,10256.25,False
38,2,2011-12-30,9654.72,True
38,3,2011-12-02,494.73,False
38,3,2011-12-09,511.01,False
38,3,2011-12-16,513.66,False
38,3,2011-12-23,479.96,False
38,3,2011-12-30,360.58,True
38,4,2011-12-02,11004.31,False
38,4,2011-12-09,10641.59,False
38,4,2011-12-16,10947.76,False
38,4,2011-12-23,11605.11,False
38,4,2011-12-30,11343.97,True
38,5,2011-12-02,1245.88,False
38,5,2011-12-09,1295.52,False
38,5,2011-12-16,1036.76,False
38,5,2011-12-23,1279.44,False
38,5,2011-12-30,653.72,True
38,6,2011-12-02,5.44,False
38,6,2011-12-09,21.76,False
38,6,2011-12-16,20.76,False
38,6,2011-12-23,67.62,False
38,6,2011-12-30,31.1,True
38,7,2011-12-02,425.47,False
38,7,2011-12-09,488.02,False
38,7,2011-12-16,705.1,False
38,7,2011-12-23,895.19,False
38,7,2011-12-30,756.39,True
38,8,2011-12-02,9623.08,False
38,8,2011-12-09,10319.05,False
38,8,2011-12-16,9991.64,False
38,8,2011-12-23,10052.96,False
38,8,2011-12-30,8524.96,True
38,9,2011-12-02,9.45,False
38,9,2011-12-09,16.14,False
38,9,2011-12-16,16.34,False
38,9,2011-12-23,20.24,False
38,9,2011-12-30,21.4,True
38,10,2011-12-02,330.75,False
38,10,2011-12-09,243.46,False
38,10,2011-12-16,379.46,False
38,10,2011-12-23,449.91,False
38,10,2011-12-30,290.77,True
38,11,2011-12-02,1076.33,False
38,11,2011-12-09,1562.94,False
38,11,2011-12-16,1084.86,False
38,11,2011-12-23,1174.03,False
38,11,2011-12-30,908.14,True
38,12,2011-12-02,133.62,False
38,12,2011-12-09,61.19,False
38,12,2011-12-16,53.34,False
38,12,2011-12-23,57.73,False
38,12,2011-12-30,87.91,True
38,13,2011-12-02,10145.15,False
38,13,2011-12-09,9612.18,False
38,13,2011-12-16,8789.13,False
38,13,2011-12-23,9165.83,False
38,13,2011-12-30,8851.07,True
38,14,2011-12-02,760.24,False
38,14,2011-12-09,1101.38,False
38,14,2011-12-16,1105.05,False
38,14,2011-12-23,1848.87,False
38,14,2011-12-30,1279.68,True
38,16,2011-12-02,389.95,False
38,16,2011-12-09,500.69,False
38,16,2011-12-16,557.86,False
38,16,2011-12-23,463.75,False
38,16,2011-12-30,647.91,True
38,17,2011-12-02,452.33,False
38,17,2011-12-09,487.1,False
38,17,2011-12-16,574.99,False
38,17,2011-12-23,509.07,False
38,17,2011-12-30,353.7,True
38,18,2011-12-02,443.93,False
38,18,2011-12-09,530.43,False
38,18,2011-12-16,919.22,False
38,18,2011-12-23,1114.01,False
38,18,2011-12-30,676.97,True
38,21,2011-12-02,895.87,False
38,21,2011-12-09,1136.54,False
38,21,2011-12-16,944.08,False
38,21,2011-12-23,976.42,False
38,21,2011-12-30,918.47,True
38,22,2011-12-02,25.76,False
38,22,2011-12-09,64.4,False
38,22,2011-12-16,51.52,False
38,22,2011-12-23,77.28,False
38,22,2011-12-30,103.04,True
38,23,2011-12-02,27.21,False
38,23,2011-12-09,100.61,False
38,23,2011-12-16,35.75,False
38,23,2011-12-23,28.94,False
38,23,2011-12-30,16.64,True
38,24,2011-12-16,6.97,False
38,25,2011-12-02,22.88,False
38,25,2011-12-09,6.96,False
38,25,2011-12-16,35.55,False
38,25,2011-12-23,25.26,False
38,25,2011-12-30,54.18,True
38,26,2011-12-02,7.94,False
38,27,2011-12-02,11.54,False
38,27,2011-12-09,5.77,False
38,27,2011-12-16,5.77,False
38,27,2011-12-23,11.54,False
38,27,2011-12-30,11.54,True
38,28,2011-12-02,34.67,False
38,28,2011-12-09,70.9,False
38,28,2011-12-16,84.61,False
38,28,2011-12-23,60.45,False
38,28,2011-12-30,58.06,True
38,31,2011-12-02,31.7,False
38,31,2011-12-09,24.4,False
38,31,2011-12-16,18.0,False
38,31,2011-12-23,9.0,False
38,31,2011-12-30,3.0,True
38,32,2011-12-02,20.17,False
38,32,2011-12-09,30.0,False
38,32,2011-12-30,19.83,True
38,38,2011-12-02,65802.25,False
38,38,2011-12-09,80749.8,False
38,38,2011-12-16,63396.02,False
38,38,2011-12-23,62998.14,False
38,38,2011-12-30,42351.74,True
38,40,2011-12-02,17935.65,False
38,40,2011-12-09,16681.08,False
38,40,2011-12-16,16709.26,False
38,40,2011-12-23,15526.69,False
38,40,2011-12-30,14940.54,True
38,42,2011-12-02,95.92,False
38,42,2011-12-09,127.62,False
38,42,2011-12-16,136.34,False
38,42,2011-12-23,92.92,False
38,42,2011-12-30,54.87,True
38,44,2011-12-30,2.47,True
38,46,2011-12-02,3913.59,False
38,46,2011-12-09,3799.26,False
38,46,2011-12-16,3987.07,False
38,46,2011-12-23,4139.64,False
38,46,2011-12-30,3990.48,True
38,49,2011-12-02,5.94,False
38,49,2011-12-09,2.97,False
38,49,2011-12-23,2.97,False
38,52,2011-12-02,23.8,False
38,52,2011-12-09,25.03,False
38,52,2011-12-16,16.23,False
38,52,2011-12-23,28.41,False
38,52,2011-12-30,11.85,True
38,56,2011-12-02,105.38,False
38,56,2011-12-09,319.26,False
38,56,2011-12-16,234.82,False
38,56,2011-12-23,125.92,False
38,56,2011-12-30,13.4,True
38,59,2011-12-02,48.98,False
38,59,2011-12-09,67.94,False
38,59,2011-12-16,212.48,False
38,59,2011-12-23,163.85,False
38,59,2011-12-30,286.58,True
38,60,2011-12-02,572.0,False
38,60,2011-12-09,800.8,False
38,60,2011-12-16,792.0,False
38,60,2011-12-23,536.8,False
38,60,2011-12-30,343.2,True
38,67,2011-12-02,711.15,False
38,67,2011-12-09,888.89,False
38,67,2011-12-16,1274.89,False
38,67,2011-12-23,1274.12,False
38,67,2011-12-30,1028.5,True
38,72,2011-12-02,224.86,False
38,72,2011-12-09,122.53,False
38,72,2011-12-16,138.17,False
38,72,2011-12-23,239.95,False
38,72,2011-12-30,146.74,True
38,74,2011-12-02,342.67,False
38,74,2011-12-09,299.88,False
38,74,2011-12-16,250.4,False
38,74,2011-12-23,432.52,False
38,74,2011-12-30,441.63,True
38,79,2011-12-02,10106.82,False
38,79,2011-12-09,8526.72,False
38,79,2011-12-16,9260.16,False
38,79,2011-12-23,7773.79,False
38,79,2011-12-30,8827.39,True
38,80,2011-12-02,10924.53,False
38,80,2011-12-09,12428.25,False
38,80,2011-12-16,12124.32,False
38,80,2011-12-23,11177.72,False
38,80,2011-12-30,9238.09,True
38,81,2011-12-02,10724.81,False
38,81,2011-12-09,10346.05,False
38,81,2011-12-16,9825.93,False
38,81,2011-12-23,10224.89,False
38,81,2011-12-30,8644.43,True
38,82,2011-12-02,5906.91,False
38,82,2011-12-09,7687.78,False
38,82,2011-12-16,8837.5,False
38,82,2011-12-23,12080.15,False
38,82,2011-12-30,9057.22,True
38,83,2011-12-02,1903.55,False
38,83,2011-12-09,2249.91,False
38,83,2011-12-16,2263.37,False
38,83,2011-12-23,1969.76,False
38,83,2011-12-30,1843.25,True
38,85,2011-12-02,19.79,False
38,85,2011-12-09,100.92,False
38,85,2011-12-16,41.21,False
38,85,2011-12-23,130.18,False
38,85,2011-12-30,102.49,True
38,87,2011-12-02,830.55,False
38,87,2011-12-09,754.96,False
38,87,2011-12-16,494.23,False
38,87,2011-12-23,742.56,False
38,87,2011-12-30,791.9,True
38,90,2011-12-02,39164.75,False
38,90,2011-12-09,39381.3,False
38,90,2011-12-16,37338.96,False
38,90,2011-12-23,41079.6,False
38,90,2011-12-30,33965.15,True
38,91,2011-12-02,26330.88,False
38,91,2011-12-09,28291.26,False
38,91,2011-12-16,23604.6,False
38,91,2011-12-23,23307.17,False
38,91,2011-12-30,19313.78,True
38,92,2011-12-02,52373.01,False
38,92,2011-12-09,53610.54,False
38,92,2011-12-16,48865.29,False
38,92,2011-12-23,54152.55,False
38,92,2011-12-30,39678.78,True
38,93,2011-12-02,21490.95,False
38,93,2011-12-09,22267.77,False
38,93,2011-12-16,20124.06,False
38,93,2011-12-23,22106.97,False
38,93,2011-12-30,17166.2,True
38,94,2011-12-02,18159.91,False
38,94,2011-12-09,18612.61,False
38,94,2011-12-16,17291.0,False
38,94,2011-12-23,18522.0,False
38,94,2011-12-30,15858.3,True
38,95,2011-12-02,41899.57,False
38,95,2011-12-09,42023.09,False
38,95,2011-12-16,40182.33,False
38,95,2011-12-23,40008.44,False
38,95,2011-12-30,35399.13,True
38,96,2011-12-02,10752.57,False
38,96,2011-12-09,11758.62,False
38,96,2011-12-16,11736.39,False
38,96,2011-12-23,14111.49,False
38,96,2011-12-30,13126.53,True
38,97,2011-12-02,10981.58,False
38,97,2011-12-09,10269.53,False
38,97,2011-12-16,9665.16,False
38,97,2011-12-23,10040.61,False
38,97,2011-12-30,7812.19,True
38,98,2011-12-02,4668.37,False
38,98,2011-12-09,5346.38,False
38,98,2011-12-16,7618.34,False
38,98,2011-12-23,6869.16,False
38,98,2011-12-30,4985.72,True
39,1,2011-12-02,25484.11,False
39,1,2011-12-09,34144.48,False
39,1,2011-12-16,52487.06,False
39,1,2011-12-23,51349.28,False
39,1,2011-12-30,21838.72,True
39,2,2011-12-02,70180.45,False
39,2,2011-12-09,69650.69,False
39,2,2011-12-16,79434.29,False
39,2,2011-12-23,103087.01,False
39,2,2011-12-30,67168.24,True
39,3,2011-12-02,14201.65,False
39,3,2011-12-09,15293.06,False
39,3,2011-12-16,18651.05,False
39,3,2011-12-23,21686.73,False
39,3,2011-12-30,11254.99,True
39,4,2011-12-02,48169.84,False
39,4,2011-12-09,48812.14,False
39,4,2011-12-16,52492.13,False
39,4,2011-12-23,61866.66,False
39,4,2011-12-30,47691.39,True
39,5,2011-12-02,25226.3,False
39,5,2011-12-09,41858.18,False
39,5,2011-12-16,59361.85,False
39,5,2011-12-23,79707.9,False
39,5,2011-12-30,35082.96,True
39,6,2011-12-02,3924.3,False
39,6,2011-12-09,5105.92,False
39,6,2011-12-16,6237.26,False
39,6,2011-12-23,15689.59,False
39,6,2011-12-30,8697.16,True
39,7,2011-12-02,77446.87,False
39,7,2011-12-09,104156.74,False
39,7,2011-12-16,141771.35,False
39,7,2011-12-23,225134.39,False
39,7,2011-12-30,59003.41,True
39,8,2011-12-02,36766.69,False
39,8,2011-12-09,38718.6,False
39,8,2011-12-16,42375.12,False
39,8,2011-12-23,51348.55,False
39,8,2011-12-30,31727.89,True
39,9,2011-12-02,15181.37,False
39,9,2011-12-09,16020.7,False
39,9,2011-12-16,21105.75,False
39,9,2011-12-23,34243.77,False
39,9,2011-12-30,21348.22,True
39,10,2011-12-02,13781.7,False
39,10,2011-12-09,15075.99,False
39,10,2011-12-16,17139.15,False
39,10,2011-12-23,21934.79,False
39,10,2011-12-30,17425.44,True
39,11,2011-12-02,33210.29,False
39,11,2011-12-09,35548.17,False
39,11,2011-12-16,27508.65,False
39,11,2011-12-23,33563.43,False
39,11,2011-12-30,23951.89,True
39,12,2011-12-02,4622.29,False
39,12,2011-12-09,4403.97,False
39,12,2011-12-16,4172.51,False
39,12,2011-12-23,4548.37,False
39,12,2011-12-30,3704.6,True
39,13,2011-12-02,54631.36,False
39,13,2011-12-09,54178.36,False
39,13,2011-12-16,55018.22,False
39,13,2011-12-23,63311.41,False
39,13,2011-12-30,49717.8,True
39,14,2011-12-02,24880.29,False
39,14,2011-12-09,30210.48,False
39,14,2011-12-16,40029.02,False
39,14,2011-12-23,70482.27,False
39,14,2011-12-30,33240.9,True
39,16,2011-12-02,6198.99,False
39,16,2011-12-09,5768.98,False
39,16,2011-12-16,5468.67,False
39,16,2011-12-23,7211.21,False
39,16,2011-12-30,6680.9,True
39,17,2011-12-02,14003.81,False
39,17,2011-12-09,14269.09,False
39,17,2011-12-16,16302.13,False
39,17,2011-12-23,23515.83,False
39,17,2011-12-30,12363.48,True
39,18,2011-12-02,96370.19,False
39,18,2011-12-09,89006.43,False
39,18,2011-12-16,67845.4,False
39,18,2011-12-23,47211.99,False
39,18,2011-12-30,33573.51,True
39,20,2011-12-02,6547.28,False
39,20,2011-12-09,7699.17,False
39,20,2011-12-16,8129.97,False
39,20,2011-12-23,11169.2,False
39,20,2011-12-30,6304.13,True
39,21,2011-12-02,9081.74,False
39,21,2011-12-09,9706.24,False
39,21,2011-12-16,13967.82,False
39,21,2011-12-23,15352.57,False
39,21,2011-12-30,6034.15,True
39,22,2011-12-02,16622.49,False
39,22,2011-12-09,17259.42,False
39,22,2011-12-16,18966.62,False
39,22,2011-12-23,27390.63,False
39,22,2011-12-30,14403.86,True
39,23,2011-12-02,22060.37,False
39,23,2011-12-09,26824.85,False
39,23,2011-12-16,29319.06,False
39,23,2011-12-23,49009.88,False
39,23,2011-12-30,22323.72,True
39,24,2011-12-02,11968.15,False
39,24,2011-12-09,13723.14,False
39,24,2011-12-16,11245.44,False
39,24,2011-12-23,10896.64,False
39,24,2011-12-30,5225.77,True
39,25,2011-12-02,9372.82,False
39,25,2011-12-09,11363.83,False
39,25,2011-12-16,10910.76,False
39,25,2011-12-23,12596.76,False
39,25,2011-12-30,7086.18,True
39,26,2011-12-02,13261.71,False
39,26,2011-12-09,12109.72,False
39,26,2011-12-16,12238.99,False
39,26,2011-12-23,13794.38,False
39,26,2011-12-30,6088.33,True
39,27,2011-12-02,2641.45,False
39,27,2011-12-09,3340.15,False
39,27,2011-12-16,3880.6,False
39,27,2011-12-23,4454.58,False
39,27,2011-12-30,2237.49,True
39,28,2011-12-02,999.59,False
39,28,2011-12-09,1621.01,False
39,28,2011-12-16,1478.48,False
39,28,2011-12-23,1551.6,False
39,28,2011-12-30,867.67,True
39,29,2011-12-02,6691.05,False
39,29,2011-12-09,7590.09,False
39,29,2011-12-16,10388.91,False
39,29,2011-12-23,14443.2,False
39,29,2011-12-30,7637.13,True
39,30,2011-12-02,3272.29,False
39,30,2011-12-09,2632.31,False
39,30,2011-12-16,3633.23,False
39,30,2011-12-23,4056.22,False
39,30,2011-12-30,3509.66,True
39,31,2011-12-02,2756.55,False
39,31,2011-12-09,4529.92,False
39,31,2011-12-16,3821.94,False
39,31,2011-12-23,5191.15,False
39,31,2011-12-30,2500.16,True
39,32,2011-12-02,6691.17,False
39,32,2011-12-09,7603.33,False
39,32,2011-12-16,12553.19,False
39,32,2011-12-23,20974.8,False
39,32,2011-12-30,10761.22,True
39,33,2011-12-02,11859.98,False
39,33,2011-12-09,11637.88,False
39,33,2011-12-16,13131.27,False
39,33,2011-12-23,14449.38,False
39,33,2011-12-30,6205.57,True
39,34,2011-12-02,18274.67,False
39,34,2011-12-09,21878.72,False
39,34,2011-12-16,20782.55,False
39,34,2011-12-23,22717.83,False
39,34,2011-12-30,13838.16,True
39,35,2011-12-02,2375.68,False
39,35,2011-12-09,2609.7,False
39,35,2011-12-16,2710.69,False
39,35,2011-12-23,2565.0,False
39,35,2011-12-30,1749.23,True
39,36,2011-12-02,1023.71,False
39,36,2011-12-09,1913.96,False
39,36,2011-12-16,1492.62,False
39,36,2011-12-23,1701.74,False
39,36,2011-12-30,1045.16,True
39,38,2011-12-02,55383.12,False
39,38,2011-12-09,46163.36,False
39,38,2011-12-16,52738.59,False
39,38,2011-12-23,40926.88,False
39,38,2011-12-30,37936.62,True
39,40,2011-12-02,64548.55,False
39,40,2011-12-09,60748.59,False
39,40,2011-12-16,66719.18,False
39,40,2011-12-23,71737.53,False
39,40,2011-12-30,57041.05,True
39,41,2011-12-02,3071.83,False
39,41,2011-12-09,2570.63,False
39,41,2011-12-16,4441.91,False
39,41,2011-12-23,7810.85,False
39,41,2011-12-30,2440.44,True
39,42,2011-12-02,3209.36,False
39,42,2011-12-09,3869.06,False
39,42,2011-12-16,4242.09,False
39,42,2011-12-23,4361.04,False
39,42,2011-12-30,4336.34,True
39,44,2011-12-02,6497.46,False
39,44,2011-12-09,6900.47,False
39,44,2011-12-16,6468.55,False
39,44,2011-12-23,8335.92,False
39,44,2011-12-30,3867.11,True
39,46,2011-12-02,34639.45,False
39,46,2011-12-09,36774.88,False
39,46,2011-12-16,41363.31,False
39,46,2011-12-23,55649.37,False
39,46,2011-12-30,36155.87,True
39,47,2011-12-09,-14.4,False
39,49,2011-12-02,6529.96,False
39,49,2011-12-09,9139.94,False
39,49,2011-12-16,8553.77,False
39,49,2011-12-23,8283.97,False
39,49,2011-12-30,8050.64,True
39,51,2011-12-23,10.0,False
39,52,2011-12-02,2992.47,False
39,52,2011-12-09,2639.7,False
39,52,2011-12-16,2931.05,False
39,52,2011-12-23,3907.59,False
39,52,2011-12-30,1663.88,True
39,54,2011-12-02,35.12,False
39,54,2011-12-09,87.8,False
39,54,2011-12-16,58.8,False
39,54,2011-12-23,157.72,False
39,54,2011-12-30,84.76,True
39,55,2011-12-02,16451.48,False
39,55,2011-12-09,19794.79,False
39,55,2011-12-16,31993.65,False
39,55,2011-12-23,52992.5,False
39,55,2011-12-30,24540.89,True
39,56,2011-12-02,6481.96,False
39,56,2011-12-09,5416.04,False
39,56,2011-12-16,3312.42,False
39,56,2011-12-23,906.13,False
39,56,2011-12-30,238.46,True
39,58,2011-12-02,6190.0,False
39,58,2011-12-09,3165.0,False
39,58,2011-12-16,1210.0,False
39,58,2011-12-23,2380.0,False
39,58,2011-12-30,495.0,True
39,59,2011-12-02,1625.96,False
39,59,2011-12-09,2383.84,False
39,59,2011-12-16,3991.2,False
39,59,2011-12-23,3365.01,False
39,59,2011-12-30,1804.99,True
39,60,2011-12-02,616.0,False
39,60,2011-12-09,871.2,False
39,60,2011-12-16,1293.6,False
39,60,2011-12-23,1399.2,False
39,60,2011-12-30,457.6,True
39,67,2011-12-02,12284.36,False
39,67,2011-12-09,17527.51,False
39,67,2011-12-16,25889.69,False
39,67,2011-12-23,28523.61,False
39,67,2011-12-30,12638.71,True
39,71,2011-12-02,6996.59,False
39,71,2011-12-09,8217.82,False
39,71,2011-12-16,9068.21,False
39,71,2011-12-23,13316.63,False
39,71,2011-12-30,8876.75,True
39,72,2011-12-02,56159.4,False
39,72,2011-12-09,57608.18,False
39,72,2011-12-16,79361.48,False
39,72,2011-12-23,152424.0,False
39,72,2011-12-30,82877.45,True
39,74,2011-12-02,19249.08,False
39,74,2011-12-09,19464.49,False
39,74,2011-12-16,20217.78,False
39,74,2011-12-23,31460.13,False
39,74,2011-12-30,35077.36,True
39,77,2011-12-09,-159.0,False
39,77,2011-12-16,178.0,False
39,79,2011-12-02,43483.81,False
39,79,2011-12-09,44554.91,False
39,79,2011-12-16,41218.3,False
39,79,2011-12-23,49753.87,False
39,79,2011-12-30,35990.88,True
39,80,2011-12-02,12045.97,False
39,80,2011-12-09,12947.17,False
39,80,2011-12-16,12829.58,False
39,80,2011-12-23,15200.98,False
39,80,2011-12-30,10422.96,True
39,81,2011-12-02,20121.92,False
39,81,2011-12-09,20329.38,False
39,81,2011-12-16,20086.33,False
39,81,2011-12-23,22614.74,False
39,81,2011-12-30,17092.43,True
39,82,2011-12-02,30448.33,False
39,82,2011-12-09,39185.9,False
39,82,2011-12-16,66547.34,False
39,82,2011-12-23,107335.38,False
39,82,2011-12-30,48411.97,True
39,83,2011-12-02,4981.41,False
39,83,2011-12-09,5546.44,False
39,83,2011-12-16,5445.02,False
39,83,2011-12-23,6855.38,False
39,83,2011-12-30,6047.94,True
39,85,2011-12-02,2793.15,False
39,85,2011-12-09,4170.2,False
39,85,2011-12-16,5796.55,False
39,85,2011-12-23,7928.22,False
39,85,2011-12-30,2319.79,True
39,87,2011-12-02,7230.86,False
39,87,2011-12-09,7088.64,False
39,87,2011-12-16,8412.03,False
39,87,2011-12-23,13002.66,False
39,87,2011-12-30,8935.15,True
39,90,2011-12-02,84566.89,False
39,90,2011-12-09,89338.12,False
39,90,2011-12-16,93886.24,False
39,90,2011-12-23,116138.97,False
39,90,2011-12-30,80965.81,True
39,91,2011-12-02,57179.37,False
39,91,2011-12-09,63157.44,False
39,91,2011-12-16,61485.98,False
39,91,2011-12-23,67443.35,False
39,91,2011-12-30,48973.55,True
39,92,2011-12-02,116367.14,False
39,92,2011-12-09,137318.32,False
39,92,2011-12-16,143454.27,False
39,92,2011-12-23,178292.77,False
39,92,2011-12-30,109435.11,True
39,93,2011-12-02,37773.44,False
39,93,2011-12-09,43083.64,False
39,93,2011-12-16,41958.89,False
39,93,2011-12-23,56179.73,False
39,93,2011-12-30,37757.12,True
39,94,2011-12-02,50434.98,False
39,94,2011-12-09,53900.26,False
39,94,2011-12-16,54229.95,False
39,94,2011-12-23,65552.66,False
39,94,2011-12-30,50605.75,True
39,95,2011-12-02,97100.94,False
39,95,2011-12-09,106676.67,False
39,95,2011-12-16,109732.98,False
39,95,2011-12-23,118739.75,False
39,95,2011-12-30,88294.97,True
39,96,2011-12-02,23170.3,False
39,96,2011-12-09,26719.32,False
39,96,2011-12-16,31542.64,False
39,96,2011-12-23,47587.24,False
39,96,2011-12-30,39483.85,True
39,97,2011-12-02,23032.95,False
39,97,2011-12-09,24853.34,False
39,97,2011-12-16,24969.26,False
39,97,2011-12-23,29076.49,False
39,97,2011-12-30,21583.91,True
39,98,2011-12-02,9419.77,False
39,98,2011-12-09,12328.7,False
39,98,2011-12-16,16863.66,False
39,98,2011-12-23,14483.83,False
39,98,2011-12-30,9945.36,True
39,99,2011-12-09,895.0,False
39,99,2011-12-16,3280.0,False
39,99,2011-12-23,2140.0,False
40,1,2011-12-02,20493.98,False
40,1,2011-12-09,30088.88,False
40,1,2011-12-16,35247.87,False
40,1,2011-12-23,43825.22,False
40,1,2011-12-30,18275.15,True
40,2,2011-12-02,27566.42,False
40,2,2011-12-09,31767.28,False
40,2,2011-12-16,33543.44,False
40,2,2011-12-23,49470.42,False
40,2,2011-12-30,24531.03,True
40,3,2011-12-02,7653.31,False
40,3,2011-12-09,8807.7,False
40,3,2011-12-16,10057.43,False
40,3,2011-12-23,14089.26,False
40,3,2011-12-30,6197.18,True
40,4,2011-12-02,24346.86,False
40,4,2011-12-09,24713.42,False
40,4,2011-12-16,23198.36,False
40,4,2011-12-23,27543.69,False
40,4,2011-12-30,20958.23,True
40,5,2011-12-02,23330.62,False
40,5,2011-12-09,28991.43,False
40,5,2011-12-16,37247.73,False
40,5,2011-12-23,51585.02,False
40,5,2011-12-30,26514.19,True
40,6,2011-12-02,5256.12,False
40,6,2011-12-09,5490.48,False
40,6,2011-12-16,9604.17,False
40,6,2011-12-23,14149.98,False
40,6,2011-12-30,3828.48,True
40,7,2011-12-02,40445.72,False
40,7,2011-12-09,45080.22,False
40,7,2011-12-16,56075.13,False
40,7,2011-12-23,90908.53,False
40,7,2011-12-30,22286.28,True
40,8,2011-12-02,36206.3,False
40,8,2011-12-09,35951.77,False
40,8,2011-12-16,36720.22,False
40,8,2011-12-23,42369.15,False
40,8,2011-12-30,32346.94,True
40,9,2011-12-02,13231.15,False
40,9,2011-12-09,16073.88,False
40,9,2011-12-16,16947.03,False
40,9,2011-12-23,32834.17,False
40,9,2011-12-30,12709.44,True
40,10,2011-12-02,26491.72,False
40,10,2011-12-09,24953.51,False
40,10,2011-12-16,22179.78,False
40,10,2011-12-23,25783.95,False
40,10,2011-12-30,21437.13,True
40,11,2011-12-02,14044.63,False
40,11,2011-12-09,16341.71,False
40,11,2011-12-16,16289.6,False
40,11,2011-12-23,21362.97,False
40,11,2011-12-30,14223.15,True
40,12,2011-12-02,2937.04,False
40,12,2011-12-09,3265.55,False
40,12,2011-12-16,2882.73,False
40,12,2011-12-23,2778.78,False
40,12,2011-12-30,1780.57,True
40,13,2011-12-02,19691.9,False
40,13,2011-12-09,19928.69,False
40,13,2011-12-16,18795.57,False
40,13,2011-12-23,20119.01,False
40,13,2011-12-30,15828.79,True
40,14,2011-12-02,17596.25,False
40,14,2011-12-09,21891.37,False
40,14,2011-12-16,24888.03,False
40,14,2011-12-23,43797.53,False
40,14,2011-12-30,16723.36,True
40,16,2011-12-02,4374.74,False
40,16,2011-12-09,4051.02,False
40,16,2011-12-16,3370.44,False
40,16,2011-12-23,5483.56,False
40,16,2011-12-30,4367.59,True
40,17,2011-12-02,10344.38,False
40,17,2011-12-09,10934.89,False
40,17,2011-12-16,13828.47,False
40,17,2011-12-23,21761.07,False
40,17,2011-12-30,10457.69,True
40,18,2011-12-02,24468.49,False
40,18,2011-12-09,28379.06,False
40,18,2011-12-16,22793.85,False
40,18,2011-12-23,21584.14,False
40,18,2011-12-30,12968.48,True
40,20,2011-12-02,2723.52,False
40,20,2011-12-09,3349.13,False
40,20,2011-12-16,3659.41,False
40,20,2011-12-23,4947.51,False
40,20,2011-12-30,3097.68,True
40,21,2011-12-02,8276.84,False
40,21,2011-12-09,10008.39,False
40,21,2011-12-16,11402.09,False
40,21,2011-12-23,15832.28,False
40,21,2011-12-30,6788.97,True
40,22,2011-12-02,8725.3,False
40,22,2011-12-09,7380.24,False
40,22,2011-12-16,10345.01,False
40,22,2011-12-23,14217.49,False
40,22,2011-12-30,8237.03,True
40,23,2011-12-02,16921.32,False
40,23,2011-12-09,21342.72,False
40,23,2011-12-16,25983.57,False
40,23,2011-12-23,43679.79,False
40,23,2011-12-30,15235.15,True
40,24,2011-12-02,4308.69,False
40,24,2011-12-09,6123.02,False
40,24,2011-12-16,6301.77,False
40,24,2011-12-23,7336.88,False
40,24,2011-12-30,1745.78,True
40,25,2011-12-02,6762.4,False
40,25,2011-12-09,7639.15,False
40,25,2011-12-16,9318.02,False
40,25,2011-12-23,9578.62,False
40,25,2011-12-30,5151.76,True
40,26,2011-12-02,5678.47,False
40,26,2011-12-09,5745.24,False
40,26,2011-12-16,6426.11,False
40,26,2011-12-23,7731.56,False
40,26,2011-12-30,2405.54,True
40,27,2011-12-02,1379.02,False
40,27,2011-12-09,1481.54,False
40,27,2011-12-16,2032.18,False
40,27,2011-12-23,3333.44,False
40,27,2011-12-30,1353.71,True
40,28,2011-12-02,316.53,False
40,28,2011-12-09,471.93,False
40,28,2011-12-16,373.58,False
40,28,2011-12-23,420.07,False
40,28,2011-12-30,202.41,True
40,29,2011-12-02,4141.98,False
40,29,2011-12-09,4710.67,False
40,29,2011-12-16,5969.86,False
40,29,2011-12-23,9565.14,False
40,29,2011-12-30,4476.24,True
40,30,2011-12-02,1847.6,False
40,30,2011-12-09,2224.25,False
40,30,2011-12-16,2293.32,False
40,30,2011-12-23,2897.48,False
40,30,2011-12-30,1926.6,True
40,31,2011-12-02,1396.65,False
40,31,2011-12-09,1749.5,False
40,31,2011-12-16,2449.89,False
40,31,2011-12-23,4290.71,False
40,31,2011-12-30,1594.86,True
40,32,2011-12-02,4826.55,False
40,32,2011-12-09,6759.36,False
40,32,2011-12-16,9549.27,False
40,32,2011-12-23,19917.77,False
40,32,2011-12-30,7426.6,True
40,33,2011-12-02,3822.82,False
40,33,2011-12-09,5345.54,False
40,33,2011-12-16,5451.64,False
40,33,2011-12-23,7150.51,False
40,33,2011-12-30,2396.44,True
40,34,2011-12-02,5708.15,False
40,34,2011-12-09,5635.32,False
40,34,2011-12-16,6967.99,False
40,34,2011-12-23,10570.49,False
40,34,2011-12-30,6148.36,True
40,35,2011-12-02,2082.38,False
40,35,2011-12-09,2105.79,False
40,35,2011-12-16,2004.13,False
40,35,2011-12-23,2996.55,False
40,35,2011-12-30,1090.25,True
40,36,2011-12-02,815.23,False
40,36,2011-12-09,686.58,False
40,36,2011-12-16,1159.4,False
40,36,2011-12-23,1825.68,False
40,36,2011-12-30,959.31,True
40,37,2011-12-02,3243.11,False
40,37,2011-12-09,3370.91,False
40,37,2011-12-16,2057.64,False
40,37,2011-12-23,2152.79,False
40,37,2011-12-30,2037.09,True
40,38,2011-12-02,39239.21,False
40,38,2011-12-09,42136.17,False
40,38,2011-12-16,35144.71,False
40,38,2011-12-23,45937.5,False
40,38,2011-12-30,33092.39,True
40,40,2011-12-02,34431.39,False
40,40,2011-12-09,35446.73,False
40,40,2011-12-16,33262.2,False
40,40,2011-12-23,38002.61,False
40,40,2011-12-30,29041.04,True
40,41,2011-12-02,181.5,False
40,41,2011-12-09,370.97,False
40,41,2011-12-16,700.47,False
40,41,2011-12-23,954.38,False
40,41,2011-12-30,484.44,True
40,42,2011-12-02,4124.5,False
40,42,2011-12-09,5138.7,False
40,42,2011-12-16,4094.65,False
40,42,2011-12-23,4170.77,False
40,42,2011-12-30,3919.87,True
40,44,2011-12-02,6260.1,False
40,44,2011-12-09,6386.46,False
40,44,2011-12-16,6890.54,False
40,44,2011-12-23,8496.66,False
40,44,2011-12-30,3670.41,True
40,45,2011-12-02,23.94,False
40,46,2011-12-02,10227.89,False
40,46,2011-12-09,10523.52,False
40,46,2011-12-16,13451.84,False
40,46,2011-12-23,20101.65,False
40,46,2011-12-30,11856.73,True
40,48,2011-12-02,1251.0,False
40,48,2011-12-09,236.0,False
40,48,2011-12-16,877.0,False
40,48,2011-12-23,2578.0,False
40,48,2011-12-30,324.0,True
40,49,2011-12-02,32.67,False
40,49,2011-12-09,50.49,False
40,49,2011-12-16,77.22,False
40,49,2011-12-23,62.37,False
40,49,2011-12-30,44.55,True
40,52,2011-12-02,837.4,False
40,52,2011-12-09,1378.4,False
40,52,2011-12-16,1119.15,False
40,52,2011-12-23,1949.08,False
40,52,2011-12-30,853.66,True
40,54,2011-12-02,10.0,False
40,54,2011-12-09,30.76,False
40,54,2011-12-16,-8.92,False
40,54,2011-12-23,134.8,False
40,54,2011-12-30,129.0,True
40,55,2011-12-02,13799.56,False
40,55,2011-12-09,14576.77,False
40,55,2011-12-16,18285.28,False
40,55,2011-12-23,32471.76,False
40,55,2011-12-30,19177.41,True
40,56,2011-12-02,2030.67,False
40,56,2011-12-09,3092.46,False
40,56,2011-12-16,2771.09,False
40,56,2011-12-23,2271.26,False
40,56,2011-12-30,730.52,True
40,58,2011-12-02,6655.0,False
40,58,2011-12-09,5910.0,False
40,58,2011-12-16,3955.0,False
40,58,2011-12-23,6055.0,False
40,58,2011-12-30,3830.0,True
40,59,2011-12-02,492.44,False
40,59,2011-12-09,607.49,False
40,59,2011-12-16,1151.85,False
40,59,2011-12-23,1037.69,False
40,59,2011-12-30,480.53,True
40,60,2011-12-02,149.6,False
40,60,2011-12-09,149.6,False
40,60,2011-12-16,413.6,False
40,60,2011-12-23,167.2,False
40,60,2011-12-30,123.2,True
40,67,2011-12-02,7082.44,False
40,67,2011-12-09,9382.36,False
40,67,2011-12-16,11466.31,False
40,67,2011-12-23,17227.37,False
40,67,2011-12-30,7003.46,True
40,71,2011-12-02,2310.56,False
40,71,2011-12-09,3237.99,False
40,71,2011-12-16,2802.44,False
40,71,2011-12-23,5522.43,False
40,71,2011-12-30,2332.06,True
40,72,2011-12-02,56657.24,False
40,72,2011-12-09,51385.98,False
40,72,2011-12-16,60538.41,False
40,72,2011-12-23,109600.9,False
40,72,2011-12-30,48036.43,True
40,74,2011-12-02,8418.7,False
40,74,2011-12-09,10654.24,False
40,74,2011-12-16,9638.61,False
40,74,2011-12-23,12035.54,False
40,74,2011-12-30,10646.57,True
40,77,2011-12-02,363.0,False
40,77,2011-12-09,408.0,False
40,77,2011-12-16,204.0,False
40,79,2011-12-02,13733.24,False
40,79,2011-12-09,13117.17,False
40,79,2011-12-16,12546.4,False
40,79,2011-12-23,17497.28,False
40,79,2011-12-30,10121.79,True
40,80,2011-12-02,14345.06,False
40,80,2011-12-09,16885.85,False
40,80,2011-12-16,17300.27,False
40,80,2011-12-23,18941.44,False
40,80,2011-12-30,13612.19,True
40,81,2011-12-02,20337.63,False
40,81,2011-12-09,21279.95,False
40,81,2011-12-16,19299.16,False
40,81,2011-12-23,19726.92,False
40,81,2011-12-30,15282.25,True
40,82,2011-12-02,18322.83,False
40,82,2011-12-09,23704.22,False
40,82,2011-12-16,28799.21,False
40,82,2011-12-23,49969.77,False
40,82,2011-12-30,23343.1,True
40,83,2011-12-02,2845.85,False
40,83,2011-12-09,3737.02,False
40,83,2011-12-16,4288.29,False
40,83,2011-12-23,5698.96,False
40,83,2011-12-30,4367.21,True
40,85,2011-12-02,2745.12,False
40,85,2011-12-09,3791.23,False
40,85,2011-12-16,6352.04,False
40,85,2011-12-23,7806.64,False
40,85,2011-12-30,2510.47,True
40,87,2011-12-02,23437.96,False
40,87,2011-12-09,19759.05,False
40,87,2011-12-16,22578.65,False
40,87,2011-12-23,25971.96,False
40,87,2011-12-30,20043.8,True
40,90,2011-12-02,62359.46,False
40,90,2011-12-09,68545.22,False
40,90,2011-12-16,66820.26,False
40,90,2011-12-23,81377.88,False
40,90,2011-12-30,55860.25,True
40,91,2011-12-02,40367.98,False
40,91,2011-12-09,44975.76,False
40,91,2011-12-16,39536.8,False
40,91,2011-12-23,45845.32,False
40,91,2011-12-30,34903.96,True
40,92,2011-12-02,114001.18,False
40,92,2011-12-09,120976.05,False
40,92,2011-12-16,112033.16,False
40,92,2011-12-23,128460.94,False
40,92,2011-12-30,79696.82,True
40,93,2011-12-02,25674.37,False
40,93,2011-12-09,30687.39,False
40,93,2011-12-16,27833.09,False
40,93,2011-12-23,30141.35,False
40,93,2011-12-30,20653.27,True
40,94,2011-12-02,29351.11,False
40,94,2011-12-09,31368.78,False
40,94,2011-12-16,32024.85,False
40,94,2011-12-23,39580.76,False
40,94,2011-12-30,27760.87,True
40,95,2011-12-02,61391.69,False
40,95,2011-12-09,67079.56,False
40,95,2011-12-16,64798.55,False
40,95,2011-12-23,74315.14,False
40,95,2011-12-30,51399.39,True
40,96,2011-12-02,12319.09,False
40,96,2011-12-09,12829.46,False
40,96,2011-12-16,13564.67,False
40,96,2011-12-23,19124.03,False
40,96,2011-12-30,14901.78,True
40,97,2011-12-02,14687.64,False
40,97,2011-12-09,16285.43,False
40,97,2011-12-16,15480.73,False
40,97,2011-12-23,18076.56,False
40,97,2011-12-30,13133.67,True
40,98,2011-12-02,7721.41,False
40,98,2011-12-09,9068.61,False
40,98,2011-12-16,9693.88,False
40,98,2011-12-23,11882.57,False
40,98,2011-12-30,7778.6,True
40,99,2011-12-09,675.0,False
40,99,2011-12-16,1470.0,False
40,99,2011-12-23,500.0,False
41,1,2011-12-02,27649.66,False
41,1,2011-12-09,41193.1,False
41,1,2011-12-16,53190.65,False
41,1,2011-12-23,64474.28,False
41,1,2011-12-30,23631.9,True
41,2,2011-12-02,47888.52,False
41,2,2011-12-09,53821.27,False
41,2,2011-12-16,57997.64,False
41,2,2011-12-23,75393.7,False
41,2,2011-12-30,46125.25,True
41,3,2011-12-02,12726.26,False
41,3,2011-12-09,15191.16,False
41,3,2011-12-16,18780.72,False
41,3,2011-12-23,22586.47,False
41,3,2011-12-30,11433.58,True
41,4,2011-12-02,30242.26,False
41,4,2011-12-09,31765.94,False
41,4,2011-12-16,32770.79,False
41,4,2011-12-23,36871.51,False
41,4,2011-12-30,29022.12,True
41,5,2011-12-02,28619.43,False
41,5,2011-12-09,48617.67,False
41,5,2011-12-16,57313.05,False
41,5,2011-12-23,91905.95,False
41,5,2011-12-30,43093.22,True
41,6,2011-12-02,3524.57,False
41,6,2011-12-09,5170.67,False
41,6,2011-12-16,10032.92,False
41,6,2011-12-23,16181.8,False
41,6,2011-12-30,5849.23,True
41,7,2011-12-02,53366.55,False
41,7,2011-12-09,84794.49,False
41,7,2011-12-16,122715.44,False
41,7,2011-12-23,173739.94,False
41,7,2011-12-30,45659.44,True
41,8,2011-12-02,34825.81,False
41,8,2011-12-09,38782.09,False
41,8,2011-12-16,40037.49,False
41,8,2011-12-23,51548.86,False
41,8,2011-12-30,33541.79,True
41,9,2011-12-02,19829.12,False
41,9,2011-12-09,21837.26,False
41,9,2011-12-16,28824.24,False
41,9,2011-12-23,49714.58,False
41,9,2011-12-30,28234.5,True
41,10,2011-12-02,13303.42,False
41,10,2011-12-09,16003.36,False
41,10,2011-12-16,13613.51,False
41,10,2011-12-23,23638.76,False
41,10,2011-12-30,13639.43,True
41,11,2011-12-02,19382.44,False
41,11,2011-12-09,18690.53,False
41,11,2011-12-16,16209.6,False
41,11,2011-12-23,18916.36,False
41,11,2011-12-30,13060.3,True
41,12,2011-12-02,2806.8,False
41,12,2011-12-09,2296.4,False
41,12,2011-12-16,2866.36,False
41,12,2011-12-23,3193.48,False
41,12,2011-12-30,3558.09,True
41,13,2011-12-02,30043.27,False
41,13,2011-12-09,30546.27,False
41,13,2011-12-16,30961.71,False
41,13,2011-12-23,34680.22,False
41,13,2011-12-30,28692.41,True
41,14,2011-12-02,19503.94,False
41,14,2011-12-09,26460.74,False
41,14,2011-12-16,31743.24,False
41,14,2011-12-23,56527.75,False
41,14,2011-12-30,23432.79,True
41,16,2011-12-02,3354.76,False
41,16,2011-12-09,3985.05,False
41,16,2011-12-16,2728.33,False
41,16,2011-12-23,5088.21,False
41,16,2011-12-30,3150.18,True
41,17,2011-12-02,13457.47,False
41,17,2011-12-09,16888.26,False
41,17,2011-12-16,16960.21,False
41,17,2011-12-23,25494.9,False
41,17,2011-12-30,13085.22,True
41,18,2011-12-02,57648.4,False
41,18,2011-12-09,47206.03,False
41,18,2011-12-16,37614.06,False
41,18,2011-12-23,34866.95,False
41,18,2011-12-30,27056.43,True
41,19,2011-12-02,1566.96,False
41,19,2011-12-09,2192.19,False
41,19,2011-12-16,2011.0,False
41,19,2011-12-23,2709.4,False
41,19,2011-12-30,1159.97,True
41,20,2011-12-02,3826.91,False
41,20,2011-12-09,3819.8,False
41,20,2011-12-16,4355.93,False
41,20,2011-12-23,6215.13,False
41,20,2011-12-30,3801.55,True
41,21,2011-12-02,5051.48,False
41,21,2011-12-09,5813.67,False
41,21,2011-12-16,9070.27,False
41,21,2011-12-23,13244.71,False
41,21,2011-12-30,4638.51,True
41,22,2011-12-02,8937.94,False
41,22,2011-12-09,12220.21,False
41,22,2011-12-16,16865.53,False
41,22,2011-12-23,25976.73,False
41,22,2011-12-30,12402.95,True
41,23,2011-12-02,18969.29,False
41,23,2011-12-09,27135.77,False
41,23,2011-12-16,32129.17,False
41,23,2011-12-23,50888.55,False
41,23,2011-12-30,20266.26,True
41,24,2011-12-02,6029.09,False
41,24,2011-12-09,10058.12,False
41,24,2011-12-16,10383.63,False
41,24,2011-12-23,13194.36,False
41,24,2011-12-30,3845.24,True
41,25,2011-12-02,7025.49,False
41,25,2011-12-09,10771.36,False
41,25,2011-12-16,9801.1,False
41,25,2011-12-23,14005.22,False
41,25,2011-12-30,6896.29,True
41,26,2011-12-02,7229.08,False
41,26,2011-12-09,9698.0,False
41,26,2011-12-16,9725.88,False
41,26,2011-12-23,14007.46,False
41,26,2011-12-30,4775.01,True
41,27,2011-12-02,2102.57,False
41,27,2011-12-09,2390.39,False
41,27,2011-12-16,3487.01,False
41,27,2011-12-23,5622.59,False
41,27,2011-12-30,2238.09,True
41,28,2011-12-02,574.78,False
41,28,2011-12-09,726.44,False
41,28,2011-12-16,856.82,False
41,28,2011-12-23,793.31,False
41,28,2011-12-30,606.33,True
41,29,2011-12-02,5123.07,False
41,29,2011-12-09,5363.06,False
41,29,2011-12-16,7522.02,False
41,29,2011-12-23,12684.22,False
41,29,2011-12-30,6471.76,True
41,30,2011-12-02,2122.17,False
41,30,2011-12-09,2059.36,False
41,30,2011-12-16,1820.7,False
41,30,2011-12-23,3182.84,False
41,30,2011-12-30,2535.34,True
41,31,2011-12-02,1577.95,False
41,31,2011-12-09,3205.42,False
41,31,2011-12-16,3081.04,False
41,31,2011-12-23,5716.37,False
41,31,2011-12-30,1894.92,True
41,32,2011-12-02,5524.8,False
41,32,2011-12-09,6791.43,False
41,32,2011-12-16,8802.47,False
41,32,2011-12-23,19886.43,False
41,32,2011-12-30,7227.53,True
41,33,2011-12-02,7296.86,False
41,33,2011-12-09,11229.63,False
41,33,2011-12-16,10595.93,False
41,33,2011-12-23,13905.97,False
41,33,2011-12-30,4783.28,True
41,34,2011-12-02,8600.2,False
41,34,2011-12-09,10954.91,False
41,34,2011-12-16,11595.63,False
41,34,2011-12-23,16460.21,False
41,34,2011-12-30,9104.49,True
41,35,2011-12-02,2259.78,False
41,35,2011-12-09,2446.48,False
41,35,2011-12-16,2709.76,False
41,35,2011-12-23,3431.57,False
41,35,2011-12-30,1994.51,True
41,36,2011-12-02,1320.86,False
41,36,2011-12-09,1860.45,False
41,36,2011-12-16,2132.89,False
41,36,2011-12-23,2891.26,False
41,36,2011-12-30,1654.77,True
41,38,2011-12-02,49631.04,False
41,38,2011-12-09,67369.67,False
41,38,2011-12-16,50805.66,False
41,38,2011-12-23,46541.84,False
41,38,2011-12-30,53126.25,True
41,40,2011-12-02,52204.42,False
41,40,2011-12-09,55622.9,False
41,40,2011-12-16,55791.75,False
41,40,2011-12-23,66069.68,False
41,40,2011-12-30,50840.75,True
41,41,2011-12-02,2587.71,False
41,41,2011-12-09,3717.99,False
41,41,2011-12-16,6436.28,False
41,41,2011-12-23,8359.29,False
41,41,2011-12-30,1988.89,True
41,42,2011-12-02,4730.85,False
41,42,2011-12-09,3721.0,False
41,42,2011-12-16,5156.61,False
41,42,2011-12-23,5430.16,False
41,42,2011-12-30,4879.37,True
41,44,2011-12-02,6512.91,False
41,44,2011-12-09,7284.77,False
41,44,2011-12-16,9559.42,False
41,44,2011-12-23,12941.59,False
41,44,2011-12-30,3904.37,True
41,45,2011-12-02,51.79,False
41,45,2011-12-09,11.94,False
41,45,2011-12-16,11.94,False
41,45,2011-12-30,11.94,True
41,46,2011-12-02,27946.04,False
41,46,2011-12-09,32718.68,False
41,46,2011-12-16,34377.97,False
41,46,2011-12-23,48966.19,False
41,46,2011-12-30,29600.32,True
41,48,2011-12-02,1946.0,False
41,48,2011-12-09,2811.0,False
41,48,2011-12-16,3202.0,False
41,48,2011-12-23,2631.0,False
41,48,2011-12-30,1254.0,True
41,49,2011-12-02,4229.78,False
41,49,2011-12-09,7516.43,False
41,49,2011-12-16,5422.39,False
41,49,2011-12-23,7144.41,False
41,49,2011-12-30,9684.6,True
41,52,2011-12-02,2680.27,False
41,52,2011-12-09,3025.4,False
41,52,2011-12-16,3749.21,False
41,52,2011-12-23,4828.82,False
41,52,2011-12-30,2865.99,True
41,54,2011-12-09,41.88,False
41,54,2011-12-16,50.0,False
41,54,2011-12-23,203.12,False
41,54,2011-12-30,117.0,True
41,55,2011-12-02,11857.81,False
41,55,2011-12-09,18166.42,False
41,55,2011-12-16,27452.25,False
41,55,2011-12-23,47859.76,False
41,55,2011-12-30,22256.75,True
41,56,2011-12-02,1617.95,False
41,56,2011-12-09,2128.72,False
41,56,2011-12-16,1539.37,False
41,56,2011-12-23,1117.4,False
41,56,2011-12-30,518.45,True
41,58,2011-12-02,13450.0,False
41,58,2011-12-09,4887.5,False
41,58,2011-12-16,5380.0,False
41,58,2011-12-23,8102.5,False
41,58,2011-12-30,3622.5,True
41,59,2011-12-02,1542.47,False
41,59,2011-12-09,2400.58,False
41,59,2011-12-16,2488.33,False
41,59,2011-12-23,3135.11,False
41,59,2011-12-30,1788.45,True
41,60,2011-12-02,607.2,False
41,60,2011-12-09,853.6,False
41,60,2011-12-16,1478.4,False
41,60,2011-12-23,1328.8,False
41,60,2011-12-30,404.8,True
41,67,2011-12-02,9743.27,False
41,67,2011-12-09,15079.53,False
41,67,2011-12-16,20775.73,False
41,67,2011-12-23,25058.14,False
41,67,2011-12-30,9634.41,True
41,71,2011-12-02,3717.69,False
41,71,2011-12-09,5334.81,False
41,71,2011-12-16,6920.56,False
41,71,2011-12-23,8238.62,False
41,71,2011-12-30,4598.17,True
41,72,2011-12-02,60946.58,False
41,72,2011-12-09,67504.06,False
41,72,2011-12-16,89176.46,False
41,72,2011-12-23,146853.24,False
41,72,2011-12-30,84498.54,True
41,74,2011-12-02,14586.09,False
41,74,2011-12-09,14704.95,False
41,74,2011-12-16,17695.83,False
41,74,2011-12-23,21376.9,False
41,74,2011-12-30,22859.36,True
41,77,2011-12-23,198.0,False
41,79,2011-12-02,20937.81,False
41,79,2011-12-09,21142.73,False
41,79,2011-12-16,21083.59,False
41,79,2011-12-23,30305.86,False
41,79,2011-12-30,18305.48,True
41,80,2011-12-02,17124.66,False
41,80,2011-12-09,16943.2,False
41,80,2011-12-16,19239.82,False
41,80,2011-12-23,21191.0,False
41,80,2011-12-30,15082.77,True
41,81,2011-12-02,18184.14,False
41,81,2011-12-09,20102.86,False
41,81,2011-12-16,19090.8,False
41,81,2011-12-23,20332.13,False
41,81,2011-12-30,14569.41,True
41,82,2011-12-02,24128.47,False
41,82,2011-12-09,29262.44,False
41,82,2011-12-16,40806.56,False
41,82,2011-12-23,74924.97,False
41,82,2011-12-30,30847.27,True
41,83,2011-12-02,2751.67,False
41,83,2011-12-09,3978.37,False
41,83,2011-12-16,3981.94,False
41,83,2011-12-23,5393.57,False
41,83,2011-12-30,4330.4,True
41,85,2011-12-02,3613.44,False
41,85,2011-12-09,4630.4,False
41,85,2011-12-16,9248.81,False
41,85,2011-12-23,11510.3,False
41,85,2011-12-30,2911.45,True
41,87,2011-12-02,12494.75,False
41,87,2011-12-09,12004.65,False
41,87,2011-12-16,13566.62,False
41,87,2011-12-23,21220.72,False
41,87,2011-12-30,12680.48,True
41,90,2011-12-02,70541.81,False
41,90,2011-12-09,81033.31,False
41,90,2011-12-16,81263.27,False
41,90,2011-12-23,105079.2,False
41,90,2011-12-30,64125.19,True
41,91,2011-12-02,47669.31,False
41,91,2011-12-09,57239.77,False
41,91,2011-12-16,53428.31,False
41,91,2011-12-23,59423.59,False
41,91,2011-12-30,39759.28,True
41,92,2011-12-02,117622.57,False
41,92,2011-12-09,150744.01,False
41,92,2011-12-16,145341.92,False
41,92,2011-12-23,177637.8,False
41,92,2011-12-30,97566.05,True
41,93,2011-12-02,31330.1,False
41,93,2011-12-09,38929.98,False
41,93,2011-12-16,34525.37,False
41,93,2011-12-23,49661.52,False
41,93,2011-12-30,27352.17,True
41,94,2011-12-02,37971.0,False
41,94,2011-12-09,41903.26,False
41,94,2011-12-16,42707.95,False
41,94,2011-12-23,55152.5,False
41,94,2011-12-30,37849.95,True
41,95,2011-12-02,76677.07,False
41,95,2011-12-09,89097.46,False
41,95,2011-12-16,90728.37,False
41,95,2011-12-23,107995.77,False
41,95,2011-12-30,72093.82,True
41,96,2011-12-02,1920.88,False
41,96,2011-12-09,1881.27,False
41,96,2011-12-16,2310.07,False
41,96,2011-12-23,2741.65,False
41,96,2011-12-30,2594.04,True
41,97,2011-12-02,17557.52,False
41,97,2011-12-09,22294.28,False
41,97,2011-12-16,21592.11,False
41,97,2011-12-23,27044.64,False
41,97,2011-12-30,16885.8,True
41,98,2011-12-02,8009.2,False
41,98,2011-12-09,9811.12,False
41,98,2011-12-16,11395.91,False
41,98,2011-12-23,15082.84,False
41,98,2011-12-30,8918.01,True
41,99,2011-12-09,773.53,False
41,99,2011-12-16,3280.0,False
41,99,2011-12-23,3000.0,False
41,99,2011-12-30,1125.0,True
42,1,2011-12-02,9767.97,False
42,1,2011-12-09,11647.8,False
42,1,2011-12-16,13832.72,False
42,1,2011-12-23,14135.12,False
42,1,2011-12-30,8980.62,True
42,2,2011-12-02,15969.28,False
42,2,2011-12-09,15404.3,False
42,2,2011-12-16,14593.08,False
42,2,2011-12-23,15631.83,False
42,2,2011-12-30,13021.05,True
42,3,2011-12-02,606.92,False
42,3,2011-12-09,1001.99,False
42,3,2011-12-16,839.99,False
42,3,2011-12-23,892.82,False
42,3,2011-12-30,551.21,True
42,4,2011-12-02,14984.85,False
42,4,2011-12-09,15430.24,False
42,4,2011-12-16,15455.21,False
42,4,2011-12-23,16938.08,False
42,4,2011-12-30,15352.72,True
42,5,2011-12-02,1410.64,False
42,5,2011-12-09,1335.39,False
42,5,2011-12-16,1527.28,False
42,5,2011-12-23,1835.32,False
42,5,2011-12-30,1195.16,True
42,7,2011-12-02,481.68,False
42,7,2011-12-09,655.63,False
42,7,2011-12-16,935.71,False
42,7,2011-12-23,1532.46,False
42,7,2011-12-30,1319.76,True
42,8,2011-12-02,18665.03,False
42,8,2011-12-09,20025.2,False
42,8,2011-12-16,19505.91,False
42,8,2011-12-23,19840.29,False
42,8,2011-12-30,18657.38,True
42,9,2011-12-02,64.04,False
42,9,2011-12-09,91.14,False
42,9,2011-12-16,52.66,False
42,9,2011-12-23,30.18,False
42,9,2011-12-30,82.6,True
42,10,2011-12-02,404.88,False
42,10,2011-12-09,627.63,False
42,10,2011-12-16,315.47,False
42,10,2011-12-23,494.4,False
42,10,2011-12-30,443.99,True
42,11,2011-12-02,1328.57,False
42,11,2011-12-09,2001.04,False
42,11,2011-12-16,1207.35,False
42,11,2011-12-23,1197.28,False
42,11,2011-12-30,1023.76,True
42,12,2011-12-02,73.77,False
42,12,2011-12-09,92.8,False
42,12,2011-12-16,83.32,False
42,12,2011-12-23,143.5,False
42,12,2011-12-30,95.47,True
42,13,2011-12-02,13998.25,False
42,13,2011-12-09,15521.58,False
42,13,2011-12-16,13603.18,False
42,13,2011-12-23,13865.51,False
42,13,2011-12-30,13771.33,True
42,14,2011-12-02,1192.17,False
42,14,2011-12-09,1431.38,False
42,14,2011-12-16,1636.07,False
42,14,2011-12-23,2373.3,False
42,14,2011-12-30,1569.21,True
42,16,2011-12-02,752.2,False
42,16,2011-12-09,605.03,False
42,16,2011-12-16,653.0,False
42,16,2011-12-23,544.59,False
42,16,2011-12-30,550.7,True
42,17,2011-12-02,543.63,False
42,17,2011-12-09,695.93,False
42,17,2011-12-16,744.57,False
42,17,2011-12-23,995.04,False
42,17,2011-12-30,650.33,True
42,18,2011-12-02,318.72,False
42,18,2011-12-09,1636.09,False
42,18,2011-12-16,1791.67,False
42,18,2011-12-23,1660.4,False
42,18,2011-12-30,618.48,True
42,20,2011-12-02,3.97,False
42,20,2011-12-09,3.97,False
42,21,2011-12-02,1170.79,False
42,21,2011-12-09,1082.05,False
42,21,2011-12-16,1188.84,False
42,21,2011-12-23,1379.07,False
42,21,2011-12-30,1068.52,True
42,22,2011-12-02,103.04,False
42,22,2011-12-09,38.64,False
42,22,2011-12-16,38.64,False
42,22,2011-12-23,90.16,False
42,22,2011-12-30,38.64,True
42,23,2011-12-02,23.08,False
42,23,2011-12-09,50.65,False
42,23,2011-12-16,109.52,False
42,23,2011-12-23,34.98,False
42,23,2011-12-30,23.08,True
42,25,2011-12-02,46.38,False
42,25,2011-12-09,36.14,False
42,25,2011-12-16,71.02,False
42,25,2011-12-23,39.3,False
42,25,2011-12-30,33.26,True
42,27,2011-12-02,20.51,False
42,27,2011-12-09,17.31,False
42,27,2011-12-16,17.31,False
42,27,2011-12-23,23.08,False
42,27,2011-12-30,20.51,True
42,28,2011-12-02,105.77,False
42,28,2011-12-09,63.47,False
42,28,2011-12-16,81.9,False
42,28,2011-12-23,87.01,False
42,28,2011-12-30,71.65,True
42,31,2011-12-02,35.99,False
42,31,2011-12-09,5.13,False
42,31,2011-12-16,232.5,False
42,31,2011-12-23,111.5,False
42,31,2011-12-30,14.0,True
42,32,2011-12-02,30.0,False
42,32,2011-12-09,36.0,False
42,32,2011-12-16,37.0,False
42,32,2011-12-23,15.0,False
42,32,2011-12-30,30.0,True
42,38,2011-12-02,42506.11,False
42,38,2011-12-09,37928.74,False
42,38,2011-12-16,40065.53,False
42,38,2011-12-23,37072.26,False
42,38,2011-12-30,36512.23,True
42,40,2011-12-02,20427.31,False
42,40,2011-12-09,19403.39,False
42,40,2011-12-16,19909.63,False
42,40,2011-12-23,19311.82,False
42,40,2011-12-30,18154.59,True
42,42,2011-12-02,195.35,False
42,42,2011-12-09,186.06,False
42,42,2011-12-16,150.17,False
42,42,2011-12-23,153.05,False
42,42,2011-12-30,161.02,True
42,44,2011-12-09,2.0,False
42,46,2011-12-02,5506.09,False
42,46,2011-12-09,4865.48,False
42,46,2011-12-16,5079.32,False
42,46,2011-12-23,5684.25,False
42,46,2011-12-30,4915.51,True
42,52,2011-12-02,18.5,False
42,52,2011-12-09,15.96,False
42,52,2011-12-16,20.8,False
42,52,2011-12-23,30.12,False
42,52,2011-12-30,43.04,True
42,56,2011-12-02,664.66,False
42,56,2011-12-09,346.26,False
42,56,2011-12-16,352.23,False
42,56,2011-12-23,1.99,False
42,56,2011-12-30,174.0,True
42,59,2011-12-02,166.38,False
42,59,2011-12-09,274.42,False
42,59,2011-12-16,380.15,False
42,59,2011-12-23,448.91,False
42,59,2011-12-30,208.72,True
42,60,2011-12-02,360.8,False
42,60,2011-12-09,519.2,False
42,60,2011-12-16,721.6,False
42,60,2011-12-23,589.6,False
42,60,2011-12-30,369.6,True
42,67,2011-12-02,986.9,False
42,67,2011-12-09,1647.46,False
42,67,2011-12-16,1801.5,False
42,67,2011-12-23,2064.6,False
42,67,2011-12-30,1192.13,True
42,72,2011-12-09,20.0,False
42,72,2011-12-30,-19.99,True
42,74,2011-12-02,249.01,False
42,74,2011-12-09,273.07,False
42,74,2011-12-16,216.6,False
42,74,2011-12-23,246.83,False
42,74,2011-12-30,161.0,True
42,79,2011-12-02,13699.28,False
42,79,2011-12-09,13595.85,False
42,79,2011-12-16,14445.57,False
42,79,2011-12-23,15412.95,False
42,79,2011-12-30,10723.29,True
42,80,2011-12-02,12495.75,False
42,80,2011-12-09,15317.58,False
42,80,2011-12-16,15034.03,False
42,80,2011-12-23,13768.12,False
42,80,2011-12-30,10657.87,True
42,81,2011-12-02,14738.95,False
42,81,2011-12-09,17753.13,False
42,81,2011-12-16,16152.78,False
42,81,2011-12-23,14917.51,False
42,81,2011-12-30,11836.14,True
42,82,2011-12-02,7338.22,False
42,82,2011-12-09,8668.52,False
42,82,2011-12-16,9382.77,False
42,82,2011-12-23,12219.04,False
42,82,2011-12-30,8245.06,True
42,83,2011-12-02,2782.05,False
42,83,2011-12-09,4119.73,False
42,83,2011-12-16,4121.46,False
42,83,2011-12-23,3200.87,False
42,83,2011-12-30,2956.99,True
42,85,2011-12-02,69.81,False
42,85,2011-12-09,49.16,False
42,85,2011-12-16,19.49,False
42,85,2011-12-23,74.65,False
42,85,2011-12-30,68.4,True
42,87,2011-12-02,976.88,False
42,87,2011-12-09,1130.9,False
42,87,2011-12-16,934.98,False
42,87,2011-12-23,920.0,False
42,87,2011-12-30,1067.86,True
42,90,2011-12-02,50921.61,False
42,90,2011-12-09,63685.67,False
42,90,2011-12-16,58773.98,False
42,90,2011-12-23,57873.85,False
42,90,2011-12-30,45335.18,True
42,91,2011-12-02,36285.09,False
42,91,2011-12-09,49053.45,False
42,91,2011-12-16,42956.49,False
42,91,2011-12-23,37034.65,False
42,91,2011-12-30,27903.66,True
42,92,2011-12-02,76100.44,False
42,92,2011-12-09,110003.37,False
42,92,2011-12-16,103114.59,False
42,92,2011-12-23,95057.92,False
42,92,2011-12-30,64373.17,True
42,93,2011-12-02,27083.39,False
42,93,2011-12-09,41755.13,False
42,93,2011-12-16,39900.67,False
42,93,2011-12-23,36271.33,False
42,93,2011-12-30,25302.41,True
42,94,2011-12-02,29690.39,False
42,94,2011-12-09,34280.54,False
42,94,2011-12-16,32985.17,False
42,94,2011-12-23,32894.89,False
42,94,2011-12-30,26694.94,True
42,95,2011-12-02,51303.58,False
42,95,2011-12-09,63453.18,False
42,95,2011-12-16,61123.81,False
42,95,2011-12-23,54961.88,False
42,95,2011-12-30,44091.14,True
42,96,2011-12-02,14237.96,False
42,96,2011-12-09,14428.56,False
42,96,2011-12-16,14862.49,False
42,96,2011-12-23,17119.8,False
42,96,2011-12-30,15770.52,True
42,97,2011-12-02,14719.88,False
42,97,2011-12-09,19837.65,False
42,97,2011-12-16,17922.41,False
42,97,2011-12-23,15219.74,False
42,97,2011-12-30,11800.2,True
42,98,2011-12-02,6256.84,False
42,98,2011-12-09,6982.49,False
42,98,2011-12-16,9455.84,False
42,98,2011-12-23,9235.28,False
42,98,2011-12-30,6530.17,True
43,1,2011-12-02,6381.7,False
43,1,2011-12-09,7946.35,False
43,1,2011-12-16,14245.97,False
43,1,2011-12-23,9839.39,False
43,1,2011-12-30,6232.91,True
43,2,2011-12-02,18820.14,False
43,2,2011-12-09,18036.3,False
43,2,2011-12-16,18009.62,False
43,2,2011-12-23,19345.55,False
43,2,2011-12-30,16245.74,True
43,3,2011-12-02,772.73,False
43,3,2011-12-09,721.43,False
43,3,2011-12-16,733.62,False
43,3,2011-12-23,522.33,False
43,3,2011-12-30,377.4,True
43,4,2011-12-02,16267.94,False
43,4,2011-12-09,16419.06,False
43,4,2011-12-16,16864.24,False
43,4,2011-12-23,22307.18,False
43,4,2011-12-30,18256.68,True
43,5,2011-12-02,335.1,False
43,5,2011-12-09,289.72,False
43,5,2011-12-16,1615.92,False
43,5,2011-12-23,2050.0,False
43,5,2011-12-30,1267.32,True
43,6,2011-12-09,22.76,False
43,6,2011-12-16,68.28,False
43,6,2011-12-23,104.08,False
43,6,2011-12-30,103.68,True
43,7,2011-12-02,317.72,False
43,7,2011-12-09,561.96,False
43,7,2011-12-16,613.05,False
43,7,2011-12-23,644.28,False
43,7,2011-12-30,784.39,True
43,8,2011-12-02,14142.17,False
43,8,2011-12-09,12332.83,False
43,8,2011-12-16,12872.32,False
43,8,2011-12-23,14211.95,False
43,8,2011-12-30,11359.01,True
43,9,2011-12-02,35.86,False
43,9,2011-12-09,37.16,False
43,9,2011-12-16,30.11,False
43,9,2011-12-23,152.7,False
43,9,2011-12-30,57.42,True
43,10,2011-12-02,733.21,False
43,10,2011-12-09,785.46,False
43,10,2011-12-16,489.4,False
43,10,2011-12-23,494.49,False
43,10,2011-12-30,448.73,True
43,11,2011-12-02,1134.03,False
43,11,2011-12-09,1494.95,False
43,11,2011-12-16,651.45,False
43,11,2011-12-23,1243.58,False
43,11,2011-12-30,699.27,True
43,12,2011-12-02,77.31,False
43,12,2011-12-09,85.85,False
43,12,2011-12-16,102.21,False
43,12,2011-12-23,97.67,False
43,12,2011-12-30,43.25,True
43,13,2011-12-02,16902.37,False
43,13,2011-12-09,16678.24,False
43,13,2011-12-16,16425.27,False
43,13,2011-12-23,16805.15,False
43,13,2011-12-30,14815.05,True
43,14,2011-12-02,1203.06,False
43,14,2011-12-09,1651.36,False
43,14,2011-12-16,1825.18,False
43,14,2011-12-23,3283.95,False
43,14,2011-12-30,1958.03,True
43,16,2011-12-02,793.63,False
43,16,2011-12-09,1006.42,False
43,16,2011-12-16,1125.33,False
43,16,2011-12-23,1345.25,False
43,16,2011-12-30,1267.28,True
43,17,2011-12-02,696.9,False
43,17,2011-12-09,503.11,False
43,17,2011-12-16,657.08,False
43,17,2011-12-23,575.99,False
43,17,2011-12-30,409.27,True
43,18,2011-12-02,378.47,False
43,18,2011-12-09,660.38,False
43,18,2011-12-16,1730.32,False
43,18,2011-12-23,1668.16,False
43,18,2011-12-30,526.94,True
43,20,2011-12-02,12.0,False
43,20,2011-12-09,32.0,False
43,20,2011-12-16,16.0,False
43,20,2011-12-23,44.0,False
43,20,2011-12-30,24.0,True
43,21,2011-12-02,1405.37,False
43,21,2011-12-09,1408.77,False
43,21,2011-12-16,1414.92,False
43,21,2011-12-23,1518.58,False
43,21,2011-12-30,1099.74,True
43,22,2011-12-23,51.52,False
43,22,2011-12-30,12.88,True
43,23,2011-12-23,34.86,False
43,25,2011-12-02,40.14,False
43,25,2011-12-09,44.06,False
43,25,2011-12-16,78.73,False
43,25,2011-12-23,61.94,False
43,25,2011-12-30,45.05,True
43,28,2011-12-02,2.64,False
43,28,2011-12-09,0.33,False
43,28,2011-12-16,-5.5,False
43,28,2011-12-23,0.66,False
43,31,2011-12-23,23.0,False
43,31,2011-12-30,1.0,True
43,33,2011-12-16,5.0,False
43,38,2011-12-02,57957.5,False
43,38,2011-12-09,63267.0,False
43,38,2011-12-16,69298.61,False
43,38,2011-12-23,53992.45,False
43,38,2011-12-30,46736.2,True
43,40,2011-12-02,18409.14,False
43,40,2011-12-09,16285.31,False
43,40,2011-12-16,16544.88,False
43,40,2011-12-23,16854.4,False
43,40,2011-12-30,15181.45,True
43,42,2011-12-02,158.62,False
43,42,2011-12-09,174.09,False
43,42,2011-12-16,256.16,False
43,42,2011-12-23,112.97,False
43,42,2011-12-30,145.74,True
43,46,2011-12-02,5819.13,False
43,46,2011-12-09,5566.3,False
43,46,2011-12-16,5321.46,False
43,46,2011-12-23,5836.96,False
43,46,2011-12-30,4398.24,True
43,49,2011-12-30,2.97,True
43,52,2011-12-02,16.03,False
43,52,2011-12-09,40.77,False
43,52,2011-12-16,19.43,False
43,52,2011-12-23,13.79,False
43,52,2011-12-30,17.15,True
43,56,2011-12-02,347.0,False
43,56,2011-12-09,700.94,False
43,56,2011-12-16,65.93,False
43,56,2011-12-30,30.0,True
43,59,2011-12-02,95.0,False
43,59,2011-12-09,120.0,False
43,59,2011-12-16,271.99,False
43,59,2011-12-23,565.0,False
43,59,2011-12-30,327.5,True
43,60,2011-12-02,589.6,False
43,60,2011-12-09,484.0,False
43,60,2011-12-16,422.4,False
43,67,2011-12-02,748.56,False
43,67,2011-12-09,920.03,False
43,67,2011-12-16,1603.14,False
43,67,2011-12-23,1697.76,False
43,67,2011-12-30,1097.66,True
43,72,2011-12-02,37.7,False
43,72,2011-12-09,98.08,False
43,72,2011-12-16,663.43,False
43,72,2011-12-23,25.81,False
43,72,2011-12-30,110.07,True
43,74,2011-12-02,520.83,False
43,74,2011-12-09,524.89,False
43,74,2011-12-16,525.33,False
43,74,2011-12-23,731.16,False
43,74,2011-12-30,546.0,True
43,79,2011-12-02,15018.85,False
43,79,2011-12-09,11686.61,False
43,79,2011-12-16,12136.63,False
43,79,2011-12-23,11370.3,False
43,79,2011-12-30,10996.49,True
43,80,2011-12-02,14973.5,False
43,80,2011-12-09,17630.76,False
43,80,2011-12-16,13945.88,False
43,80,2011-12-23,17025.31,False
43,80,2011-12-30,11543.38,True
43,81,2011-12-02,19193.83,False
43,81,2011-12-09,20330.95,False
43,81,2011-12-16,18880.12,False
43,81,2011-12-23,19375.95,False
43,81,2011-12-30,14501.32,True
43,82,2011-12-02,7574.2,False
43,82,2011-12-09,9173.73,False
43,82,2011-12-16,11688.98,False
43,82,2011-12-23,15829.99,False
43,82,2011-12-30,9102.82,True
43,83,2011-12-02,3842.41,False
43,83,2011-12-09,4227.5,False
43,83,2011-12-16,3917.09,False
43,83,2011-12-23,3746.89,False
43,83,2011-12-30,3129.32,True
43,85,2011-12-02,2.66,False
43,85,2011-12-09,1.66,False
43,85,2011-12-16,7.41,False
43,85,2011-12-23,0.19,False
43,85,2011-12-30,2.04,True
43,87,2011-12-02,195.0,False
43,87,2011-12-09,69.88,False
43,87,2011-12-16,25.0,False
43,87,2011-12-30,34.88,True
43,90,2011-12-02,64116.99,False
43,90,2011-12-09,68683.79,False
43,90,2011-12-16,66288.89,False
43,90,2011-12-23,78137.86,False
43,90,2011-12-30,58657.91,True
43,91,2011-12-02,24213.94,False
43,91,2011-12-09,29951.47,False
43,91,2011-12-16,30853.02,False
43,91,2011-12-23,30893.91,False
43,91,2011-12-30,21047.82,True
43,92,2011-12-02,86072.26,False
43,92,2011-12-09,96067.09,False
43,92,2011-12-16,99412.47,False
43,92,2011-12-23,108517.42,False
43,92,2011-12-30,68404.41,True
43,93,2011-12-02,34464.86,False
43,93,2011-12-09,40149.27,False
43,93,2011-12-16,39529.89,False
43,93,2011-12-23,44836.41,False
43,93,2011-12-30,28195.41,True
43,94,2011-12-02,36914.84,False
43,94,2011-12-09,39174.98,False
43,94,2011-12-16,41948.98,False
43,94,2011-12-23,44395.8,False
43,94,2011-12-30,33961.56,True
43,95,2011-12-02,69462.0,False
43,95,2011-12-09,61783.9,False
43,95,2011-12-16,89084.4,False
43,95,2011-12-23,67080.67,False
43,95,2011-12-30,53223.83,True
43,96,2011-12-02,18554.36,False
43,96,2011-12-09,19725.68,False
43,96,2011-12-16,20021.9,False
43,96,2011-12-23,27054.54,False
43,96,2011-12-30,24634.87,True
43,97,2011-12-02,16781.21,False
43,97,2011-12-09,19041.71,False
43,97,2011-12-16,17718.06,False
43,97,2011-12-23,18305.39,False
43,97,2011-12-30,13854.44,True
43,98,2011-12-02,8495.75,False
43,98,2011-12-09,11299.18,False
43,98,2011-12-16,14987.08,False
43,98,2011-12-23,13463.27,False
43,98,2011-12-30,9487.33,True
44,1,2011-12-02,7891.92,False
44,1,2011-12-09,9705.88,False
44,1,2011-12-16,12158.2,False
44,1,2011-12-23,12738.13,False
44,1,2011-12-30,6973.85,True
44,2,2011-12-02,8621.79,False
44,2,2011-12-09,9107.35,False
44,2,2011-12-16,9411.98,False
44,2,2011-12-23,11391.46,False
44,2,2011-12-30,8229.44,True
44,3,2011-12-02,554.77,False
44,3,2011-12-09,540.22,False
44,3,2011-12-16,778.76,False
44,3,2011-12-23,684.78,False
44,3,2011-12-30,293.12,True
44,4,2011-12-02,7253.47,False
44,4,2011-12-09,7929.15,False
44,4,2011-12-16,8170.15,False
44,4,2011-12-23,8680.06,False
44,4,2011-12-30,6746.84,True
44,5,2011-12-02,1023.95,False
44,5,2011-12-09,1138.36,False
44,5,2011-12-16,1689.33,False
44,5,2011-12-23,1567.15,False
44,5,2011-12-30,917.64,True
44,6,2011-12-09,24.08,False
44,6,2011-12-16,20.76,False
44,6,2011-12-23,9.88,False
44,6,2011-12-30,19.76,True
44,7,2011-12-02,463.84,False
44,7,2011-12-09,703.74,False
44,7,2011-12-16,598.26,False
44,7,2011-12-23,657.15,False
44,7,2011-12-30,851.73,True
44,8,2011-12-02,4892.77,False
44,8,2011-12-09,5495.07,False
44,8,2011-12-16,5149.23,False
44,8,2011-12-23,5727.66,False
44,8,2011-12-30,4690.76,True
44,9,2011-12-02,65.61,False
44,9,2011-12-09,55.41,False
44,9,2011-12-16,-132.46,False
44,9,2011-12-23,82.54,False
44,9,2011-12-30,44.47,True
44,10,2011-12-02,190.92,False
44,10,2011-12-09,201.69,False
44,10,2011-12-16,196.28,False
44,10,2011-12-23,292.41,False
44,10,2011-12-30,184.35,True
44,11,2011-12-02,1046.33,False
44,11,2011-12-09,1060.66,False
44,11,2011-12-16,811.01,False
44,11,2011-12-23,1283.34,False
44,11,2011-12-30,1046.41,True
44,12,2011-12-02,57.1,False
44,12,2011-12-09,84.88,False
44,12,2011-12-16,55.22,False
44,12,2011-12-23,126.3,False
44,12,2011-12-30,57.27,True
44,13,2011-12-02,6859.65,False
44,13,2011-12-09,6871.61,False
44,13,2011-12-16,6185.55,False
44,13,2011-12-23,7196.77,False
44,13,2011-12-30,6259.45,True
44,14,2011-12-02,575.64,False
44,14,2011-12-09,613.94,False
44,14,2011-12-16,870.31,False
44,14,2011-12-23,1304.56,False
44,14,2011-12-30,604.09,True
44,16,2011-12-02,358.92,False
44,16,2011-12-09,482.02,False
44,16,2011-12-16,475.53,False
44,16,2011-12-23,714.97,False
44,16,2011-12-30,507.68,True
44,17,2011-12-02,267.75,False
44,17,2011-12-09,273.03,False
44,17,2011-12-16,327.24,False
44,17,2011-12-23,343.66,False
44,17,2011-12-30,200.46,True
44,18,2011-12-02,713.11,False
44,18,2011-12-09,1060.54,False
44,18,2011-12-16,1192.71,False
44,18,2011-12-23,840.03,False
44,18,2011-12-30,458.64,True
44,21,2011-12-02,718.2,False
44,21,2011-12-09,617.71,False
44,21,2011-12-16,521.08,False
44,21,2011-12-23,756.44,False
44,21,2011-12-30,649.66,True
44,22,2011-12-02,64.4,False
44,22,2011-12-09,115.92,False
44,22,2011-12-16,90.16,False
44,22,2011-12-23,180.32,False
44,22,2011-12-30,103.04,True
44,23,2011-12-02,5.77,False
44,23,2011-12-09,37.77,False
44,23,2011-12-16,28.08,False
44,23,2011-12-23,12.77,False
44,23,2011-12-30,20.0,True
44,25,2011-12-02,33.76,False
44,25,2011-12-09,36.22,False
44,25,2011-12-16,63.39,False
44,25,2011-12-23,33.84,False
44,25,2011-12-30,35.84,True
44,27,2011-12-09,5.77,False
44,27,2011-12-16,5.77,False
44,27,2011-12-23,5.77,False
44,28,2011-12-02,32.62,False
44,28,2011-12-09,63.41,False
44,28,2011-12-16,93.35,False
44,28,2011-12-23,66.0,False
44,28,2011-12-30,42.82,True
44,31,2011-12-09,10.36,False
44,31,2011-12-16,9.0,False
44,32,2011-12-02,10.0,False
44,32,2011-12-09,10.0,False
44,38,2011-12-02,46469.63,False
44,38,2011-12-09,48044.97,False
44,38,2011-12-16,46262.02,False
44,38,2011-12-23,56530.35,False
44,38,2011-12-30,40691.68,True
44,40,2011-12-02,14912.28,False
44,40,2011-12-09,15738.65,False
44,40,2011-12-16,15343.67,False
44,40,2011-12-23,14890.56,False
44,40,2011-12-30,14400.28,True
44,42,2011-12-02,56.28,False
44,42,2011-12-09,64.19,False
44,42,2011-12-16,53.41,False
44,42,2011-12-23,49.12,False
44,42,2011-12-30,69.29,True
44,46,2011-12-02,5893.52,False
44,46,2011-12-09,5617.39,False
44,46,2011-12-16,6023.94,False
44,46,2011-12-23,6634.4,False
44,46,2011-12-30,5082.78,True
44,52,2011-12-02,22.4,False
44,52,2011-12-09,17.16,False
44,52,2011-12-16,5.31,False
44,52,2011-12-23,12.99,False
44,52,2011-12-30,19.19,True
44,56,2011-12-02,429.72,False
44,56,2011-12-09,394.02,False
44,56,2011-12-16,210.94,False
44,56,2011-12-23,115.42,False
44,56,2011-12-30,3.98,True
44,59,2011-12-02,85.27,False
44,59,2011-12-09,17.6,False
44,59,2011-12-16,117.22,False
44,59,2011-12-23,66.9,False
44,59,2011-12-30,49.02,True
44,60,2011-12-02,695.2,False
44,60,2011-12-09,360.8,False
44,60,2011-12-16,545.6,False
44,60,2011-12-23,616.0,False
44,60,2011-12-30,316.8,True
44,67,2011-12-02,720.1,False
44,67,2011-12-09,1159.13,False
44,67,2011-12-16,1113.04,False
44,67,2011-12-23,1946.94,False
44,67,2011-12-30,1183.97,True
44,72,2011-12-02,153.51,False
44,72,2011-12-09,49.91,False
44,72,2011-12-16,49.78,False
44,72,2011-12-23,129.13,False
44,72,2011-12-30,90.77,True
44,74,2011-12-02,315.25,False
44,74,2011-12-09,354.62,False
44,74,2011-12-16,337.36,False
44,74,2011-12-23,702.07,False
44,74,2011-12-30,607.55,True
44,79,2011-12-02,4603.01,False
44,79,2011-12-09,3973.85,False
44,79,2011-12-16,4091.89,False
44,79,2011-12-23,4578.69,False
44,79,2011-12-30,4012.77,True
44,80,2011-12-02,4488.24,False
44,80,2011-12-09,5020.98,False
44,80,2011-12-16,5047.57,False
44,80,2011-12-23,6048.6,False
44,80,2011-12-30,4772.18,True
44,81,2011-12-02,7150.07,False
44,81,2011-12-09,7283.95,False
44,81,2011-12-16,6439.48,False
44,81,2011-12-23,6672.43,False
44,81,2011-12-30,5097.16,True
44,82,2011-12-02,4269.78,False
44,82,2011-12-09,4966.07,False
44,82,2011-12-16,6271.06,False
44,82,2011-12-23,10330.9,False
44,82,2011-12-30,6006.43,True
44,83,2011-12-02,583.82,False
44,83,2011-12-09,893.86,False
44,83,2011-12-16,716.81,False
44,83,2011-12-23,1472.17,False
44,83,2011-12-30,898.59,True
44,85,2011-12-02,205.39,False
44,85,2011-12-09,166.99,False
44,85,2011-12-16,269.59,False
44,85,2011-12-23,396.91,False
44,85,2011-12-30,293.84,True
44,87,2011-12-02,239.6,False
44,87,2011-12-09,219.75,False
44,87,2011-12-16,194.72,False
44,87,2011-12-23,249.64,False
44,87,2011-12-30,235.84,True
44,90,2011-12-02,31971.73,False
44,90,2011-12-09,33078.96,False
44,90,2011-12-16,34370.57,False
44,90,2011-12-23,43040.13,False
44,90,2011-12-30,30180.59,True
44,91,2011-12-02,15886.54,False
44,91,2011-12-09,17161.7,False
44,91,2011-12-16,17106.81,False
44,91,2011-12-23,20246.81,False
44,91,2011-12-30,14387.18,True
44,92,2011-12-02,39350.81,False
44,92,2011-12-09,43524.86,False
44,92,2011-12-16,45446.14,False
44,92,2011-12-23,56083.0,False
44,92,2011-12-30,32995.77,True
44,93,2011-12-02,9753.53,False
44,93,2011-12-09,11346.43,False
44,93,2011-12-16,10680.96,False
44,93,2011-12-23,14587.4,False
44,93,2011-12-30,8555.33,True
44,94,2011-12-02,17906.84,False
44,94,2011-12-09,18181.9,False
44,94,2011-12-16,18829.39,False
44,94,2011-12-23,23852.83,False
44,94,2011-12-30,17826.47,True
44,95,2011-12-02,26175.02,False
44,95,2011-12-09,29295.22,False
44,95,2011-12-16,30618.06,False
44,95,2011-12-23,36692.65,False
44,95,2011-12-30,25961.4,True
44,96,2011-12-02,1963.26,False
44,96,2011-12-09,2169.22,False
44,96,2011-12-16,2179.45,False
44,96,2011-12-23,3276.26,False
44,96,2011-12-30,2732.96,True
44,97,2011-12-02,5683.24,False
44,97,2011-12-09,5934.79,False
44,97,2011-12-16,5705.99,False
44,97,2011-12-23,7838.44,False
44,97,2011-12-30,5504.7,True
44,98,2011-12-02,2623.01,False
44,98,2011-12-09,3019.15,False
44,98,2011-12-16,4344.49,False
44,98,2011-12-23,4477.16,False
44,98,2011-12-30,3004.01,True
45,1,2011-12-02,18324.66,False
45,1,2011-12-09,23323.18,False
45,1,2011-12-16,37983.83,False
45,1,2011-12-23,53942.21,False
45,1,2011-12-30,20642.48,True
45,2,2011-12-02,38480.87,False
45,2,2011-12-09,40735.38,False
45,2,2011-12-16,45408.38,False
45,2,2011-12-23,63651.3,False
45,2,2011-12-30,34056.44,True
45,3,2011-12-02,7894.31,False
45,3,2011-12-09,9360.56,False
45,3,2011-12-16,11284.5,False
45,3,2011-12-23,15510.54,False
45,3,2011-12-30,7843.14,True
45,4,2011-12-02,25711.72,False
45,4,2011-12-09,26110.54,False
45,4,2011-12-16,25616.64,False
45,4,2011-12-23,29347.77,False
45,4,2011-12-30,24259.42,True
45,5,2011-12-02,20835.1,False
45,5,2011-12-09,28170.06,False
45,5,2011-12-16,37829.36,False
45,5,2011-12-23,59887.46,False
45,5,2011-12-30,24679.88,True
45,6,2011-12-02,3210.99,False
45,6,2011-12-09,2888.29,False
45,6,2011-12-16,6653.93,False
45,6,2011-12-23,17952.21,False
45,6,2011-12-30,7095.48,True
45,7,2011-12-02,44394.28,False
45,7,2011-12-09,58559.92,False
45,7,2011-12-16,83514.93,False
45,7,2011-12-23,138335.78,False
45,7,2011-12-30,38634.43,True
45,8,2011-12-02,37494.82,False
45,8,2011-12-09,35523.64,False
45,8,2011-12-16,40268.3,False
45,8,2011-12-23,46484.47,False
45,8,2011-12-30,31795.82,True
45,9,2011-12-02,12888.72,False
45,9,2011-12-09,11540.1,False
45,9,2011-12-16,15647.44,False
45,9,2011-12-23,27665.17,False
45,9,2011-12-30,14122.15,True
45,10,2011-12-02,12998.9,False
45,10,2011-12-09,14773.41,False
45,10,2011-12-16,15615.89,False
45,10,2011-12-23,19639.56,False
45,10,2011-12-30,12351.69,True
45,11,2011-12-02,16183.07,False
45,11,2011-12-09,16063.15,False
45,11,2011-12-16,17210.32,False
45,11,2011-12-23,18219.02,False
45,11,2011-12-30,12605.66,True
45,12,2011-12-02,3513.87,False
45,12,2011-12-09,3408.22,False
45,12,2011-12-16,3245.77,False
45,12,2011-12-23,3071.92,False
45,12,2011-12-30,2210.21,True
45,13,2011-12-02,26122.9,False
45,13,2011-12-09,25131.78,False
45,13,2011-12-16,24573.47,False
45,13,2011-12-23,25179.77,False
45,13,2011-12-30,23285.05,True
45,14,2011-12-02,14102.82,False
45,14,2011-12-09,20757.38,False
45,14,2011-12-16,22950.18,False
45,14,2011-12-23,45315.99,False
45,14,2011-12-30,22240.38,True
45,16,2011-12-02,3846.61,False
45,16,2011-12-09,1728.76,False
45,16,2011-12-16,2851.12,False
45,16,2011-12-23,3302.69,False
45,16,2011-12-30,2457.13,True
45,17,2011-12-02,13956.26,False
45,17,2011-12-09,15572.21,False
45,17,2011-12-16,15611.16,False
45,17,2011-12-23,23837.27,False
45,17,2011-12-30,13423.14,True
45,18,2011-12-02,51936.14,False
45,18,2011-12-09,53358.39,False
45,18,2011-12-16,40294.68,False
45,18,2011-12-23,37810.68,False
45,18,2011-12-30,18384.2,True
45,19,2011-12-02,1136.69,False
45,19,2011-12-09,1438.71,False
45,19,2011-12-16,1607.33,False
45,19,2011-12-23,2064.81,False
45,19,2011-12-30,1134.3,True
45,20,2011-12-02,3756.13,False
45,20,2011-12-09,4668.17,False
45,20,2011-12-16,4470.74,False
45,20,2011-12-23,5723.69,False
45,20,2011-12-30,3937.15,True
45,21,2011-12-02,3902.5,False
45,21,2011-12-09,3976.7,False
45,21,2011-12-16,4928.7,False
45,21,2011-12-23,6409.55,False
45,21,2011-12-30,3425.67,True
45,22,2011-12-02,7440.89,False
45,22,2011-12-09,10289.2,False
45,22,2011-12-16,11280.45,False
45,22,2011-12-23,19075.19,False
45,22,2011-12-30,13347.55,True
45,23,2011-12-02,26593.29,False
45,23,2011-12-09,30918.45,False
45,23,2011-12-16,42631.49,False
45,23,2011-12-23,70855.88,False
45,23,2011-12-30,29665.04,True
45,24,2011-12-02,7301.6,False
45,24,2011-12-09,8295.61,False
45,24,2011-12-16,11149.63,False
45,24,2011-12-23,14558.72,False
45,24,2011-12-30,4774.6,True
45,25,2011-12-02,8202.49,False
45,25,2011-12-09,9227.55,False
45,25,2011-12-16,11141.11,False
45,25,2011-12-23,15638.18,False
45,25,2011-12-30,8419.15,True
45,26,2011-12-02,6494.65,False
45,26,2011-12-09,8973.34,False
45,26,2011-12-16,9371.51,False
45,26,2011-12-23,14255.83,False
45,26,2011-12-30,5348.48,True
45,27,2011-12-02,1381.84,False
45,27,2011-12-09,2059.4,False
45,27,2011-12-16,3188.25,False
45,27,2011-12-23,5485.46,False
45,27,2011-12-30,2418.1,True
45,28,2011-12-02,725.41,False
45,28,2011-12-09,1038.03,False
45,28,2011-12-16,894.45,False
45,28,2011-12-23,1054.54,False
45,28,2011-12-30,914.75,True
45,29,2011-12-02,5717.97,False
45,29,2011-12-09,6977.46,False
45,29,2011-12-16,8947.24,False
45,29,2011-12-23,15577.35,False
45,29,2011-12-30,8246.14,True
45,30,2011-12-02,2444.29,False
45,30,2011-12-09,2940.54,False
45,30,2011-12-16,2697.74,False
45,30,2011-12-23,3544.98,False
45,30,2011-12-30,3074.42,True
45,31,2011-12-02,2507.59,False
45,31,2011-12-09,3301.76,False
45,31,2011-12-16,4963.1,False
45,31,2011-12-23,8488.33,False
45,31,2011-12-30,3630.75,True
45,32,2011-12-02,6435.56,False
45,32,2011-12-09,8964.77,False
45,32,2011-12-16,9203.03,False
45,32,2011-12-23,23175.94,False
45,32,2011-12-30,12179.27,True
45,33,2011-12-02,5195.34,False
45,33,2011-12-09,7401.39,False
45,33,2011-12-16,9171.84,False
45,33,2011-12-23,14168.96,False
45,33,2011-12-30,4457.93,True
45,34,2011-12-02,11827.93,False
45,34,2011-12-09,14604.17,False
45,34,2011-12-16,18252.65,False
45,34,2011-12-23,23680.6,False
45,34,2011-12-30,13792.37,True
45,35,2011-12-02,2590.11,False
45,35,2011-12-09,2788.05,False
45,35,2011-12-16,3013.8,False
45,35,2011-12-23,4207.42,False
45,35,2011-12-30,2082.8,True
45,36,2011-12-02,1782.97,False
45,36,2011-12-09,2375.68,False
45,36,2011-12-16,2922.88,False
45,36,2011-12-23,4184.57,False
45,36,2011-12-30,2118.72,True
45,38,2011-12-02,69367.06,False
45,38,2011-12-09,50817.83,False
45,38,2011-12-16,50998.7,False
45,38,2011-12-23,50849.55,False
45,38,2011-12-30,54844.07,True
45,40,2011-12-02,40280.05,False
45,40,2011-12-09,36358.49,False
45,40,2011-12-16,40144.14,False
45,40,2011-12-23,45537.78,False
45,40,2011-12-30,38487.65,True
45,41,2011-12-02,1797.75,False
45,41,2011-12-09,2885.41,False
45,41,2011-12-16,5147.97,False
45,41,2011-12-23,8927.22,False
45,41,2011-12-30,4203.97,True
45,42,2011-12-02,4111.16,False
45,42,2011-12-09,4514.9,False
45,42,2011-12-16,4682.34,False
45,42,2011-12-23,4306.65,False
45,42,2011-12-30,4595.65,True
45,44,2011-12-02,3911.58,False
45,44,2011-12-09,4298.92,False
45,44,2011-12-16,4678.41,False
45,44,2011-12-23,7336.86,False
45,44,2011-12-30,2917.26,True
45,45,2011-12-02,9.97,False
45,45,2011-12-23,10.94,False
45,46,2011-12-02,15288.9,False
45,46,2011-12-09,17404.18,False
45,46,2011-12-16,20954.91,False
45,46,2011-12-23,39261.27,False
45,46,2011-12-30,22460.46,True
45,47,2011-12-23,95.0,False
45,49,2011-12-02,47.52,False
45,49,2011-12-09,80.19,False
45,49,2011-12-16,95.04,False
45,49,2011-12-23,89.1,False
45,49,2011-12-30,77.22,True
45,52,2011-12-02,1320.92,False
45,52,2011-12-09,2101.61,False
45,52,2011-12-16,1611.86,False
45,52,2011-12-23,2754.75,False
45,52,2011-12-30,1200.66,True
45,54,2011-12-02,-0.76,False
45,54,2011-12-09,43.92,False
45,54,2011-12-16,-10.64,False
45,54,2011-12-23,89.84,False
45,54,2011-12-30,48.0,True
45,55,2011-12-02,10361.67,False
45,55,2011-12-09,11692.44,False
45,55,2011-12-16,18258.25,False
45,55,2011-12-23,29679.47,False
45,55,2011-12-30,14427.42,True
45,56,2011-12-02,1235.49,False
45,56,2011-12-09,1621.05,False
45,56,2011-12-16,2192.43,False
45,56,2011-12-23,1729.79,False
45,56,2011-12-30,417.34,True
45,58,2011-12-02,2227.5,False
45,58,2011-12-09,797.5,False
45,58,2011-12-16,1610.0,False
45,58,2011-12-23,940.0,False
45,58,2011-12-30,895.0,True
45,59,2011-12-02,1113.78,False
45,59,2011-12-09,1395.85,False
45,59,2011-12-16,2159.22,False
45,59,2011-12-23,5306.6,False
45,59,2011-12-30,3686.98,True
45,60,2011-12-02,255.2,False
45,60,2011-12-09,264.0,False
45,60,2011-12-16,660.0,False
45,60,2011-12-23,528.0,False
45,60,2011-12-30,79.2,True
45,67,2011-12-02,6031.13,False
45,67,2011-12-09,8412.44,False
45,67,2011-12-16,11758.93,False
45,67,2011-12-23,21194.03,False
45,67,2011-12-30,9578.83,True
45,71,2011-12-02,3870.33,False
45,71,2011-12-09,4561.62,False
45,71,2011-12-16,4042.83,False
45,71,2011-12-23,7920.1,False
45,71,2011-12-30,5132.5,True
45,72,2011-12-02,46964.76,False
45,72,2011-12-09,56223.74,False
45,72,2011-12-16,58816.78,False
45,72,2011-12-23,116924.78,False
45,72,2011-12-30,61506.45,True
45,74,2011-12-02,10668.8,False
45,74,2011-12-09,10309.64,False
45,74,2011-12-16,9517.43,False
45,74,2011-12-23,13573.12,False
45,74,2011-12-30,13546.22,True
45,77,2011-12-02,159.0,False
45,79,2011-12-02,15518.08,False
45,79,2011-12-09,16682.59,False
45,79,2011-12-16,15585.2,False
45,79,2011-12-23,16971.55,False
45,79,2011-12-30,13485.22,True
45,80,2011-12-02,674.49,False
45,80,2011-12-09,936.42,False
45,80,2011-12-16,1055.3,False
45,80,2011-12-23,858.72,False
45,80,2011-12-30,749.56,True
45,81,2011-12-02,14302.65,False
45,81,2011-12-09,14483.61,False
45,81,2011-12-16,13731.59,False
45,81,2011-12-23,13800.82,False
45,81,2011-12-30,10339.47,True
45,82,2011-12-02,15575.28,False
45,82,2011-12-09,19201.98,False
45,82,2011-12-16,25856.26,False
45,82,2011-12-23,55615.85,False
45,82,2011-12-30,29295.66,True
45,83,2011-12-02,508.04,False
45,83,2011-12-09,505.82,False
45,83,2011-12-16,820.4,False
45,83,2011-12-23,703.82,False
45,83,2011-12-30,472.34,True
45,85,2011-12-02,1689.06,False
45,85,2011-12-09,2969.48,False
45,85,2011-12-16,4919.74,False
45,85,2011-12-23,6481.97,False
45,85,2011-12-30,2483.92,True
45,87,2011-12-02,5582.56,False
45,87,2011-12-09,6978.41,False
45,87,2011-12-16,7176.27,False
45,87,2011-12-23,10939.66,False
45,87,2011-12-30,7086.71,True
45,90,2011-12-02,24823.82,False
45,90,2011-12-09,26028.16,False
45,90,2011-12-16,27954.7,False
45,90,2011-12-23,32014.46,False
45,90,2011-12-30,24581.6,True
45,91,2011-12-02,15517.96,False
45,91,2011-12-09,18106.08,False
45,91,2011-12-16,17750.51,False
45,91,2011-12-23,16645.78,False
45,91,2011-12-30,12852.47,True
45,92,2011-12-02,48093.3,False
45,92,2011-12-09,57745.02,False
45,92,2011-12-16,57900.93,False
45,92,2011-12-23,61895.99,False
45,92,2011-12-30,44284.97,True
45,93,2011-12-02,1279.26,False
45,93,2011-12-09,1566.02,False
45,93,2011-12-16,1786.76,False
45,93,2011-12-23,2269.3,False
45,93,2011-12-30,1426.52,True
45,94,2011-12-02,2541.46,False
45,94,2011-12-09,3563.19,False
45,94,2011-12-16,3361.09,False
45,94,2011-12-23,3458.23,False
45,94,2011-12-30,2979.03,True
45,95,2011-12-02,46719.49,False
45,95,2011-12-09,50575.14,False
45,95,2011-12-16,50108.41,False
45,95,2011-12-23,54017.86,False
45,95,2011-12-30,42084.36,True
45,97,2011-12-02,5980.75,False
45,97,2011-12-09,6212.99,False
45,97,2011-12-16,6330.62,False
45,97,2011-12-23,6840.54,False
45,97,2011-12-30,5569.82,True
45,98,2011-12-02,538.51,False
45,98,2011-12-09,572.72,False
45,98,2011-12-16,853.46,False
45,98,2011-12-23,1084.78,False
45,98,2011-12-30,553.21,True
